utterance_id,room_x,room_y,room_z,micL_x,micL_y,micR_x,micR_y,mic_z,s1_x,s1_y,s1_z,s2_x,s2_y,s2_z,T60
445c0206_0.60431_22gc0105_-0.60431.wav,5.83651122743679,6.6110890844828845,3.092753198327738,2.716694351569521,3.226317129678222,2.841637979540242,3.111038815024016,1.063949886859429,3.0764651767510953,3.9514405702717275,1.507163622399847,3.296158737975344,4.568544296150819,0.907737664801226,0.7544219702368073
420c020h_1.1139_442c0203_-1.1139.wav,9.888189636775358,9.413381871957023,3.790688511769028,4.960187862256413,4.593078180766742,5.1037828750253365,4.502081080220117,1.46321432019605,6.520456761543715,3.7806170959686223,1.5716994534487938,5.954742152915401,3.0678023329325077,1.3735038811155853,0.7904014670738478
22go0107_0.079969_051c010u_-0.079969.wav,6.230462449866413,6.646566842974959,3.8856903413972894,3.2083592702571595,3.347449621534416,3.1365858720520823,3.204451092485704,0.9647349213338506,3.628589583737299,5.166989924950177,1.341320264512672,4.341711693108015,1.7765998130713676,1.547001081231687,0.5239322826528535
444o0314_2.1819_053o020e_-2.1819.wav,6.010885559027832,5.319660813459231,3.077994729438833,2.8999782589433742,2.573252359521222,2.789638258055133,2.4716399380168466,1.456266540025477,2.9450875806325922,1.60027490535585,1.128541947609789,4.6582179932055805,3.0982700662658,1.1075249302572614,0.2105415364283014
423o0304_1.419_420c020x_-1.419.wav,7.503709328712538,5.6818489138855135,3.0257161438716618,3.927946253120408,2.6902798487632933,3.75841622893583,2.677647711177895,1.091565722057815,2.578636945063711,1.6673574002023834,1.5257983475071522,2.301999437488691,3.606935680349008,1.36003052163506,0.4879987350995725
423o030b_1.4753_053o0209_-1.4753.wav,6.632820913429361,9.35586139642673,3.3453241612432225,3.3966112997902886,4.816143147187638,3.284470340529463,4.688376151229912,1.1725231693958635,4.611016646215841,4.409919738516895,1.024147498962165,4.643686183438734,5.148716888836608,1.1214661399287216,0.9666610734221532
441o030o_1.9903_445c020y_-1.9903.wav,6.371569053959076,8.584448953135052,3.052422929026598,3.0594403691103764,4.376608059909767,3.057718467056945,4.546599339254675,1.179379979344707,4.390863509245699,3.7893692952185773,1.1493702966365922,4.168403116728121,3.4752943456548655,1.1213582096438923,0.7282209612997965
22ga010u_0.43921_443o030l_-0.43921.wav,7.211039280798398,8.35572014420124,3.184551482968449,3.6177057897658873,4.094306340878061,3.616910911486397,4.244304234758344,1.3772019125805477,5.249920365286882,5.0759727037830515,1.2507277965346932,4.211011186484535,2.353797216027379,1.5373456815759003,0.245511437948355
444o030e_0.90493_443o0304_-0.90493.wav,7.955568012291902,5.923909623789352,3.952721833960376,3.739248589263984,2.832711643986064,3.884653035595596,2.795866739494433,1.1843199421223205,4.076243536798267,1.9850353885392122,1.4199105500386524,5.330574660838131,4.080817546198081,1.4045055255398389,0.4631819688399963
440c0209_1.2048_421a0104_-1.2048.wav,8.625074458778474,9.4463449533736,3.850053563484312,4.249020189126438,4.724172321083695,4.230707422262529,4.893183097573799,1.10798853062539,2.8231748819294915,4.999158029990964,1.6849715701093635,3.168116292021971,4.6840944361426216,1.760375773311043,0.5400103904821918
445c020u_0.78863_443o030p_-0.78863.wav,8.061804855665038,9.547365671932992,3.771729831156692,3.8900465669604585,4.787341268517516,3.8016186223807433,4.653997732425935,1.7097462305111963,2.116018350462998,3.944608947853884,1.0483948958754286,3.605392891581464,3.945095211339991,1.4821399658004584,0.944663517343676
440c020t_2.1632_053o020y_-2.1632.wav,7.386511098116244,9.00233020206119,3.619101163478705,3.694457123524328,4.54542837130927,3.6317792675976017,4.6817056121693215,1.5448610108637535,4.858236169436272,5.7193361820537945,1.6298920895400446,4.644290730159869,3.9383291996921064,0.9997208492377834,0.4423224754458046
440c0213_1.7151_441o030b_-1.7151.wav,5.57387168782572,5.732596333621526,3.169545209668004,2.991229916527532,2.7527686259456865,2.8425004466357167,2.733286716755368,0.9359791163125822,4.1121055460099925,4.268364960462444,1.4842722649955808,4.9014496451413985,2.913260657443955,1.0100316969763157,0.4316643413794874
052a0513_1.7991_053a050f_-1.7991.wav,7.454652487085623,5.1674999628171205,3.6321376674046095,3.803222509072589,2.376163289247696,3.736941937995312,2.5327100423206046,1.5164091245025224,4.33821263631654,2.555815519159687,1.2965297976163443,2.201743789710218,3.2636092374384136,0.9574373912061388,0.792989627316796
22gc0112_0.36454_445c0207_-0.36454.wav,6.086327368212399,7.766367254913758,3.712406628837842,3.199863903898841,4.045581461912191,3.221933914677831,3.8972139633681526,0.9231978638494958,3.8845273456846297,4.426944556151917,1.4025109864601517,2.577133198997552,3.526140133778258,1.771295251524497,0.3695543661055189
421c020x_2.4971_444c020n_-2.4971.wav,7.870433666335659,5.056806531877588,3.533961244918884,4.058051587075656,2.480400893080182,4.175412498188096,2.5738161838138622,1.6984479296468895,5.035319831453229,3.950019892211416,1.7760844768240038,3.8149319668608728,3.2796026938753964,1.5691838208681488,0.4687060662938613
053a050f_0.93264_443o0314_-0.93264.wav,5.36463395123684,6.738693518483824,3.646007576343324,2.4608020955032743,3.487232355138523,2.630666518052211,3.480444280881693,1.6292238600261375,3.3379095089911344,4.629330992112914,1.4205766728986748,3.0790274138090408,4.16923938281713,1.158933768778668,0.25779394961485
22ha0103_1.0593_422c020y_-1.0593.wav,9.105654889599313,7.128781184306027,3.3919730863059243,4.307744552221621,3.573010604802961,4.476547755903443,3.5931470997003694,1.7686229977954318,2.9396095975634644,2.816680919467273,1.1305653979537371,3.013384605347704,3.517887228711105,1.3114785619060068,0.7436581269547293
421c0212_1.0287_423a0104_-1.0287.wav,6.290812537411792,9.241906175545571,3.084050177419578,3.247076353853656,4.514917858682106,3.185945960582603,4.6518962329552975,1.4820135889328203,3.4411148976582506,5.207738404398199,1.6022873024151276,3.503657351214952,3.1860573926886944,1.2454494306442612,0.4476869797214179
444c020o_0.97641_421a010s_-0.97641.wav,6.887883361481638,5.602945833519078,3.164682252266063,3.564231237367301,2.843745543619451,3.700691344253503,2.742361919554189,0.9920438370735696,2.462241082750383,1.7521734166797571,1.175326385481574,4.449203365850817,3.6325931788188175,1.6124725264866024,0.7445239732569324
052o020m_0.40731_441o030l_-0.40731.wav,8.55973492452345,7.483406300497512,3.2309465642498605,4.223450108039558,3.6485883172656286,4.054476592035155,3.629934875515914,0.9298935417047742,5.078468024315624,2.41191776679054,1.4822793608330271,5.040646949800809,4.547021013559166,1.24756991536671,0.8639060930006515
052a050i_2.4816_445c0211_-2.4816.wav,5.378634907476624,5.443996622556596,3.240760337885495,2.677591125824989,2.6524763759493686,2.5825384636222566,2.5364376263517743,1.0728491340582669,2.6766341621160255,1.4183294798045203,1.613563710820039,2.7356649662953507,0.7749408622623543,1.1283855411540094,0.2125006809061573
053c010z_0.70111_422o030x_-0.70111.wav,7.680050829054625,6.5750922501181925,3.269745159128507,3.718383133414527,3.4080977515056743,3.802381007560363,3.2838224235480293,1.5048393915834952,2.37723606670534,3.3620865295434053,0.9667739674147424,2.4869580050324487,4.26720283414198,1.7859651030057369,0.6785082078134625
053o020k_1.3781_22go0111_-1.3781.wav,9.136481679343156,8.364515464709168,3.080029027701938,4.485763460421097,4.184433699970985,4.337297673235423,4.205832532540496,1.796033637703659,5.130700414459734,4.565315728813779,1.00520929759713,4.444543659485021,6.103914463180319,1.6900184491538917,0.3513957158337254
422o0304_0.13358_052a050o_-0.13358.wav,6.5120643608101725,5.043739356513482,3.1274766949760258,3.501959256806445,2.320110363448809,3.337614148690241,2.363592376261848,1.1406403352957022,1.7444641469047433,3.3553236601452747,1.5840042114094648,2.809139651660335,3.583902378599684,1.5401255920873198,0.4810506274759791
442o0306_2.3923_053a0506_-2.3923.wav,9.001371885534372,8.949520848398027,3.601120025219523,4.477792977017566,4.664818706826605,4.339227153045503,4.607377324296735,1.281841547887293,5.46603178542666,5.623258815524105,1.2770842681685304,4.374693368334542,3.905512230978011,1.5596825775383103,0.5944214889109134
22gc010h_2.0104_420c020j_-2.0104.wav,8.449305484551484,9.910876065626727,3.4798007953968715,4.362820921841513,5.198072332054287,4.248799814740517,5.100608558602491,1.1520279685837744,4.255736553225129,4.236256486791674,1.560848614172551,5.060614962412338,5.09105276955726,1.3838348356314576,0.341868200981935
22hc010z_0.087779_22gc010x_-0.087779.wav,7.714761570295436,9.122874391490525,3.187143144650051,4.033996644874887,4.736760574581531,4.070948504231489,4.570825165189534,1.1062634755478178,4.383588097306544,5.97017221557284,1.3904226360629246,3.9811574066693685,3.585196472541011,1.446053355298181,0.6750413950401233
443o0313_0.61777_053c010u_-0.61777.wav,9.533232696757011,6.553625072141827,3.1301103891508912,4.742283088181033,3.2560684067101358,4.680829262578328,3.414572120606032,0.9541175505855468,4.691539106609293,1.393692388709399,1.1877579566158765,6.252682822138535,3.3380035440483558,1.0620063401503554,0.7365612103547965
22ho010w_2.007_051c010o_-2.007.wav,6.714391885743774,8.94005172864524,3.536481797279333,3.3838906398819497,4.216850043060614,3.3075994582344115,4.34599978407012,1.7962083074652448,3.163930724697842,6.176818758163041,1.1904528149978952,3.079478552714491,5.444723611535009,1.792166986147281,0.5731686148573509
421a0105_1.0119_423a010m_-1.0119.wav,9.179077581370745,8.583643518822864,3.3021965936357183,4.609539832581641,4.44769510983702,4.759300323564832,4.528142579284316,1.496049527027708,4.991431873556859,3.8979906613119035,0.9849285533194054,4.489494128991064,5.41839098371612,1.1319189423641816,0.9062029921732035
445o030t_1.4592_22hc010b_-1.4592.wav,7.291744557284771,7.383268761206353,3.7564029221879514,3.755616943114557,3.6470087756948177,3.905002783342787,3.660568670211578,1.5341704679123018,2.2386901477491623,3.001391735283817,1.434212949872677,2.8442958638315083,4.316822277528749,1.4803726919020603,0.4231578542771657
442c0215_0.24366_446o0302_-0.24366.wav,5.642979462007014,7.58307497161352,3.691035193492773,2.688541355313783,3.887322724335913,2.782610253477588,3.745721020962515,1.243050431248472,3.9104547418606384,3.9512730473521924,1.1984627824695329,2.3051740904515925,5.401161140980372,1.1249572980509188,0.683167282508899
441o0313_2.0048_440c0204_-2.0048.wav,8.181000601537713,8.11604904509524,3.906326375533636,4.084556692790366,4.187893958487642,3.914569856347664,4.185778435809386,1.45971085544123,2.6671520563875117,4.042480033127406,1.4359541799097126,3.198367505617342,2.6130924761415604,1.2312826947919593,0.2583369030108534
051o020a_2.3917_423o030s_-2.3917.wav,9.34878055693864,6.835663859742335,3.3292423894037597,4.8881250111160535,3.5356105246287832,4.781213045597368,3.403437033985117,1.001148139735227,3.331716592764896,3.461100693666564,1.5270242078777454,3.5025995476739067,2.403124092551669,1.014531243449403,0.5764557264809879
447c020a_0.25387_050a050h_-0.25387.wav,6.649448086442465,7.408825283558729,3.4921731022900806,3.165008617327546,3.460616726080663,3.22254028304821,3.609915444894341,1.689764923182048,2.6830765011527,2.064671366159616,1.7410221940311796,2.499312631220222,3.3456508726929113,1.1339229422282966,0.8200722797977824
440o0303_2.2059_443o0304_-2.2059.wav,8.219649620513575,6.196174370759437,3.8189676610224352,3.897296786724439,3.2471664007043546,3.966359517087261,3.091826968251316,1.0850510363897807,3.2022900448712885,3.591303281886872,1.114162113163359,3.0267610524935002,2.6870442379774344,1.0843030024395883,0.6354460669928951
445c020b_1.9232_422o0309_-1.9232.wav,6.282043361549123,9.499209906826083,3.940973401015514,2.8968569802774367,4.544836540042987,3.0126023722017408,4.640246205424904,1.294781409114662,4.352372633837575,6.019703344738051,1.7349806274435695,2.7874540848652027,5.879962699182053,1.2096220652724208,0.3561400957829838
22ha010r_0.1879_446c020o_-0.1879.wav,5.883739349154362,7.8196926438406305,3.9474868242627457,3.0795230001120903,4.131617379914233,3.019120203308892,3.9943166073805294,0.9133672389088194,1.879443516125204,4.723012558836173,1.1090214260281763,3.354862770993363,4.80072081958008,1.7039888512670611,0.2609452224708254
444c020u_1.0117_053a050x_-1.0117.wav,6.042107747209306,5.601975613379649,3.776444950400137,3.036970895235368,2.9221802256867373,3.121507170841514,2.774689147628973,1.6367965875866703,3.061215421823944,2.1059343828147825,1.122602657482124,4.599277632094729,2.7437049167419234,1.1040070880188857,0.2612674130642654
445o030g_0.89549_421c0202_-0.89549.wav,9.701259196813048,9.95165356053675,3.560272864479542,4.875956346816472,4.89412498578381,5.040488644847568,4.936893232236132,1.372133726067346,5.931206829370414,4.029044726779859,0.9373633214813678,6.481433061360536,4.141821126619127,1.7091737562288445,0.646314758932484
444c0203_2.4753_445c020c_-2.4753.wav,9.87998647312481,5.6726706027533655,3.899296215127455,5.046881559370911,2.724820824639809,4.893179337872928,2.652187312356669,0.935131138519926,6.446831376560864,3.788608722058924,1.6499809479880765,3.5496570116179917,2.412341278193122,1.529433830927442,0.6995405061585617
050o0203_0.11331_443c020r_-0.11331.wav,9.416938908572511,8.294164258080688,3.884725226303423,4.900089822384541,4.021675909298138,4.7302684200468486,4.029466371932622,1.314051641643451,3.1069617096404976,4.893362927022418,1.3665998382622877,4.517554495383571,4.659009897925649,1.5743546723924486,0.9257861143076832
444c020v_1.5892_423o030e_-1.5892.wav,8.262787705865673,5.691460401395022,3.650595671314376,4.291780902281703,3.0757456844196915,4.3111217245059095,2.926997801760167,1.789259186140559,4.574610032104262,4.218836577691701,1.3306149751084628,3.8686263996446724,3.7832265716302933,1.4420953652425332,0.3816962063478369
441o030w_0.56176_053o020d_-0.56176.wav,6.078892834266059,6.209941982941335,3.1337118658282863,2.830478556891743,3.1256571164531284,2.9865597361370724,3.160851796241237,1.3860648883757665,4.507351032829054,3.839940654887287,0.9761502798742272,2.4775758821860188,2.0326067733531366,1.3376458050299809,0.7372744503492135
440c0214_1.4652_051o020w_-1.4652.wav,9.046583358624464,8.604082594662543,3.1351055855584145,4.587942727364792,4.216922391439414,4.506463814384229,4.067720559213714,1.3005362318631797,4.848721412788384,2.2229746837167417,1.0830708408291407,5.268099537325093,2.473245137083839,1.365020766920597,0.4689734636442187
22gc0114_0.048137_422o0303_-0.048137.wav,8.700842539526072,5.088228940756105,3.602019554490634,4.201255224145926,2.7183863506786365,4.206835527562276,2.5484779629699026,1.7583621693467215,3.8963580098518236,1.153552765990651,1.5848113304159253,4.951715920755801,1.6587260026422315,1.26925596810623,0.4212545751654854
443c020s_1.8007_446o0312_-1.8007.wav,7.020237538006666,6.461767150784937,3.594507981098209,3.358877195555228,3.212170463565749,3.4607884391292814,3.32223452869688,0.9410573467804468,4.752841779276325,4.02832421755357,1.183347844824746,3.3312963190335,1.8762174552174884,1.2044839205999438,0.5778800648522315
442c020i_0.010825_443o030x_-0.010825.wav,5.0229978431287,7.308517501770607,3.851548431184944,2.5288992430157533,3.6572113181479233,2.6284957060938376,3.794981215231197,1.0770921115549916,2.1163009930011256,2.900739812990362,0.9775518895164654,3.2429086624941434,4.0487788233116815,1.6437829323181514,0.7774090808965768
22ga010e_0.51468_051c0115_-0.51468.wav,8.163774396828167,8.753544447379944,3.9366572410568232,4.254700228480475,4.339915124016119,4.173648609536027,4.489349507832173,1.346209145083209,2.655129851164745,3.881204228322565,1.3535489280962578,2.750360121132375,4.4310250184461575,1.0179550787851834,0.92832498520201
446c020r_1.1168_423c020u_-1.1168.wav,9.88531355906366,5.7661451403598,3.9414073014489897,4.800732881259411,2.677927338884352,4.717145691086096,2.8143574735281685,1.7345955562288244,5.584630729587215,2.3074737658519315,1.2300131530283789,5.6364464356338,1.966182580060038,1.666099239532656,0.5173620401770551
446o030k_1.7305_051c010w_-1.7305.wav,7.298803233505797,5.868663759760281,3.992389653030438,3.593391158694249,3.1267583366635763,3.4305510301017903,3.077941408042539,1.242570694164016,2.962957373398434,3.618231813373407,1.610631840870233,2.1789906665220644,2.2959666117656004,1.5187900955738085,0.8379772774412921
053o020r_0.21241_050a050n_-0.21241.wav,9.967024033304764,6.614560344735269,3.0078390140247304,4.889874201067434,3.5482575715413907,4.8231355224530486,3.413922361053575,1.6447807193179,4.386406468710977,4.025401165585659,0.9565267778218828,4.90866622335707,2.083312506824196,1.7028711822504583,0.4329864473848239
444c0203_1.2986_053c010n_-1.2986.wav,6.043820915734004,6.6610577577726655,3.2910669365086163,3.2611215937149023,3.3750790478507118,3.1514163093955165,3.245214693263309,1.3428022962963166,1.3026329413490663,4.040268278983927,1.001814289506587,1.6329174542315086,3.6140121425874345,1.3449992705323122,0.6209335160944977
446o0319_2.2664_447c0210_-2.2664.wav,7.789414516390609,8.94087681681285,3.3597505725099586,3.928352054575812,4.292687698304839,4.077192830514437,4.311300151608688,1.6325212788602586,2.9073228616923683,4.651113744608494,1.4505043559766593,2.945011068001458,3.103139011106587,1.0360145832666103,0.5655987879495863
420o030k_2.2026_440o030s_-2.2026.wav,6.422546885126987,6.1573983901893445,3.760529610328203,3.320233844656003,3.092670450900518,3.32446597770005,3.242610735847218,1.3626277731030925,2.004159159604747,2.915862459296276,1.484460732894665,2.6513251650405176,3.469851345134207,0.9627344445042112,0.5057458664685905
421o0307_1.5505_420o0301_-1.5505.wav,9.27046324180686,8.837287130737762,3.495128532069548,4.890409745471986,4.549631640982146,4.779267501067423,4.678268344565207,0.9867404172425815,5.117994446637065,6.466746432847479,1.5113900236847535,3.3422311862660106,3.315942299412912,1.215284402375779,0.9900604826607796
051a050c_0.4903_443o030h_-0.4903.wav,6.29419114615644,5.048114022430571,3.394351805834752,3.0768660678819546,2.4808880370813493,3.2119208171186293,2.5461583573549533,1.682848808773984,3.6949755611853274,1.0801448491903605,1.7343912536973864,1.5496576022960482,1.3548421283324463,1.7265187662957289,0.5098752514947253
22gc010v_0.76199_050a050i_-0.76199.wav,7.328616881241032,5.678983710835896,3.793707342041058,3.6422063654820658,2.7675417453530717,3.57845170840577,2.925134079243664,1.348395795761279,3.927836642895614,4.316915408546555,1.3305181743684271,2.907299939545746,1.1604646456509053,1.0931551782314362,0.9901755178912816
051o020c_0.27109_445o0305_-0.27109.wav,6.900709400342098,9.335112134957573,3.8156910681469896,3.5341156826545084,4.760163408424671,3.364142341089679,4.763173916236601,1.6908662745974987,1.8144449022368598,5.625561574417213,1.3092930556511602,2.8574771818878406,3.3150212689921954,1.5322088955944448,0.4565859926976606
22ga0111_2.1333_050a0507_-2.1333.wav,8.250580235877578,5.355468038219725,3.0144637861475605,3.8718687032939534,2.8581546694774094,4.036720630745774,2.816635492999306,1.3162914133419217,5.593920657939511,3.2642762678874733,1.5577270876697449,3.0450940765423136,3.308482350223407,1.4321838512421423,0.5406929536443315
422a010x_2.3571_421c0203_-2.3571.wav,8.083662092129476,9.523839472094862,3.289726224488437,4.14774977703354,4.874097147228779,4.0819699208800815,5.0308549557246565,1.2326994615491809,4.091492674981872,5.920311479051579,1.2625989701900144,2.993706091557546,3.284629990193967,1.0588729753516368,0.4916335396011702
440c0204_0.32859_053c010d_-0.32859.wav,8.867158827905373,9.478215208813252,3.590706572638174,4.6469633978830736,4.74516390678962,4.578459663033051,4.878607671393284,0.9909871694642542,4.488989601557877,5.544395259258082,1.5849057151994057,4.789190031853519,3.478306167005215,1.1000220433817032,0.617947547332678
442c0210_1.5014_444o030n_-1.5014.wav,6.475007135776036,5.7238228824877,3.261251101596692,3.2728733249365747,2.8672597152795483,3.440618784442868,2.839665135829547,1.2920943010628314,2.9442949354925294,3.278090178978632,0.9503192307726084,4.866148764569381,3.110280633773773,1.1659771586675776,0.8762900812142398
051a0507_0.12155_423c0207_-0.12155.wav,5.92769857122605,5.4116004363042265,3.968951341156428,2.905004033949848,2.6447496694044736,2.833872848531509,2.799152889775624,1.087246227168263,2.080785011299634,3.9726017305784787,1.7783221836643066,2.131911558795635,2.6205962095650452,1.6257907873722748,0.9477107357673688
421c020a_2.0997_443c020p_-2.0997.wav,5.056862804241721,5.153651917500529,3.673540147617268,2.6160917815294127,2.424916729717375,2.456902296297402,2.365261823870769,1.0920948271728528,3.4841192380677626,2.9090343129035676,1.6820571185855888,3.4167011734363006,3.6970461201501843,1.1110269809332982,0.70190353532703
052a050j_0.086419_423a0106_-0.086419.wav,8.778526862448608,5.509470536790833,3.4755363539723203,4.575462291325075,2.732050203395898,4.405499298350686,2.7285032301527274,1.3446104964356482,3.53921197897352,1.8633409353972161,1.3651091867322136,3.4947907883756946,4.037553411662257,1.1576200466550648,0.7300994136151866
445o0304_0.21589_440c020q_-0.21589.wav,8.878140622610957,6.415080453259069,3.964114725195429,4.621260543561518,3.4267805796620103,4.60411050473263,3.277764217579964,1.565702493715605,4.425473224964137,4.6903610544488785,1.7038589258948211,6.053085039936354,4.431589104020017,0.9395347045865996,0.4965568358954498
423c0203_1.4978_441c020v_-1.4978.wav,9.66900861919563,5.112593215875495,3.631993147952133,4.899003924666202,2.3503402241900515,4.756580792607435,2.3974109311591523,1.5618900316825406,4.435651648135791,3.4177211161984182,1.0832241808646852,4.313978465557741,1.3294193119719022,1.09963694333009,0.3361289233004155
445o030y_1.5004_421o0307_-1.5004.wav,5.561940536608986,8.927529090162816,3.3983266785459016,2.9054690149417595,4.428642072065512,2.864141496909538,4.572836511116733,1.0714783150149554,3.1899779853738,3.0646880395207075,1.406743963962394,2.9214071992818806,5.355757868158732,1.2921365387174313,0.4212285208003595
420a010x_1.3856_052a050g_-1.3856.wav,9.896409845738326,9.010512120477436,3.0157753121873165,4.956453255066447,4.566533176265861,5.070310682227119,4.692772973003467,1.545433914025767,6.858651818609469,4.875897933232299,1.500550865134502,5.315256159512146,3.114180855700943,1.2407467349985608,0.7328524725797397
053o020x_2.1625_441c0203_-2.1625.wav,5.110917205821758,8.725415787479022,3.2950612950734026,2.6202551373655263,4.242612694447946,2.5713539642365983,4.384417755241326,1.3029753430171842,2.2936877329569847,3.519499425801553,1.416584735149598,3.275525789012254,4.320819090688474,1.337087461759895,0.4322143691983201
22hc010x_1.9781_422c0205_-1.9781.wav,5.27906282523772,7.709932122341507,3.0433007900634093,2.757571193441274,3.684827274980403,2.7507285254085225,3.834671120013136,1.2169142653223926,3.528737565619189,4.550018816783999,1.7203956722354317,3.9689781312252785,2.411965681960092,1.1650570055670588,0.2466755256555237
441c0211_2.1911_442c020k_-2.1911.wav,7.773996186410448,9.488956357679712,3.440216677443384,3.7833030456245513,4.951373812484657,3.931071092307932,4.867322611545121,1.7278844333415926,4.501601617320232,4.058065580122702,1.2280513830517266,3.5581504046580745,6.558516671093787,1.7799906157963377,0.7768318431879606
421o0308_2.2663_444o030n_-2.2663.wav,7.356234957762487,7.955102300369967,3.892359888814072,3.697971955469056,4.011457689010849,3.654208574216294,3.867983766427944,1.7573570907016958,3.1490284354726548,3.102871947347524,1.5383685344347524,4.238508892542374,3.307360628479124,1.5278079501077162,0.7650042997232425
050c0105_0.94642_444c020p_-0.94642.wav,7.530349668080291,8.655840384532665,3.835810178965828,4.019824576182974,4.2521713533081655,3.8507146765012217,4.234797757548289,1.0634824692581155,5.391983705341858,4.89610359411879,1.5756998322064313,2.9974297155109704,3.8657110419486065,1.7452953061216876,0.2965878146810121
421c0210_2.0898_442c0202_-2.0898.wav,6.346421534730776,9.351673125706675,3.936268962905341,3.281934743402472,4.431269698937573,3.163089267048831,4.552825253110454,1.495740551944451,2.3327380282362387,4.745842301496361,1.2141917406307257,1.765995432214026,5.894662019077083,1.076100613470608,0.5419119835252217
443o030q_2.0124_052o020l_-2.0124.wav,9.329481505480858,5.989419105147979,3.5261774123627854,4.646562435865347,2.9188088313801908,4.512992804761794,3.0239713420332786,1.6166023515987769,4.814402520716495,4.452071504170452,1.4780471943777884,6.299627937927163,2.0727617091661505,1.4736681388173016,0.6771257331917537
423o0308_1.9242_447o030j_-1.9242.wav,7.1355945454514345,7.86627344815539,3.1241823639487096,3.568693533623699,4.09966970791797,3.538588111052825,3.952721882034668,1.2757938958041728,2.6099949299634875,4.676440436139758,1.6549020640080316,3.6658387335995535,5.228133408959696,1.7603771267798114,0.945452606896308
446o030e_1.6619_442c020s_-1.6619.wav,9.20230684681701,9.230482743220936,3.529711289674074,4.674697813823033,4.764294881678933,4.5475228196640805,4.843834311276274,1.680044664050886,4.709334495917565,3.8391377788959105,1.2671446311202008,4.9277082709969875,3.8773768860377897,1.0974427233508726,0.2296804196296286
051a050r_2.3742_423a010v_-2.3742.wav,5.511805516451836,7.637345918016178,3.570267337500449,2.722243495622511,3.565271287724428,2.8148843223217908,3.683244493277528,1.4851469007652311,2.9329639384905435,2.6097759805885885,1.1960135777280143,2.7585251649525393,2.501406674887378,0.914884581677626,0.5381037164334765
420a010d_1.4116_422a010k_-1.4116.wav,9.450958921234584,9.949035706317304,3.187943294259707,4.95329868600165,4.902144010578983,4.840592228892445,5.02941244549468,1.578582285901908,3.033029972749337,4.611325269733911,1.2590037165680794,4.694106779407854,6.633953268810895,1.249197310196467,0.4016933012748758
421c020x_1.552_445o0304_-1.552.wav,8.395037908836162,7.80799454567049,3.794104359649521,4.126001857331613,3.7720296777549054,4.2935404281946346,3.800853752296444,1.252884221338334,5.336450219128884,5.2263368627332,1.0891259149119854,5.207220682608699,4.381038789814817,1.368170530627001,0.9628491599490168
447o030n_2.2874_423o030h_-2.2874.wav,8.941672593074523,7.763242443411055,3.2810335747037445,4.625968994808169,3.894331958045199,4.501280044619001,3.977714604325605,1.5874731400370283,4.91025589143574,3.18315706212305,1.6956022463418092,5.258128132877179,3.9339984892978244,1.74527113837227,0.4899843201416632
444c020c_0.95182_050c010x_-0.95182.wav,7.286578032998971,6.814275879288607,3.506840428097754,3.5342087612192152,3.430872590338397,3.3679596235379456,3.395358871577415,1.4777236180011484,2.6768239289921,4.535995910738889,1.5074234021952235,4.792102727016108,3.5863591067647436,1.437481024217807,0.5605180312367877
22ga010l_1.2345_444c020e_-1.2345.wav,8.211267417503088,9.64795352935564,3.312093948922158,3.9957823630614544,4.658820881376465,4.10940152783888,4.785275163214922,1.78090865143332,4.34975028312616,5.761706482784457,1.0286307479318697,4.574222012212246,3.9861312531780637,1.0498372225951798,0.5073577559175179
422o030q_2.4777_051a050n_-2.4777.wav,9.728766596145924,5.808293593935373,3.4237032951495285,4.679107711767276,2.695486201597506,4.65993713843022,2.864401828813962,1.5720996068103452,6.511274924270646,2.4700601646318083,1.449170889803895,4.419271754752364,1.7971640378320188,1.7028508569794245,0.4322908434322982
421o030l_2.3467_050c0102_-2.3467.wav,5.16403591024233,9.528378755280228,3.551799548300161,2.5305538628368485,4.876405238223351,2.4677177457916315,4.7184444127169,1.324840024787416,3.956098087330918,3.7092185762500334,1.5275727946853894,3.199538298475015,4.336127812725038,1.3473371587049747,0.596353601377472
442c0203_1.1901_052a050h_-1.1901.wav,7.063414371426847,5.860548610660154,3.483229245299195,3.467382121632644,2.678295113793751,3.3724772508838345,2.8193378927941377,1.56521023647155,3.0151691209365,0.8550487262189729,1.5721711049620626,4.132420525082837,3.5444789878712015,1.4062659222364131,0.9319920040705608
053c010j_2.0279_22ga010p_-2.0279.wav,5.24066257175736,5.525849898827648,3.848995088688127,2.573239287826588,2.8131054439288685,2.5675160509700583,2.65320783744308,1.5550482759737774,4.491987972449758,2.2602055099233547,1.4474347827691942,2.6350069636301923,1.5958236878901582,1.763110334562055,0.51706417583673
444o030o_0.67898_421c020s_-0.67898.wav,9.283315707942297,7.0905057368979385,3.30282649721084,4.79259182737775,3.3171103731876186,4.65949526736523,3.3862862773221765,1.6660198270100983,4.686872650501793,4.00182951501492,1.1975590237510274,3.631339665206033,3.478970445524276,1.389888746688043,0.4110473543277171
444c0201_1.4178_051c010k_-1.4178.wav,5.685345480010663,8.631696265646184,3.5020705634731994,3.1046873967119604,4.33036058689992,2.9476596605499923,4.26522772210919,1.7479164750335998,4.58604792131404,5.336423617743247,1.1011135762899609,1.9271436613172759,5.0257981025062906,1.5235605193643404,0.7644773257987714
447o030k_0.23143_443c020g_-0.23143.wav,9.868239471251808,9.25359800987827,3.231051209070491,4.951304945917864,4.622604906620193,4.83027096755817,4.741981521090636,1.4358306830899608,4.237220209071558,4.20408102563948,0.949748644635581,3.413152075350142,4.356801946879873,1.752042136178097,0.934106643513921
443o030u_0.27575_440o030n_-0.27575.wav,5.343521209049477,7.467087063555033,3.268940262262018,2.487556590058775,3.567645476438802,2.576082392036837,3.712777080109887,1.0631794301653328,2.766442327761764,4.266174409872437,0.98785457454872,2.628011867694876,4.971969093897612,1.1283719260041112,0.5445060214654538
447c020n_1.281_22go0107_-1.281.wav,9.257497343147,9.126564345006862,3.608516200380118,4.638764063404685,4.424780455819247,4.789828212413217,4.346808519301495,1.0988762124433953,3.2978281271606407,4.952152087896405,1.0450748446832638,3.820559439324524,4.847124725009886,1.0039438943413237,0.2043212197042968
423c020v_2.032_444o030h_-2.032.wav,7.232664981894213,8.230893234341293,3.2895158888853966,3.555389247381609,4.292421732134366,3.4054356302930624,4.29615170828196,1.1850261557035648,4.88339154059647,4.185764279549541,1.509138660299011,1.8944153614459918,4.751189091467453,1.0559086328863672,0.3195685762281653
421a010r_2.2627_050o020i_-2.2627.wav,6.248037543632607,5.464757531897781,3.2466845002318743,3.255524738735135,2.7840694588309067,3.3748043060756774,2.6629398389394328,1.6995392402595613,2.13800028498022,1.867209009257305,1.178874979548782,2.452135872345603,3.837910560695601,1.7795514359216626,0.6625986008268869
051a0502_1.5222_050a050s_-1.5222.wav,5.525624210602806,8.43162787201981,3.850745576935679,2.9654421167897347,4.138906856735787,2.8173664257776485,4.1628565901642265,1.5041098408195617,2.9853078278102485,3.011186642151828,1.0127250014774123,0.9309460490709277,4.111587565518141,1.6069510282570634,0.8312712290047193
446o030k_0.43189_420c0201_-0.43189.wav,9.237336337713629,9.594697399478008,3.373585613257449,4.458184742660094,4.891271457318372,4.607786095958031,4.902200093620579,1.7663686813184163,5.1524762336386,5.59230386560597,1.3407937117052355,3.5919941256246886,5.3861735651494005,1.7836012747513443,0.4250261359780115
22ga010v_0.56642_422c020f_-0.56642.wav,6.571175939689054,9.963459962163554,3.6614917212030567,3.211285895912796,5.086717547369665,3.199769058963372,4.93716032599042,1.132149185438179,2.2810825690274448,4.2612917121705145,1.4058865237367404,2.4282692818068905,3.6653250483323956,1.6859934781672123,0.5437625495715162
443c020p_1.1115_053a050g_-1.1115.wav,5.105502640560177,6.410920576410106,3.162211375573741,2.534172658968734,3.175422660822968,2.4337004518907377,3.0382901132462665,1.39506180931234,2.455191129646564,4.998736419442948,1.3233773350107132,3.4435498601700107,3.2527061791871352,1.0796065038685745,0.4812179654009164
22ga010l_1.5416_051o020j_-1.5416.wav,6.587679822219238,9.795473811049227,3.8847792626691655,3.270679650922183,5.10077839460818,3.102940511320069,5.073145424345422,1.213061026180053,4.008529973426756,4.623875615783583,1.3311814721131203,1.8674094697815968,6.12949873399578,1.5862698370446695,0.8549592507834309
22ga010w_1.9211_420a010j_-1.9211.wav,5.583292580178053,7.31806112604772,3.388206437761192,2.6371891638218417,3.54482683292504,2.67929481038583,3.380123722670775,1.1804063489075305,1.763204388236359,3.590774941979164,1.1253856572425238,4.2601493751554536,2.796203803209182,1.2537200037611949,0.497426771452103
420o030g_0.34707_445o0310_-0.34707.wav,5.301260802853419,5.9890724409084495,3.315918842258948,2.681044288995115,3.065850424718609,2.7139965844041507,3.2121861559235185,1.0580565039619283,2.0984817137223866,2.7919687701185896,1.6160817577747495,1.3965623680006343,2.9872193123260122,1.286029592780257,0.2693448569155095
050a0513_2.0807_446o0310_-2.0807.wav,5.356882319754381,8.466516140789539,3.870285185517648,2.5327895640849887,4.223613424782786,2.52939149913583,4.07365191920685,1.6770776268106289,1.891607553454757,3.2865501026451476,1.2089056307086503,2.6671315402500433,6.063739793444511,1.6090142468925566,0.3815826592590203
441o030k_0.4092_444o030s_-0.4092.wav,5.832650191847909,6.362676372044682,3.232719781189377,2.7881033717323622,3.271549839654228,2.8812079119104586,3.3891574269869555,1.4152514661644853,4.564972245073512,3.4522874991978063,1.1996182282604702,4.148133563824055,3.6891483279838586,1.4983585715181733,0.4891395419182325
447c0207_0.10378_051c0105_-0.10378.wav,5.681358618212498,9.915710988091256,3.174727331512341,3.04817397567936,4.999750073902876,3.027976581409183,4.830954146035244,1.1936844488609433,3.7664519376668433,4.789125461992677,0.9035748980143636,3.4912422033743544,4.114646791927011,1.7547566194653363,0.7538597011096659
051a050d_0.21642_421c020v_-0.21642.wav,8.731490047616326,9.424014539081156,3.3866395647614254,4.183326478022623,4.63072038641542,4.344673600600341,4.684265750695544,1.0400212729582785,5.379304362504916,6.226546283386702,0.962160244185215,3.717203433608909,3.34595369291143,1.4140546984589264,0.878836723395513
443c0208_0.43154_420c0208_-0.43154.wav,9.666784650909,6.4005797113211536,3.31480518369149,4.934418632422016,3.3450159520908618,5.079716326003181,3.307752293655415,1.214820488643256,6.744719924953191,3.134223641978098,0.9122158248193794,5.982061182740795,3.8358967969180555,0.9913123403708092,0.5571236579430716
051c0104_2.4531_052c010e_-2.4531.wav,8.60410997716143,7.953952769346174,3.2756626077458133,4.266527606612262,4.121588674547815,4.117301798801534,4.136808999223576,1.605455626729742,4.299422268191777,3.0890267827240616,1.529765416239966,5.273507513253786,5.763555602201354,1.2129412542891544,0.3769095583248725
441c0201_1.0706_447o030x_-1.0706.wav,6.792172070079544,8.970741881951492,3.3845646829143803,3.6067918773119407,4.647079083939345,3.4598247872791177,4.617067845256412,1.4116476779968408,2.2540708709381385,5.356216956165234,1.4271291193260978,3.241421594302657,5.737300837679085,1.1649170725243307,0.2830420458145171
444c0205_1.5154_422c020b_-1.5154.wav,5.906098574784623,5.105635315352371,3.017648685161911,3.0168680804480266,2.775055433125386,2.993094820163525,2.6269513072698065,1.055882260947079,1.798602195988906,1.8112704488835336,1.5109200080237408,2.360496356249602,2.970838010523124,1.7243105443990951,0.6425799652102533
420o030a_0.36105_445o030c_-0.36105.wav,6.838334801444096,9.230200238602702,3.953738270423664,3.2556028919063844,4.743356960824485,3.393275719034167,4.643626360351794,1.1464786053572198,3.9871809431828766,5.425098166377634,1.6210403037412848,3.251909288571032,5.592414504903694,1.1362934966395493,0.4235640364455302
440o030i_1.8356_22ga010u_-1.8356.wav,7.569204571552341,9.435252139927035,3.2714495703447954,3.778419314527184,4.794821595874976,3.850415039651071,4.926414207992395,1.2781613755290837,1.8280779517078158,4.582425336007184,1.393162550270372,4.075134739625885,4.194500747818533,1.7409205860010304,0.6468002264589812
422c020t_0.23212_444o030u_-0.23212.wav,9.351074845221422,9.155769428565296,3.447705777268688,4.902827302237848,4.503087278818783,4.801390277018135,4.639507694866292,1.4035314492394717,6.481935547225223,5.097924289590201,1.5684970914542022,3.6191942446309464,4.994305671342732,1.782410343837774,0.5897384155189478
442o0310_0.49097_446o031a_-0.49097.wav,7.911234096197039,7.152594717345173,3.393917937637665,3.928414874233864,3.4659066351028693,3.796538489359837,3.5373812397716438,1.7621567867588253,3.548145639792321,1.7488794021373844,1.2512874285535784,4.280752961023443,4.882694331822496,1.7473647626543878,0.4344023672581764
22hc010a_0.88989_446c020c_-0.88989.wav,5.427536529165303,6.06191679124668,3.936179350598275,2.698713294635304,2.866520378461633,2.826291833234201,2.97887569203856,1.1649872496231723,1.2694226397050448,2.3225075409236546,1.3783030714719675,3.5012516277518095,2.768693843867798,1.383579342579348,0.6099050929776763
052a050q_2.2908_446o0310_-2.2908.wav,5.78934624111344,5.853349913865522,3.18186416780596,2.9132658748755937,3.1099751248972822,2.941455530047619,2.9626477909049704,0.934239112508228,4.881541519418314,2.898545053736181,1.5296129937695324,3.9384484947768,1.8151881836579031,0.9305801587544344,0.5703897899072785
422a010s_0.058964_052c010e_-0.058964.wav,9.266441535560798,7.9990766724432465,3.031877853106796,4.770320065061976,3.952961612067048,4.788916634537313,3.7839818274662,1.155511399429881,4.622522246020812,2.2962190497018247,1.6464256801190356,4.712419536028782,2.9956369932460114,1.718959619828949,0.6454420418443682
050a0502_1.463_420a010o_-1.463.wav,8.189806184237128,8.589330792372918,3.3129370599936445,4.0642378654710365,4.126521235658358,3.894411535403196,4.118838943312379,1.378688208794011,3.2006793419298005,3.5946072688346287,1.7965007319629756,4.838688146015043,5.583435192281407,1.4283218321558326,0.1016753252950742
051c0109_2.0321_444c020x_-2.0321.wav,9.177553627552882,5.823139093648024,3.576945451539056,4.379410538264751,2.83267566316787,4.528997946773875,2.843793541361328,1.743882535686502,3.333263536740251,1.1874947856026599,1.221734488597756,5.460236323969064,1.5567591013835467,1.0697485531208994,0.5561619776754831
423o0304_1.2093_420o030k_-1.2093.wav,6.120301860875541,7.234792255960511,3.2078586149036035,3.1536877226322826,3.4328567501211,3.0665553933973966,3.5549548958977795,1.1734262061210043,3.591274204091477,4.725146660738378,1.6858287445229232,4.2772431260156845,3.042447641571662,0.9492430766736398,0.592825963555457
445o030e_1.0954_053a0501_-1.0954.wav,6.177469017049042,6.640139924366616,3.8744929497571454,2.8776473433094942,3.281526853944138,3.0456889775234317,3.2557973150693496,1.5676192129460222,3.699144322360139,3.694010187165945,1.3259305664606855,2.427743100577789,4.09327184777521,1.4934430430898993,0.8145051141294519
442o0307_0.25506_050a050e_-0.25506.wav,5.307524431803177,5.828777073825794,3.842173181318327,2.5014071444303165,3.075892357887689,2.6688050615429817,3.0462623503557733,1.2685900932334748,3.8578587380313247,4.23251480522175,1.2868361922360907,3.5501659080364245,2.6482422327713193,1.0698045117762518,0.4942225888534576
441o0309_0.26895_446c020t_-0.26895.wav,7.434953507749778,7.008822776494011,3.1756019065107783,3.59867900503612,3.585539928701009,3.4977298975662814,3.4487580669610725,1.2875575083588373,4.114649945407893,4.2120626247865856,1.3876696334545915,4.841938234390415,3.8097691283481696,1.3858838812085177,0.4140134851037905
051o0208_0.58475_22hc010t_-0.58475.wav,9.297986682545918,7.716842075065388,3.5924106348815497,4.744755004409702,3.783939873049158,4.808940047878899,3.930501396631773,1.7205048646920351,4.369425216504839,2.287129635046286,1.779064516712619,5.767540307734312,4.73455409638867,1.4605833764118483,0.7935007385686752
442o030g_1.2809_050a0504_-1.2809.wav,8.446502851693353,9.630063357057637,3.134494406220092,4.310042987840268,4.86239886473568,4.456598146777018,4.798199290056215,1.278306397166035,4.885889422066263,5.3262550854887785,1.35148195561158,3.428160093876364,5.433658609417335,1.6998886312827597,0.9262585571423064
444c020h_0.9633_423c020f_-0.9633.wav,8.01841407699791,8.129037586165502,3.160357668829776,3.946115371203237,4.094497349714592,3.803926602737145,4.046723359698095,1.6941041389584468,2.736055601898091,2.5969933512216676,1.1735323238844804,5.565972954923773,4.229679554820892,1.555791093683414,0.7049544556186139
052c0112_1.3935_22ha0102_-1.3935.wav,8.603652259795355,5.027744031220552,3.277634839680781,4.223450615083865,2.3905858964246964,4.200515972887343,2.538822201651579,1.0627928137763702,5.643009288647398,2.2657940148542597,1.5235585555383375,4.8578453466321045,3.3218308829956396,1.2649943834792867,0.2398843530773428
421a010f_0.28101_22ha0103_-0.28101.wav,5.690655753569985,8.281808514292115,3.8911237286828326,2.769299544338541,4.333968421117821,2.9100065841653384,4.238566487472952,1.118993905491779,2.4561262542379296,5.386820020869815,1.7969108110340322,1.5075860037490716,5.0612379681380935,1.0427920614142,0.8229836261109461
22ho010n_0.98109_447c020g_-0.98109.wav,5.401030673831973,8.21729153357202,3.618933339827132,2.5462301002637537,3.991546141478744,2.6124101465555927,4.126157439194835,1.0807283304053057,1.4503112597541992,3.875081255377156,1.609187797184982,2.713964855271631,3.295594107967473,1.6455164416217811,0.2988673889659758
22go010s_1.0984_446o0302_-1.0984.wav,8.017702528409782,9.55855067826856,3.169627955325208,4.019365406792855,5.028723239178498,4.024436762449912,4.878808992517949,1.4627001130461157,3.4955588239938984,4.54094536983304,1.5679847768187567,4.208815394170937,3.35857261882717,1.6452941488669368,0.4594470965955229
420o030t_1.2352_053o020y_-1.2352.wav,6.31818863755167,6.071543100437822,3.290540456213608,3.3089997172041605,2.8919653943747385,3.2728562456453187,3.058078757665219,1.1077083504141032,2.5004856913694247,2.509468300212703,1.587835352891087,2.5101650138932925,1.3753201192429256,1.3785395136760026,0.89479112818152
442c020u_0.62277_22hc010a_-0.62277.wav,6.363311524796372,9.30340406429304,3.809362074193249,3.3154546406226046,4.623971218218524,3.4310912535956275,4.5284297416749455,1.2475447393281591,4.522173232591792,3.98670482674914,1.7554091200441793,3.0935748384762163,5.530597240469196,1.4147445603221884,0.8985101822860279
22hc0109_1.9352_052c0108_-1.9352.wav,5.472772631890898,6.314843459177297,3.0942607614633584,2.5536942954450352,3.106583345806015,2.6499764641045416,3.2466895340998314,1.2861284077905806,3.251718671912254,3.6962296611228176,1.4272368263829776,2.906896979149581,2.4862529464739973,1.2491537906323718,0.5587267661555045
441c0211_0.47832_053c0105_-0.47832.wav,6.711227719174914,9.722257850953037,3.46162754387124,3.3499138918384603,5.107500925720395,3.3706179856132983,4.958936661844581,1.2533013722204878,4.094950205213092,6.721244278793633,1.1084825895304786,3.413764595193429,6.374543895300983,1.0537375115527667,0.3810901513718054
445c0214_1.5649_423a0113_-1.5649.wav,5.382784589753559,5.962862144618782,3.696730080757456,2.912758494508252,3.1300515032138123,2.773257434603692,3.185182749213738,1.5879593407103263,3.737449663062729,3.0356199076700237,1.6668678419657017,2.032488900505994,2.3074632120756067,1.3595607927048623,0.4102071277318676
446o030e_0.35357_421o030z_-0.35357.wav,9.65524758780438,5.844021699424088,3.828925876646222,4.773910356333944,2.9066364428268643,4.67197801813931,2.78330843128782,1.2849382728142962,5.011763349202657,1.1222476794394898,0.9555070205377968,3.339560665367641,1.5073970159140977,0.975269290925401,0.7517462087186791
423c0204_0.44006_051o0211_-0.44006.wav,5.118322487196865,8.277182266181258,3.0164907634961504,2.747716867064864,4.083429581464518,2.731444548009476,3.93431482152252,1.50228697567458,1.8584496536545567,4.182837554193831,1.4870487398968089,3.628921478044723,4.560526661400909,1.3562418088986832,0.2590232424976119
22go0110_0.95557_443o0314_-0.95557.wav,8.871795010627821,5.320440395019685,3.1388778277199383,4.618767489732318,2.833315590740692,4.470264493600641,2.85445465741628,1.7493879376814578,4.6312253857216445,1.3126933851319285,0.9859649946993884,5.540762725628569,3.683800827493928,0.9166230445030676,0.3537627605570045
440o030k_1.3697_443o030u_-1.3697.wav,8.777201042324215,9.50880152280547,3.4697575667335907,4.266341900401559,4.929581787856143,4.116578522532099,4.938003821406846,1.0752092797950732,4.156937024256422,6.047147855526266,1.498334548949344,4.983553924305632,6.659981656388585,1.442837786100602,0.5352577609691089
050a050x_1.0327_444o030o_-1.0327.wav,8.030560976329086,7.544410461251774,3.3945080907589213,4.2751446078205415,3.726207271172554,4.123646018987259,3.803331700386157,1.0068577922592794,3.849086614623904,3.1408708095260702,1.1423823773316826,4.139055731335821,2.7165974871467777,1.5228142261638151,0.6082758571378722
443c0204_0.15155_050a0511_-0.15155.wav,7.356901527604228,8.789697058982508,3.423563806494433,3.70094546017631,4.506297830652957,3.841417274154032,4.558906475168931,1.226362643916532,5.019628120823914,5.227459520333224,1.2138741841630911,3.9841505178725085,5.507310240094214,1.5960760049357878,0.2744827011777985
445o030v_2.1753_421c0210_-2.1753.wav,5.231447074303109,8.859649222334259,3.657300164857103,2.507211536371227,4.251336365663049,2.447162866003469,4.410377735083286,1.5866031939384209,1.918090172882485,3.6543862148049406,1.1682418086634598,2.0597115836993725,5.56464689926953,1.5571999358245514,0.811763691344924
420a0109_0.52312_444c0215_-0.52312.wav,8.561409702775954,8.30819976054455,3.4356911624456044,4.285780951672741,3.972269167614905,4.1540362055223845,4.079709019912729,1.1305495276642143,4.752541007161907,4.746020012808775,1.4708004366290084,4.92702333529591,2.6758754476995628,1.316905125551558,0.2699771887429115
444c020i_1.2349_423a010k_-1.2349.wav,7.511860418601975,5.48217561782962,3.336455398882653,3.994689787343391,2.5894596831724312,3.8864569141909056,2.6933136439498515,1.524401824849433,4.730386444163806,3.6525625421038184,1.2424733253923537,5.136670237063115,4.108608840811043,1.1405065993958754,0.8315762951425281
052c0106_1.864_447o0307_-1.864.wav,9.880183184707937,8.098893712474819,3.7013697821052336,4.79641562823652,4.143641892483606,4.856118921425559,4.00603550897476,1.67468413944688,3.6229406021350172,2.918828945106487,1.031396821423684,4.162408899618117,2.3831348161793056,1.4798419709601327,0.4599399325662373
444o030b_0.34117_447c020a_-0.34117.wav,5.1292590631770665,7.621029476311516,3.3472970392654453,2.768903616316417,4.0128169741300965,2.644249509703821,3.929382246920046,1.2281017298718402,2.7933410472151534,2.999485757235236,1.218533265067946,2.7800165737021647,2.794595354244334,1.159257828773996,0.5308616478038533
445o030h_1.4594_446c020f_-1.4594.wav,5.847841219478765,7.436794089849507,3.349531253901422,2.8797537502247854,3.919947260593792,3.011801368683865,3.8295955784883366,1.7756462101338542,2.8672213475117707,2.2498403289074336,0.948272343018105,4.441962213871993,3.1969164994727763,1.0929235972963791,0.5382394125497678
420c020p_2.0378_441c020r_-2.0378.wav,7.234787680636401,8.23964113895286,3.3095852627936626,3.431731718645595,4.22207380463011,3.46539725098078,4.368247098814063,1.126445539312919,2.5692048964362026,4.183314137292372,1.357039203632536,2.6883516804202565,2.609150425070833,1.5903281983076445,0.4452586475720199
445c0211_1.0756_050c0107_-1.0756.wav,7.407436459201621,7.687708983651075,3.45943603863598,3.5079732848909413,3.945845678757825,3.5305695801350763,3.797557420823355,1.4517678593793184,1.9770526480330797,2.7100287971449273,1.4466736018906066,4.643810700948718,2.2095640107060253,1.422855454110917,0.3705022711996141
446o030k_0.24698_051c0112_-0.24698.wav,5.554816133836368,6.601577620510905,3.184652685500532,2.862049808611511,3.522882233587073,2.9105045068836413,3.3599339527880514,1.2607625106155338,3.424163458566992,3.07210968878632,1.2903467708009575,4.547002443121908,3.2970044426803145,1.1944392102423826,0.519435128700616
422a0106_1.1377_423o030l_-1.1377.wav,6.996202685542337,8.916354623552252,3.694082548066004,3.381625490462339,4.376983915427362,3.449763007988057,4.532731399212598,1.244910394579318,2.027794823580132,3.7573986126132377,1.3336111376682975,3.8307717048477934,3.7368563385955795,1.663446495989958,0.7551540611963494
441c0201_1.3462_050c010w_-1.3462.wav,8.850248187537643,5.769673907972306,3.769632754164548,4.387899423041106,2.990325859522701,4.41221172376495,3.138342453300268,1.4507856821773983,3.327558011313674,4.277526582698109,1.5995849869236685,3.0526174656380096,2.3816910294900007,1.7129738230565588,0.2667493895583935
421o0307_2.1494_050c010c_-2.1494.wav,5.76349346818888,5.704187336633312,3.177577734848012,2.764223520744121,3.063226745391734,2.633347010216728,2.9899373260177677,1.0329631935965986,3.6056743653823116,2.8355430183516352,0.999833288919816,3.2540047671642065,3.949309664727724,1.1533091454624582,0.9963878881791368
053c0108_0.021727_050o020m_-0.021727.wav,5.835826223906592,5.641163535297288,3.0151912361226607,3.0170368347260963,2.7943519569547948,3.1716856028079032,2.723756216780338,1.7087123913204756,3.319338905417845,1.9847079000072765,1.2090041492033514,3.7845700463481253,4.54011784379554,1.7851280622414638,0.717353882131084
444c0205_0.22427_22go010r_-0.22427.wav,7.289300130716796,8.952707766565897,3.1877758658994155,3.789936595875061,4.442899528690843,3.784792888439729,4.292987747053042,1.7033475648838698,5.396371298061806,4.43793697722648,1.7903980523703145,4.115673183560486,5.544671415359626,1.029756786263635,0.5546849823613058
050o020e_1.5522_443c0204_-1.5522.wav,6.959230338624494,6.215303315558147,3.4657363121702787,3.5960522980998912,3.139889547136316,3.734298011014352,3.081681962915936,1.7058831592522692,4.692978410417866,3.6444749145800617,1.1741164142543143,3.0917048375343152,4.904140324478521,1.3743203363463117,0.5137070130995116
052o020c_1.4136_422c020g_-1.4136.wav,8.497334964222897,5.945436451071109,3.3625617456618557,4.115843468922528,3.100420874676796,4.264305967172766,3.078999235773622,1.3505870583778892,3.75633388213577,3.768315017934219,0.9537362347841368,3.8818619094227604,3.7285564315498525,1.2043536248840967,0.372807962096604
441o030j_0.13184_422c020l_-0.13184.wav,7.4595820424353345,8.227408545328654,3.31400567293486,3.81792913299197,4.133181097727926,3.693484732919435,4.248998157311508,0.935934464038506,2.8226960916697523,4.398692149798028,1.1933839812593965,4.50728259626462,4.029797625897836,1.5294428294198554,0.5732463716974852
420c0202_1.7761_423o030k_-1.7761.wav,7.260747171990114,6.907064760472474,3.322266516246697,3.565247094417081,3.648713006664566,3.676904527025912,3.520523234283129,1.055977311916978,2.2763351734569355,5.005976021004779,1.2637873865172329,2.8928207820297676,2.300457665563412,1.5508547688078331,0.7110262197839983
22go010o_0.88923_447c020p_-0.88923.wav,6.595416806743909,9.595808463757296,3.4769043616475823,3.4327843139193948,4.6659698543940005,3.400951994056833,4.812553289379566,1.5554870380304355,4.437481202732084,3.0348274033381673,1.055528931367966,4.767902858455121,5.647122555157748,1.2211227548225605,0.3552698442736864
421a0114_0.70544_053a0506_-0.70544.wav,8.030623370562651,9.376602363714849,3.967952253492893,3.888056252251008,4.834012555887803,4.046796051940162,4.894853956222175,1.0386091003210955,4.6990173558778245,4.311306038816642,1.1798159448506391,3.8261514111672152,6.675500237379197,0.9586180901537128,0.8770395557978156
22ho0109_2.3494_423o030r_-2.3494.wav,6.791524690694436,8.764244498698416,3.720796406697402,3.6575485179004814,4.599906828235715,3.517350181092547,4.546573664479107,0.9398643745754656,3.7397622227819616,3.8632157980375754,1.609363337169177,3.881709955134754,6.128194545402403,1.074145932809022,0.3349038332832326
421c020q_0.38291_441o0303_-0.38291.wav,9.550963853349984,8.848410179698234,3.984425980409236,5.011773055305092,4.440590517445462,4.938062025795183,4.571230037226383,1.0057397259037617,6.074134129535898,5.751956264310231,0.9305548388070264,5.466212993196591,3.5447082311768785,1.5113412483394235,0.3427359420835875
22ga010q_1.9519_444c0209_-1.9519.wav,8.417634702357306,7.395939906253707,3.027089558357845,4.398014299666682,3.5978752162339718,4.333709879437366,3.73339252708012,1.0078871872854251,5.31393040380647,3.4001236214392265,1.3529280112763873,3.4730498199638062,4.976909407472137,1.4784997909998063,0.3225677832573512
051c010g_0.39061_052o020u_-0.39061.wav,7.88812455644853,6.328926568322515,3.7279963715751303,4.1230051525215865,3.3475297365621395,4.049570797253762,3.194208519940307,1.3115911705435663,2.8730341177246266,2.7597803876139664,1.0584976846068146,4.664406599660042,2.5135142771640133,1.4941535665418877,0.4701824935709359
051a050b_1.6419_053o0212_-1.6419.wav,7.530362137742683,6.586665961316694,3.0125392750049333,3.567573524571608,3.1256329831327365,3.6938625074030234,3.239435851354089,1.328363304426408,3.7394301110689945,4.460743448562645,1.0695399917198007,2.9095191520252173,3.429408194149141,1.2959543191452418,0.904364997636818
22go010q_1.3606_447c0217_-1.3606.wav,6.3752860363473225,7.301496003639373,3.065962687197944,3.101686993610913,3.760388674709272,3.2184551002988093,3.8839411302110713,1.373078915133521,4.190730182295676,3.3335389026625495,1.5801067753191953,2.8345210757960047,1.920452798859206,1.4366679653837156,0.8559502506301082
442c020c_2.1717_052o020p_-2.1717.wav,6.161977479874333,8.073181637131913,3.719658294986079,3.014654034485833,4.2466135847064574,3.008859952322861,4.076712352774818,1.7008319004025565,3.5908333046933105,4.688341272407386,1.5899610414314758,1.5401578455855078,4.660399434781554,1.252586588900743,0.2849649852388505
440o0309_1.3717_444c0212_-1.3717.wav,9.51768444537966,8.974067411886207,3.5372656418849724,4.717716072288753,4.45199256947067,4.685833185818297,4.598565014187651,1.257326789729448,3.6307528457008047,4.283605421731729,1.030929457082797,4.4833855137220535,5.8261714940687925,1.3380523472637538,0.3503793016944259
444c020p_0.5106_053o020j_-0.5106.wav,8.141172942989932,7.716924860409744,3.626625510090207,3.933012045190064,3.690583582058548,3.828170222009235,3.7978598241260246,0.9742406651573854,5.209592242818214,4.808725126295395,1.615301308493933,4.780933296096567,3.442716857709264,1.102358219315608,0.7970231482571967
051a050b_0.52192_053c0106_-0.52192.wav,6.113079553488944,5.5437568129723145,3.780423815747173,2.9919431127928897,2.7954750676771,2.860751035056012,2.90358907573841,1.1138639285731808,3.672963453982245,2.9148863257604707,1.305763202756286,3.11866917872573,3.5710492877950224,1.2228458319107482,0.8658708974840574
443c020b_0.91101_050o0208_-0.91101.wav,9.272631361642222,9.418208636627895,3.116655941385868,4.458489926265799,4.681801129064901,4.608476159916731,4.683833299138543,1.156869401017291,5.29190926849344,4.262921036914002,1.3279927282938164,2.9959625374740684,3.8644918097614522,1.0024439541389336,0.5610765683878239
22ga010h_0.76899_442o030e_-0.76899.wav,6.721440061597175,7.675085886351697,3.270917815533444,3.207079590734025,3.86524395762764,3.2187056814515693,4.034845944687424,1.5609658267370112,3.570942768777837,5.316733900681702,1.069486324574973,4.767998425880743,3.3533894211480417,1.250418960233481,0.8000115276882946
22go0113_2.151_422a0102_-2.151.wav,8.720054985531382,7.700975666095832,3.529318877200093,4.16211137906137,3.972862770303633,4.272986191767673,3.843995490098989,1.436807823463421,2.8782570913172094,3.4675368705818106,1.7304414287593857,3.25526615278433,4.229081543381012,1.7641585176518857,0.6460828026420713
22ha010z_1.6166_420c020z_-1.6166.wav,7.242844329994143,9.87256991425107,3.67262958332585,3.692714807984363,4.68990562594868,3.676567912086733,4.859137058468975,1.338977795390061,5.010971754593241,3.9558943482625457,1.4513657952228978,2.8399226537843063,5.668278010325695,1.0439381356797837,0.9052209914743634
051c010c_1.2632_444o030p_-1.2632.wav,6.273169858310219,7.255675687172314,3.114488249144852,2.900436996870717,3.748690537350659,3.0247137835528486,3.8494639479903903,1.082849948399814,3.4541594193320666,4.259544367624135,1.14050875466042,3.1906770930409163,3.1314692271874374,0.9037733622050436,0.6884865932837465
441o030a_2.4581_445c0205_-2.4581.wav,7.567126656568357,6.794877099301084,3.3194549243413305,3.7369860337931273,3.336379552314153,3.5908460528704795,3.3701894025937422,1.3763851899260031,3.31133278679154,5.0868842349828896,1.21393311564536,2.897920085657274,3.7069758951490663,1.5134927147266346,0.3400499161850879
441o030r_2.0691_443c020c_-2.0691.wav,5.915285286880151,9.000809313144291,3.952018122936208,2.728839492468715,4.56037385851803,2.887391610572037,4.62170269223391,1.7330368379916907,2.9842053124831818,3.5712278716416628,1.1095827097421118,3.3384639966132745,3.329196519138275,1.395616003573409,0.1583507975577473
446o030k_0.56158_442o0311_-0.56158.wav,8.19820291076817,8.198041095075261,3.961640149423817,4.240962228701759,4.031200300829305,4.160706833593814,4.157924692940956,1.6162293484353556,4.586505896962316,3.0959774737960513,1.2227707893847777,3.8378825093502966,5.297145243429816,1.385073161847736,0.3962847917102096
422o030y_0.56286_446o030p_-0.56286.wav,5.390966049294852,5.668994782721826,3.469995734424828,2.602913317440793,2.887146348327424,2.7512827804239013,2.8041613951485256,1.1519206360207113,3.420805682434366,1.839673171515411,1.390658209325799,4.575734219543966,3.242532558632499,1.7259583563471603,0.9198355446936476
441o0303_0.43132_445c020r_-0.43132.wav,5.684508881600338,6.6436182718264245,3.49342312103305,2.994840346150153,3.086722864155504,2.918046098845789,3.238389088414421,1.714478881567405,2.0063936825243824,3.9986558771148104,1.7079999517623747,2.9183094095176263,2.0472921420181405,1.429016453179738,0.9096657954775828
444o0306_0.62364_22ga0105_-0.62364.wav,7.315199280761693,7.337360698376341,3.742253479747069,3.7918006899175674,3.6269306054615056,3.8367425198553113,3.770039766320784,1.6543385289666244,2.06649777231307,2.8648601897153694,1.583532067161614,5.303171780400738,2.4355856253035917,1.582677466107909,0.8101688593024898
053o020y_0.98149_440c0208_-0.98149.wav,5.70766562388893,9.17602357240927,3.578094232484463,2.6804275104646087,4.480523531820031,2.641295258098402,4.625329149199841,1.4950131054349869,1.657662478835228,3.002994014273724,1.0923330273300729,3.160059070833262,3.5476633609514874,1.049797322769409,0.3903836416129989
422c020i_1.9066_423c0210_-1.9066.wav,9.16361412273844,9.791872068441526,3.8503293506631504,4.472762263794842,4.932743658385365,4.642632220435561,4.939391803305568,1.4540696754283486,3.2475122461633874,5.305039790247943,1.7918052768209187,3.783215173663597,4.263172540206752,1.0832698649108936,0.6036150246072426
053a0506_0.84031_447c020d_-0.84031.wav,5.38060371351609,6.746120532566113,3.5795579534016317,2.5402444995728777,3.28605463481098,2.627308910542109,3.1639080493385205,1.4735596024795967,1.6224885198327863,1.7212912872637003,1.053494380575448,3.976682371083891,4.370467544044071,1.5343817807300102,0.4941905097797677
423a010m_2.2596_443c020t_-2.2596.wav,6.927297011497284,6.103130157268368,3.972873153729882,3.5890297623275287,2.8448770701772568,3.5185059928044056,2.977264372937942,1.6942391232451803,3.6005988751032536,1.6048401935552652,1.329229634969728,4.634618112477697,3.6754137946128336,1.4442905079423003,0.5931389678754031
22go010p_0.74674_447c0215_-0.74674.wav,7.04984749454928,6.355028773766527,3.044014286499607,3.689202390577432,3.213611727919376,3.6039673404473738,3.360700089897224,1.0285966454798805,3.543196577771301,4.201666058669671,1.6643090654897668,3.3420258654416295,4.502590509804694,1.3584452682888335,0.4461836248605026
420a010s_0.56448_22ga010f_-0.56448.wav,7.8479909380810735,5.346112120918022,3.72425529091218,3.945827991199484,2.78331681857293,3.96400133489816,2.6142909933898832,1.261991692696798,5.272403807421101,3.780029625554353,1.2968338766705072,3.9203170411044526,1.196205387303066,1.4087652234789916,0.9082328446281104
443c020w_1.0586_22go010u_-1.0586.wav,6.044735592110467,7.133600113471605,3.5669793132152594,3.114158663215874,3.547533254653258,2.9447362345522654,3.5615347069252383,1.087627000395264,4.11736199848173,4.8303824680543945,1.7001777168703978,1.2496053484572214,3.932016470292,1.708886868661391,0.8712621890448173
445c0205_0.5673_421o030e_-0.5673.wav,9.838151300025803,5.750356421382797,3.617574745401592,4.804216994039609,2.9721286623063645,4.888282432482494,2.847899027921465,1.087610979787531,3.2485615150329115,4.021347057579452,1.55379787685325,6.50244995249855,3.7592149355031927,1.6039263190362778,0.3392117323003683
052c010r_2.4235_053o020q_-2.4235.wav,9.381117215083536,8.447563697916092,3.415289167346558,4.567627856126555,4.429137884342369,4.558703494759009,4.259372293676352,1.5476276569174412,4.666432508544289,3.0895100451276587,1.5735178133622676,3.9397908088898346,2.9423765018717574,1.3146473282017157,0.7581628359455288
051a0508_2.2216_442c0213_-2.2216.wav,8.990231101143614,5.84743667772183,3.46068527427491,4.43619402325381,2.8898444040569324,4.28569912269017,2.8107793365217657,1.5856726445881946,5.351616839304974,1.7190342205203304,1.1293077687497497,3.982832985568931,4.481063415146686,1.5219927617290403,0.7445432336214048
443o030h_2.0968_441c020j_-2.0968.wav,8.90598737959009,7.739396431145581,3.889841493920992,4.358712243926813,3.993491956542756,4.411234026793182,3.8529876422867946,1.5727055255379296,5.292096516829059,4.604609437745046,1.5926101661467924,4.728337680605465,2.7994416586029853,1.4563668359754782,0.4235313966087253
050c0115_0.45717_446o0305_-0.45717.wav,9.875950667269636,8.735737603087061,3.247209597453492,4.944717847467138,4.517869496510154,4.804512975080361,4.464553516175852,1.184200808007425,3.1745136901426196,4.839539907986661,1.0601951018459117,5.533056018509844,5.906854659612288,1.048733224971062,0.5129414883887513
22ha0101_1.7206_423a010m_-1.7206.wav,8.518507173681334,9.61518841918802,3.8855488284628663,4.198334681553206,4.975254087410633,4.337465690384684,4.919195525339035,1.7025342300546715,4.400734333873832,5.857567553145671,1.1467917957442642,3.610149106410072,4.39978531976786,1.6715663345431664,0.4785048803224702
422c020o_0.53856_051o020c_-0.53856.wav,5.108750907824616,5.415683097441709,3.643905739152929,2.4438729304342552,2.6772356694573607,2.5248910535554425,2.803473792565716,1.068948623249578,4.39775123980002,2.2030667068977277,1.189351802053254,3.6979189961858503,2.539788398907689,1.7326961491909634,0.2367505226508999
421o030p_1.4738_446c020e_-1.4738.wav,6.424950846429393,9.576458523297358,3.108532790946052,3.221045257034832,4.693987054587335,3.3497574737871605,4.58293226964449,1.1690912137760627,4.076756001151467,5.931884574585425,1.3013768992643595,1.9385777140341873,4.586678620528855,1.1276899883802145,0.8111453625192613
444o030q_0.62744_445o030l_-0.62744.wav,8.104327403802454,7.675742126821445,3.364229151167782,3.863781903099419,3.907147821346785,3.914447910340357,3.755381699599337,1.1093978925806494,4.059874671741375,4.865902157700834,1.1258270797136003,4.832955230084701,2.2905119977612483,1.2983856998535523,0.6951373495138733
053c0110_1.9665_446o030b_-1.9665.wav,8.020872451488199,8.232607857683247,3.6147856919586143,3.940272362710672,4.23852868260945,4.07733232202698,4.137957476232019,1.4984038260841777,3.167438195329641,3.7634001236568375,1.7029756739271251,3.9093449157116007,5.737670968835197,1.1453415852746265,0.2909906303377251
422c0212_2.1883_447o0306_-2.1883.wav,8.722247199383506,5.979084659867696,3.2771839537091294,4.433402196325965,2.9518227914620767,4.303214111358153,3.0263282445001853,1.0732399185029822,3.567442330350887,3.116127459297588,1.1644259470122624,3.4801501547402816,4.005319464168526,1.7405730409021023,0.320686485734233
447c020m_1.2223_053o020v_-1.2223.wav,7.083121064408614,7.052374213645575,3.257036159485508,3.453295639858424,3.53807532804967,3.4524272122883253,3.388077841958884,1.5871689053473332,4.3593315119277465,4.225760089905065,1.5506104991484335,3.759339245290465,2.7761070580792797,1.5867246026234203,0.3274138153260152
443o0304_2.2866_440o030f_-2.2866.wav,6.415223269441336,6.433196871688836,3.8801733488570336,3.2061320977142644,3.126521558642654,3.139072115831147,3.2606966637472747,1.651322384435538,2.6506144364344544,2.5059986697955177,1.4036564220444037,4.449378714866386,2.939654999287319,1.7242369692471344,0.5329060470272422
053o020r_2.4269_051c010f_-2.4269.wav,6.53346094878632,6.552830026927627,3.630124373347607,3.4430816446811985,3.3524089725983823,3.293120485025442,3.355822269347964,1.5103606882929128,2.137213329632213,3.589807077551676,1.0891090840974675,3.411585893933126,2.336012694410375,1.1054789292641618,0.4480718041258908
050o0213_0.77657_051o0204_-0.77657.wav,8.33661671618303,9.55701170907312,3.508473873316578,4.306083605911977,4.659443146250739,4.413086910867329,4.791542702376534,1.773151622363737,3.465147928357934,4.638295017657022,1.013381829558616,5.03302899432217,3.184289614715215,1.1482616081199235,0.5038762689397177
444c020w_1.4109_053c0106_-1.4109.wav,5.555070318337579,5.828239433733028,3.683171047067313,2.6869798021955345,2.873993652968469,2.763538175141042,2.733498757929765,1.555568952734475,0.9271772961055282,2.6727092259615515,1.0727529913517797,3.5035851727076412,2.8657666862325404,1.269433440589699,0.5961628592033157
442o030j_1.6414_446c020i_-1.6414.wav,8.819603208309683,5.669621827461123,3.7082267973288863,4.279237685018586,2.808989635132978,4.36191113511623,2.683829335321288,1.1963838227590375,6.017726656492275,1.8231546080303722,0.9793959005490096,3.695475077422686,4.356960970341851,1.065210635392556,0.5358136822689125
053a0512_2.0668_420a010v_-2.0668.wav,6.585406640045627,5.967462204245921,3.116065179628777,3.458438947562131,2.769104198710933,3.500577550845083,2.913063700354145,1.431245644293087,4.266764391267814,1.049742282812803,1.778158983533834,2.688590526901168,3.566309985105489,0.9872911234881576,0.200070257066176
447c020q_2.085_22ga0110_-2.085.wav,8.989284536946704,5.332320593382654,3.4610440308203354,4.3931602714771545,2.796733705066793,4.275542938338668,2.889825933235368,1.0735297880800878,3.5509023766112704,2.8194802543976785,1.4703406639675756,5.816850692208803,3.999180712038103,1.5574644552242858,0.4224315191216298
051c0115_1.3159_22ga0108_-1.3159.wav,8.823243278524632,8.209247827245902,3.593368953496078,4.598753270367844,4.1094427732431,4.535984649602998,4.245678232090197,1.1681088069890952,5.896885357659878,3.3336882658283917,1.0469882178615908,5.345913740383699,3.4486895269719504,1.043796755326047,0.3696469039786502
447c0209_1.1383_22ga0101_-1.1383.wav,7.477413960828811,6.871101633629149,3.878955003265984,3.587882113522652,3.401736963106162,3.757224707943527,3.3868009089148043,1.312383701752195,4.140227810669174,4.575839580005479,1.061932099527565,3.0467981423158,2.121959059270709,1.1247086041727932,0.5884488992662192
053a050n_0.55261_445o0312_-0.55261.wav,8.557864599132055,9.863029872041848,3.3961722184430743,4.163513100859262,4.788502034201259,4.323975840298919,4.7323619482419295,1.0500735670156898,4.102565948082474,5.514801248981844,1.698970182952833,5.074635065697979,4.249725479888556,1.5668084023240056,0.4512281571360488
447o030k_2.331_421c0211_-2.331.wav,8.779413561739059,7.070352265857009,3.788242473024888,4.179962080906031,3.370755624122232,4.348883035528213,3.389879198305181,1.366183034952727,4.984671923348613,4.344987636260927,1.3258045566579302,5.919933199262201,4.070977565577348,1.7093716818836246,0.6571959686667471
420o030c_2.1551_051c010q_-2.1551.wav,5.06610272186231,5.841656395764407,3.98140350189311,2.459617633449965,3.063935107072408,2.439080584512076,2.895180167527152,1.2914245874140802,1.9581857681785453,3.5146103346622986,1.6185907129337564,4.212911077220799,2.745258727281034,1.4671944497256502,0.8249930799533269
051o020m_0.2335_442c020r_-0.2335.wav,7.078350443206856,6.900155981787288,3.219589741616646,3.580969795352225,3.211954580420428,3.4833898222754422,3.3511600000503203,1.5445413820942495,3.4753246330663545,2.2918020847872063,1.7830987300201075,2.99225015715937,2.7949981689084726,1.505213566861625,0.9549741125709884
22hc010l_0.76924_440o0306_-0.76924.wav,8.909859838718294,8.758955758039292,3.936222702996413,4.587196178918435,4.384264986215378,4.642243803610239,4.23403263611797,1.5000940864997163,5.268010990062985,5.794245537116061,1.4976834631173586,3.3626326917762452,3.8767687192050304,1.191276332664109,0.6002975943786469
053o020k_0.23327_423c020p_-0.23327.wav,6.484634548704188,7.918100627594517,3.987646233012153,3.071266869523788,3.729244694384287,3.0681360597903904,3.879212017593089,1.240836937347252,1.4075440644077093,3.4164030327964885,1.2369602408899312,1.7860206947202961,4.625143330157712,1.228231053546562,0.5577944038411399
422a0103_0.01406_22ho010m_-0.01406.wav,5.885274045389426,7.640814455190705,3.324951936366232,2.916015369854029,3.646529787198791,2.931253748698114,3.8158454445084566,0.904575591018096,4.6441476477786265,3.4501444104403705,1.5321912865610323,2.5158177617803488,4.303320031877176,1.1521388872418488,0.7239466531201213
051a0511_1.6913_422o030j_-1.6913.wav,5.982328464134886,6.222844951994864,3.3162274547199204,3.073664407032596,2.9861993870467978,3.1980921900379373,3.10203429895325,1.2608814210859252,4.799475114148363,4.095258414975422,1.181167411442661,4.826648439588206,2.9047671416460323,0.9401724841791532,0.6487241980347401
051c0114_0.33581_22go0104_-0.33581.wav,6.85453765072114,7.477670622140007,3.998175655185992,3.412235807781111,3.816203102815767,3.34404819289635,3.682597529667311,1.1847584366525667,5.078651381550253,3.25570680191219,1.58982031762141,4.514383716330525,5.298637532055896,1.7236620473849893,0.978900587608609
22ha010f_1.4703_444o030f_-1.4703.wav,8.172233310034592,6.819881282360062,3.7620776253370014,4.206372583629349,3.144718713300911,4.19984662225116,3.3145934077909684,1.714297236068642,5.0991288462723015,1.7446927463637727,1.6848430646928505,5.96796730834834,3.379696339650329,1.60540308153942,0.7662299595140486
22hc0111_0.83403_442o030q_-0.83403.wav,5.367012246125436,8.542924883816463,3.770187195121461,2.5840590167865147,4.472837808002558,2.5079217336731205,4.320840722109076,0.974584334731782,1.2408144985166272,5.22109541483692,1.7512049257115891,3.9803915275793105,5.184101964295532,1.3490165631994502,0.4516965233645492
440c020n_0.091392_446o030e_-0.091392.wav,7.332186287603365,6.694441794588973,3.7881045088759366,3.684208785482311,3.290441983023871,3.80259296578373,3.382557051575988,1.003298785571073,4.00185537190017,2.2076736314883987,1.4950752241918668,4.137758115595416,3.924276142900652,1.754399480415514,0.5388219150957436
443o030o_1.5733_050c0116_-1.5733.wav,7.42517137804075,6.879931134594272,3.667716815208266,3.918205663878645,3.550447737946369,3.770038427497152,3.573824437094686,1.5484403290969069,2.3381744118046726,4.214541395062064,0.90743763566205,4.70662907160931,3.42773642865441,1.6988985967785792,0.7265925964340457
443c0212_1.73_445c020h_-1.73.wav,8.530920873306806,7.973589532728438,3.140836609245037,4.011412266647684,4.040697021188643,4.146797418290514,3.97611481996688,1.7627079407006212,3.4806795119815774,2.3514452019058996,1.2140209853944235,3.9985495283402144,4.802673762598616,1.160681934505427,0.9284196242501004
443o030z_1.6838_422a0111_-1.6838.wav,6.949727077401666,6.868809283653404,3.748921988830828,3.650796435951941,3.387642473698258,3.6764197151944615,3.555700343376711,1.4350067623865883,2.410503479956442,3.029072186765316,1.080327310839595,3.5098648730898545,2.505440258218191,1.6666653787196712,0.7009132233759992
22gc0111_1.4247_053o020z_-1.4247.wav,9.8305628597731,6.921449357592358,3.3865483099336955,4.782054955894121,3.517403522560072,4.779584038742446,3.6673831697407127,1.1591498607934807,5.749051221072666,3.328938579191975,1.6745847110630183,4.606339963535063,2.743140456071338,1.119740642250325,0.7115932814393784
420a010m_0.45684_444o030v_-0.45684.wav,6.100108401317277,6.393139311384836,3.5660369007061563,2.930437658542764,3.129116005517685,3.0963996038098456,3.165948500996081,1.2144640361368526,2.1693883346886187,4.161921980358004,0.933809352514198,1.3914482431748154,3.2779582304774517,1.5815518332801894,0.4406898418872905
447o030h_1.9064_445c020o_-1.9064.wav,8.051198917711693,5.657888288357455,3.2201189751457435,4.056055249410937,2.7947885806942865,4.046052716115323,2.944454706880776,1.1684797796618802,5.542284300825039,2.24638786878224,1.414968004953593,2.7419030317404087,2.746932860625611,1.5426841758483594,0.4805545329695139
445c0216_1.2895_447c020l_-1.2895.wav,5.431240525267232,8.450177427484222,3.864964357952021,2.777500415728011,4.038155836469334,2.6340254212631957,4.129342052331827,1.2323121232145329,1.7513683574713783,5.189150889729535,1.441339167735504,1.14915223580778,4.307973350043736,1.7478354855126017,0.5992157289603499
442c0214_1.2681_053a050u_-1.2681.wav,7.99215607005468,9.030732272598588,3.6905633170553407,3.919333027115705,4.717162337431021,3.7847681264335256,4.6508880022446535,0.9484644828515436,3.0341681861034964,6.010222873921444,1.1544091183765273,2.9261526623902143,6.2317953402127815,1.0862296686001771,0.2210866736408826
050o0206_1.3208_420c020x_-1.3208.wav,5.115361777575502,7.119776139139226,3.570385830499439,2.5187537742892268,3.648996364170831,2.656192315464778,3.5489431413365,1.3651618886691554,3.7112164583518212,3.1694834407003465,1.2044112664945288,3.3703639674838723,2.985262698598036,1.3912178247643714,0.8680914037110732
420a0103_0.51858_440c020o_-0.51858.wav,5.217101956167615,8.207706219679123,3.84023953459068,2.509576496203467,4.038727377597447,2.473578238607443,4.204872270537465,1.4408030913752232,3.0242073762719834,4.721149270352657,1.363668728751391,4.279800194385029,3.359877107928901,1.3447357423175823,0.5549296087641652
051a0513_1.0984_053c010a_-1.0984.wav,8.589750655965933,5.902468170981975,3.782995591271678,4.256403151622772,2.9625829751090182,4.403658716861379,3.047528831430902,1.3893306020514924,4.998518233202699,2.336416326320752,1.321501062648121,3.8440479617646073,4.314699470547771,1.7153867509433187,0.7649570216758279
446o030g_0.36981_423a010b_-0.36981.wav,5.0790447248059865,5.674028312105789,3.0465273434776403,2.489709696543593,2.9578303215607566,2.447577263053298,3.101791629029764,1.5272254924814437,3.279064672848924,3.0564859422984973,1.387522665610968,3.132239599328616,3.7842093064641134,1.2645844005135598,0.3294627505757532
053o0202_1.3653_442c0209_-1.3653.wav,5.038213412367332,9.505347486662515,3.598345674553681,2.2787328022517337,4.717340783660566,2.397007347170606,4.625084986963373,1.0774099948184157,0.9639062718657095,4.766300815767225,1.7588931216223944,1.1939545351588507,4.261341001955623,1.165407540374905,0.3129254570458509
22hc010k_2.0358_052o020r_-2.0358.wav,5.70955860311256,9.391563960240656,3.699266815130418,2.792626478979793,4.489659857123309,2.9368965852403868,4.530722448852972,1.4679543971437508,2.7038435255249116,2.773905114039072,0.9711920052747596,4.637965981211346,4.406528813981096,1.062051681293255,0.5859113024064126
421o030n_1.1413_443o030h_-1.1413.wav,8.874576073109791,6.002791157479322,3.802866378835627,4.500236346288415,2.899575525015473,4.650056157073521,2.9069256472127702,1.4636328132382783,4.206940726907316,2.2785520313849705,1.5492763910026224,4.7903491439607215,3.6803952397269835,1.3388779070338872,0.3576599640213271
421a0105_1.7524_423c020n_-1.7524.wav,8.136972595363812,9.60629132542746,3.3499448420529827,4.095174679612421,4.830004284434167,4.234606121838312,4.885311362813048,1.6767191940457398,4.822657191973869,5.267527114892665,1.505739317463955,3.56006563842479,3.9339858705488395,1.790007826913167,0.3402644060205134
051o020k_0.68009_22ga0101_-0.68009.wav,9.812097825574726,8.643449008269497,3.6448599586225856,5.1587761623666175,4.363921464823347,5.024958535308773,4.468768222944938,1.684207019925205,4.340882565830553,4.6237297830361275,1.776334943245906,5.9702763970319,4.932447214995977,1.4274789125580698,0.7100305051020761
22gc010l_1.9598_420a010h_-1.9598.wav,8.752976615354033,8.376182585423416,3.739244529128178,4.170820438544393,4.280225529054785,4.2812231071429405,4.178681199984573,1.0951682209296003,4.288329619872541,2.5528687612929586,1.396699929139467,5.027588725300649,5.758678734064579,1.6997627810462397,0.5300528327059837
442c020p_0.25249_445c020d_-0.25249.wav,5.480529029260008,7.209908497514634,3.173001046880896,2.8412353240144563,3.6582313481303856,2.8665425266114903,3.826337105011917,0.9972595484766752,3.948384592961836,5.218470772219866,1.6911042879714475,1.1776490010358245,4.269374798435791,1.1936540978471464,0.5718054874531168
447o030q_2.4332_440o0309_-2.4332.wav,5.189843115419998,9.706725408556196,3.9491753419032487,2.4633558814575403,4.8784175116476325,2.539204336570324,5.007827757984637,1.1625249495904673,2.6166116285205536,6.748478189064231,1.1966406879380025,1.58011816752892,4.685751577733259,1.3400066216517712,0.8116683301433348
051c010p_1.6842_052a050i_-1.6842.wav,7.759107007054834,8.452372126843049,3.958920671967163,3.972760454563538,4.368769547270804,4.116439961652759,4.41185317806718,1.7644005101802396,5.807026713869537,5.132292176443016,1.5985730855727192,4.554698573861749,3.6172783900553753,1.2794635137595587,0.2666511127136323
443o030o_0.4937_446c020i_-0.4937.wav,9.379271258576956,6.019623705415533,3.936854665238953,4.825597818702156,2.8747988256290165,4.750289285857989,3.0272082245546046,1.1684541247399929,4.250346351678568,2.1810688858646254,1.187183337089526,4.189256514138606,4.406603471884445,1.0384828620332245,0.9868718576295502
050c010j_1.9482_444c020u_-1.9482.wav,7.614111137305611,7.90494565389243,3.9247347127611616,3.644680383784523,3.907120114198218,3.745383997144885,4.018290174269114,1.4753660596483376,4.380055942775482,3.5187620510100874,1.5171026322902503,2.4201681648871323,4.0839098790521975,1.098459879904872,0.3934445564009393
447c0214_0.40324_421o0308_-0.40324.wav,9.532010144056825,8.087930460380523,3.680936010178464,4.903262174345492,3.9927004071198127,4.945662810155494,4.1365829497819,1.6590749950229595,6.269504618208583,5.159506393199086,1.3656606769790316,6.077411113665695,4.943772163674145,1.0632877037458304,0.4715626867969478
442o030z_0.55178_447o0311_-0.55178.wav,5.109856293344144,6.848006239164116,3.230230044033627,2.769962175361653,3.3373713528336,2.666806923060098,3.202245508071754,1.7904360590242874,1.8354371545408414,3.080070886147099,1.252564829596287,1.7479139781277748,2.744881204665917,0.9865690744007072,0.9077609399898358
422a0105_2.1249_053c0102_-2.1249.wav,5.843011560005062,5.906016455594206,3.228909822476337,2.719374128318464,3.1806616470889217,2.790204712748382,3.026120298870019,1.363183997531162,1.7950946104589705,3.2391558119319837,0.9168834957791744,1.4159182328475004,1.6334084440576049,0.917136464369566,0.4816111249926527
447c0208_0.0044616_421c0211_-0.0044616.wav,9.650390193221025,9.24379832204199,3.655468235444173,5.087064621960914,4.776180116014555,4.924802279561686,4.725475754869623,1.2425217172367802,5.413997233135545,5.61996801168908,1.6724855818637476,4.680629282913811,4.0283400202018935,1.0618702269131854,0.4039927733961342
051a050c_1.874_446c0206_-1.874.wav,9.271724944134403,5.090535342646092,3.3996648792386908,4.659762009869728,2.4888589823612217,4.738727647724075,2.6394060781095487,0.9836009392268296,5.097215389006416,3.5767439081558012,1.4534831886130957,2.9419075277987465,3.0431083173910203,1.7226605362109064,0.4685675239108433
052o020v_0.23967_442o030y_-0.23967.wav,5.302047419764288,5.158421769369671,3.66408193121749,2.674086770327644,2.6260108710643277,2.676166013026656,2.775996459538016,1.5892570834401665,3.3503348394768344,3.327621288661539,1.5452126624230442,1.6313637455547938,3.156962965893363,1.2114223714190269,0.2981544278553549
22ho0114_1.5174_050a050h_-1.5174.wav,6.712029576329061,6.269828831623596,3.903998847360907,3.2490611564507685,2.908257231489237,3.372314984051647,3.025340509465782,1.631276109265642,4.829600593402333,1.8236803101666375,1.6123238732367713,4.628134673836517,3.8914372214717146,0.9369735132113132,0.2006281514813668
447o0307_0.6894_420a010k_-0.6894.wav,9.24926136019746,7.776731628176954,3.322290812710221,4.773269922501052,4.066285103434887,4.646899623075712,3.985473300935809,1.6590963315018907,4.7960940483002386,3.0139724667021635,1.426843906395474,4.58992065674907,2.9650618503591435,0.9641046851796754,0.2686642014934005
051c010d_2.3786_447c0207_-2.3786.wav,7.9137206235477455,5.813281269624964,3.771891700246493,3.969725075452836,3.0520570429946665,4.084699775236063,3.14839404735829,1.6021601359883355,4.790901191689049,1.696951523908546,1.6516106391101892,4.232577705522769,2.037857751390805,1.4910595445994903,0.2437067806933647
050c010d_0.87422_051o0204_-0.87422.wav,8.461904560655235,5.898352112648419,3.7942192848286806,4.349341175140419,2.8584776224105006,4.494401204824116,2.8966559904762645,1.7148106628682775,5.230220739776788,3.821078571734963,1.1153900542238215,4.834226751444151,4.015090612246768,1.1731637484469415,0.381417190554766
051o0204_2.1593_052a050r_-2.1593.wav,9.659498169009106,8.02706384572817,3.3742366503261545,4.950273291659418,3.953744098720289,5.068333664211737,4.04627381520536,0.904263413367001,6.114410652316119,5.188861133436473,1.0888779371131387,6.802078927525768,4.257568546020863,1.1916724777429364,0.4428474922346284
447o0301_0.69862_050o020g_-0.69862.wav,6.8243241022412615,6.946012268679026,3.0623304645867746,3.2146896128063083,3.658319657691835,3.2541585469397014,3.492964877783984,0.9093450658740851,1.5162465822851798,4.294830405479992,1.3553306500135889,2.909988604376963,4.8226437609112365,1.1533303323846755,0.4056291771083531
423o030x_1.1667_051c010h_-1.1667.wav,8.063866813856233,9.153724929443037,3.3698448660889437,3.923787820645452,4.624639495627206,4.032233119948574,4.7282716193102425,0.965693826591362,3.2245392385429104,4.531098496491472,0.9393531297702864,5.344651034742949,4.9698973350025755,1.6496394501809974,0.3085952690275039
440c0213_2.3547_423o0308_-2.3547.wav,6.224301943546386,6.934342353062413,3.4595045358406047,2.8817010460387578,3.648987890153408,3.051057438868901,3.63420911457617,1.225438497906253,4.290752334688266,5.1373168251641435,1.743432625607625,3.075896221991785,4.468698377056,1.293763826441255,0.6556471863918925
443c020g_0.47756_444o030t_-0.47756.wav,6.769491420264987,5.686458571743104,3.786995943475383,3.470981784491726,2.757448489657973,3.3892740119419065,2.631655644452266,1.0413394310856687,3.2521906773664577,4.3887600010967995,1.0019070774485492,2.2539860961247475,1.5809833811348006,1.6065618796493089,0.4651180447613448
22hc0113_0.21482_445o0312_-0.21482.wav,8.050326123880126,6.709413586701052,3.140893873491456,3.867414808099805,3.210703366558379,3.9900842390813542,3.1243771787434245,0.9006156454052707,3.778251795094368,2.500627142717426,1.0855859974521345,4.706903835648689,3.398416586355676,1.6421521699668116,0.233046770010997
053a0510_1.1845_446c020t_-1.1845.wav,5.252700153057421,5.682964948915541,3.4071436077181447,2.702858054737885,2.9963606682359054,2.8575652400117693,2.925893038613277,1.0930561183042156,2.9735295156118267,0.9587611411777198,1.2417138361401128,1.796726123943777,3.064198832483153,0.9412595296343929,0.5586362018109648
22go010v_1.0891_22ho010l_-1.0891.wav,8.615228800127532,9.633187121507158,3.677386122862625,4.487198894997637,5.049235188173617,4.427392189975527,4.890102670961079,1.1696640565977408,4.749310138182641,5.89164348250224,1.574568282678556,5.222298712006169,5.824985399472996,1.5325628116400558,0.7394417273435341
445o0310_0.53579_422c0215_-0.53579.wav,5.751640030405088,5.992966034890979,3.924942827764173,3.046644060484549,2.77229026856602,3.017239251335733,2.919379891581792,1.048141936069328,4.321705285255421,3.4831116431819344,1.3964931204329991,1.820083087741464,2.216905477800496,1.3688018932591135,0.5570953591416519
22hc010j_2.0515_444c0215_-2.0515.wav,9.038215656432705,9.738139860387449,3.210849354551672,4.349900189133487,4.6667292052841285,4.494992684142374,4.704784006454234,1.7127537773636834,5.99592327425299,4.109959488735969,1.7417769223589357,3.209841181491765,3.3844546710024654,1.4558939530511736,0.5348392561762955
420o030m_0.99765_447o0304_-0.99765.wav,7.490346942487875,8.164958609305367,3.3734198685436354,3.7277937176080727,4.126914482496628,3.5866396822524216,4.0321751648781445,1.1497226548265838,4.0185213251358265,5.550358751524716,1.0096601409720558,3.003264432810388,4.988885197612747,1.4446414368563707,0.6918726147544173
052a050w_1.4457_446o030o_-1.4457.wav,5.652709811615928,5.628683993617268,3.2308105452804208,2.620024187150768,2.900720868153045,2.704628118620214,2.7768573352633634,1.654630716504197,2.192605991659404,3.3446417829766584,1.5014626516641476,1.2354081907823582,2.728183151203226,1.3483068136963867,0.3345456306323449
423a010f_0.42902_447c0203_-0.42902.wav,8.922500249061146,5.583779309552956,3.265154546736685,4.6362482222985895,3.070440161264566,4.644093019434814,2.910632592113755,1.4481136090393072,3.6541490758899005,1.9105829371096072,1.6079687522513502,5.686403974886428,3.1102226290460626,1.3029258570089832,0.8280164418104413
423o030m_1.6644_053o0212_-1.6644.wav,8.061707470456637,6.655954524413263,3.0715319685617115,3.964741443685976,3.3158708983549485,3.803814528833632,3.37066622731743,1.5855516065945494,3.4297043966684573,4.440920484736893,1.1828642810818055,2.0242940191158123,3.5357872529972085,1.1446751797004242,0.1253730126535149
446o0313_1.0149_445o030i_-1.0149.wav,6.604294576853942,8.650441402262542,3.2892442987248685,3.139594357759158,4.557609674480524,3.102727451658904,4.391655369822299,0.902425601036838,1.857696201983396,4.177073621941552,1.2603880170843722,2.899894507337422,3.6894808677602127,0.9215923673931616,0.5496685368368703
053a050q_0.38943_050a050s_-0.38943.wav,8.364597755430145,6.755763246179676,3.7667297407209466,4.2247087304233535,3.334355960979578,4.302803209485358,3.462423335201251,1.2053390800900776,3.1217664266544545,4.397603603434421,0.944678020956529,5.33845036822281,4.368704836925528,1.1336247433616788,0.43458901038423
050c010s_2.3942_446c020p_-2.3942.wav,7.850065504579311,6.213009303377572,3.320252207991767,4.024303213943156,2.976229142744906,4.172650054964908,2.9984375816559807,1.672146910951128,5.027247522756177,4.603450818709849,1.7336751068122953,2.982440211155105,1.4170685050423988,1.5925689602921476,0.5431795351325948
444c020e_0.081386_22ga0105_-0.081386.wav,5.537533457392148,9.05193283351186,3.9688379876710655,2.6458850024401794,4.654806118839952,2.5186927324263824,4.767598523055561,1.2628524698102306,0.6505078297866207,4.7189956990295485,1.589730106421419,2.9342109139872,3.403889415364728,1.642768014512004,0.8376537231294605
051c0108_1.5362_422a0110_-1.5362.wav,9.88796421240919,6.691382251176741,3.796270640624424,5.0874455727272565,3.291854283168405,5.126102362450837,3.146921013667345,1.4068169399664612,6.480811472740035,4.112969318871099,1.696721145767726,3.932235017340378,1.8347890086939251,1.3899550562681209,0.732647289206708
420c020m_2.1159_441c020j_-2.1159.wav,7.609673583809501,5.82392850335961,3.320000149010876,3.6788199988256216,3.0673489951986097,3.827861417355929,3.084279900740656,1.5252232460537192,2.3950487400903495,4.307042320886102,1.5736282306061828,3.3740015469399744,4.155321423625683,1.2008505575854644,0.5625472423048477
050o020k_0.90614_22go010g_-0.90614.wav,9.71020875472389,7.807776805594388,3.053525282435178,4.808622641240817,3.985098125047744,4.685568938035189,3.899320586452951,1.4917388640895366,3.2334058010489444,3.0066756944505135,1.413625778402691,4.833179706558201,4.771967939859256,0.9146216743695365,0.2780160811336807
052c0112_2.3443_420a010e_-2.3443.wav,6.773600313063774,9.548538616690792,3.249196821108262,3.3902487492996745,4.8354518771337975,3.5224076990063797,4.728521937395572,1.5325012565877016,5.188317908848604,5.664465645491404,0.9150452144746184,4.327012858765657,4.657972279038478,1.4918190936082236,0.4381315503792544
421c020y_1.7488_050a050n_-1.7488.wav,9.017088030290914,5.013224463789622,3.2137462259246625,4.4147711296516965,2.6073898998761065,4.306802181767547,2.4760784141149976,1.5449707078856294,4.099346296392349,3.2407428394239117,1.5297860371772187,4.115917887439436,0.7438582217339907,1.481554411509487,0.8698984622242533
444c0213_0.17944_053o020s_-0.17944.wav,9.534590864690376,9.69527418742956,3.787093392382099,4.734818062748688,4.872666934403845,4.655798627567413,4.745168193768369,1.786183209178377,5.354877182237774,5.320435736692344,1.5921041643695368,3.633361892664515,4.632142748098655,1.3546127492338131,0.5339500339312454
050o0210_1.1175_422o0303_-1.1175.wav,7.481406939949748,7.506372486528514,3.7460427410321504,3.5647434392746247,3.8607139691670023,3.545393441413945,3.6918188017323135,1.7664403633829782,4.7112713763116165,2.2715738483046253,1.0435522200697585,2.996105265812743,3.4825229123618944,1.7071808146375584,0.5224303460389214
420a010u_2.136_442c020p_-2.136.wav,6.888657924710182,9.488326811167362,3.690062727736795,3.5729856671659324,4.673042724142571,3.4649546453937807,4.804303145956859,1.4425707510011154,2.626312221029206,4.384062430794417,1.59447350627122,1.6306660634146903,5.090899631834351,1.4524545425170796,0.703069082780547
422o030a_2.3725_420a010d_-2.3725.wav,7.780491211750068,9.515543959929188,3.4069458747910386,3.755876914032493,4.5306581903776575,3.906527148686511,4.609426882119296,1.794350195003677,2.5096667540763384,5.201458254776763,1.5434357747150984,3.2610292241571286,3.636307029012303,1.0327908383305031,0.4009346991201726
052a050l_1.7145_445o030e_-1.7145.wav,8.81606871775466,9.52114894344644,3.080764729318071,4.295758901479794,4.874312238071973,4.356738470588211,5.0329990117846926,1.0844769413560145,4.570594061639896,3.333810374023398,1.0166414441589011,5.141026832430417,3.295008646591222,1.3230365291501884,0.9331441192914098
22hc0113_1.3039_443c020a_-1.3039.wav,5.907971925589631,5.713170637337017,3.1073769663179176,2.733763908722722,3.03131830676806,2.779020125286157,2.867452889848066,1.2821912220429237,1.1795486516405422,3.3910081730718424,1.4914864253848887,2.5643041935961377,3.871669706641733,1.6388586332655288,0.4574353257973609
422a0113_0.92003_444o0304_-0.92003.wav,9.940320840937469,9.071107909213325,3.630304718149485,5.211397878311293,4.631002243283215,5.0877615445974405,4.715937848218935,1.4036223907827714,4.674757456155301,2.766458418073583,1.1704029099240394,3.599335209186402,5.569711365829846,1.7028792566685933,0.6536337848440614
445c0216_1.4679_441o030t_-1.4679.wav,6.812773008319862,6.091747342949599,3.3075203502504245,3.5931333422332896,2.9993500743801174,3.4443640851838806,2.9801743564804712,1.5109955236190078,4.624289393360555,3.2245896863074313,1.59084141553266,4.6471885116935,3.4998425051321607,1.7478254436104474,0.8578395578026126
421c0211_0.5581_052c010t_-0.5581.wav,9.736052444545107,5.274308759750816,3.4673334888979364,4.788887820353676,2.4861864866744843,4.938887281600776,2.486588513514087,1.092000528762552,3.9825038530808525,3.6330303686175287,0.9379733527159227,5.617831815958287,2.435958746483928,0.9013178357775716,0.3440237426839698
446o0318_2.3798_050a050n_-2.3798.wav,6.586549766732049,7.456366630261025,3.0142755456114214,3.222904815452912,3.82788338148244,3.138225957847543,3.9516957034647433,1.586602357620812,2.1960995456152035,3.584255844701799,1.131553875700247,3.031437015654166,3.161251982618218,1.792251770776789,0.7260588432775841
052a050p_0.70155_446o030e_-0.70155.wav,7.0527451004299735,7.152798442711495,3.30047090964666,3.5478270432735037,3.5838769655260205,3.528902719494692,3.7528203583222894,0.9900260266549702,3.042848620105822,2.8122462767183802,1.4660299843696685,3.9867763085125283,5.498352217026322,1.0786002920924762,0.8071731833676226
443o030f_2.4813_442o030m_-2.4813.wav,6.469983717242378,7.87339005334145,3.0800374095347656,3.2145803533045,3.820697482237284,3.3837518295816125,3.803934081203408,1.7257628633835498,4.726899272355546,3.8158262058217596,1.2908605252137628,2.2976045128056377,4.665086795588118,1.5367561172508626,0.5055390526577642
22ho010d_0.64934_420a0104_-0.64934.wav,8.865978641837508,9.269633901240107,3.448713057103662,4.448603032598377,4.616357445905946,4.470675270574513,4.784918462486663,1.6782978537553164,5.1573260207020235,3.022126843948511,1.1928667245647189,5.358572779217198,6.253126297206381,1.2641186068798114,0.921993453586602
420c020m_2.0098_22gc010v_-2.0098.wav,7.673267686163496,6.566673058182166,3.704147864177264,3.638245137593477,3.528997289625903,3.721268004131105,3.380649038433396,0.9036253972693004,2.4319774160512133,2.017780563128985,0.9053454221581888,4.298789654951396,2.3963682824475305,1.5892873427309426,0.4784758936891821
420a0103_1.028_440c0204_-1.028.wav,6.587332449987136,7.049538921038614,3.411913409675315,3.353991708010741,3.626718248630344,3.279654461276864,3.779603740904878,1.4964313678655246,2.6802784270640423,1.9780211795992522,1.5632002483277023,3.2516796090985536,2.6507430058874606,1.3573105280507085,0.6989122960854823
051o0211_1.6015_423c020q_-1.6015.wav,9.11166379293728,7.926229038694295,3.2483077774994342,4.32186155487985,3.8349884379704617,4.455799806212245,3.902520244032641,1.3428672358126188,2.9572998761857967,4.059455978651388,1.4137373325125075,3.311014879333987,3.2792034149791687,1.2450717561215554,0.2320429830220865
22ga0102_0.0033078_441o030s_-0.0033078.wav,8.312763812440526,7.422208828979935,3.656524033646874,4.302380257167905,3.9447230054636977,4.175668790999693,3.831390731413002,1.7886594979204316,4.685398401584729,5.7921583083199435,1.1631732022712291,4.395998196852899,4.741287521300558,0.9401930860669888,0.4898571873265556
443o030u_1.2096_441c020f_-1.2096.wav,5.832779500144741,9.025374338132895,3.265194119956943,2.999135478632127,4.591577907134172,2.904207051791796,4.475437501686199,1.567088540842843,3.6886646436217045,3.7705503238778286,1.5016816917888178,2.1662383791983775,4.563545650215822,1.1412842687714315,0.5330436917992596
445o0304_0.71417_447c020h_-0.71417.wav,5.943310635163263,8.140017056628478,3.653730532434966,2.9894604282079507,4.053820781608537,3.142738859404806,3.980297162751527,1.2928682991172165,4.459633944133899,4.601779071644846,0.9282310385196364,4.419739944674449,5.03274222431753,1.068115366358952,0.4097735037284788
050c010v_0.16179_446c020m_-0.16179.wav,7.35979012511652,5.491491257669416,3.367465503208157,3.793514690937145,2.8039179700536856,3.82500354408476,2.970976199804416,1.3882786727722676,2.717739602201633,3.9961004418435553,1.3066189198432632,5.1516339821237205,2.387785575469061,1.7034597872911266,0.9383225537445729
051o020w_0.71481_22ga010f_-0.71481.wav,9.710441080392275,9.628276995339018,3.5433581236284555,4.810537660861853,4.911372846547021,4.661711680227996,4.930103235981594,1.1682490004983124,4.026539781981004,6.159255057979979,1.1621759209239273,4.450296687824063,3.5472627486021016,1.7417216916363114,0.7980742381748138
421a0102_1.0954_447o030r_-1.0954.wav,9.959638630170284,5.67372445273631,3.8025213610138353,4.927577125116009,2.7804477227493862,4.876607185031384,2.9215224022910027,1.7981148467078962,5.529653340495781,2.424471263278398,0.9896274585634464,5.910719534250122,1.859302784178216,0.9451861356055726,0.2660530283091505
421c020g_1.2209_445o030m_-1.2209.wav,6.502588099730702,8.270993561214851,3.018296781158526,3.2774389335489493,4.032626225366597,3.4246265853535283,4.117689702583638,1.712034978250693,3.501126391443514,5.765160458307407,1.6482063899627275,2.5102352732120026,2.5398613159255943,1.710571472246155,0.9652285491944518
441o030w_0.55252_423c020h_-0.55252.wav,5.865428398984618,9.097765186692737,3.165330279470432,2.8094770096501027,4.662883925624291,2.979042306623872,4.6750334137697855,1.2884162480327557,4.600611423267906,3.801812858890587,1.5238741237803537,3.566098036140791,3.826798599293019,1.3102096459100014,0.5455250528785143
443c020i_1.1032_421c020f_-1.1032.wav,6.53912995346756,8.399659791639845,3.4874128222907426,3.2651030854544536,4.290103759571989,3.414421936101719,4.208839494108136,1.7606052004752368,2.9578842961741567,5.211766720077862,1.064699359774165,2.3402303965219353,4.790076852462623,1.2335623492503418,0.1521417662943995
053c010c_0.30994_421a0101_-0.30994.wav,8.956666585666609,5.881252713604814,3.3130589772792627,4.4064718418999975,3.024569121844929,4.571125241083691,3.0668687452150647,1.004261718277616,4.282569080708805,1.3782283590632334,1.0993135540325167,2.8914045046832366,4.115025232634198,0.9766735324666674,0.7933237222898162
053c0103_0.27192_420o030a_-0.27192.wav,9.709482418671346,5.697079159174569,3.790831261990888,4.691220713342343,2.688407479637626,4.68348628665407,2.8582314433288665,1.139888943863011,3.601363594716,3.2600183691408002,1.4702575120034274,3.9992191845945624,2.406615650259172,1.1767943044354938,0.5417051030708451
447c020p_0.93665_445c020n_-0.93665.wav,8.546755205953096,7.870518625217846,3.27334102298483,4.010574594446735,4.145297388154189,4.145585084306819,4.041991204274714,1.4109879533042669,2.9648547964214758,5.155290896665986,1.0425572664089318,4.793621343951521,2.8247295680110454,1.7932230761057406,0.670195133962857
440c020f_2.32_421o030h_-2.32.wav,5.920596347215284,7.798391705771961,3.2555590534887777,3.0031774318934565,3.976424381103053,2.901080977412628,4.112351986770349,1.1266308468946986,1.7768552252529364,4.553553055838647,1.3732903422711222,3.958136256387984,4.180001497741383,1.360601817591964,0.5235248530527978
050a050j_1.8713_440o030d_-1.8713.wav,7.374655770945684,7.038348388918129,3.606604211852863,3.563925088619299,3.503070929150492,3.53030538508345,3.3568870875873364,1.7511783542492696,3.8576522482222964,4.074607334813415,1.705421440020002,2.5293393210068604,2.601224001566296,1.0296175492796358,0.2807867762155722
440c020u_0.18301_442c020n_-0.18301.wav,5.864172456042377,9.661116603561878,3.677775959084235,2.687470839566764,4.933397735804368,2.78185193741053,4.81681210903243,0.9185696777019732,3.515289736041653,5.269950779222018,1.2560235531801105,2.709613569532216,3.4194794668491464,1.3453968988179943,0.231290423185298
22gc010q_0.89425_423a010h_-0.89425.wav,6.425063929800648,6.479379576382183,3.638761492347189,3.2590671397515534,3.414636805909996,3.1832705079689285,3.285196199412617,1.3185536000344338,3.9702121439195355,3.2388676274544013,1.657346798923101,3.8845275269672346,5.141496823778503,1.1353035704761527,0.5620988520144403
050o020y_0.24304_22hc0113_-0.24304.wav,7.088802662523124,9.75021655767765,3.884476386669683,3.5502133790842,4.711169164039198,3.6829504648624543,4.641305968727959,1.5128496603843984,2.350136105222022,6.169497228165353,0.9130801392780912,4.713906134556487,3.4125014029138128,1.6772817915388631,0.2274699487821786
440o0314_2.0431_423a0102_-2.0431.wav,9.00400911735939,9.24956942336251,3.883005457014425,4.60924344647862,4.61119238794868,4.703342487447199,4.494378987652338,1.041602331327286,3.3707045077803377,3.1034493787783477,0.9418224171308224,6.101409359849713,4.911412108890962,1.3574029899541866,0.5607634992289228
421c020d_2.0985_441c020u_-2.0985.wav,8.239468850053198,7.974774168603087,3.879575286598628,4.010682743250004,3.760596548434716,3.90344987317059,3.8654827323415177,1.2307004432575834,3.1571994316306005,2.3300758212259387,1.6089647556570952,3.3099708640149297,5.276271525511097,1.1615740959899044,0.5544902909109355
443o0302_1.9348_445c020q_-1.9348.wav,8.462467620696229,7.401542786867404,3.421206955691204,4.126527707573031,3.5054530646215456,3.978948357702347,3.532292131143061,1.7949629280910342,5.393492531178337,3.4950054120882785,1.0950417136475947,4.368738953773673,2.0673345385558184,1.3889854515994935,0.5285233386608964
422c020t_0.29944_051a050c_-0.29944.wav,9.90364443523022,7.443610937100614,3.6399386463748,4.873471251856362,3.60706182228336,4.999494281913309,3.525709527323317,1.4774491377775645,3.4325208209596343,3.428226594116357,1.6411714748808606,3.8371296349917534,3.1018207963737305,1.3118227842881185,0.2258441378001842
443o030d_1.7365_440c0205_-1.7365.wav,7.573358377749086,7.701800715243574,3.244452254149707,3.909482633751188,3.838791163745282,3.842535521159757,3.704559706494493,1.6240930248321928,5.517702400293359,4.203598796382839,1.462195976040594,4.434075077488962,5.113430272990027,1.3876600839328668,0.2193135932279279
443c020p_0.14974_447c020g_-0.14974.wav,7.865100730749047,7.117403257432295,3.1303822557687706,3.911560975414812,3.6275226823408446,3.8449198859998375,3.493139033031916,1.7631229498305072,3.7781782472910916,4.784980251279799,1.3433435621337104,3.930508113845678,4.494615224405324,1.1727399705684662,0.3121166463590452
050a050k_0.74546_22hc010o_-0.74546.wav,9.085058300914763,6.320109461380147,3.212522335732141,4.723829224595292,3.167848301970083,4.750787919422054,3.3356971291129547,1.2207069300085096,6.325905116081531,3.0908304162460993,1.0727724139422783,3.4149593048173696,2.2571289597374227,0.98580376897182,0.4510287548903077
447c0205_0.95743_440o0310_-0.95743.wav,5.262011327864147,6.483779685460141,3.570218378720536,2.752125328233612,2.9891569863467944,2.83209318795418,3.1391741234069035,1.4510966613357583,3.586614772865241,3.1361607914737757,1.534669427929055,3.6542754227224084,3.00611928529155,1.363573866958625,0.4041099552568598
421a010e_0.68486_441c020f_-0.68486.wav,6.840644294509518,5.478179079840681,3.390374540526679,3.2845815212057388,2.8220108820798258,3.1805706254613875,2.9435910349274748,0.949881045989682,4.598500001915999,3.801960857261574,1.1626193908546762,3.653240753455456,1.1317666489709495,0.919659146586528,0.4283647864328094
423o030x_1.8771_051a050b_-1.8771.wav,9.51321106803202,8.66679048327763,3.718638284444697,4.603051842129196,4.363706954622053,4.698639369141209,4.5042879799410045,0.946439708807884,3.591729145387609,4.348096334031991,0.9847094657308814,4.504573136385671,3.422040291401182,1.1272222048360008,0.992460265232015
447c020o_1.5697_441o030k_-1.5697.wav,9.707454869537118,6.993360091428984,3.378121282156341,5.001635201602455,3.4087483676432555,5.0659839865904575,3.5660990392991714,0.9447874565259728,5.721562512627605,4.507821236316025,1.7240996304862932,3.9667874398899787,5.094817068831581,0.9114906495575874,0.9911789568742198
442o030w_0.13018_423c0201_-0.13018.wav,9.698185560944356,9.493263588598388,3.5400893464025964,4.677481552625061,4.7026776037709785,4.757050660608799,4.552448588415515,0.9423810220365532,4.4564949071392395,6.27668072820983,0.9617024900776394,5.9616527075805905,3.5339309637101524,1.4475119800234768,0.4119382777832261
053a050q_2.352_052c010z_-2.352.wav,6.574748883662288,9.165090913620762,3.473235700635024,3.5232418863406987,4.672097651287358,3.4304045631765185,4.529685462807195,1.3430392577808337,2.470529746012306,3.5914165062896877,1.177488421597633,2.8588533868447525,5.238670183886,1.2228923645162035,0.4609321540886367
445c0202_1.9429_446o030a_-1.9429.wav,6.911637555959469,7.917309271659138,3.088440130539381,3.2621184401711294,3.8664662803295786,3.360257743156796,3.7530260881158495,1.6898478964705597,3.8459014473769146,2.158643599703267,1.1389646207321176,4.184052458501394,4.479109233279696,1.168834269688014,0.2919689936274428
440c0210_1.6938_052a050n_-1.6938.wav,9.3293957029547,9.149149491728624,3.495409001161848,4.543063758267479,4.335914239624223,4.692495314426228,4.416971071686516,1.5381160345318683,5.750618758488386,3.4510026494463353,1.4291949465285838,3.5778152582836356,2.9465128431030942,1.0451583053287563,0.2231719849253721
445o030j_0.9367_446c020z_-0.9367.wav,8.84527863762375,7.117653701910155,3.523600126199787,4.612552682326293,3.6392290217601873,4.501189174891635,3.510783822504432,1.1310398777643778,5.545454579763904,2.9584230568298207,1.491538727822474,3.6649332258095364,3.94491973279845,1.106016124068852,0.9840973720738716
444o0305_0.88773_442o0308_-0.88773.wav,9.272673687702303,6.61159548746094,3.784095750533952,4.464882617238321,3.179504696587398,4.409812942451219,3.34033793605873,1.3758194059096949,2.582159156070147,3.877224140887736,1.3010771461013753,3.417699536395519,2.7300833200433576,0.9181607164542082,0.8214321208795083
22ho010w_1.8988_447c0205_-1.8988.wav,7.013239619639165,8.978974408333144,3.60455889262637,3.571953624136727,4.683462908773572,3.452762553306589,4.592394315755096,1.5272307776826963,5.160937448249184,4.596164199323925,1.3793342947216782,3.7413795414131963,5.487216639193513,1.6452487687304984,0.4434834584249058
051a0510_1.8559_447o030e_-1.8559.wav,5.791475377493075,8.615054530623464,3.270821415288258,2.6310902479463865,4.1726068205059095,2.7791536844485867,4.14858144285729,1.5868336759049482,0.8980820963270829,4.107190039094921,1.008666672861334,1.7197392377332645,2.8587443230032803,1.7631776631080136,0.3520541799948857
445c020x_0.41647_440o030d_-0.41647.wav,9.487836614426666,9.025174797276744,3.599287289947508,4.639182757591839,4.620713616998443,4.765235066272232,4.734778578648998,1.5116696573830637,4.128067269646909,6.085332676691658,1.1823039861888325,5.996105720458593,4.421863653684967,1.0283861441175866,0.645752032864287
444o030q_0.58086_052o020d_-0.58086.wav,7.432738057782855,7.000164527383268,3.9586097833670326,3.8553336250314354,3.354995488056705,3.711991390231391,3.3108026863518023,1.5691290338717625,4.440063700647072,3.53129904081031,1.774568532129978,4.119075465958422,1.8791945757402715,1.3722663143049272,0.4938384754865209
423o0301_1.2403_421o030g_-1.2403.wav,5.148157603708156,6.592831224759385,3.786929760659581,2.349106218563257,3.4226703910418204,2.489454051597946,3.369731881783749,0.9351912783718818,1.3984557526725678,4.762715733541337,1.5310843166621348,0.7245030295601873,3.2027082457118428,1.7875712985178245,0.3227264683486196
22ho0113_0.86325_22ga010c_-0.86325.wav,5.124016489121556,8.936046638180574,3.28529255665733,2.794011940271208,4.53759419664706,2.661178328155159,4.431503520844691,1.5667050553978616,4.242064187972418,5.6253419590670095,1.2894833070372105,1.8637611695158156,2.9572550888690423,1.6327955660393156,0.6415375354447419
447c020b_1.6057_440c0205_-1.6057.wav,9.979859874739184,9.190778549074585,3.154748686825196,5.187445077089251,4.549609899629266,5.14520937178186,4.384940093055058,1.5160803169758903,4.328127509742787,4.422941644178906,1.6374703462618416,6.565540535740041,3.7581506316612163,1.756666740705601,0.6983279662673243
442o0302_2.3766_423a010p_-2.3766.wav,6.64919785124436,8.871831033246924,3.180966132739093,3.422102393636633,4.595545475082495,3.32763589590845,4.454208711262987,1.1490706756947766,3.8214751477290476,6.054076898413008,1.0160037950894731,4.06406214947989,5.324002126466485,1.443113375363993,0.5209822615696724
052a0514_0.66686_444o030z_-0.66686.wav,8.552702682973894,9.532837832704091,3.8542995125879,4.39156563628795,4.7608371165872905,4.2232315861580805,4.784578379545997,1.558797016134613,5.372910991377583,6.516997048672256,1.3944338442957998,5.135394244810448,4.399746635412248,1.1075549627255574,0.1876846511945914
22go0110_2.3989_441c0201_-2.3989.wav,5.055984998432984,6.334849350062568,3.441455448568862,2.428113646192576,3.066527527484551,2.443624634964404,2.897236626289832,1.5345833856966946,2.2356024196433104,1.5507862737208504,1.5916197168709751,3.413770047526795,3.117104942627587,1.172856135620641,0.5081121120392719
443c020t_0.37727_442c020v_-0.37727.wav,6.149220201935144,9.452314831869964,3.573403577817849,2.86077764457916,4.7543556229470525,3.029249444268302,4.777098813345535,1.0223079513972977,4.076516984065215,3.735713078611083,1.0409373377192177,2.0239620637402655,5.2529097924208745,1.120289643782017,0.8827095094517081
423o0303_2.3183_420o030e_-2.3183.wav,6.6758160462063,9.788857956445757,3.3344654424034426,3.2797610823310563,4.932526547562944,3.3669980440381124,5.054549957251911,1.343453875342013,3.3105800583647196,3.6711847639288786,1.0930355108210807,1.5505597523360335,4.1926350137618655,1.6277175952430123,0.812339460600668
446c020u_2.2905_445o030z_-2.2905.wav,8.901045258126187,5.091721085689252,3.1545934975245444,4.366887158584015,2.3836245441718784,4.364712097724094,2.553610629220789,1.447800105445984,6.059842748194412,3.0050719419780285,0.9316260797610566,4.7072751121665695,0.8209083225947496,1.689399388193349,0.7446707025680612
444o0311_0.93032_443o030f_-0.93032.wav,5.468312372069077,8.264273703138105,3.353509002539697,2.820813745032442,4.344655476347937,2.673801729312124,4.314865088068343,1.5783001065403748,3.759178782296271,4.357565282469714,1.7087075191636576,1.9925745289292005,2.4549127834827313,1.1077127855950863,0.5740860823616099
22ga010k_0.11257_442c0210_-0.11257.wav,9.793271540750636,7.09326423556206,3.758453249000005,4.742904697250617,3.685948813381327,4.902775278226524,3.628143992315728,1.7156039022726672,4.099424162616801,4.011176673514239,1.09169215920083,4.943415647803146,2.9523772087210824,1.3547838147453923,0.2727560234161156
442o030y_2.2122_447c020d_-2.2122.wav,8.28271901378428,7.4529189325725795,3.3689292588509203,4.233952512187941,3.754559675648158,4.164263400638144,3.599500242747738,1.5943078961171384,4.187154931733334,2.8090011835877364,1.7995153119419336,4.904690373025989,3.352994191528775,1.1608862144998593,0.8815330726012618
053o020v_0.067734_421o030u_-0.067734.wav,6.910739719863701,9.329112830572548,3.592978879711076,3.3008513853330514,4.513943052847628,3.4691678406977697,4.537808736442633,0.914312778094161,4.962682552640245,4.062914089012005,1.2904848684633734,1.7237179924115402,5.34791623197056,1.7316540590248022,0.6242201569234128
22ha010f_0.030153_445o0304_-0.030153.wav,5.386105994367478,5.550680551106078,3.792815117033744,2.5739326794491424,3.0253747422367794,2.5643373654337305,2.8756819570100167,1.6736662986635087,2.9207285789955284,3.6057103107344166,1.3804267838155262,2.2005704844987757,3.4222746054588833,1.569106409984986,0.3811478266005201
22ha0101_0.049262_446o030h_-0.049262.wav,8.263868316565738,9.368125220344002,3.0645961391040863,4.153423366112947,4.871188265906627,4.25688159159633,4.736294249805729,0.9563801979204758,3.5142992127344646,5.334726161773101,1.288240625190985,3.4171264259511913,5.968607102088438,1.2492037940918592,0.9872776852032672
447o030g_1.5581_050o0209_-1.5581.wav,9.26147470131754,5.319879524329739,3.96571154535886,4.749286793912893,2.568186181038877,4.59265033997226,2.6342544888490824,1.3132413924950506,3.171137399795682,2.828685524783586,1.6050099380221403,3.5773418505432875,1.657586241194396,1.5244317748225722,0.9306510687148456
050c010k_1.2473_447c020x_-1.2473.wav,9.265205855251288,5.927530654503368,3.8384794560529274,4.543756720712622,2.9777115463802963,4.5974974904261465,3.1389936894420685,1.3641914693454942,4.807007075748551,3.730831781743988,1.375534038215393,4.083874303303948,2.485892136050409,1.178930321200871,0.9673505167593012
447c0210_1.6315_441o030e_-1.6315.wav,6.118748847938639,8.747695729442947,3.170261236582289,2.8375273925127966,4.328899283152661,2.8979570503414345,4.48779628266717,1.585962143296943,2.1473701848400815,4.1041251284563085,1.6855235411687894,4.790918125948748,3.91413978924866,1.32322914417737,0.6576091441201685
441o030x_1.6007_421c0214_-1.6007.wav,6.760108484320634,9.798249613154516,3.549362259183793,3.2911323127666856,5.000200815170207,3.3953993394912194,4.865930985580588,1.7029163955861435,4.540974742919306,5.710819364195842,1.150535588514638,4.2479932448339435,3.565835639816439,1.0891735900183144,0.95404258243217
443c020f_0.44224_423c020q_-0.44224.wav,8.131999685795854,9.728708772706398,3.420108407156576,4.002922773138315,4.656732112776693,3.869630766342807,4.762246286821823,1.7862002586860084,3.7613937841788156,5.4842680097363115,1.7751185590174243,4.2012722450958915,4.054244930824735,1.4099058015019317,0.4681825211225635
441o030f_2.4498_052o020t_-2.4498.wav,7.450963006410431,6.548652920295235,3.319069859727725,3.626831861902829,3.2040145681903565,3.677209377763933,3.0627272513651573,1.791253030367968,2.8483350634291744,1.4424022382275055,1.342379055882666,5.254617791474063,4.000527978250272,1.5453865387427943,0.3502188641181356
053c0114_0.94311_442o0302_-0.94311.wav,5.681882864628032,9.96414831198507,3.757519091844709,3.0099550867374534,5.04073518401394,2.9375134148887936,4.909387537747358,1.6212817023606767,3.295406330236191,4.299213751795718,1.45976125451469,3.6855013115217923,4.894778537724136,1.3061818840302626,0.8747761758663993
22ga0104_0.68603_444o030s_-0.68603.wav,5.734300004631016,9.69145454718432,3.961415023276497,2.9511115071964222,4.75883068715032,3.116789227250476,4.7207400967415225,1.2812280727633265,4.495335971606205,5.2271929502833565,1.623571416386442,2.6461543605888225,2.8284705740229077,1.3165464072743256,0.5673467952836031
423c020n_1.413_050c010f_-1.413.wav,6.404870736157228,5.2964518123428,3.226436001275073,3.145192947858765,2.6933826994194403,3.2466917950578607,2.582938215549693,1.6229972354068145,4.306100212760041,2.622825142930871,1.6091621705047203,4.735015077616526,2.908305126329862,1.0024879975404477,0.4703299122997844
423a010d_1.468_051c010y_-1.468.wav,9.667755642674926,9.319194172704236,3.884161955964205,4.644758334422319,4.499246803548187,4.805572455842663,4.554372281793755,1.5195054681114666,2.8130483323204403,4.1001710375511475,1.3343331741649358,5.378003864522219,2.6444135893569523,1.7806524773628074,0.448429959764147
444c020a_0.84806_447o030y_-0.84806.wav,5.100566687781448,9.338813080435283,3.2204939008885463,2.655877809736355,4.732475595370132,2.816305107845771,4.78871687932874,1.46878490329566,1.9511059728137339,5.354881822507951,1.5576853075043058,3.206244367974332,5.522996825069993,1.1943945296447132,0.9502218748790984
22ha0110_2.3298_423c0207_-2.3298.wav,8.007095901000602,8.224967370639613,3.289467174845972,4.077466253370303,3.972870089936365,4.232307151037783,3.9026967587518673,1.2897526006782811,3.256818089045829,4.4697542664226555,1.1467312119668065,3.4465309876206254,4.917599734874856,1.2701421596910367,0.5985925295363105
052c010y_1.0742_22ga010w_-1.0742.wav,9.860092593597958,6.092570738822184,3.9061307532639393,5.0265541359054335,3.163964185351268,4.993169352044058,3.3102018556230863,1.214753933400927,3.2341897663619257,4.1371352403810375,1.4039575053605855,6.533571475076814,3.145887904388382,1.6074515768903623,0.3169910454317524
443c020d_0.56357_442o0308_-0.56357.wav,6.050506927596615,7.765529797912229,3.4654547020680835,3.078466115640245,3.838007188183384,3.0945650655726125,3.6687711878434,1.550362632288574,1.7192132263270667,3.5633492212092777,1.346319550768601,3.420420026647206,2.8229516310360796,1.456943478946995,0.5046085685563025
440c020c_1.7835_420a010z_-1.7835.wav,9.45706190186505,6.443313717744745,3.816439799978052,4.640365608000927,3.2780599968703124,4.513610893924971,3.197852500590211,1.7910735822642718,3.637933553025044,4.640209975399433,1.0288417820484057,5.241087420121597,1.780912819838113,1.6486854664401114,0.3621395248912539
445o030n_1.1222_443o0311_-1.1222.wav,5.412276088510527,6.451354915939177,3.2528950702286865,2.604854633695521,3.089754026156209,2.455494570957741,3.0759130847515763,1.594077131871011,1.7887378950579174,2.7478003004984513,1.1385229112460022,3.3852734327595075,2.4671912266478886,1.7503086638925214,0.4184743270685512
22gc0109_0.61118_420a010e_-0.61118.wav,9.130921753594013,6.157501682422705,3.583483357444331,4.615278642829798,2.982539418868009,4.641470533374573,3.1505096092878886,1.5384981698715177,5.217899007845794,3.7466085852300433,0.9379256132559592,5.663756369561772,2.6898136630707814,1.0499582526240876,0.9041199150700622
440c020d_1.4436_052a050p_-1.4436.wav,9.739350926333737,5.019300282579814,3.583068830282597,4.6779977141130304,2.2403537258514925,4.693382112054766,2.389562707819638,0.9385116713826048,4.5188739270261244,3.081992977080726,0.9510721670451115,4.155458323982512,3.398159698675655,1.4080616745410302,0.535424460412115
446o0318_0.4369_423c0203_-0.4369.wav,8.547066422520976,5.85121680472305,3.3949305402482044,4.235844468951074,2.84965229307963,4.079438053381013,2.783041234174028,1.4944389118591437,4.40117176274463,2.0747993933437354,0.9005271578419617,4.392651171201854,4.048587425356568,1.734323791383435,0.7040480126135469
050o0209_1.6432_442c020f_-1.6432.wav,7.606176647827306,6.287677340462512,3.8911731296611847,4.030392756310812,3.1567604776546,3.897225250863604,3.225799709204261,1.5070323829192735,4.771112054206486,4.799810210016228,1.444483319994844,5.210271034432228,4.155312661404758,1.7560966736413732,0.3801646511976102
440c020p_0.17906_22hc0109_-0.17906.wav,8.002130040341289,8.792497543111281,3.126289906248345,3.941280531038556,4.62247606293627,3.795268532379279,4.53541001761708,1.4339239648193898,2.8206980789754645,3.73976481770537,0.9346391891125098,5.401717015389573,5.3876563767642205,1.0315147227388906,0.9301211690375152
447o030w_0.52605_446o030e_-0.52605.wav,5.917447380105716,7.1975818597783885,3.0220761393569737,2.9554865908869115,3.5144597595637084,2.961637558019177,3.6843484454828648,1.4161157792536307,3.371237927911876,4.569604863912703,1.2982985589626943,2.3588762817567006,1.8933517681056429,1.097825083283671,0.2859215822014954
051c010g_0.41087_440c020d_-0.41087.wav,7.405473248857707,7.6483635041645535,3.764875128663217,3.542655369751688,3.856064656959966,3.5661180679768,3.707911014439786,1.5824972356046312,2.628869122320091,2.8583064129173823,1.7483818957225925,3.177653772966213,1.864510799650923,1.5668230775275696,0.4423148750466558
22ho010f_1.4225_051c010x_-1.4225.wav,5.182565801397675,7.260228264037975,3.3724464780320704,2.5565208203861047,3.6888197031673657,2.417299351034289,3.609969322879623,1.5670147156420848,1.1088116323458441,4.351719137763949,0.9193478073058216,2.265733627643371,5.195496610295265,1.74279747755307,0.4758116815078642
443c020v_2.0759_420c020t_-2.0759.wav,9.602959314889976,5.531347911940461,3.125309508332448,4.887863962062422,2.7106669631529074,5.018904737125103,2.818964309708453,1.6286466850769226,5.805492251821076,3.9017648002297465,1.263743703542891,5.456453434766917,3.205202316424228,1.2068030832255348,0.6652639705792462
441c020x_1.8613_052c010j_-1.8613.wav,6.806053360127757,5.551628806557264,3.840556730727835,3.297147612959312,2.517700596131444,3.2206292009934585,2.669506171227433,1.2820890190227403,2.301119252927862,2.1619745196992755,1.7597187843092743,4.688198542659966,2.8481513773334095,1.6087381459622685,0.5320816801320328
446o030a_0.39734_422o030f_-0.39734.wav,9.940316297280836,5.432000252183527,3.334023911279676,4.984431693495517,2.666618561496085,5.009717008275659,2.814472045920596,1.7144095404631925,4.168890973608645,2.5448790708023887,1.67545001143742,5.193662611110876,2.0023293759445493,0.9199775325070764,0.4001095497647053
423o030o_2.1659_050c0116_-2.1659.wav,7.25738108318775,9.568614852416973,3.479196754216153,3.901514207750063,4.901254556460932,3.738682733077436,4.852408769990269,1.1459594214330604,2.595040347439625,3.4359876592654603,0.9750467418239116,4.987781699942219,4.719422495124942,1.0831889679210582,0.9594621141339305
447o030m_2.4014_051c010o_-2.4014.wav,9.971458092164234,5.291290792699066,3.620629091599497,4.9543218513449405,2.6349624187397134,4.800476134233084,2.562633342108399,1.2764293653489072,3.7203648061354833,2.5317269699547724,1.2101426263502286,4.3370469968003915,1.898324070452136,1.3752941285017657,0.9391030896228336
447c020q_0.20469_22gc010y_-0.20469.wav,9.165679146340524,9.134058002102805,3.906058525673203,4.39664822186065,4.588085830898422,4.543458077659405,4.502371968306955,1.1082852622531492,4.7279387401258,2.6190940904524096,0.9816346139777672,5.2140518259551705,5.451871190509485,1.6573442933050426,0.4948346001963616
423o030n_1.8263_447c020a_-1.8263.wav,7.441733347747884,8.131581115369045,3.154800818964396,3.604409779516884,3.7948577517306,3.6060830836066806,3.944848418284966,1.7817389536774142,4.185645391129184,3.1215305327403007,1.3377221560849888,3.6838983561995002,5.55730285436454,1.387954205014322,0.5755733207511169
422c020a_1.8364_22gc010l_-1.8364.wav,6.714527844360216,7.364060009000978,3.534418073410537,3.408630085589817,3.75600927264248,3.543421227054856,3.652417051976293,1.3461583613617476,4.391027366095921,3.366775638592163,0.95694617473697,4.725370594733642,3.115633616588426,0.9921967319864704,0.6219971979971289
052a0512_0.31899_22ho010s_-0.31899.wav,5.260148825078404,5.898916220963512,3.2096714086797595,2.6416876415543973,2.792758780865011,2.7816700781342742,2.7388614947630128,0.9612037659330182,0.7774088410944495,2.9827230784026435,1.1917397253628546,3.849049240939764,3.816069112158703,1.7624539891811275,0.5648486347084545
052o020a_0.7235_446c020p_-0.7235.wav,9.853103850837677,7.334325978578546,3.312411262221292,5.015243608307997,3.801371171211753,4.887041260524646,3.723498467246648,1.6734255949123655,5.0050670078651756,5.599601086062116,1.0010260346654198,5.812802077200825,4.464698086562103,0.9049805995739966,0.2855045304134851
443c020d_1.9832_445c020q_-1.9832.wav,7.969440671375348,7.646201208346134,3.051222457146477,3.844695980259572,3.892493564011344,3.833036136277485,4.042039704176556,1.6723652062767462,4.386485305953388,5.173987558407105,1.5999086198965005,2.6090714339018444,5.320640597151421,1.560143507859744,0.2002782152045263
050a050i_2.067_420a010b_-2.067.wav,6.929362060240861,6.065897940366764,3.7063368977481375,3.310170660013798,2.951118869785823,3.4676907495701816,2.923057840115677,1.0868287624757191,3.0419327174892756,1.0302662588227691,0.958804944609244,4.972834697807322,1.895345629784868,1.1599466845986297,0.7300177019081883
440c020g_0.23824_22ga010g_-0.23824.wav,5.685556916484138,6.330292135897452,3.809744783192631,2.7877279199913816,3.0036147538739524,2.7612016637269883,3.151250649673706,1.5036081816306632,3.4255264154992475,3.92206648122958,1.5582232480329623,2.647980853286573,2.3275844327979445,1.5813853165407732,0.2824622360976712
423o0309_2.1089_441o030l_-2.1089.wav,9.877658188040794,8.040092929436035,3.5149768646436046,5.0466488067351705,4.140253446461737,4.886853185766707,4.132168923018557,1.1613331310853494,3.9807462355583563,3.0987614227757145,1.7494943586546796,4.476961870853654,4.706154822901816,1.7474644526929752,0.7567857846617075
443c020k_0.31603_422o030k_-0.31603.wav,8.793285853364498,5.276352282453758,3.788904474195708,4.602373211887035,2.7170177169425958,4.481572630072949,2.805940264327263,1.0060375560397894,2.7291498216361476,2.424838389739971,1.7597540209892086,3.6603738664049468,3.09982526637711,0.995834475629639,0.4905536028900294
22gc0114_1.9019_053a050m_-1.9019.wav,9.159404130365044,8.503744963055912,3.4126000918137107,4.601988485415105,4.194419805411326,4.759357066239734,4.130114830726298,1.0778368806158298,5.684310811530195,4.652244682666699,1.2346225043103505,3.9908167567322756,4.816485233274526,1.5300174754424845,0.7381842595046453
445c0212_1.9186_420a0105_-1.9186.wav,9.782248943485708,6.605507123197617,3.722902913138059,5.163512604589798,3.4434455144054548,5.016555885081637,3.5289073339004773,1.247570038470673,4.722947208428845,1.8807088768916254,0.9051106061091392,6.932381864323438,3.843381723362146,0.9454551302957124,0.8360852704847678
446c0206_0.26606_443c0211_-0.26606.wav,5.929480306317369,5.287715684252127,3.958963804600844,3.0939852621351447,2.6875343221960577,3.1024395704006222,2.8372958815888216,1.4160208666855938,1.7064615751939087,3.6035006203872264,1.784540650608331,3.2238754631835365,1.951915976797798,1.5922726769955702,0.232759848172341
442c0203_1.8136_22go010w_-1.8136.wav,8.28752973263732,9.361392963481093,3.85760797819627,4.21673627703615,4.566434445584295,4.32068085417435,4.431914837780968,1.2576336765518157,4.754182361267471,5.159758302991326,1.6542104926065302,5.932508611735794,4.393093734866313,1.021022849867877,0.7375106121446345
442c020u_0.50443_441o030m_-0.50443.wav,5.166016639525334,7.867757064675818,3.6360524203541447,2.3866409153060744,4.0091102717387805,2.555699278767653,3.991242150861285,1.0655580571428285,4.088454376747236,4.392802431024761,0.9371925438407774,3.210392814791635,5.457479258222162,1.3706065760896569,0.5526680557302851
446o030g_0.397_445c020d_-0.397.wav,6.17573792274911,5.519831496248477,3.173476141095916,3.123688456592915,2.5526813908727104,3.106165127850965,2.701654317774888,1.1542842301530918,2.7542453354226515,3.6690209947764827,1.3073196686754145,4.043330972153082,1.3409572282892306,1.3599605734181424,0.4744251324474999
423c020w_2.4249_053o0210_-2.4249.wav,7.801611066752966,5.859134620963456,3.611804268523501,4.166646166528694,2.864344233761087,3.998338086763918,2.8404195543297157,1.5024533398742907,3.5315541593731856,2.273898344337771,0.9371843430880392,3.0002107786426655,1.828200918753771,1.2501259722568387,0.231196032644829
22ga010y_1.4643_446c020b_-1.4643.wav,6.964215395506012,6.468124025717038,3.293787445632545,3.384698751620769,3.167357032913807,3.237528012677992,3.252449768203236,1.1157241980008696,2.2401481596718624,3.2901894777944536,1.6051525236038118,2.5661532964454583,1.8336449295389756,1.0468346798268044,0.191294617829188
22gc010g_0.47676_440o0305_-0.47676.wav,9.395535670539164,5.266670523696211,3.309810665337014,4.942461254034258,2.70324879571029,4.797800823777971,2.613955123380915,1.0311542266946752,3.930214678684616,4.171734778138991,1.4340496530589413,3.6123220935986162,1.8915101755459618,1.2526511252681325,0.8270975943903043
446o030r_1.7325_420c020z_-1.7325.wav,6.245381562442434,9.035531289667546,3.8450458244531394,3.1701479872428,4.523050014709572,3.257993790899774,4.644635847683073,1.3339401115500364,4.027508297809173,3.92651815183429,0.9139727328114052,4.646103810692848,5.285113049485917,1.3482402364654205,0.5195954448965777
444c020v_2.4073_052c010z_-2.4073.wav,9.305057039538562,6.753254578136557,3.8805497716066393,4.420755880049919,3.5833744275638053,4.495656692478304,3.453413401492264,0.9948792763193516,3.4277555196208254,2.336253349260663,1.6913703250930334,3.4686978336137093,1.8234521189055524,1.4994669367275286,0.5330382225412105
053c0103_1.9893_446o030l_-1.9893.wav,5.710703502013481,7.955910099322562,3.0536242335037835,2.9774954165322187,3.9986328769361306,2.8251757507981283,3.9231430138374663,1.0730556770099426,3.336451383315761,4.4337446616850915,1.612757161993848,1.7353545799911492,4.267435936979358,0.972927057102142,0.6523741966912233
445c0207_0.29871_052o020h_-0.29871.wav,5.064557328608496,9.29740315390366,3.051698922057102,2.4031230215421453,4.585942806137359,2.572555896823604,4.572068341323979,1.2556737452724318,3.0960839380104774,4.806396278208587,1.490533731636746,3.520321153691631,5.162350397983798,1.072026434334497,0.1198892278141554
440o030m_0.30985_442o030k_-0.30985.wav,8.961455044330805,5.778894195877366,3.340736057889345,4.690252751622931,2.998577506896806,4.579045614987812,3.099240175058434,0.9329382666874562,4.020244482026639,1.5305253367462168,1.233865362036982,4.80068267147585,2.2085135925231247,1.7736056613537263,0.2502699661700227
420c0208_0.13504_423c020t_-0.13504.wav,8.852030165731119,7.783610522565043,3.8320859401018414,4.463749528882682,4.068482532046154,4.313749552784,4.06856721023016,1.2801510780201744,6.013939037418856,5.023044433461107,1.097438299313549,3.4202107412244773,4.35124515142821,1.620377071158794,0.5428494070703445
443o0306_1.2173_423o030c_-1.2173.wav,7.355056195508268,9.540038259728428,3.7059411935615696,3.657976945150452,4.802161739739873,3.6998254447460592,4.658117638570834,1.3091143381432848,2.5033413897183863,3.0716018932546443,1.3511465602500974,3.1258527793986386,5.034270829134246,1.7812453808961557,0.5889540192724758
423a010t_2.0026_050a050x_-2.0026.wav,6.437630368902734,9.46636910646759,3.690819514208057,3.396312898054067,4.786188139941433,3.34414680143851,4.624389813732859,1.0278242779463969,5.055087691870549,4.820930856614498,1.0822900963910314,3.853345109525464,6.385948408862087,1.363344880769279,0.719403173848248
22ga010f_2.2675_423o030b_-2.2675.wav,8.513150921051803,7.591162517254878,3.0895393948013488,4.145811093951624,3.768831657310422,4.255574553658583,3.666596717523877,1.67534639210411,4.679875166822271,1.7280829126435302,1.688841434891473,5.206983702326951,3.950459735941848,1.235924457995151,0.4781923586275267
446o030z_2.3496_442o030q_-2.3496.wav,5.278461535779594,5.149679298784336,3.0308280960076828,2.730304537891694,2.5626878247577776,2.898889606335544,2.540800049681669,1.1607201848301516,3.2805002447075395,1.7370544959584329,1.485744336655714,3.6312164492103807,3.6267480305890687,1.4564285914477089,0.5353072474169586
421c020l_2.3782_446c020e_-2.3782.wav,8.358787302751885,9.010037836480707,3.591332621004886,4.051502983539445,4.572473993362729,4.201131468024428,4.583024663044174,1.1039997538560005,4.876209774392838,4.1583783037346835,1.4515903125659064,4.685019167289061,2.897979541718628,1.0103532571505371,0.4314599718168846
423c0207_0.8468_445o0312_-0.8468.wav,8.679987633644357,8.973651083125345,3.497072382545205,4.2581328344180776,4.442229556809473,4.42739488829794,4.458052234091489,1.2378787804265483,4.050278122258895,3.4981289980069374,1.0989291048022976,3.6268741938630336,4.371017921597195,1.59011992189207,0.8430065305894624
051a0514_1.7028_22ga010g_-1.7028.wav,6.822256698355735,9.971424326655765,3.3666048044604846,3.4682542876638225,5.05272030444341,3.3540371803925426,4.926805839799426,1.3645325522035463,4.535352927712392,5.981969635771628,1.218898254902763,4.3547066493598425,5.356588395231982,1.0751016861883969,0.5042923138420143
422c020f_2.3489_441c0210_-2.3489.wav,8.921215970027019,9.758703910040092,3.6036906874863055,4.622057139103269,4.892895464962487,4.456654252208882,4.932162308571341,1.5915449642391,3.9783201483876596,5.148034430564005,1.1784000882396062,4.455575391527031,6.964585274915761,1.1513935707731706,0.5120381300087502
446c020x_1.0231_22hc0109_-1.0231.wav,7.135908518992245,9.200477462123285,3.510782745519601,3.5470369071901158,4.490569099101786,3.3777893888674244,4.474591691877508,1.5338959547770212,1.8294324921067235,4.045630822157683,0.9814828980051036,5.382520424616986,4.828560073239433,1.3134732372938205,0.7967381602512773
442c020f_2.1855_422a010l_-2.1855.wav,6.689753463411387,6.6185317828867065,3.884269945817644,3.415549557430152,3.204626495258143,3.3715814920042333,3.040410755383117,1.207221819572785,4.529944412209576,1.6652440487761282,1.61426881800996,4.42859090578277,3.5332907887402882,1.3115728351685547,0.5161396541425612
423a010w_1.6751_443c0208_-1.6751.wav,5.120366626552844,8.018629970068101,3.3226138697403087,2.590151581963848,4.005697811180254,2.645069242568041,4.166583020425114,1.741164476016925,3.7445155087127415,3.1292219849597234,1.346224223294592,2.286632894185744,4.872659710974579,1.7085228604017066,0.1121745488659199
444c020i_1.5935_445c0205_-1.5935.wav,9.778924471846006,8.277528814528461,3.770913311494576,4.825241139469852,4.26028335587348,4.778570002704648,4.402837924348305,1.1180435995914966,4.6789962419244535,6.000006815157601,0.9185666056269196,6.21090109304013,5.0391262353980375,1.231009787098476,0.4993214160689679
422c0216_1.0278_423c020o_-1.0278.wav,8.897102248656218,9.83737891793422,3.709323011165886,4.400149079415352,4.880135683595362,4.336405201139461,5.015917560082426,1.6613522407450405,5.974716138845812,4.71124765281148,1.2701557513817243,3.656226072806681,5.085541905872802,1.0833189571297674,0.5681312710910158
22go010p_2.1287_440c020e_-2.1287.wav,6.200655776546538,7.628260703468875,3.686970141109441,3.076260665319981,3.874224370755596,3.2462559978123844,3.872964636340308,0.9279784807651068,2.030036837452136,3.716759627653014,1.0042910073762348,1.765528253344657,4.831762548581606,1.5861985121378406,0.1280358421624119
444o030r_1.5869_441o030u_-1.5869.wav,7.558974123286743,9.52045945598305,3.736218148984918,4.038933593728449,4.772932335135297,3.883247425844548,4.841209836038787,1.5250115457922924,3.1048508392786487,4.20799323546681,1.681842035900666,3.393762239188779,4.355033279155181,1.5129568730795129,0.6156858537541363
050a050i_1.6472_422o030f_-1.6472.wav,8.33793068175908,8.871123704280986,3.044054983827757,4.205702652331148,4.546559578575166,4.199643950358327,4.396681988087447,1.7874987466710277,4.910891339127437,4.219282224227268,1.796453410679085,5.425113368468469,4.651560867410747,1.2910065134009294,0.4386781805596135
22ha0103_2.1246_22ga010b_-2.1246.wav,9.1967424623417,5.845499292870135,3.5458335943597104,4.748357306182794,2.766311275954471,4.616430040914655,2.8735269309628237,1.0561235944270329,5.103950929845397,4.15242202843047,1.015877743817065,3.455030953243487,3.5766258626884913,1.423013714277201,0.241306704804201
444o0314_1.0382_22hc010g_-1.0382.wav,8.488328121565477,7.037290358393902,3.102052742312205,4.292741395052713,3.4283706652912707,4.142761676716767,3.4259040709041257,1.1258036278483312,3.1235240038644334,3.155001484755119,0.9497090629192672,2.9552809166739227,3.5178626739968126,1.1620024575453256,0.207090009895264
423o0305_1.2498_22go0103_-1.2498.wav,8.373229836661311,6.969836490837471,3.704840603466178,4.216503181727853,3.2635257349327538,4.234310154220947,3.412465023673603,1.2890021304048438,5.165392982356182,4.025116375216655,1.3820853198623109,4.893446838030635,2.7603533444187587,0.9245228612925696,0.5899518010170941
053c010l_0.30634_051o020c_-0.30634.wav,6.599836060583477,5.643671132494833,3.5796233347215294,3.2823024441607878,2.6943858003400405,3.271852704895051,2.8640643285906067,1.011956602149069,3.449404337190929,3.734633471365777,1.0351699554139413,3.7019613698563676,1.9061813978147146,1.1268780348928238,0.7602232858218676
423o0303_1.3299_445c0214_-1.3299.wav,6.51668549028224,8.748045743540661,3.731766595272413,3.4191490843178287,4.4478989212079565,3.3340756568078,4.571440460504244,1.688842776480005,2.755591755652145,4.794573208855317,1.7618162755332718,4.933053511850856,4.874734521937707,1.7104071479378553,0.3612601700912751
051c010w_1.2113_052o020q_-1.2113.wav,9.252166234215204,8.766968059232306,3.0204766969695207,4.549389883836644,4.535235512738938,4.380509927016777,4.515753208344435,1.11054611772634,3.7691628760645255,6.011057675292055,1.1174802026685755,5.23969247648041,5.104424183692235,1.311188736087177,0.439583808311127
442c020t_0.99276_052a0509_-0.99276.wav,7.036586066005038,6.160206750001912,3.7813854173126966,3.323445548778663,2.977069535377713,3.429486312590824,3.109942995519809,1.713971384153132,2.906561875345553,1.3215573000723033,1.4805290937928677,4.495158684252124,3.8217662098753564,0.9508021902921614,0.9365523932396976
420c020r_0.57088_445o030s_-0.57088.wav,8.686081018830905,8.15419004167447,3.8390135553921896,4.4537065730747125,4.3184188580041,4.365886715090089,4.196814283486689,1.739208053397297,5.802014369048023,3.9044494186233303,0.9474536309258074,2.6055652804817755,3.724493673257481,1.086049409928315,0.5982163039969939
442o030n_2.384_423c020m_-2.384.wav,6.332666123591185,7.921228360955689,3.4471858692477837,3.302655040836705,4.162668741500615,3.1816672296977337,4.074001106166178,1.6254860807888534,3.7785057575982224,3.54927333594461,1.1167789987151384,2.224056327348282,5.404807348169257,1.3227417242812505,0.4569756634555237
447c020h_0.53155_445o030x_-0.53155.wav,9.259340546289527,7.164431585524351,3.199171234174492,4.779266495828715,3.7212128395692425,4.675369618724988,3.61302116277249,0.9377404866823512,2.8495839010066906,3.807247061846361,1.1256465206805737,6.531153857135475,4.427446932181905,1.355825626119695,0.3345856905319758
447o0308_0.41755_444o030w_-0.41755.wav,5.889075610673751,9.687722604866224,3.0034911752851903,2.9178568456782523,4.895936837426552,3.048758784456965,4.787471716655061,1.794490242017169,2.675363196627864,5.529275943365515,1.7944405162577517,3.7622875981460973,5.984477642815419,1.4098159766531797,0.8025160559525233
445c020t_0.33042_050c0113_-0.33042.wav,9.699888999079622,7.987754262241924,3.633571064196751,4.704308922796115,4.134815363113498,4.699543540549468,3.9648821670273793,1.2684200455762555,5.0247902742315285,3.349029409247423,1.5204696611208957,5.6345801475510005,4.720987201247465,1.5434685249105842,0.903127380129158
050o020p_0.11475_051o020x_-0.11475.wav,8.552985036498558,8.540977852516669,3.371722616255047,4.117237781551767,4.332542176511343,4.122001377705862,4.502475422674889,1.638864453901623,2.9026963551947396,2.8495329274745678,1.670593239469227,4.203603238257354,6.218878296711327,1.0046191746586437,0.1042144232015654
441o030b_1.224_050a050u_-1.224.wav,6.707158772493423,6.582207470158055,3.1040770734185994,3.3903003260170097,3.279242574966973,3.414263020901049,3.427316169013632,1.43312317323257,3.4973319307185875,5.120031270218013,1.0015236954480031,4.074404207985421,4.635009686684302,1.4360707706068148,0.4939510223329148
441c020p_2.0596_445o030d_-2.0596.wav,5.247341256586816,7.642691998396894,3.688197379025596,2.6178392044565197,3.654339330043305,2.7857105860042104,3.6275214394239903,1.3204977855261684,1.271271402041,3.5094325758902616,1.0993469300127086,3.0281961192788773,1.9155466638164118,1.5706019022079107,0.7505571787888803
442o030q_0.61898_421c020h_-0.61898.wav,8.812138043389242,9.494135338542227,3.006636935178883,4.428511671561326,4.810339428383351,4.267211235762673,4.864025268333609,1.6809963737069935,4.17384024705925,6.000690770108686,1.2362295716995635,3.257666152546738,4.56856223871524,1.421756531823925,0.5014332233657215
052c010o_0.74311_420c0207_-0.74311.wav,8.073056674562137,5.566728181508741,3.917909395073339,3.989211351922583,2.711713953064919,3.867085057487562,2.798806824228812,1.4762799637182558,3.1636065838318466,2.711005126216641,0.9583532858887472,4.5045771449468965,2.195897922193727,1.08120120779789,0.555575394668719
052c0113_1.0249_423a0109_-1.0249.wav,8.697512659373722,5.143407541464647,3.683736569123071,4.402564442996734,2.814782925295272,4.372771174229371,2.647413988105136,1.2041989083529927,3.3401077183031282,3.310065659924586,1.504761648943922,5.133765693081633,1.6623282259350196,1.622899855781058,0.5314724546787165
442o0303_2.2178_22gc010o_-2.2178.wav,5.397632350522638,8.48321181198739,3.085943289501512,2.812700741695967,4.097533973935473,2.9593751634505057,4.0661235616017954,1.1829963165700563,2.0255144920830697,5.734921890818143,1.5042473828897962,3.458303291655636,3.6482758365263157,1.08266644190519,0.2762693268074868
420c020h_2.2947_422c020x_-2.2947.wav,8.332673956361372,5.151114298401952,3.003280821417244,4.009840200105823,2.38736907608725,4.018693207780452,2.557138402689887,1.612142591416791,5.4034845644202525,2.709245972800487,1.0989414311547394,3.0402276418184186,2.4585689262054773,1.4983928809678635,0.2519203962313418
444o030v_2.4273_446o030s_-2.4273.wav,7.807886261195952,5.060972321958589,3.914796627063867,3.643523602217636,2.5573613387882794,3.781414232819395,2.616405169899152,1.0808919340544478,3.7926703690672854,4.29002899059579,0.9146635569670064,2.9300063638634812,3.8087671874509126,1.714110531804886,0.5184283509556603
441c020t_0.20914_053c010j_-0.20914.wav,9.348903955680898,8.057692454341755,3.935636202877973,4.829525530173414,3.833094851071752,4.667982015462369,3.886044759993317,1.570454858363576,4.857638010056721,1.992245885638843,1.6524555053413634,3.4818448205476447,3.7239547927395225,1.2763192149299276,0.7344184803715785
050o020h_0.3345_053a050i_-0.3345.wav,7.586075895269414,8.39647114389097,3.504072514309631,3.6044381365648657,4.123748791275566,3.7703539636389167,4.086709105446261,1.13250139559328,1.8214197530063199,3.4339010989436405,1.75743666943045,3.5236263291359933,4.770099729228834,1.1566524278413093,0.1906780985292428
441c020q_0.73583_440c020z_-0.73583.wav,6.703435978366663,6.620731194012349,3.7525647661322967,3.290854831657393,3.402469915370441,3.1552288180280827,3.299973162119316,1.7665799291867494,2.0753162632002398,4.242536633763287,1.0334552474158858,2.3620404363535257,3.822142850615845,1.501438496221312,0.8353591363766036
052o020i_1.6152_22ho010t_-1.6152.wav,6.0312680762164685,6.116458002776634,3.806390763254321,3.2307886363531977,2.9806608544191526,3.1839715463722205,3.144087168352108,1.0453446682128422,1.673424397843295,2.1621580023119735,1.3931630557284884,4.225816297616373,4.524659780700156,1.463568935330208,0.4135205975247283
051o0203_0.60802_442o030x_-0.60802.wav,5.695136526171943,5.855453238433597,3.100621516228344,2.935591567380986,3.0348759790058706,2.9716632391003706,2.8892777836208694,1.34047881079819,4.18840375205712,3.1498284067149123,1.60319532392806,2.298097305167514,1.355389036989484,1.1354754047548714,0.2020834172501588
22go010s_0.11435_442c0201_-0.11435.wav,7.832310244549433,7.093817266745602,3.6871973315616913,4.169591171452455,3.5362903389847764,4.048109941250615,3.417368891345389,1.2949300980128813,5.629589490075885,3.688226290215024,1.4183334895791555,4.401727891828629,2.6570967646692045,1.0698634231864892,0.6495169399857258
050c010b_0.8494_441o030v_-0.8494.wav,6.196765303468126,7.177916564143417,3.4439362167712297,3.2072255908520857,3.799794741775049,3.334569566032098,3.687173642573558,1.729607730747012,4.348752528286653,3.3905454359281495,1.1574708231213646,2.182061761176333,5.2237237072617715,1.2847783688237917,0.7420011727163256
422o030m_2.0686_051c0110_-2.0686.wav,9.470752854015934,9.158252034721734,3.431160760370576,4.933216667626515,4.580232343881235,4.855232894632482,4.452097527575848,1.659829159111576,4.419431635905104,2.646961673388312,1.1331355632073663,3.868087031741482,5.234038694635107,1.3782556563835917,0.5653455690931827
441o0310_1.1273_443c0205_-1.1273.wav,8.612109338480426,8.988214237642346,3.6313905878941695,4.430379082158463,4.40629363578138,4.311228684272101,4.315171834419018,1.4086212548328851,3.5135328052969252,4.517413315316213,1.0176915879729476,2.69737061953102,4.1361496260489785,1.07023344345823,0.457147183363762
422a010h_1.1401_443o030l_-1.1401.wav,5.867101723775435,7.181485792126209,3.294352524763698,3.101125521609182,3.681963180014033,2.9900566177828223,3.782778350513372,0.990865636182465,4.587194599073592,4.38060735524688,1.7816082418162955,2.1947647198327953,2.478452984029706,1.0746380938743367,0.5253208979165822
441c020k_2.0154_22hc010w_-2.0154.wav,7.2933010083682195,7.906382817855557,3.0679314544346385,3.769991733056632,3.872949879316936,3.632064042039168,3.8139926740694743,1.0216796894193036,3.4968538956839157,4.859499602038489,0.936259255944515,4.305433721584155,2.9626605390027994,1.1597288480167416,0.5727837375927192
053c010c_2.041_22ho010r_-2.041.wav,5.898342661852937,8.83064772740204,3.767589112975408,2.80106183669163,4.46067528433427,2.854441101524169,4.320494493617648,1.672451618941997,2.638640351441215,5.200070170239193,1.7685249686835278,4.0048917013526735,2.8944592549762813,1.5088709652028205,0.2130598989765817
422o030w_2.0451_051c0114_-2.0451.wav,8.838627384628229,6.693383149981549,3.5823527937043216,4.376248180871962,3.4156478233427463,4.526237147250673,3.413828492519015,1.4007008077367282,5.756592875162427,3.799662720075952,1.7935965349791945,3.5242618920997275,3.75030350188818,1.6317794880099756,0.6261595379925448
22hc010n_1.2322_053o020a_-1.2322.wav,9.43654699571639,6.322510961859376,3.630166450533957,4.525785281372311,3.2411625660777017,4.671956447819628,3.2074877965991937,1.2826964697821075,5.679370342087058,3.0332333977829373,1.1169681576189785,4.979007774375433,4.398462808933249,1.4674867953011894,0.4168898230406495
442c020m_1.023_447c0211_-1.023.wav,9.160765099452563,9.346494913271298,3.386851179378588,4.618765178386695,4.651666347401709,4.63868437698213,4.482837364323223,1.1090488298977386,6.00667962550135,4.616368884939835,1.301514906015145,4.336616032654467,5.246020662053291,1.2167135175366413,0.5133121063850126
423o030o_0.78974_420c0213_-0.78974.wav,5.58651551821261,6.925836149751432,3.0338283093168967,2.72258209907817,3.495757849490407,2.785466496313307,3.337816238176689,1.2428737155209904,1.652467499309435,3.4163980496696156,1.5218088708044055,2.7349920114746116,2.3413709785748784,1.0713691585561371,0.7024660909556049
441c0212_0.40243_22ha010z_-0.40243.wav,9.48803179981056,8.736460325316257,3.987904376952624,4.748522281221165,4.483634358376463,4.639620534420695,4.353095438724866,1.1569995268710245,5.505619465208867,2.6694409483666264,1.125903371713046,5.657792089049695,4.124415469565553,1.7442060684747749,0.8383200964002968
22gc010l_0.44047_444o0314_-0.44047.wav,6.67378172992456,6.686562113301544,3.5931541847893773,3.535372862148396,3.5036440604781203,3.390552820928587,3.464565221433277,1.1136045669599386,4.853135362681745,3.373950779111942,1.4670533468687084,2.46092675121203,2.0832251371824144,1.721386381033261,0.5893269100050723
447o0307_1.1788_443o0310_-1.1788.wav,6.081926955459501,7.83795609476099,3.789540713296167,3.0125327837576217,3.975387383357525,2.9751753531548992,4.1206609954788,1.278116662298938,1.7532864138874122,2.9808630136269736,1.6499099802917476,2.6559393042192574,5.175306908111018,1.3384772268153105,0.3081032551945156
446o0307_2.4713_053c0109_-2.4713.wav,6.3172996139965,5.560993830259477,3.029698658836104,3.203410735254975,2.687743430474201,3.1238732695274605,2.826573512033077,1.3220544997492978,4.642667092880457,1.732239889764392,1.2009314987529538,2.966438164434218,1.7523099240580942,1.145936164438898,0.4787323433828229
052a050p_1.8247_441o030d_-1.8247.wav,7.93783788229339,5.351522291945487,3.836418437469757,4.03928832882774,2.8516458341886586,4.208260941963025,2.832984215549508,1.127401562018977,3.6039910971350197,4.378984751436115,1.3506477489401076,5.104284848281964,3.32403322187201,1.2121061437074383,0.989582987812351
22go0105_2.1353_443o030a_-2.1353.wav,9.821180469758604,7.068323861100199,3.9675508006122224,4.9945995188457,3.4493442961724736,4.89200677241231,3.33991519410518,0.921355291691052,4.799311936165573,1.657750273929865,1.058712306586288,6.116830552559216,1.8910834672804804,1.1774356283388714,0.7150905298203545
447o030u_1.9508_051c0109_-1.9508.wav,8.797394651594862,8.323666710787478,3.8755100421642976,4.4032830202731255,4.146121330062408,4.537479759811589,4.250482410438406,1.1926660180706727,6.097898909359045,3.652304806926607,1.449876896617701,5.197697734932558,2.4100268099367756,1.456487651585154,0.6391577429718199
446o030j_1.6205_440c0208_-1.6205.wav,8.465385650626384,8.258802226252367,3.4447325788546026,4.444312139384014,4.189765055489795,4.295629856575214,4.169926235495547,1.0803033549108865,2.5454841276845057,4.3904071609751885,1.346859768986591,4.671758114533817,2.4648557223611345,1.0414158875538695,0.6186945471656496
445c0209_0.22505_442c0207_-0.22505.wav,6.350661427418874,9.32334065846813,3.337881352701676,3.180352142951816,4.792529639329087,3.212419077440622,4.645997350353276,1.0243996874186154,3.4114439025538235,3.1966552832209456,1.709104699538488,2.8428438336688435,3.1412116125842884,1.1774524078275743,0.5040181838590934
421a010q_0.79974_22gc010k_-0.79974.wav,5.363727480034299,8.533170588424383,3.1865454089893346,2.607896562950918,4.325019957187286,2.5061359353055224,4.461199157732799,1.1322495556934284,1.9041967650562657,5.641246363326599,1.2468510969065596,1.4551459528114772,3.6617404134881584,1.338016970328154,0.758845506030319
442c020c_1.3757_420o030k_-1.3757.wav,9.409010463483645,9.385516806029282,3.06275796463422,4.617276236482393,4.7314509869764905,4.75643168750884,4.829102205348953,1.0961545819013194,4.908507328106693,3.6259943502553833,1.2966930160490922,5.050433999485019,5.5271306638124535,1.503223422952681,0.8917659603383306
22gc0103_1.9955_050c010t_-1.9955.wav,5.244243691894995,9.25767991793073,3.537118071418643,2.759920333161197,4.908005850161943,2.769038751906248,4.738250572071423,1.4626590144750178,4.102680792167967,6.055030633652027,1.262382912431382,1.9339090236186558,4.851324069075427,1.0224258534158577,0.4238635613725857
050c0107_2.4293_443c0205_-2.4293.wav,5.877944294005445,8.103257849527315,3.21224345951806,2.942794210403917,3.906539681302953,3.111111271136672,3.930401095055833,1.3505391386892909,2.5364937492396993,4.744089994294161,1.3709322541845623,4.1204985414348165,3.444194186423251,1.6114379610282592,0.6468376610916362
053c0104_1.7166_22hc010q_-1.7166.wav,7.485735263794272,5.7670760850861855,3.03703532921674,3.730501802731944,2.999761838317128,3.843388836858338,2.9009867527634,1.130016809978431,2.3358412073451333,4.260303134733196,0.9800617200813792,4.3003738658804,2.244238752986607,1.4712325275533038,0.5932567445273773
423c0205_1.6259_441o0303_-1.6259.wav,7.63626974937928,8.030235292775643,3.1863162664927422,3.817791428602553,4.148347241409447,3.921382562375445,4.256831696533888,1.6636875388427526,4.288598683306044,3.160165990784679,1.0023107959849595,5.789932363966296,4.047565060661208,1.1045673292082503,0.5823690200384057
447c0201_1.2482_422o030v_-1.2482.wav,5.629873319475846,7.80831068475165,3.3173476079980446,2.552979960196779,3.8685807176680194,2.68198070009711,3.7920378597048674,1.5835510296852742,1.1819456847617118,5.111779376193979,1.136708021074709,2.366266861218316,5.119652486649154,1.1486176769786876,0.5559807489045481
444c020x_1.7628_050a050j_-1.7628.wav,9.83120573547778,8.004529316984854,3.8826426727066674,4.763387348987268,3.87928217334704,4.93223120781816,3.899074882486878,1.7299591942541934,4.0882185140637155,2.037723672521481,1.5576068321241592,4.172928617812918,3.2307420906548505,1.1204656624293297,0.522681642130043
050o020e_1.4627_440o030m_-1.4627.wav,6.899656606838921,8.078797798790335,3.4445839562659715,3.54277395979205,4.087099159424586,3.652858775752626,3.9575563738480586,1.1309917691499694,3.7263025564395065,2.802570124938394,1.584748236359176,3.415851655709961,2.8256116454899023,0.94403517021016,0.7866533488077463
443o030i_0.6829_445o030l_-0.6829.wav,9.229261467951256,6.795076810102823,3.1849156322253305,4.496018386194948,3.28753908104905,4.595585834677336,3.399727864814216,1.3793425989360808,3.113009764049763,3.701997056878972,1.6281081876403762,4.513294409347783,1.847909196596649,1.73459327037923,0.5528613658520659
053c0103_1.0776_441o030y_-1.0776.wav,5.178191764099963,8.954553570647343,3.68888551494157,2.539011202662119,4.629661030807798,2.4352330876206625,4.5213554315137525,1.1609618553003842,3.280073642716975,6.184351222393413,1.433414895657199,1.540566633616262,3.581575209637096,1.6160723309891043,0.3480795148573591
442o0305_2.18_440o030v_-2.18.wav,8.570754450660743,5.679593656595387,3.2399841290392155,4.078761358038582,2.6080564541885995,4.196071974200388,2.701534897349242,1.2962012576926902,3.350987021687007,2.763552615684089,1.6448421120204233,3.1093823382318937,4.170549869281178,1.5988340940063015,0.4457238550968758
053o020n_1.8537_423c020f_-1.8537.wav,6.317557946993096,5.307381997482377,3.159785117176453,3.264645279013799,2.916475679516179,3.320084521890459,2.7770967343728663,1.177357782365983,4.347609140864224,1.8841902400295631,1.3420556408780004,4.383825670118724,2.8979350788558715,1.6658098505926175,0.4021746815452723
052o020n_0.94695_050c010t_-0.94695.wav,6.173836196273903,7.885563308427919,3.75393759969376,2.8033521657683056,3.9204885871905377,2.9717421887905133,3.897147632913126,1.656598435863358,3.840835656768667,2.79630432048575,1.4165817409034438,3.3593725947568434,4.7396067609753745,1.0888099904466468,0.4188989395958902
440o030q_1.5827_446o030q_-1.5827.wav,5.956059093700742,9.071700138101662,3.172679290624177,2.9587560159234148,4.446297048985144,3.046459792081767,4.567985370723781,1.5703239564670226,4.186214765091877,5.5478617024140915,1.4921583711310782,1.6002525229576352,4.011226227775621,1.3945142670333135,0.9150814561227298
443o030k_2.1162_420o0305_-2.1162.wav,8.727703836041007,9.470650042323978,3.569731451150277,4.363041044700794,4.642459857105168,4.379940185293168,4.791504880662613,1.2163972378734786,5.120117432312764,4.817523035920947,1.2441534990721026,3.4884356384769837,3.9977719597691173,1.5288983492933128,0.4537875770320008
421a0110_2.2552_442c020h_-2.2552.wav,9.079816168233696,9.345623418306394,3.638417318560127,4.545208789238163,4.524878907616402,4.536732672653548,4.694667468619916,1.177303161089847,3.9618236312386452,4.029629233039185,1.771810595813868,5.1673998473141625,4.935265657158231,1.5905874379755196,0.648874797086474
22hc010y_0.66201_420a010s_-0.66201.wav,5.387632569585447,8.702553260557002,3.804281051850348,2.655551976331948,4.417014131812351,2.759585500089284,4.308953843386714,1.6830677162304648,2.662216368962783,5.692011843829079,1.3199854763142131,3.539904235511845,5.4127883066003495,0.9789490881451912,0.573061039287609
442o030s_0.11296_052c0102_-0.11296.wav,8.334430692585453,9.926639187013912,3.026860445434151,4.188570014673172,5.221158043056104,4.203842933117507,5.0719376089252775,1.0279668597140432,4.0129754853356925,4.103837137027806,0.9933252842545208,5.396940688912114,4.171231906763856,1.7715046497424822,0.2857871236952082
052a050s_0.0033267_420o0313_-0.0033267.wav,7.202218946568411,8.880241052091927,3.4027859130122,3.53967249583452,4.4064924857842245,3.3809204786773503,4.467302000241502,1.5023339064611965,2.630666458735713,5.32419919373245,1.4209158166118767,3.393879361757114,3.1020530813184597,0.9053124181079796,0.7030743357794804
421a0111_0.86164_442c0214_-0.86164.wav,6.242946069290905,7.307846373224351,3.580591349211001,3.188307555808274,3.462985972645746,3.2815215392262003,3.6051519084227897,1.3408026996816855,1.9777874854034232,4.663686414461233,1.5510417707827433,3.6023731952360305,4.5269745464938795,1.4111123047150438,0.584208349812215
051c0102_1.5867_420o0305_-1.5867.wav,8.092937942603218,7.671060039245853,3.2789191097031902,3.9286073350368023,3.852945646902362,3.977051901129409,4.015896940288144,1.643128424428236,2.3686239403958305,4.733139022147637,1.7728067441472546,3.663964428588886,4.704760544573587,1.0104484634117934,0.1949044164176744
444o030s_0.62663_422c0211_-0.62663.wav,6.554168051342222,6.668706449090733,3.490697498538972,3.3119730999889123,3.186978059172469,3.445015074804376,3.292807322314577,1.402229738305245,2.010983928654696,3.887189707807019,1.4843470353148256,3.546868339153374,1.8455553708445256,1.0126023359001826,0.4406374919327557
421o030r_1.4869_440c020p_-1.4869.wav,7.692074759007783,6.536636798851515,3.976606529002396,3.816978333953825,3.5098124289096075,3.694935917790854,3.422602058785957,1.4261132371181835,3.1264146818182383,3.789757508721685,1.3968359514702682,3.2658527674142253,4.791179408457214,1.192242350324885,0.3872992816730769
441o0314_0.56305_442c0215_-0.56305.wav,8.021895467778496,7.41584713562545,3.6817616291398543,4.068049900431692,3.928132908088879,4.177369634543291,3.797943831228456,1.798250196032479,5.41810161762688,3.9251078215513813,1.2806130869073535,3.536732870517277,3.7204327122781433,1.4928530791961538,0.8823290431850119
22gc010c_1.5379_443c020x_-1.5379.wav,5.971818953903567,9.295497274786024,3.241887568546402,2.8897210705539758,4.617830006508266,2.9329524294782607,4.782241227553422,0.95319978324025,2.6510817280891965,5.2971505556095435,1.7150527747815827,2.467851029709203,4.038085793890367,1.747588016708736,0.8889852753994866
441o0310_2.4113_440c0205_-2.4113.wav,7.123840413607104,8.176718588928633,3.807838287730018,3.519807650396028,3.900954304384037,3.475628302519331,4.065113328568484,1.321196705100827,2.44466768984829,5.37105541179894,1.085058659630739,2.2251140456048217,2.6010305502823665,1.575866058415226,0.9003628281666973
442o0309_0.87599_420a0114_-0.87599.wav,6.764211165332151,5.191713941773157,3.955535234601833,3.416090992510568,2.364665115092844,3.5044109534592645,2.485906958109273,1.5048742902997718,4.02357310326938,0.7304727279735248,0.935041441434606,4.749067478642022,1.9398466697123382,1.248461522483522,0.3696574376519754
421c0211_1.3276_420o030e_-1.3276.wav,5.188953844171198,9.590389722252937,3.0069632338198784,2.369266213293737,4.691886945230477,2.51712350699545,4.66662391494499,1.0349138263942037,3.627100611062015,5.6475261799492475,1.5066535053401653,1.427824824636577,3.6256477683152624,1.048897894427454,0.2588459767803389
421o030j_0.39075_051o020q_-0.39075.wav,7.765412661957503,7.76554859378222,3.3269137220366,3.8738578181920458,3.904510836630181,3.7939354553045614,4.031445528147045,0.9290051832131768,1.9909852150694836,4.513695613338528,1.7280432489820423,3.149061521099197,2.5827946536377473,1.229011503439995,0.7747226239833487
420c020n_0.70302_441o030b_-0.70302.wav,7.095492527013322,9.280735861233378,3.687289231857421,3.613480804508764,4.58489942542562,3.763326081207691,4.591710669880339,1.467421836194707,2.5167250036566795,2.9826109462190766,1.7928487480253952,1.8924973418920479,4.165533716078098,1.1145161705941995,0.6510564839195245
422c0208_1.2433_053o0209_-1.2433.wav,8.762889950431056,5.50650120536956,3.925551720835451,4.220954366021716,2.894018959397286,4.320157916596281,2.76848547560352,1.4299888743093034,3.3636327501050776,2.9450760214333283,1.0318298777386752,3.5542411007021317,1.2135646186689057,1.3467801461713356,0.8308770832479111
22ha010z_2.232_052a050w_-2.232.wav,5.8804776906345335,7.571459349873834,3.9738103216146894,3.072206201925235,3.559617654662784,2.9195505690051453,3.6344257941782594,0.9874082319031124,2.946631058942948,2.8728213280694934,1.4843524891191344,3.438944175520369,4.417964815585728,1.2717704000057632,0.5899042030178627
421c020e_1.7239_22hc010m_-1.7239.wav,7.218993139535405,5.857223333549645,3.378541794495929,3.591576264580532,2.885956641946552,3.670225711522642,2.7352441192561656,1.348970028768159,4.5362911794247,4.171771030715467,1.5659693230530678,4.370818257779714,1.2334725083016138,1.7671692998732655,0.5773849179881146
442o030q_1.8399_420a010r_-1.8399.wav,7.883485068107113,8.95082799968661,3.734764306523121,4.113128626170804,4.588607501654103,3.981470546823681,4.696153538971275,1.5534115175325445,2.9939538345201426,4.498092065689502,1.201653156554987,4.790784166825616,2.8495931790675515,1.553718639534899,0.7144439987746574
420o0313_0.045031_053c010e_-0.045031.wav,9.030158773702633,6.725470728054426,3.145416215646253,4.294815511523014,3.2919198798454863,4.456892975401747,3.3432121375715607,1.4421408682341892,5.875387316742039,4.406135285114112,1.194080845912486,3.4760343117090318,3.400685388318603,1.668479786371877,0.4072749501802598
052a050b_0.60383_443c020a_-0.60383.wav,7.224645514736277,8.848160778882113,3.337590765730612,3.5582209497942228,4.4583445980494085,3.6167088828231537,4.298722664437505,1.1760913121627463,5.1147499635003735,4.884069584940577,1.7100922011348334,2.402660954854468,4.614601718177601,1.5506748827916663,0.1128988856952229
22hc010a_1.4866_445o030p_-1.4866.wav,7.153010053231799,5.261996128544299,3.037125023021579,3.4286685391898257,2.6458718628361817,3.433344978804528,2.795798948156113,1.011395141031214,2.1742406257304907,3.1905854452319193,1.2270303246462575,2.004090637769806,2.596020341414863,1.10551346752711,0.8194048477065927
22ga010m_0.92035_442c020b_-0.92035.wav,8.844893843762462,9.605571302579785,3.5555964891839014,4.468837073604724,5.019141146907827,4.363975282288215,4.885335299793835,1.0408331542945568,3.034559184400146,3.6844704367842223,1.3228524465980938,5.531522273255342,4.794836747441158,0.9242247383323672,0.8263602284833185
446o0302_2.2307_052a0506_-2.2307.wav,6.31383860097927,5.3612913553608825,3.62987315954089,3.063728262687893,2.4445824697032945,3.135486388430976,2.5986953224763187,1.5180122538239351,1.639011802119143,1.424613583124924,1.1986663516070295,3.563370746635276,1.0627976338968304,1.1338506491222446,0.5042714486570509
053o020c_1.1772_421c0214_-1.1772.wav,5.234075788272865,8.497305733478102,3.9830892642476177,2.7638237852131318,4.435883618659417,2.625512986601561,4.37783085828207,1.2945999963559578,1.2887725752056456,4.159301621114806,1.3640286114371722,2.892037958242977,5.824214063035243,1.022585802178119,0.2613872963810695
444o030a_0.018934_423c020u_-0.018934.wav,5.289615403211416,7.531936007191611,3.440476738712741,2.7461576243317456,3.912549306870982,2.5775012757392224,3.891217732164988,1.5990941063863973,2.337998390459368,4.507204436325332,1.1346260785566205,3.694207004162446,5.4275960923446505,1.3639122443256015,0.5964491258872451
442o0309_1.3813_22go0114_-1.3813.wav,6.889110588734259,7.169422959587337,3.727991045314021,3.475472007151013,3.5895794786633,3.6446697149374567,3.57308294327512,1.5725650334348062,2.9163554927073805,5.011236835955975,1.3906286386288509,4.849172737113875,3.782034941700784,1.6616579364384003,0.7081936607140875
421a0104_2.2615_420o030x_-2.2615.wav,9.442439698078864,8.358955004339757,3.298130230556419,4.756988791219578,4.341185631423084,4.810102546686246,4.200904025429187,1.2258940658055375,5.369126304486264,3.359261423431666,1.5578754477909906,5.4885635172631915,4.113494410091372,1.195598203306541,0.3195998318090555
422a010k_2.2828_445c0213_-2.2828.wav,5.462036605265106,6.286402511795592,3.9835795954619377,2.7012509367246724,2.952264258034876,2.552979337837933,2.9749696090246696,1.3895366168598389,1.4112119338770794,2.852633120256779,1.027290043381898,3.3422953430188205,3.6492137976558254,1.3630128429468251,0.2821756052793492
423o030x_1.3183_442c020z_-1.3183.wav,7.817319737012871,7.050214971072323,3.124087121238918,3.968393341982348,3.4571724150963483,3.8209389080896976,3.4846894993422834,1.1814160443908124,4.686249072326266,4.138374687047133,1.3240657529008568,2.1614334956530556,3.75383643164688,1.0819512863986862,0.261016582753254
445c020b_2.389_441o030e_-2.389.wav,5.412360212602967,6.127318948813984,3.742950399787722,2.563905174082576,3.190841999207451,2.729655125352585,3.1530669591149554,1.4370584484624351,2.526728077085327,4.661623312417033,1.131112469496024,4.166800467857775,4.0711906525050985,1.6714037962076715,0.2638568759457598
443c0203_0.8644_441c020a_-0.8644.wav,7.736020105631375,5.809266246371491,3.910275861639296,3.8669776322533234,2.923822885245972,3.861815986300816,2.753901263869936,1.7533905258619038,3.860277242062217,1.4697456544738206,1.7294345349255082,4.758547625446555,2.9438946543024196,1.351167128475408,0.5065087170469094
422c020b_2.0537_22gc010m_-2.0537.wav,7.448933618917336,9.010882244622918,3.82465868419337,3.584977114082163,4.616981930370494,3.722836557858441,4.716454407778546,1.1220285137430035,2.9310458164078197,3.7347471705554653,1.7758736623553817,3.8746703016185147,2.6642263014774734,1.3508537895227055,0.4887227148482153
421a0108_0.09077_444c020v_-0.09077.wav,9.597585895497058,6.130471934782085,3.091831180662126,4.764599274272831,2.877208691962336,4.883446806415279,2.998762236146163,1.1315188927864852,4.014081434925958,2.841273258371222,1.0825873800225847,5.300665518048286,4.779880536597101,1.075283941862076,0.9299171033949728
442c020y_1.2023_051c0107_-1.2023.wav,8.075115478295118,8.574471726334583,3.438376502311261,4.0830762527178095,4.370722523425433,4.225308501285948,4.418366908900023,0.9665870156103852,5.486696691394738,3.7297727646978465,1.4317136539628703,2.5648461402930725,4.1130303415905844,1.5873132834032722,0.2983599510827647
441c020m_1.298_444c0202_-1.298.wav,6.520554211706651,5.372754928987594,3.2943482519670058,3.181769781023098,2.481878453118606,3.041032797469647,2.533773553660717,0.9959705211504276,2.3952719468358556,3.336235621424213,1.2854838379473423,2.166731643914387,2.9242084783472944,1.3361252502905003,0.3513684647064248
050c010d_1.794_420a010s_-1.794.wav,9.123694907713888,7.601432219665479,3.9719994579126334,4.467826777831503,3.8956538059089945,4.323962799254577,3.805082531941925,1.576725002168171,3.6079499675239166,3.6327579618069414,1.3410583785625831,5.851007255905935,3.1096001691434405,1.0815894873337415,0.5831864244843423
420o030p_2.0049_421c0206_-2.0049.wav,5.320519437147429,5.982062982803057,3.3562671876365293,2.771877390207602,2.9539826340132493,2.8636072145391704,2.835299697884673,1.1645635909088852,3.5753205483539263,4.086749944811282,1.4207337093878956,2.0975354993522726,2.4022922710080734,1.7882424148087614,0.2850895204820726
420a010r_0.21975_22ho010q_-0.21975.wav,7.193119619983567,5.303013125482647,3.625879381664065,3.4653284750053994,2.545233601586237,3.451101130531613,2.3959098503970027,0.9287593819645704,4.545631989531558,1.5915463269278438,0.9880781820350945,4.638395925580958,3.986827713968584,1.6422280833182608,0.433726041263344
421a0104_2.3142_447c0206_-2.3142.wav,6.764174288389429,7.739969008797474,3.6180409321561378,3.407776822694124,4.011569917334965,3.266638341711936,4.106332405620366,1.565949270539936,3.7347090372484115,4.565381658621313,1.5157552940694217,3.9524721696763243,4.487326056998706,0.9429219152822552,0.8852365087705177
442o030t_0.12861_447o030p_-0.12861.wav,5.713072389706882,9.836423332354316,3.043366497195217,3.044785142170684,4.796643558648425,2.921863339170475,4.914075370127161,1.5492658106530564,4.023830791844488,4.77659578513833,1.2618356571485416,2.3558215247351066,6.636417210090442,1.3730951327208234,0.110658789022702
052c010h_1.2645_22ga010c_-1.2645.wav,7.826920292745546,8.988902294027948,3.3053863578652822,3.787606548813116,4.574399556571956,3.871213890451939,4.4263799213066,1.286704645632114,4.428391003727255,3.230060882280397,1.5455899875360566,4.253733315394161,6.327869486818157,0.9317140631030688,0.8513151153533007
447c020j_0.65203_052c010d_-0.65203.wav,5.296136523463584,9.13952045991718,3.029235809076434,2.528482085707001,4.63772310480836,2.633384280488319,4.530505897560352,1.7453757674859287,3.028867090851832,3.9548687950002144,1.0951709306117725,3.778044958637217,4.462116359372736,1.6609373164281258,0.4631550321769118
443c020p_1.8845_423o030c_-1.8845.wav,6.980434667192305,9.868842474207074,3.335153776689298,3.4140263806260425,5.110653033163468,3.321149445903833,4.992865618739828,1.5233318019405806,2.037611078964626,5.052230841692533,1.0053081520884888,2.9820481548632674,4.248651956526362,1.528233745850391,0.8315141382012632
447o030q_2.386_440o0301_-2.386.wav,5.248209877127805,6.190179134975045,3.799238022977736,2.5923679420196226,3.038854502881584,2.468024636252011,3.15478009242411,1.7958621817860387,1.603402070241641,2.6936193682841374,1.5745060883573117,1.736197167342765,3.2193578668578273,0.9030697122281178,0.9073720622703816
050c010c_1.7014_446o030u_-1.7014.wav,5.045082100820728,8.07088864278736,3.7701041677826552,2.372748553866051,3.941690242651627,2.533645321503109,3.996574030457741,1.7049795268008876,1.833579771630496,4.439924247973993,1.7374590430287942,0.9630814716075158,4.827988614891218,1.1250660223418454,0.4624681859023839
441c020m_0.2414_22gc010o_-0.2414.wav,9.62467547387877,9.891690681020355,3.500919422357601,4.590508670872399,4.805473783369881,4.760101705315883,4.817229746463196,1.7797714855959923,6.231761572907295,3.868080047292751,1.0978090217858505,3.9127889710077324,3.648677686086974,1.2320630840816214,0.7195268196085125
446o030d_1.813_422o030d_-1.813.wav,5.44054654494842,8.953913564324374,3.185559239071752,2.7389009546668603,4.285182870514696,2.9081507785160188,4.301135836603445,0.941153523357446,3.4832329691735278,3.0116287348321524,1.316679116838955,2.1774138592864274,4.703709518893623,1.3135984819665698,0.8806564770861888
447c020g_2.2915_22gc010l_-2.2915.wav,6.645999413907742,8.243969074301035,3.645111409754581,3.4221780380589317,4.266889961480917,3.444902790357522,4.118621334883892,1.0099531630884642,2.7075391962315174,5.416281456627322,1.2707496047443168,3.676688195443019,5.488383038986996,1.3636388915052071,0.4372044987092867
050a050l_1.2369_445o0305_-1.2369.wav,7.847531434194085,5.617568021878222,3.066596169069242,3.736109858602744,2.90438058519997,3.831191171906641,3.0203958594547258,1.7748619644883163,5.072891324936091,1.4504812439839188,1.2335863798558473,5.404723284454217,3.428254408741734,1.6313224036582883,0.5550330829624475
423o030s_1.1394_443c0206_-1.1394.wav,8.568800750273326,8.5257635325444,3.9250940639687606,4.514306724299066,4.115560093983278,4.369482951990296,4.1546251035731565,1.6688081661175378,3.90875803864293,4.767628770575412,1.4940464425553408,4.749919180027578,3.364552348041061,1.5947298425626784,0.5535806184843493
446o030u_1.5639_423o0302_-1.5639.wav,6.604708270879686,6.25854909173828,3.5091027572161133,3.2966227828083468,3.074947599470523,3.260463514171349,2.929371134024911,1.5547856183181632,2.3030760154179752,3.2921690868205946,1.0327846220815358,2.5756131540453975,1.7436138639826344,0.9537306813978006,0.2043657647500725
447c020f_0.48783_442o030h_-0.48783.wav,9.187803539436604,9.503077434359009,3.800717062056579,4.570457404898559,4.999619516021034,4.572082907548132,4.84962832380917,0.9198239028692656,5.014234881394285,6.741275944625398,1.692771356075042,3.2195412330330804,6.414050290564308,1.636343793378972,0.2905927461814657
441c020d_0.24661_422a010a_-0.24661.wav,7.560460964568421,9.869982444236832,3.2836696847465325,3.9136536663755415,5.063166142977768,4.013607904944668,4.951321830685788,1.5552572949873182,2.415887476886985,5.4031847983869525,1.441660957438556,2.1059540291753165,4.723022510278916,1.1380483059958109,0.7540600091831557
440o030y_0.33054_446c0213_-0.33054.wav,5.994457392021035,6.876939459281146,3.770209773219164,2.9231697365597404,3.5537724537752178,2.889386947098022,3.7203819467106,1.3361955445798814,3.406262247788439,4.311088099336576,1.1215136319444774,3.7132348298117996,3.779406925299485,1.380630264180045,0.7113966862806058
440o0310_0.43605_443c020e_-0.43605.wav,7.934740024974882,8.22470281017053,3.864701374368505,3.87650686004154,3.885845082251727,3.7268349324557377,3.9664572035037473,1.1891705329351543,4.747082752407765,2.961079754358696,1.1331765223823969,2.2660171817441226,2.821978840474474,1.79720195566625,0.943811445548964
22gc010l_0.11746_444o030o_-0.11746.wav,5.980207323704413,7.188280735162404,3.747740763725023,3.0981536133601537,3.712222382924531,3.0562013429531216,3.5682084703754464,1.2404402552113896,1.9433754028936086,2.8836075871106237,1.4478636741703728,4.104291279768559,2.2624232584928885,1.1211869191827504,0.5243212227769776
443o030f_1.1891_445c0201_-1.1891.wav,7.588637616404295,6.115806617970398,3.454237456267732,3.723046864381472,3.2037155219312696,3.8662800196741154,3.248260591522791,1.3462819213355242,4.325280537814542,1.6243258823592206,1.4014556989474736,5.241134973453824,3.1944185929067315,0.9193945346917956,0.3482928387173639
051o020x_0.61726_423c020s_-0.61726.wav,7.460164013298131,6.817731219302428,3.205899395699406,3.8810365861852,3.318660253122101,3.976770244128116,3.178178700109369,1.390075795560147,4.724487708087856,1.611739595724994,1.7230252180683183,3.7835564531892882,2.1904106229512754,1.6491413396767836,0.1796473643983894
421o030s_2.0051_051o0213_-2.0051.wav,6.391322289066219,9.231402095858687,3.876815816018888,3.228312088990136,4.554650003375673,3.233998539356313,4.724554871705668,0.9401142646292928,1.6570717038458667,4.505748999945491,1.0690970696557074,3.6808520059010945,3.7739959674841126,1.4648422237533874,0.4524105897035855
420a0114_0.39756_444o0314_-0.39756.wav,5.85511588213301,7.494863663409257,3.670942565392824,3.1268307198396883,3.541003213786457,3.001040668337504,3.6227152872094086,1.3435972248384886,1.3852938968953206,2.744911348987142,1.4529201359720072,2.2059711679072236,4.600559293378718,1.312831914629956,0.5321540506876565
446c0203_0.72411_22go010d_-0.72411.wav,8.243951874780278,7.394380911600239,3.94906019024344,4.235126646785873,3.852591851521781,4.368929041267804,3.784791267225612,1.4795262519862664,4.9476999831010655,2.5777457026926687,0.9072337467753944,4.834200902931629,3.4502511625225014,1.6238662803705983,0.3774471829618885
423o030s_0.48595_22ga010c_-0.48595.wav,8.535682261079879,8.30404547129679,3.805024665999609,4.170278370425249,4.0760339100485705,4.15060899315184,4.224738703507546,1.3673253972200596,3.984570391851726,2.3223850462525206,1.0283864201827004,2.838098460448108,5.47304931734437,1.455864564215248,0.8620566920605675
420o030q_2.1548_440o0306_-2.1548.wav,8.546902739331157,6.539914828950144,3.395199462974098,4.1127155215108,3.0768217222641363,4.248496856932214,3.179112625824411,1.1543612876530402,3.14665543629011,4.6845792861455005,1.5648834518033483,4.408464650190422,4.261611213765147,1.577197873244188,0.5503925047704691
421c020q_1.129_444c020e_-1.129.wav,9.039849919732813,6.001500628958946,3.390691798280204,4.76311004159798,3.037357407891441,4.593524410106303,3.0254951319053967,1.685998216028758,3.1876356804321406,2.9404509853965157,1.6535234323776526,6.576732327380701,2.548655604184086,1.490327369375255,0.4053565003420635
444c020l_0.75853_22go010b_-0.75853.wav,7.170981311518809,9.79081185869083,3.0459233024529127,3.469110442421492,4.82451638923608,3.339910917709961,4.900723231542496,1.783889713242326,2.2831964307292187,4.470449748204977,1.6729380531780265,5.121335578068438,4.917894791376969,1.214765110964986,0.2599848868275173
051a050m_1.4025_444c020v_-1.4025.wav,9.16549242217482,7.032015667152846,3.37776594344351,4.619745438552194,3.464284317495373,4.451961089576212,3.4916414415895787,1.541099264513452,5.939455454203752,2.316852937570547,1.4387184728928202,6.007225790560105,2.861474761133015,1.4551244641029115,0.7449503803044639
051c010v_0.44993_050o0210_-0.44993.wav,5.479656770022209,8.173311180181056,3.34877965941861,2.7315372265193334,4.094262848008975,2.833386682270916,4.204384091931781,1.7450199826718062,1.8380665774265919,5.311139174269946,1.1524151859619325,1.6305528631762651,3.381577933026688,1.3556566883643342,0.8935494564677686
053c010c_1.5912_22ha0110_-1.5912.wav,6.312405955323177,5.30115035515419,3.3873609791643573,2.938015853058543,2.775566070685814,3.0877968789997343,2.6951568406932056,0.993424177223642,3.0032819125348142,1.9405286347524284,1.462029908371817,3.585212021611461,3.877292674265294,0.9154259371471664,0.7626294275136509
051c0111_0.10133_447c020q_-0.10133.wav,5.10346819486205,8.96486106440167,3.499379419650222,2.6878567924949923,4.248903220274418,2.687001767375905,4.418901070060954,1.6863316525370124,3.069339061759515,3.3329768422057158,1.7307584591181424,3.7704871728294136,4.146034886733111,1.012537084358599,0.947744914017702
053c010z_0.084149_22hc0112_-0.084149.wav,9.763953235365882,5.01151985139315,3.654219815958833,4.82831900445858,2.536104791126601,4.692297378956885,2.434133631498612,1.2237025783283246,5.900826869876795,3.7988820534876817,1.3463465205366805,3.8497458492127707,3.1592256678926565,1.5665781757731705,0.4685050758798092
445c0212_0.044768_420c020y_-0.044768.wav,5.72239509788855,5.790764910577753,3.698567424835941,2.837327882645604,2.8258134135156388,2.676752504723256,2.769996319314176,1.179862486890876,1.4384544762286062,1.8172688298347042,0.9634096542647738,2.425267374323523,1.9807725600890418,1.4799780278559658,0.4079123379062899
423c020q_1.5678_22ga010q_-1.5678.wav,7.809600601078606,6.712266576961999,3.516757136610488,4.049811325510105,3.1243320033809283,3.9634491594092807,3.259022672197939,1.759403193324776,5.468220140366704,3.5352210653617093,1.3513214429964022,4.363476488222564,2.4825728506872147,1.7021879893649934,0.6537586551185743
440o0312_1.8495_420c020o_-1.8495.wav,8.005538502336115,8.09827182502927,3.729551678724466,3.980068066974656,4.055096375648022,4.015138841497732,4.200938896108797,0.9775061007392764,4.824593597085711,2.6289261175987186,1.0735785649789766,3.0888448457598217,4.679534305325308,1.6265522062004476,0.4415342732977513
440c020w_0.32592_445c020v_-0.32592.wav,7.79975406457514,5.97250278269771,3.0618308702940085,3.9471583709051528,3.166419986428868,3.896223929519225,3.004229719517738,1.6463525502356038,3.140811787321583,1.4389694017401866,1.2675458044771826,4.796816050189212,3.937929557933206,1.7070500473868329,0.90768888293379
053o020f_1.3996_443c020v_-1.3996.wav,5.80825833377454,9.248684276609412,3.583857684939837,3.1219056134872165,4.520462576728328,2.9831688829985,4.463435218265031,0.9471225267070532,1.7298534020385865,3.25211898227518,1.775622553730681,2.3101465357631574,3.948526616539908,1.766730445697907,0.5587229083854421
050a0514_1.5211_422a0110_-1.5211.wav,8.315310607997542,6.386521410499199,3.8364442192954287,4.106260978780384,3.020847760153788,3.957725130005769,3.103534528314146,1.4538773878590825,3.58918393966326,1.7954432052690754,1.053473975965582,3.43580688949866,3.0869034269303577,1.4080318747306544,0.9851166916836768
441c0202_1.4622_052c010t_-1.4622.wav,7.371985076434557,5.334331182998268,3.936318814056703,3.5865107501807425,2.903293346090839,3.739936818878736,2.830078310450075,1.7349796540180509,3.4741656849043,3.6241753493579285,0.9245038174088014,2.7529727352741094,3.5002742161707583,1.7243347048708415,0.1835250402127602
445o030r_0.72489_446c020y_-0.72489.wav,9.133156391294142,7.236119517685545,3.657531386667452,4.446888324900893,3.739383785051614,4.314445256174878,3.809802770747491,1.7276408045105422,5.144334748193768,4.657505686536407,0.9739769473960168,3.070688320463336,3.1773427775019467,0.9947457041632352,0.5589661244661286
440c0211_0.079612_447o030f_-0.079612.wav,5.910016477598907,5.441250915892677,3.574831164877481,2.822765069637731,2.8182017888452866,2.921000733581088,2.679458304927634,1.3733679267673833,3.3135052066175343,1.2581468501323116,1.4114150258885585,1.6211963013682342,3.2354951831858068,1.6933138485208563,0.7937550884325846
441o030z_1.0677_447o030y_-1.0677.wav,5.849239030063283,6.343915927434215,3.2247861771433755,2.9611195227959564,3.2750408961647213,2.950655963073294,3.1053632196190715,1.6998036370229346,2.0330921677803846,4.59782589792224,1.1448587788220588,3.569742368238488,2.922161594998178,1.4848724265734994,0.1013606547434025
440o0306_0.29516_420o030f_-0.29516.wav,5.134987244099841,9.082965751101156,3.965256265502136,2.731133693006738,4.800321181833755,2.678750787685896,4.65976503209228,1.7073909043896212,4.179033824502204,4.861945090574856,1.4006097412221885,3.9348066302965283,5.008666367876428,1.5146518385241716,0.2246019603494928
444o0307_0.49166_22ga0112_-0.49166.wav,5.299388639582455,7.635294913108268,3.650924225191576,2.4655670926972166,3.993204132489936,2.6297418444674023,3.9490832657577646,1.6946735696375443,1.7040231303984277,4.123243998126982,1.3667657754618705,1.890218335959216,5.153714941126547,0.9097864700814324,0.6568502525757794
051a050h_0.07591_447o030t_-0.07591.wav,5.830208636832973,8.237523073123377,3.519640536636857,2.8258257778703864,3.901470673684096,2.965093888059904,3.998961152625583,1.3399899650033424,3.6499770102353777,2.407335302492262,1.2039170347724857,2.96526697326958,3.2388468778432116,1.4441544186802329,0.7404002448924155
052o020c_2.2312_443c020t_-2.2312.wav,6.972271489132616,6.248921501210341,3.764654359710889,3.677768535440101,3.146421732790701,3.570719946848697,3.2514959907256884,1.2805200166205948,2.4376128491485396,1.6785340216170113,1.3808199979576612,4.359151201083151,4.695733574648214,1.4349527214595916,0.5642805634730169
053o020x_2.2849_445o030g_-2.2849.wav,8.298968466893044,8.399406231841796,3.483908604816224,4.076804279073124,4.324475676768869,3.952328121994469,4.2086927491891535,0.901430635392727,2.3537435054319022,3.548312975559758,1.7312169183630246,4.135643235403398,3.459888604163082,1.6601275017084425,0.6808706981726562
050a050o_1.65_052a0511_-1.65.wav,8.839824213041833,5.447781946107457,3.293155138607688,4.458616770156768,2.805357171548763,4.508720040927594,2.642908218772621,0.929502877711107,4.632288278662561,1.8780498716052392,1.0964942811644616,2.7373729270421197,3.3628281200325154,0.9026263189307694,0.7503757565106128
421o0303_0.7698_22go0111_-0.7698.wav,7.287261221375997,6.633591830938723,3.957997608986158,3.518479171717229,3.3961961290520137,3.4968373343549453,3.247765569949164,1.3766402728841778,3.1801968220019727,2.547366821264505,1.2872868411475076,2.87834627225546,1.518843764975964,0.9524663746533178,0.458288198043086
442o030r_1.9314_445c0212_-1.9314.wav,9.387022466954605,5.250096319559228,3.414859117805288,4.885453730770415,2.631851453236187,4.879477410748558,2.781732351281923,1.1398882427874533,6.048585744361137,4.248623156287801,1.1270103311905455,5.687495474642713,1.541835426682799,1.677019039662365,0.5716195617888611
423o030s_1.1818_052o020g_-1.1818.wav,9.038066881139152,6.995790204693767,3.2139968450406133,4.556681139440342,3.500482104313701,4.453501230180541,3.365375086268229,1.6031663913385843,5.736975378483354,2.629720381923461,1.232964924210124,2.6176555435339166,2.9121052684205426,1.1822141591530368,0.4194577964193119
22go010m_0.96217_446o0314_-0.96217.wav,7.369947845977918,5.73595469390967,3.917115358613684,3.7298207197517614,3.0025740118198945,3.879436602787762,2.991846125571538,1.6790741425599895,4.990985111543929,2.450996548358477,1.2396903649077795,4.576424063818251,2.1928005101089068,1.2849478049439345,0.5364125127461558
445o030n_0.31277_440c020f_-0.31277.wav,5.643271779768932,6.708022291629366,3.816303194884554,2.9678755243709847,3.5551948176523758,2.903323020891395,3.419795503420296,1.228279712822696,3.182441135830719,2.7809532602112155,1.2091371459116758,3.8474734652219964,2.53839928223373,1.7030295186422202,0.4523581416843093
421o030t_0.55769_447c020s_-0.55769.wav,6.747593253924647,5.144592446087609,3.776073648779244,3.2068274972692805,2.382435907894843,3.347923042401203,2.4333480591352457,1.5487174788964402,3.5179887685729136,3.2160577727584,1.7012329922745109,3.286613686170039,4.32125158719792,1.2736087940271077,0.2956823110664548
447c0216_1.4186_442o030z_-1.4186.wav,7.544616464933011,5.378862512717065,3.078837159514421,3.8586547820253614,2.6037568276740704,4.026310292143661,2.5756209088695767,1.6519466270037504,4.225019396218709,1.8599865422610196,1.0598943442604638,5.005656096017914,2.3795420208940645,1.362768447996365,0.9625475201163418
445c020z_1.0884_441c020w_-1.0884.wav,5.258690144338406,9.771725483772526,3.554887279409554,2.8363460454841194,4.9406324780513895,2.7367677830816,5.05281166354003,1.4483707763463065,3.638330865959127,6.160768316041994,1.4471744228577532,2.469164959790485,4.166049047843665,1.6628292272529248,0.4103657549591774
420a0108_1.2469_421c0204_-1.2469.wav,6.13975351694803,5.143859523779259,3.3180835980037044,3.0645848319380287,2.628635421409147,3.0541813944932192,2.4689740031224114,1.133888495652664,2.3397561508148415,1.9129068178749549,1.4696341901397507,3.1206522095931524,4.301804265103484,1.658939142198772,0.8298302122964853
050a0514_1.5445_447o0305_-1.5445.wav,6.3262271460246735,6.914002764480731,3.742932962549831,3.1538013328576056,3.469001824864085,3.197496102605943,3.3047131548450004,0.9942578628151482,4.04078647259696,3.7509822221595988,1.7849968631778237,3.50485124638453,2.6503398664501767,1.4993938635539026,0.2238252260910053
22gc010j_0.28772_444o030y_-0.28772.wav,9.324394109474182,7.147818553681836,3.0749076751232347,4.560617272510401,3.455186834967792,4.720018423001706,3.4690169912231785,1.7655875310165503,5.795016067443282,4.068078535074547,1.4353092360869932,3.096528657521058,2.63639517925599,1.5009915550781554,0.9234376675659434
447o030i_1.1068_052c010k_-1.1068.wav,8.566559326764988,6.867689464065374,3.2856063576089327,4.184010008603263,3.5576847480187754,4.066955693030547,3.43440341445281,1.643595875158749,5.69334359469798,4.579482568841224,1.154832834534262,4.386074534817199,4.903874172178513,1.3218891626407925,0.6387002425009014
440o0307_2.463_445c0205_-2.463.wav,8.412702920182106,8.564235590925684,3.4584540301837863,4.333170028980308,4.132860870483308,4.166815898037171,4.097842259457829,0.9349984057521088,3.7197328033172257,3.4229122013411075,1.754233510349215,3.3218447700708875,4.658048227786669,1.1482687740850477,0.1644350081046039
446c020t_1.0881_447o030h_-1.0881.wav,9.743142938531095,6.948282345339315,3.843206264571715,5.039825214130906,3.572024271247093,4.895754769995468,3.481781780553312,1.4078737035302276,5.393555710776561,1.9451781840617277,1.4249708476197056,5.288900986020287,2.3006015873765353,1.5010511905573414,0.2203658565673886
442o030r_1.803_423o030h_-1.803.wav,8.367164049254814,5.717609553603844,3.0248339200849315,4.104692549170327,2.791356623918478,4.273353458794562,2.77006114165755,1.0061887519779205,3.3743149450852004,2.5008268133607716,1.2831197806448325,3.5394293051748957,3.6165717275812748,1.4191899553300569,0.8106789267191781
22hc010e_0.59791_447o0311_-0.59791.wav,8.944466090183788,9.308491874153493,3.0829808330784907,4.605070514462753,4.756351595844186,4.713986521211169,4.859488899832505,1.4216002699089385,6.4390396082061025,4.279010449526747,1.55889113513463,4.858000092771266,3.146021951829424,1.13436300096949,0.286089813103663
050c0103_0.098908_22ho0113_-0.098908.wav,5.254020486522905,9.895408627314607,3.295263471992706,2.7075208956217285,4.989112128913208,2.7250632356937574,5.148147553598394,1.2745040164102337,3.3241250420316,4.6518379321838665,0.9422906507495802,2.1254736773340883,6.916867236827651,1.7328481130378086,0.9266222919038716
421a010w_1.1842_420c020g_-1.1842.wav,6.267716898261366,9.863758201887196,3.9357765646689615,3.097186683162169,4.859405179332952,3.1122483369856933,4.710163273073014,1.677485213774679,2.3810350730968453,3.544465912753888,1.739181603568413,2.9933363335056167,3.2545329371326335,1.165248936534954,0.5906932373818142
446c020h_1.4143_22gc010m_-1.4143.wav,8.240371120775116,7.8531949803547265,3.5365163564706945,3.90228880713326,4.0579025247963445,3.941210671713807,3.892418119314821,1.1611143426629502,2.507763372648302,4.68107292355175,1.6958132939621793,3.8569881731133218,2.43317645018839,1.060589180347471,0.8354536381592648
442o030f_0.64577_22hc0107_-0.64577.wav,9.85795243003583,7.789545058216262,3.890038278542344,4.873331123183137,3.854355666143829,4.726795270917107,3.822305018714048,1.1043581841332728,3.5307853662573514,4.3771960629380615,1.21012180714087,4.158593035338775,4.8885936151431,1.1646378701096314,0.3125527201880244
422o030n_1.3386_443o0306_-1.3386.wav,8.41275370528504,5.141477653526023,3.3313303413792905,4.446651429814796,2.485444945818171,4.344805430703502,2.6215603103624505,1.74891807434764,4.68937431010174,2.040428521193579,0.9218667087054694,3.098956229819987,2.181430285387258,1.4077750790787067,0.7683352906180994
421a010h_1.9596_050a050f_-1.9596.wav,6.115057959450675,8.79461957265828,3.2858959990556067,3.2121036883532463,4.6237362055088695,3.172562071711577,4.458398791251348,1.768101977097671,1.8578183000548547,5.4955096796799685,0.9518605310945956,4.788190217031084,3.9661953961298684,1.2507058849705393,0.6212677851705565
421o0304_1.3861_440c020i_-1.3861.wav,6.419910099637178,7.206777627677487,3.779809910913588,3.018188212699385,3.4971062471558225,3.168106984463125,3.502042021953323,0.9981523786525291,2.3571395118444345,2.8285538374941717,1.407300223847144,2.5913531257790994,5.343099360738468,1.3745918553576166,0.3508079238908342
423c020j_0.00055322_440o030i_-0.00055322.wav,9.862431069687348,6.569931319493553,3.3446158303790066,4.871273329862738,3.1415451350984624,4.777247632467436,3.258417579367105,1.794745294894057,5.525088327214192,1.6139097166098149,1.7798342551410402,4.074770296064396,1.4987748410328112,1.4692546308861356,0.6332635624764266
420o030u_2.2706_423a010x_-2.2706.wav,9.950950070696791,5.798355936571341,3.0103594024123344,5.081462229663957,2.85940731070375,5.168757265436897,2.981389181198513,0.9373372783959052,5.794483308464896,3.655836426035611,1.7632485674110976,4.202742600323895,4.595838634018464,1.4051467923484933,0.4762590721272601
442c0204_0.64733_443c020n_-0.64733.wav,6.670018052872413,7.707326511238964,3.023938590041836,3.4623715522101763,3.796629109301204,3.3667780155652745,3.912222689363938,1.372129482099723,4.309040849372206,4.78111690425056,1.0424288703133169,2.2270538161141173,4.259258026228601,1.231613287193268,0.2791250385201475
445o0303_1.3392_052o020k_-1.3392.wav,9.750302727335932,8.931432098581023,3.024067455174939,5.139230749033451,4.416554412481724,4.970901208414614,4.440327627557758,1.385816403669505,3.6672186638566386,3.6722016979384455,1.796981844496758,6.528215227429056,5.693110607412689,1.6220545462203884,0.8600906554310117
421c020d_1.4369_446o030b_-1.4369.wav,7.264949540508409,8.380160824446886,3.588763540701198,3.473207079105537,4.396193526627855,3.548747919949917,4.266603475449055,1.0330969275579671,2.3241742320789047,4.015805944260425,1.2337285629971528,3.0089372918227157,2.589609846683498,1.134342178726887,0.430624252902185
053a050s_2.3345_051o020p_-2.3345.wav,5.190246334466449,7.467945036128193,3.423585336170271,2.7133619950781944,3.92985846514128,2.6359322004401444,3.801388130424235,0.961272909704274,3.301583422044443,4.153713727953637,1.4480860960808568,3.930786312023933,5.286281973848495,1.1690102554085795,0.3558889063976106
446c0212_2.3075_440c0204_-2.3075.wav,6.95323523250457,9.871253384421824,3.2792702383077783,3.2711015357342617,4.769250144876698,3.4132397525779417,4.862506390310979,1.6688432352284266,1.8447348074814371,5.046825620851886,1.6303200664349848,3.2856859129558003,3.2963447743540435,1.5228188676686076,0.434238355110803
420o0314_1.288_052a0513_-1.288.wav,6.825608800556857,5.177494433258109,3.7358127575310256,3.306818598944472,2.41999541883544,3.1577390028197057,2.4365868027221627,1.694559269379993,2.231105940437922,1.7582964734227373,1.1661413009873778,3.135697850941771,1.7618285702017733,1.2555636013187117,0.4169041577687505
050o020j_0.79957_22gc0107_-0.79957.wav,8.159774873351568,5.514972759904616,3.3078554622257927,4.14606753185758,2.7908742371570963,4.24239939645829,2.930946260996799,1.504834600062087,4.764751132208012,3.7647546298496497,1.246154837476669,5.5358083564883875,3.618780871378695,1.4681930713962554,0.8845431817282998
051o0203_0.57693_22ha010m_-0.57693.wav,7.350592857349464,6.0537474522067685,3.532473130678317,3.642638018013401,3.0977501959797253,3.790142545802037,3.070502915714504,1.492022154717464,3.021360770754278,3.54051147355157,1.185922691790697,2.3018566838948282,3.669818728323517,1.0494419395480532,0.3988071653657951
442c0210_2.2074_441o030m_-2.2074.wav,9.360729442702974,6.27367994611567,3.152976662394022,4.794643358503058,3.1570345769926926,4.821484895463335,3.3046134775632354,1.5085948012527604,3.6434058025371963,3.95067222896572,1.2129460006420516,5.051937724944761,2.0082113009199416,1.5939558927765436,0.2012588349986654
446o0314_1.1616_052o020r_-1.1616.wav,5.69834881629675,5.510942081338956,3.9915013166835687,2.78384961500817,2.6988618030247395,2.656226977706959,2.811167023064965,1.55724128979364,2.275623410030933,3.2560046875365933,1.10461774171722,2.578419005679247,2.031912018354007,1.2778672881061603,0.9906620236144956
423a010i_0.69398_445o030y_-0.69398.wav,8.689322061130003,9.19124108044348,3.1326996572566164,4.457430033939481,4.644567407856868,4.287687150502965,4.653913718501026,1.5408820703373365,5.370465822662554,5.622958261890835,1.598750556163318,3.708218843556174,5.217147554179042,1.4581257494972286,0.5044685737714706
445o030b_1.881_050a050z_-1.881.wav,9.135694571407187,8.298289647957606,3.962222568954656,4.697130551484081,4.251307250853684,4.542179010118764,4.181378574128664,1.4371001313653444,5.397174466245878,4.709874505747269,1.3511808635480982,2.923939184572965,4.526921990000184,1.5888818127720372,0.5296908606162216
050a0513_2.0868_446o0311_-2.0868.wav,7.231148950949054,9.061981350189694,3.4756876582253846,3.524160504059212,4.417241017707753,3.617184617608224,4.2749507710342,1.3387723196962218,5.434583807327357,4.285969676124145,1.0348581694408137,4.411234824980899,2.734737302508777,1.5958273891918502,0.6430135149212806
441c0202_0.2933_442o030u_-0.2933.wav,9.403383298208256,5.090677994632192,3.569132916565691,4.81152518285665,2.349145855237343,4.740957854924748,2.5038075900929675,1.152544609167319,5.2110258466010455,3.0826344301619466,0.9522353131398076,5.80198667931655,2.6312437480832562,1.6638093402762335,0.1795532970222129
423c020u_2.4812_442o030b_-2.4812.wav,8.545097958424336,7.361847577776456,3.334072440977425,4.365309172176962,3.683001174171781,4.237264476988779,3.761132832506704,1.5283375473880565,5.319190143838967,4.900394930025797,0.9710368719880303,5.586366002666178,4.689014177021646,1.130739640011062,0.4922484142426387
440o0312_2.219_422a010o_-2.219.wav,5.589634643335341,5.678083163226068,3.407588005824683,2.874441689780664,2.9161610968447453,2.7178565541139825,2.849971254057148,1.2067974634639174,1.2009138443856393,2.099830088357361,1.6164339788381603,2.9406134833556243,3.8129782196323254,1.624769486944076,0.8521289882978498
050o020v_0.4014_446o0307_-0.4014.wav,6.206384701221205,5.595916955534143,3.925762357178667,3.2565334075408736,2.9986112953974757,3.2058259725887903,2.836349913545292,1.4936347769620222,4.172012636544436,3.181857326277595,1.0804886328805,1.8578333298654877,1.7773525544379056,1.7933477702796532,0.6215529175423541
446o030q_0.91764_423c0203_-0.91764.wav,7.923165056939191,8.248465338512704,3.5743427599746846,3.695042679452326,3.975087502929993,3.864741143630445,3.985208335681668,0.9892021651641676,3.1122440998298666,4.495900007472608,1.3462775769699802,4.422461347077265,3.571867536455062,0.9201441084867968,0.6575858508212669
22ga010u_0.69379_445c020s_-0.69379.wav,5.541960059525415,7.887936975418261,3.984915957898868,2.5173623707928345,4.047440171389057,2.6858573081648127,4.070011305166806,0.9631321288548732,4.249596676243475,4.576800219589105,1.1077414285485343,2.7232871151258875,4.846750370480952,1.2710188894350267,0.1486547026383815
422c0211_0.31684_053o0209_-0.31684.wav,7.240395586272688,5.025445982882965,3.946920944491725,3.8299072677962736,2.467150387079602,3.792717095852508,2.301268226764537,1.5547394820423686,3.5695712224723186,0.5688765875953149,0.9508347314188896,2.1442711569745283,3.0413118415680636,1.1545354478416106,0.9612346706785936
441o030c_1.8729_052c010h_-1.8729.wav,5.892735831876459,7.573958933030774,3.346886708948433,3.06397047941632,3.95010286744436,2.91553908710689,3.971738989487926,1.4835133059422412,2.726053050553987,5.2048676755387175,1.2837331835160688,3.1820881823712015,3.001908936457162,0.91946576107947,0.4807084878181567
051o0212_1.2367_444c020h_-1.2367.wav,8.698518520248244,8.439718852480715,3.2755341132956715,4.267254597368153,4.153197951902019,4.283353337360888,4.3224339722128455,0.9096946836590784,5.383348630525641,3.6136926387964308,0.910963239608386,5.947267580800205,4.869131584292934,1.5944135854137196,0.5028636031540946
051c010l_1.9798_442c020h_-1.9798.wav,8.224334226031516,8.328183791153808,3.8455871338037415,4.011616184317103,3.906028180421216,3.976348846541117,4.072329758544199,1.2501105391506746,3.4990173261189,4.486038209295232,1.7309558807848018,5.531802185163283,3.7029844046515743,1.7037292776552204,0.6013659570815653
444o0305_1.7229_441c020k_-1.7229.wav,8.244643338172205,8.00034673722501,3.167513135299853,4.248337599561271,3.792075749526437,4.3717383019116784,3.9090042176572815,1.6756379113661564,4.539007436882322,3.1969245569680016,0.9279755248084468,2.8197175309155234,5.052299248772648,1.44673566365505,0.5500061880319101
422a010p_0.86915_051a050o_-0.86915.wav,8.877997168753406,8.493597972104784,3.3519773302520104,4.327060838976162,4.124773060358715,4.162694026174717,4.168172954938017,1.663936903909641,5.7950951148009935,3.8692181711289932,1.7026727292684574,4.788116302306517,3.3807915508850086,1.5679192436145035,0.1568518336925962
444o0304_1.9034_051o020y_-1.9034.wav,9.06649348685363,9.137269451011676,3.789666065298425,4.367881122531489,4.590939364410768,4.505215420649679,4.530612831604846,1.4246259232683856,4.931043171962463,3.238020089456937,1.7873043161791928,4.318553188899356,6.132535649203193,0.9682498471171797,0.4116825652433737
422o030b_2.4368_446c0209_-2.4368.wav,6.455513097115277,5.05669245608178,3.996537478058781,3.44516316724754,2.4603619133738204,3.3273057300256053,2.582875686034194,1.6630947809837942,3.2926917787472223,4.108017618583362,1.0069133748097296,3.3917047571587964,1.6443786853588809,1.721213132098283,0.6001452394184468
446c020m_1.5502_053a0509_-1.5502.wav,7.581427917552553,8.572283913267784,3.732703573869534,3.811386263625568,4.198169401918681,3.89998112326322,4.077128289705578,1.1271351821544922,2.554981843858227,3.9806405469467614,1.7190910905778978,3.073926288698601,3.412020348280049,1.6261092627315232,0.242525702050019
053a050n_2.2668_422a010f_-2.2668.wav,9.343277496949806,6.295912707951646,3.4779614958482723,4.597433474400162,3.233356191572385,4.667998843557106,3.10099105765962,1.6599637640223253,3.349242552127752,2.989411777536067,1.1081840070136069,5.884240770143714,3.876050755695168,1.5659413952094956,0.4687376313373567
441o0312_2.4746_444c020f_-2.4746.wav,6.596336096354183,7.132590339109391,3.8837639818068808,3.206405553540426,3.323427850908874,3.1368772145623307,3.456340642162941,1.325649873512589,1.5411027292431836,2.8908960269001285,0.9135122386466888,2.1314694097189193,4.228369484989091,1.4353471633949373,0.5591618447355986
421o030i_1.6452_22gc010w_-1.6452.wav,9.112679795978485,5.448605824973067,3.2296334687209995,4.385928579065676,2.8667971812742006,4.350366665380055,2.700558346175369,0.9360609521736388,4.2340595539182955,3.558846312658689,1.0090427808083486,3.6822198410218117,3.3196239494655386,0.9366445229895084,0.9733227186026524
421o030t_1.2624_050o0212_-1.2624.wav,6.547902861714283,5.007441507381095,3.0958608898501443,3.385712038652057,2.2578434565943324,3.488561991083466,2.393201822737164,0.9347233794640494,1.841677116502061,1.8187726678745173,1.490633087840266,1.8204421849041215,2.501368467090338,1.7811047035137098,0.7201734612303093
441c0215_2.3037_052a050j_-2.3037.wav,7.372704856345967,7.629812472173879,3.138149166199533,3.738711851890411,3.8155749576747735,3.848447471380164,3.945413680000589,1.7898041261698414,4.921708727122521,2.4524106522992084,1.375250970440372,4.4524511942044445,2.89454066861166,1.6021353859817835,0.5619717669388593
445o030v_0.3929_441c0206_-0.3929.wav,6.567888134898223,8.05155147153382,3.4889937215625,3.308953612123989,4.015334206970948,3.304719025513462,4.165274422644522,1.6145774199363592,3.605066260974798,2.4160283821337756,1.0265731808887717,4.037759808025116,3.8340382486125715,1.3528166774358152,0.547230471141587
22ha010t_2.0773_420a010l_-2.0773.wav,6.684445199453563,9.4943637787683,3.05013056705536,3.4024499311894485,4.565637991029852,3.2595364011529093,4.611198093449571,1.2400107972877146,2.608421045373163,5.4954805079199485,1.660119674528758,2.0156068105977303,4.569517068765722,1.505902902795067,0.404001733925555
422a0114_0.19876_22ha010z_-0.19876.wav,9.21052187383158,6.793549657860704,3.035554299435704,4.700702444669326,3.4037443437570305,4.600601059953488,3.541147810882034,1.5677572954770458,5.969505704656705,3.326117779418503,1.4125151904720026,6.495933672133751,4.039432747899113,1.0511937405878202,0.6496178722016994
445c0215_1.5192_440c020r_-1.5192.wav,5.995374040462337,6.608917546099382,3.1092072077440847,2.930636894004392,3.306136827632592,2.7612795767344567,3.320905005825262,1.424737088324963,3.9612595047652435,4.508036056227938,1.7412044158006257,2.246766466314837,2.319381723363358,1.657906799690184,0.9056125835423856
22ha0105_1.2913_442o0311_-1.2913.wav,8.149428291196738,6.703746652855612,3.142563854504444,4.12244107422129,3.216835023496242,3.955200815128314,3.1863277171826008,1.1964080507370691,3.7823359788678292,4.176002396123358,1.002868760634947,3.578988095472195,2.383570491721454,1.5708117214062136,0.4431163679954714
051a050u_0.84992_442o0304_-0.84992.wav,6.674327558078712,7.934460091159958,3.749508120506478,3.5004357026640736,4.063655283252693,3.360738149545606,3.96678117085566,1.7537557433772664,3.6077334388156017,2.205053120317067,1.1906224331503883,2.950673914971605,3.590231896847577,1.0437643369802776,0.8164816686257679
052c010x_1.8595_444o030a_-1.8595.wav,6.690051924254504,8.74902435087877,3.9163768322144663,3.3552478047825507,4.518828131838501,3.409331634936319,4.3789176629096245,1.2798714372176414,2.3792309515037378,3.6305935740777,1.7156377508506937,5.138364481266201,4.936578380940793,1.0435715467551732,0.4432923951905261
052o0211_1.1004_442c020e_-1.1004.wav,6.62038371431108,5.410147948460832,3.678207970719586,3.4222803228159684,2.7319018162716704,3.27228325370221,2.7328395034703226,1.5350451046854152,3.1690768467649617,1.6170379884948436,1.4968043429489386,1.8813352252410376,3.2632036011924295,1.0109712223877922,0.3111294867895031
22gc010p_1.2348_422c0201_-1.2348.wav,6.675786097901025,5.603290594288319,3.8138553081557305,3.2227704970749165,2.6970390240794657,3.137530916070706,2.573612066609768,1.389415454521914,1.4396623858582038,1.8189766741060716,1.5096332594309172,4.349307993975624,3.237916395054206,1.378016270932019,0.24919548847873
423a010d_1.1614_445o030k_-1.1614.wav,5.839155316001355,9.51914800364813,3.823204677400807,2.7612114630954725,4.881321752478211,2.8522146024525874,4.762080699869852,1.6759297215548905,2.394472521355205,6.0977672414959505,1.3486492135341417,1.8247679849868392,6.062672112008374,1.0036032482781272,0.2358091672641905
22ga010w_0.70789_442c0216_-0.70789.wav,8.819547129019758,8.196088721855446,3.692744032939384,4.330730883705068,4.22369298594017,4.31396068551295,4.074633399020721,1.6347488069621443,5.198321485838998,4.438392646212231,1.604838542580768,5.219838382244134,3.6176030081396293,1.2010904093364372,0.6152049725176241
22ga010s_2.4955_420o030s_-2.4955.wav,9.96345475014346,7.489052784777981,3.68228149272215,5.028643964510604,3.9718353173332894,5.088161885306915,3.812594565312697,1.5108085569960732,5.889186886988009,4.872375174273812,1.2718468377741567,5.057970971381158,5.473331026876139,1.2420479755573277,0.1834864467394853
441c020l_0.23374_442o0302_-0.23374.wav,7.971630405635429,7.186979898769439,3.7103891407294505,4.0352675283307,3.4106954981951083,3.938352075294445,3.525183030104821,1.0065634702722002,3.337600586485063,5.2353354001509524,1.5670284943776451,4.670193900575901,3.4549182149814803,1.7506758059292653,0.2637400397392287
444c0210_1.959_22go0104_-1.959.wav,8.296620467012115,8.278024368932428,3.393667639153656,3.874187887131234,4.057036084345414,4.024084692159281,4.051473005846635,0.9622151448820576,3.4364235981815336,3.2445327222261713,1.4953063534729978,4.516076418410146,5.472162432495902,1.2420242562953483,0.5982061635184055
440c020s_0.016126_447o030z_-0.016126.wav,6.983790840494523,6.558269160943784,3.4519506772634325,3.665970253580819,3.10783977579335,3.5235293610345435,3.0608228412843834,1.036932216184089,1.6297841333016159,3.3018548497095366,1.49687565885446,2.878701019460787,3.3571713375719745,1.2687912547592417,0.2659651953281595
440o0314_1.5438_445c020l_-1.5438.wav,6.654683281206555,9.6855699427153,3.790910745256096,3.4621415702937623,4.609503692503414,3.5250479736032068,4.756618560625808,1.3781730011207105,2.2123485995086862,4.381049312143166,1.6135957828375869,2.4412134425522574,3.297041354071841,1.602008800952202,0.8554612709928067
053o020b_1.3894_442o030i_-1.3894.wav,6.169215614715475,5.41859291290142,3.710384490621042,3.05312782566144,2.657895806771656,2.8955153648311622,2.721600690344459,1.4819371724022157,1.9576551906510566,2.1847427538494135,0.9487867649411004,4.286143921764108,1.9363594706158211,0.9750506124808386,0.7270294699977038
441c020q_2.3032_445c020q_-2.3032.wav,6.757576116509576,8.683184430271856,3.9639019663685935,3.342279977986074,4.522478588238128,3.458814166247569,4.428033985606563,1.1494351135821126,4.113125165241123,3.118902494173996,0.98229594580418,5.1762224543135655,4.209027567998847,1.4183601627239923,0.2287917093908553
050o020y_0.78529_447c020u_-0.78529.wav,9.515105217116416,7.124790160813518,3.999263602424096,4.6813954275736105,3.692690382150472,4.830333206818096,3.77465096971377,1.2968081138258776,4.211275209568541,2.0568326461014235,1.250230056244991,4.321066513687693,2.242049123319321,1.4263141789989424,0.4936575889944641
446o030c_0.19977_444o030b_-0.19977.wav,9.480913231630552,6.493898070001244,3.132719526445272,4.84015002655645,3.334260690654395,4.954446776162475,3.2371203126980705,1.2876638236971651,3.275848436156274,4.007001957072644,1.0325626085142836,5.351888510301003,4.726711867031902,1.1722505684184046,0.3653940680640706
446o030w_0.084453_445c0204_-0.084453.wav,7.029290262721801,9.307964291570933,3.620802114401619,3.524219175838301,4.683590029304855,3.630465659432645,4.789475272487448,1.6957975874417452,4.326709955317377,5.025918813615973,1.3109937971878407,3.1112254776756383,5.47665890892714,1.4191451725192734,0.4728539960766069
446c0209_1.8488_22hc010z_-1.8488.wav,7.99620968986675,7.080049932288594,3.537279852257705,4.221103742182903,3.4729894187953207,4.117433391575254,3.3645806626688564,0.9749679033833334,4.28894987565219,2.58303941122943,1.5327602907279112,5.038623281626852,2.4122897405128745,1.024757630155978,0.2813442273160674
422a0110_2.4935_22hc010k_-2.4935.wav,7.726762899956851,7.350810137154847,3.7491437629948,3.7296415586402185,3.5862655747953784,3.7485646929609615,3.4374639787438603,1.2704350795789223,5.516864435532057,3.4785017706608024,1.0341254907912063,4.019715166139168,2.776503815121876,0.9339215306272188,0.2376822623381763
22hc010e_1.9741_423c0202_-1.9741.wav,9.406715300180172,9.82478581925205,3.5913428125320017,4.837128612557693,4.864171340217993,4.917412878049674,4.737465236519659,1.5971533621980865,5.808841918835242,5.884383237980693,1.571992192803176,3.5995668535619076,5.251920271992102,1.7344003438880835,0.4552037336602001
22ga010d_1.5482_052o020t_-1.5482.wav,7.729813482521361,9.55410785772579,3.097999517763286,4.044778928477525,4.663319815161931,3.941924527737669,4.527964829112489,1.1825182876072595,3.6402276430460176,5.1319953356223555,1.6789123705408362,3.403132058211921,5.8502420325485875,1.3400841094110962,0.5533735159548467
440o030f_1.8261_053c010z_-1.8261.wav,6.061387719433087,8.259985954977882,3.258496584731774,3.1313931956767367,4.168320574585535,3.2662681316523465,4.064837476228484,0.9905492040190976,3.702655632721281,2.5654585552483753,1.5644697256726647,1.784733887243806,3.2698855967391576,1.784389764967818,0.4366424509718205
423c020o_1.9657_050o0213_-1.9657.wav,6.142170432235314,5.436297865328291,3.648021409499109,2.937385027584421,2.777644866026433,2.811015680038645,2.696831575035068,0.9662842203521604,2.4702650829441932,3.3072594601979763,1.2442101343168763,2.2604406033465874,1.8773859756143796,1.48667838842933,0.3480206921799804
447c020o_0.40427_441o030z_-0.40427.wav,5.527947085146201,8.558066851772981,3.451839717021707,2.5669665792031235,4.233689927219327,2.5633899181739164,4.083732574962486,1.2554733468636678,3.0618082926972217,3.651900812082599,1.1184583976610365,0.9157950865827277,3.6460746527485397,1.005376672712713,0.3532362736817535
445o030c_0.083492_053a050r_-0.083492.wav,9.91946408365482,6.513036869929769,3.928432873901703,5.006019481067214,3.3407545808212764,4.931261198615336,3.1880745257883905,1.6375016051500415,4.7179022624973275,2.1769717869309186,1.552951928183767,4.264248326694157,2.1391848890275433,1.194057650062164,0.9072367151259702
053a050c_1.3161_441o030y_-1.3161.wav,8.087864425414985,7.241835041767174,3.5608400003520644,4.01380071878811,3.7059323476415824,3.8478179328807,3.74267081225859,0.9852518322343788,3.007344466564971,3.424006603863804,0.945418528281748,5.438236728586571,3.7317354936834137,1.542950378974275,0.5413732289768826
440c020d_1.3136_22hc010z_-1.3136.wav,9.755368491905896,7.372322110665694,3.3266483632049217,4.992862933020658,3.701509867110918,5.151532253736424,3.722102260454027,1.114403993455672,6.425725737707973,4.457947503730058,1.349157923159905,4.76471575696787,4.793680336705006,1.516423872261616,0.4953738032762503
423o0304_1.528_052c010a_-1.528.wav,7.770298708883699,8.706020886176894,3.5442223282023835,3.9545986829213295,4.364908808921583,3.9332342380717216,4.533560996859564,0.9695392265790688,4.4729449901596485,5.885729054867489,1.031666018089609,2.5519498533557528,5.10748581965699,1.3980260826361228,0.8122078686301244
052a050m_0.063592_443c020k_-0.063592.wav,5.541918746694093,8.964419182712303,3.4250838814776925,2.6176714112687693,4.583729335331085,2.705251745035653,4.729433436636714,0.9386752229080592,3.547742886886061,4.498801119929215,1.1017485751286116,4.162901710724121,3.5292049259991973,1.15708558453561,0.9899159658494968
444c0213_2.1352_446o0318_-2.1352.wav,8.289813404480961,9.06756292103649,3.0278232235410725,4.256651960402792,4.528661563700581,4.238704964087066,4.359611555350261,1.470110449639617,3.875718884177606,3.367950160531013,1.4627045912320251,3.749034834715408,5.539375001353952,1.2430279534248347,0.8137203874301584
443c0205_2.3836_052o020v_-2.3836.wav,6.411719372627621,8.228048983439228,3.673442974142732,3.446339876238792,4.113388658310717,3.281224208597593,4.072931071884916,1.6547301240274153,3.787017434490576,2.5913989403618567,1.063869982157303,2.7594300245272048,2.9213929954714133,1.2496221167245325,0.977437016606801
053o020c_1.419_447o030y_-1.419.wav,8.734167587498563,8.459365454390433,3.40359405896996,4.368044992445429,4.040066128456377,4.328592515353454,4.184784828185566,1.7259120624247428,3.824419006229661,5.607754141011779,1.6018583300287,5.650223052067646,5.086144249840323,1.2545178821607748,0.4005738847597977
052a050v_0.48206_051a050l_-0.48206.wav,5.639826938020956,5.653802837055076,3.641406316379327,2.7405021393379485,2.9303019004244133,2.8655404671570723,2.847444091038711,0.9616370666647392,3.7192691842877785,3.1438352632482136,1.725008016464418,1.9956355457283503,4.196898577093264,1.0035700810506003,0.4644913129385695
442o0302_1.1316_447c020o_-1.1316.wav,6.548003992304627,5.863089763600855,3.737054736207488,3.512020588178513,2.8364812881620978,3.3420210784576097,2.836073005597651,0.9635618515393246,3.190336724663084,1.5676377738017906,1.6527793411273362,4.276933280373272,2.1791621389477656,1.3076265559043028,0.5319576288466498
441c0215_0.98324_051o020y_-0.98324.wav,5.433384536874421,7.5721257276901826,3.37891985978231,2.5802912335739965,4.057216567007699,2.509248561088677,3.9027726008382704,1.474520618566756,2.912080010804994,4.631152976676662,1.4983082099871978,1.2976611834459988,4.1283703100654,1.2720303190325688,0.7607411250302507
441o030s_0.211_22ga0103_-0.211.wav,7.163774011529829,6.19260926338658,3.45361005967803,3.301223463433718,3.19992303749758,3.466482335680818,3.2397916359632486,1.5541310939449675,5.078336802214865,2.590903220312282,1.0711998010192487,2.887377669331235,2.594008865512506,1.0583630129509694,0.8482471024040944
050a050s_1.1019_052c010s_-1.1019.wav,5.363068871358921,9.485849262586385,3.0507495568544547,2.6370942424459924,4.71073948424317,2.7761861096648985,4.654583874785537,1.1084849774393928,2.806915411457528,5.878009982186214,1.251487998376013,1.422622616661865,3.7248786946593384,1.6764256433776183,0.4902695128717341
22ho0103_1.1524_420c0202_-1.1524.wav,7.394600455754837,5.731745290707668,3.765516364705594,3.914565326207288,2.883802428707621,3.7646335840678335,2.888327105384261,1.4761711762731071,4.9947869063628705,1.6031850822902198,1.0120141593578718,3.0169835926914987,1.8183722836092426,1.475533089706731,0.4942946494224694
443c020h_1.3266_421c020v_-1.3266.wav,5.1436911754220365,8.783802439220747,3.515120545503545,2.4658898410395924,4.263710691705425,2.301582640729833,4.220085653867404,1.4319391715759862,2.7933868180792465,2.342731429716228,1.1945316823720002,2.2855795800266954,3.460476279891413,1.49657458958642,0.7193467161144096
051a0513_1.8547_445c0214_-1.8547.wav,9.30975237557789,6.772095101717646,3.968215895220792,4.712580851418625,3.352533820945008,4.611747048451527,3.2156669360561043,1.297960414428062,3.959942600862769,3.029522877168442,1.4674068369999171,3.974223760048111,2.584264485890031,0.9438530823353728,0.902201770058402
420a0108_1.0164_421o030y_-1.0164.wav,8.837744326004639,8.530481583235282,3.192189981970788,4.376886160945573,4.247871788391191,4.2278807852483125,4.230626556780157,1.111494509833983,5.673071436096303,4.328306893259144,1.3386804247469484,5.287269830318133,2.986737751018681,1.317501191840737,0.474443541012681
444o0303_0.15434_22ga010s_-0.15434.wav,7.74535458097749,8.0218016961701,3.496533482305463,4.0261092413159725,4.071815671695147,4.010207912906853,4.241070354805617,1.4420708434952172,2.6112384756317764,4.690758825137085,1.0645525812952032,4.494857510415785,5.320028186840062,1.4643270595216196,0.8537046335344602
053a050b_1.0473_421c020k_-1.0473.wav,6.896089350537614,7.866680431129744,3.0408537302674987,3.537004889572736,3.9054771275504696,3.527230224440204,4.055158308470273,1.1277754226757049,1.7008051860636975,4.056612630692193,1.482346831749067,2.1005421221342973,3.8186746322831113,1.4009374701438595,0.3374968490556455
446o031a_1.6413_052o020o_-1.6413.wav,9.984499293830876,8.614018086949724,3.2971588292037053,4.942000738548058,4.410042842274884,4.905322834926375,4.264596180622172,1.1314502982111598,3.641921216904954,5.111032991673502,1.5477070561744195,3.1318733436227193,3.495699617116273,1.7878713946685578,0.4697155074444284
421o030t_0.28412_442o030h_-0.28412.wav,7.985359812499172,7.893312724799872,3.469697774076747,4.1055973375656185,3.762397205914402,4.063669926300089,3.9064183577795752,1.008800448788001,4.888913105593291,2.1563906667923005,1.0935971893845111,5.1427817948541605,2.4513848824973787,1.1898378160332046,0.2881158348381698
443o0303_2.461_421c020e_-2.461.wav,7.633282540728895,8.18005054291758,3.764854399917093,3.808241088185604,3.996662345025949,3.6724625710497447,4.060413378620607,1.4466534382043392,4.5383045952069665,2.3245797502024135,0.9034219173854018,3.859537239016743,2.2080314894773188,1.7577589677905752,0.3585732614794348
447o030d_0.16088_442c0208_-0.16088.wav,5.421669616048006,5.455396433109781,3.93397231934986,2.687125296759958,2.888945889306685,2.8489438929510733,2.8368427039267425,1.5795208112917,3.301933140180514,2.195902265971582,1.3583991822705557,2.98585115745567,4.412046029922831,1.6207788609640796,0.6754883073101183
423a010r_0.44749_447o030z_-0.44749.wav,6.28317196700897,6.846472971598241,3.519675706842329,3.294109471097889,3.519041029506152,3.3050509792260745,3.66864144193834,1.686892260106141,4.379048594371174,4.18605243153043,1.126215025589575,2.4049272486874833,4.650537228686824,1.751982548229648,0.3174731821117574
440o0308_0.16535_422a010g_-0.16535.wav,8.379558628518147,7.065155654313456,3.8012074220307217,4.2543317642097245,3.2783161998855324,4.283690030413411,3.425415119682768,1.352177835795133,3.757828652711195,2.685764779313538,1.000721850264566,3.5305729837424042,4.805877754306561,1.4960532690985398,0.247808283777267
423o030y_1.1842_441o0304_-1.1842.wav,8.564789613241341,8.64250953365258,3.725384300556023,4.330023762662779,4.361136082977101,4.474090280877308,4.402907344982724,1.3125017281759583,3.015359262132041,4.618759377813815,1.7704895102083769,4.163871181769569,3.687349636822199,1.226608005854782,0.302738651870882
444c0210_1.7843_443c0203_-1.7843.wav,7.973421346279305,7.213726097039599,3.352816246183331,3.8283743769790255,3.389538124022223,3.9922990292953577,3.434579309208338,0.971245211623205,5.005820191176585,3.3311248355837533,1.147986007455687,2.5846314489184654,3.6942811405638762,0.971557595874759,0.9710485931403442
22hc010r_1.5601_420o0305_-1.5601.wav,9.182913503884006,9.780458636242964,3.90133239753758,4.350086537793848,4.888255636162444,4.494536606794268,4.847830674000758,1.6106714239430175,3.539168027076153,5.378070106096003,1.5883325841707472,6.285378425150324,5.1845050906593695,1.4616091323380358,0.3705902028696847
440o0302_0.41955_447c020j_-0.41955.wav,6.211933754426131,6.739618360638255,3.589985584908572,3.135167603968429,3.1692132816128686,3.1374414050537154,3.339198074546309,1.0383589007107492,3.474695938237301,2.477605373776412,1.3793272682802311,3.6398349587243204,3.6597490166598563,0.9392200478061374,0.2992819103234984
445c0204_1.7413_442c020t_-1.7413.wav,7.880029325164052,9.34231334912142,3.397088826560937,3.900635519559954,4.56617145801264,3.730979870839683,4.555356613709366,1.703047900430172,4.777894649338627,4.1007187303093575,1.483203645502162,3.719002129366511,3.7407801621188335,1.4908858619221887,0.820490694315595
446o030s_1.4311_050o020k_-1.4311.wav,9.89481420888584,9.114930837450862,3.619183762171233,5.013036136072169,4.7887178542555535,5.066505606785017,4.648571446161418,1.286550841496326,3.6863911002114236,5.326042281584303,1.304230821279592,4.0854515538160845,3.509212805097851,0.9967091866270849,0.2232127596654178
422a0109_0.12448_051a050x_-0.12448.wav,6.763116024654526,5.155941612157232,3.803065059708578,3.312774986034967,2.5801317794148777,3.4824957239061045,2.570391597872597,1.5202718539551745,3.488157644264802,1.0908116429795975,1.5071813913992484,3.8115672413208523,3.1836242638736336,1.6276395335857194,0.550871655763804
445o030c_1.032_443o030z_-1.032.wav,5.827547355437221,5.339489105340492,3.3061049962194646,3.0698788088215427,2.4565594511051416,2.926796378781819,2.5015863121319515,1.6499867008945637,1.962135743713714,3.9262942486021344,1.6197259160863169,3.7200670821217496,4.118109893570157,1.013920269388077,0.3527555562227976
447o030k_0.80305_445c020s_-0.80305.wav,5.774775177847063,8.465052991925955,3.6464031952273706,2.9100332883641054,4.166817109293195,2.75101608987707,4.226929758422433,0.9284861740851929,3.364054808392582,5.792363330110265,1.296519774489689,3.5199654880241322,3.176848565157629,1.3656759332296295,0.2684138291432176
442c020c_1.808_053a050k_-1.808.wav,8.697713070168133,5.135485594391052,3.9017046734557472,4.521212135263468,2.583771156416545,4.571728018198774,2.431954999268281,1.6907395241883765,4.5260688412476275,3.924821851432599,1.0230007476083778,5.483223689636209,3.375343145750671,1.788770282428643,0.642361411640692
050o0204_2.0346_052o0201_-2.0346.wav,6.390000743148811,5.358544007064891,3.317077767662771,3.072858306120774,2.777993220574888,3.2210210212530104,2.861346743863612,1.006253137554662,1.8997203004548548,2.6505945358565604,1.6063816021169308,4.061925408451218,2.6426157795464316,0.9485117602811014,0.4541554528253279
445c020e_0.30481_422o0311_-0.30481.wav,5.331159399843844,8.547995846666062,3.200476555317741,2.749622296121468,4.293746751533924,2.852834766676228,4.184901972504413,1.364087353921959,4.1057168249489955,4.230728817846671,1.1899267070201924,1.466628592464693,5.335802668617979,1.72129867904918,0.4985298089132842
050o020q_0.28175_22gc010k_-0.28175.wav,8.946556990559657,9.154148911208276,3.754554106889401,4.557633298312656,4.659777357998717,4.415953398042053,4.709039979318657,1.369034974486885,6.108512616878241,3.604432012723325,1.360295701381005,5.918066604085761,5.076162847648421,1.2576718551260702,0.4236474435738233
050a0504_2.4414_443o0313_-2.4414.wav,7.603941650236221,8.045160735179376,3.196829567293455,3.721191926600759,3.998539367377592,3.6342482640250218,4.12077193070634,1.6952163984032305,4.943217382811213,4.181327512228186,1.3356465332779426,4.930964632278992,4.657752227034994,1.304135038177359,0.5243154378587547
421c020l_0.72652_22hc0101_-0.72652.wav,9.267181612217026,9.32422160925898,3.954973654775573,4.640177179841784,4.718022476607625,4.746923172670446,4.598836516801014,1.3283273604336152,5.616594046973526,4.91734130409457,1.545463350345245,6.247641251187912,5.4530894189572585,1.7687305645653657,0.7766324889028532
051a050c_0.67054_052o020j_-0.67054.wav,6.830625090006772,5.257907702826029,3.696351063475169,3.3515729714512945,2.58778429159744,3.311969516229114,2.422461678702335,1.5216879820189717,4.073633468975064,0.9689535467140705,1.553151014891293,5.046642319611554,2.7108149011129683,1.4977310094931937,0.7764971472329676
052a050o_0.37786_051c0104_-0.37786.wav,9.90729795763045,5.0137628023921526,3.443486480515449,5.197363329850803,2.442148843917391,5.03079503424888,2.4081635103119905,1.7737006024709945,3.6959079374498742,1.031260412707911,1.6440523614414095,5.608341296450465,3.266132422473052,1.1262642730939678,0.4265964228903784
053o020d_0.87201_421o030q_-0.87201.wav,5.813163077624554,9.244215327853272,3.8157937546999694,3.06850806905984,4.549799140290961,3.1322834575765968,4.685566219583169,1.34094860573013,3.658120817506506,4.2088804175029395,1.1635229165383851,3.7528393205378983,3.046009311849688,1.4039260187842195,0.386074377036514
422a010a_1.3637_445c020b_-1.3637.wav,7.384982671951501,5.620844483845323,3.2719418162435563,3.582811041942649,2.829275821584123,3.679791576614652,2.7148434140470425,1.147620173704711,4.284692202961986,1.4274046185515714,1.0569938951583464,4.605215235475364,4.483673690039147,1.306278950376209,0.3155574584975333
051a050h_1.1786_444c020w_-1.1786.wav,9.337301400361085,6.321966269605065,3.452279102919387,4.637407266517617,3.160058050682188,4.501322243226585,3.096963942907539,1.441373079032542,5.061538187411136,4.428222169686874,1.6979005351256606,6.255841555839272,3.001062324574462,1.3459745731245731,0.4060560037997479
050c010w_0.18262_444c020y_-0.18262.wav,6.460925875392625,9.101804841387356,3.215262576081395,3.284183568785174,4.362980851263075,3.42065542859422,4.446499899870324,0.9203074959273077,4.631857567964372,4.773713220554746,1.7665722617281432,3.0403910777314653,5.283610596233016,1.233971104229673,0.762449448914414
443c020c_1.9646_442c020f_-1.9646.wav,5.971445158112701,7.8325632375296514,3.70721620303787,3.0706979020231158,4.082589910111123,2.903371908537174,4.1126234231248,0.9748955522806884,3.445379425068939,4.939669883299459,1.7954442212768733,4.5444510717117845,3.5883356862537896,0.983635614028274,0.7771198871584202
445o030n_0.12017_053o020o_-0.12017.wav,8.875606900712274,7.774154401267093,3.049440116659452,4.339673823565791,3.914453269046026,4.237744777176088,4.050506455344936,1.5672765948452003,4.495337745702487,2.4666725352787817,1.67186434557148,3.0276490069185997,4.4278951312805,1.789678137554125,0.1917822722614065
447o030x_0.98832_441o0308_-0.98832.wav,7.423445707538871,5.591486144020589,3.638872559630123,3.86818920425123,2.978257614268708,3.91650412650529,2.836251740138149,1.586461168628722,2.2021998515599646,3.013710727280533,1.6946263027432489,4.329741349959299,2.293455382809671,1.673870998663976,0.5243521905346897
447c020z_1.7399_22ha0104_-1.7399.wav,9.463795796452713,7.88515235185119,3.178415178431483,4.616589513055695,3.6855284509443,4.6664305331391205,3.8270059145808935,1.1410815529760263,5.269369348478231,4.08227724612687,1.1653963639554417,3.929304696319514,4.639185991435168,1.5728450398571407,0.9233609392567124
447c020a_0.07795_441o030r_-0.07795.wav,6.104828943462561,5.005667917113144,3.199929990525752,2.9896981438409367,2.525764650151256,2.82573247283491,2.4808730169492503,1.3906896884754854,3.6115553622683314,3.857007900234599,1.2933620526020246,2.4763284237624106,1.5111452800178335,1.125794303815855,0.4952194685026448
22ha0114_0.35843_441o030e_-0.35843.wav,9.077009166826294,6.831457304236057,3.330970679747959,4.525599368601756,3.323203238449629,4.574722182542922,3.485951354108464,1.3051569343837115,5.183650838456173,4.226949699100553,1.0988500442328593,3.1213306039353097,4.575715031254662,1.2935303904773232,0.9652073794546728
447c0216_2.4288_446c020g_-2.4288.wav,6.547125037248144,9.001720389758589,3.2586484659656203,3.5211553831194213,4.434090310507794,3.3739192299174445,4.405428224221482,1.335740102861246,2.002268501937729,5.165429164297903,1.6706800105186352,4.837516171278725,3.355735045491194,1.6740305404576732,0.4645246308106792
422a010d_1.293_421c020d_-1.293.wav,5.564575887022708,9.564403913106055,3.8884140553610154,2.5757693850697434,4.887694368809924,2.741912413030489,4.923701232878247,1.2041214114205272,3.4926937884313247,5.835581817296599,1.2311641972622864,0.7509150483614884,4.635578329927817,1.105050203578804,0.8708653377523001
423o030o_1.3193_420o030z_-1.3193.wav,5.202108539190175,5.602662861802971,3.3344447409827107,2.7286019054567947,2.708319355762397,2.748551440366368,2.877144756863333,1.4431993495410556,3.88745308379055,2.831842218667615,1.5136778569055578,2.715306512215153,3.7248588358985004,1.479349498638976,0.2150546582449386
446o030f_1.5375_22ga0106_-1.5375.wav,5.892313950344088,5.777308864012724,3.1348485756653632,2.921838649502321,2.934275688873544,3.091790069760967,2.9383395235243657,1.505421198665199,4.00303177704311,2.2081994856699816,1.1260844934265248,2.1297814731113838,1.132794634520002,1.2653073013787677,0.890488141374056
445o030s_1.681_22ha0107_-1.681.wav,7.036091627912758,6.3117834632542,3.7401163862740017,3.6161726167576194,3.1845024676671727,3.5597070694243125,3.323468801591437,1.2894977171844346,4.929742563863312,4.440081096064403,1.6519056207622491,2.46459945629506,2.9910036547695387,0.9748465059172492,0.4011070554666796
421a0102_0.35088_422o030m_-0.35088.wav,5.223519827389723,7.857346444771648,3.9167093051648822,2.7187523793598656,3.7485769215233016,2.6061079869733668,3.847628629554392,1.531935020968736,2.4526693474680035,3.0327590230589996,1.0637506940969133,3.8671250315054286,3.961946771907889,1.292984019685188,0.4973370770827384
444o030v_1.0438_422o030f_-1.0438.wav,9.787772645863182,8.071735339457174,3.4354394616803634,4.888075265138141,4.256369127696739,4.735122024562127,4.182171377075201,1.7011403504761553,5.6008280018860255,3.5592934149204223,1.144940940941067,3.767868092591222,2.557323914886262,1.5511179954821888,0.9226023242840908
052c010a_1.6182_051a0505_-1.6182.wav,5.015214627956378,8.254792735226651,3.619655644412098,2.550790997624065,4.284620082176591,2.521903905875946,4.137427908708245,1.2450629919486618,2.13568142151941,5.050516674661212,1.1029833352647014,3.923259912039243,5.061006722447026,1.0151371435821177,0.2088740500533648
443o030m_0.73778_050o020k_-0.73778.wav,5.809618999879108,8.795739670055447,3.422586740348455,3.0046197588964034,4.417425282962183,2.834646012432952,4.414437723225856,1.0972392075107442,4.610208704702291,4.951050885041603,1.1927745010529451,3.968107974564101,3.87675805979823,1.214947939497519,0.6467038251263808
053c010q_0.021027_421c020y_-0.021027.wav,8.299862121926454,6.192682271427321,3.72363724927387,4.325664134890159,3.219191661007204,4.317831806451874,3.0693962851398733,1.574408443267243,4.46831818084878,2.2246573075506757,1.3948791583884008,4.838251251046679,1.4620562584340764,1.1694632821676647,0.26843891740236
053c010y_0.091345_22ha0111_-0.091345.wav,8.17903403106306,5.634563422999398,3.3346140112767766,4.07215907388258,2.702177412546084,3.90253564028376,2.690868532223676,1.5539579607500849,5.584008162029282,3.423997430562584,1.4688976997741197,5.510111585700851,2.293520244345848,1.5015057470009272,0.7038889943300053
422o030o_2.2014_444c0212_-2.2014.wav,8.899804514619476,5.451592796002435,3.6832828051010646,4.324138217941774,2.804768348262126,4.179719191689227,2.845304071473463,0.9794660962881494,4.95032089325084,1.8663278533935206,1.2073325024968478,3.2743759840129116,3.0175073483704966,1.6722851949063502,0.4170322246135944
050c010p_2.3596_051a0501_-2.3596.wav,5.008025942138264,6.966753384257478,3.379544986114891,2.2781048552291674,3.4775758847603595,2.3699015736971862,3.5962070884063784,1.3037096615629356,2.3281377719098844,4.8839355899043575,1.7821249422005114,1.3702343755109287,2.305876211057781,1.099006491071434,0.8690108782870403
22go0107_2.2828_441c020k_-2.2828.wav,6.419170537576843,9.061642942137269,3.79945814658904,2.939820902516781,4.518953619164091,3.0824770885982047,4.565313219817054,0.9931743700058484,2.0937115535625046,6.038417933537237,1.7921146307138325,3.376545085980848,3.8935257463155675,1.6980973130882593,0.2121577882922758
22gc0113_0.29823_050a050t_-0.29823.wav,6.6579349343565255,6.903760296936808,3.0672493137187606,3.2565669264050934,3.418520039788798,3.1336958635488594,3.3324810840037618,1.2098739461462966,1.8461862944991354,4.476043052235113,1.515552439170459,2.4452106693745748,1.6430886440361547,1.7320143584374563,0.437245885020435
051a0506_0.024295_447o030c_-0.024295.wav,6.085968880141409,5.576503037457591,3.488008711754137,2.8782441644054555,2.8324426708715467,2.8582934561259585,3.0012679333151344,1.352491240028936,2.0001102292157307,1.8640641582349724,1.6662342787758448,3.1559538980894613,4.535250251348595,0.9558266254885136,0.9490691121346492
22ha010e_1.9643_445o030y_-1.9643.wav,8.36786045155902,5.3372845631820285,3.0507791320597306,4.1982107977579615,2.6855918952071183,4.094938776644086,2.5768036161736894,1.6938366344392632,5.104960428924158,3.221475882628741,1.6314912499026757,4.976878558242265,4.120167470029585,1.3684686015083471,0.2397473408744251
447c0216_0.64553_050c010f_-0.64553.wav,9.27666647809803,6.369772195952481,3.391582740400561,4.641136378224108,2.928019591890977,4.640245971543431,3.07801694912084,1.1021956330262097,4.193335475938662,2.326006766057509,1.2963432976036082,3.6553802027639453,2.536496138706059,1.118554625955267,0.5018426166079495
421o030x_2.4055_052a050v_-2.4055.wav,9.410834027868734,8.704167779419212,3.4660021387103117,4.978975744042923,4.200689569656065,4.822834124124915,4.267918986799012,1.1568265296055251,5.6722372618085055,4.9713834414246945,0.9586477430229522,3.5340890791351254,5.418160314141834,1.719309634209004,0.9341682517696256
053c0104_1.403_423a010p_-1.403.wav,8.196334552140376,8.09891741359273,3.1430980622816085,4.030133729321404,4.041376363066365,4.072286604375632,4.206067392344413,1.5059233043505285,5.2770027694892985,3.3992608550306413,1.7757505813533534,3.726840672651409,5.385701731513825,1.6224091138360814,0.6288017768308507
421a010b_0.92396_444c0213_-0.92396.wav,6.715342410886474,5.7365520833053125,3.1834931531307653,3.439036041486568,2.8426022969405027,3.32166853590388,2.749195291671639,1.6941991285937057,3.9753360424345585,2.350667810596047,1.075058597911224,5.0631905043930265,2.5807834544192225,0.9781134874985764,0.494011820111408
053c010r_1.4776_422o030l_-1.4776.wav,7.475196157049213,8.755738292301357,3.1308079024188173,3.776209543748184,4.22582534899685,3.930554007715173,4.154566760442606,0.9098964642764464,4.685902398143204,4.917561027976031,1.1094420999780017,2.4564414953120086,3.1348752717199773,0.9834225773554588,0.6788026533959307
422o0308_1.9049_442c0206_-1.9049.wav,7.717254245254619,6.033390191004426,3.950195802979074,4.028387682787841,2.856483260759308,3.882065717674252,2.8894966296467417,1.7794061966046946,3.7620132720317727,4.006632300893185,1.7383285926572896,4.834401622674435,2.9549451874520756,1.0397387593225225,0.4516183447362744
441o030x_0.65236_051a0503_-0.65236.wav,6.848262842050891,8.493096964175196,3.906140222703357,3.651988077707786,4.244698308812508,3.592003846794517,4.403763993489447,0.9276357966958608,5.162402852619419,4.548440915106909,1.6816793400964405,3.202685385036778,3.643068635805384,0.9244302325561914,0.6903570847845218
421a0106_0.7051_447c0216_-0.7051.wav,6.680981934372012,7.379333776265567,3.1439257670281133,3.1701616736915748,3.569697252422264,3.328421550990898,3.5461640580533915,1.3639780502300618,3.466951056273568,5.470163775569135,1.5269391748939118,1.8558380818307798,2.354740792872484,1.6537070948529489,0.9554899783033908
22gc010j_1.5725_423c0204_-1.5725.wav,9.169124865118269,9.216495510648564,3.4569643474063145,4.562071881940082,4.669452923962843,4.610644542811845,4.527535001853489,1.2194136040610606,3.035388300227138,4.391286328995667,1.33482758094361,3.6400445109626087,4.920977494791704,1.553906860526349,0.5682012612985625
441c020l_2.4983_22go010v_-2.4983.wav,7.451564503545956,8.417580701171902,3.8790171542720473,3.8284878644562848,4.202960368272193,3.9067974116970414,4.353849780793243,1.5675207874808792,3.2389131100857202,5.340934868665448,1.5651874552801557,4.610851814421116,4.293018006748372,1.3314164786907967,0.2857150241599148
442o030a_1.8281_421a0106_-1.8281.wav,5.004740573231933,7.736338948776071,3.709890526942766,2.466782516048068,3.92550446633716,2.389035200288657,4.076684342286991,1.7464629578367492,0.9223919972818839,5.20589962765009,1.0273861909864843,3.6824842416534573,4.989666381082226,1.3082673435713144,0.4016128412593654
443o0302_0.37407_052o0209_-0.37407.wav,9.761939982978571,6.797325634726846,3.582768803527477,4.703223298125803,3.165435528071878,4.667793487348376,3.3317025678250283,1.4300607696523344,4.333819706134841,4.741570263468697,1.38563917787104,5.466815030124683,3.6987444041240143,1.625267030726406,0.7239776818023045
22ho010s_0.97461_440o030b_-0.97461.wav,7.256791431906459,5.4692626797691855,3.4528195207418846,3.4941846020017318,2.720941801142886,3.638058170620487,2.678510724643413,1.7436372737563182,3.533149343564746,3.5742452528253983,1.2071293428175391,4.994615924494201,2.2470640471247836,1.1114719899309298,0.4069760354794052
440c020y_0.17243_22ga0111_-0.17243.wav,7.385308114123186,7.899768140320612,3.878561344535279,3.5102829695086046,3.830043773657181,3.653018521125326,3.9223831601868215,1.5267734837168914,4.120965803913554,4.398662516730999,1.050540466825329,4.375466780570705,3.466494762370558,1.2087457344565464,0.6205068550128352
422c020j_1.7896_440o030c_-1.7896.wav,9.177494511687184,8.502998490079586,3.9191915202674377,4.655919099479659,4.177007655001497,4.820208846297252,4.220698375876887,1.7095562429676656,3.287141243043478,4.666683890687238,1.1916016661908202,6.0551828317544585,5.401571019871116,1.0117339405618322,0.4183065527455029
053o020p_1.388_050c010z_-1.388.wav,9.563438456602626,5.201187425632813,3.108266081080477,4.935542440643123,2.401438272139195,4.871476299511195,2.537068392541943,1.3474773401340356,6.0014656030551565,2.42047244491744,1.2701653773875117,3.945867069952232,1.0679472755477604,1.5356683265054716,0.4262607565091947
441o030s_1.9697_447c0217_-1.9697.wav,8.253546257558343,7.064602886774697,3.369818963237436,4.156018836030441,3.530327171745687,4.271875525307735,3.6256016570484406,0.902391225369951,4.008876222491624,2.9662315217193704,1.058587704725743,2.7807550950738236,2.9146186851424143,1.317204271551409,0.4558229308131386
22hc0112_1.5881_422a0104_-1.5881.wav,6.458127552793707,6.217123812958643,3.109623611330313,3.139320312534958,3.094152308474925,3.019634779633353,3.003734538019893,1.5124816406501431,4.544565858189916,3.8450982946364576,1.722782731203099,4.286589120163847,4.184898071913302,1.330669582457047,0.2318603659784492
443o030b_0.31873_22hc010t_-0.31873.wav,8.76885225302986,8.53805601833654,3.571966181064392,4.365878510981493,4.430934999022673,4.444264469263726,4.28008526735511,1.6969214448647227,5.940011766879843,4.222957731677993,1.0129631834735016,5.68533236452526,5.716584703242877,1.2773018493875576,0.9801702813422776
052c010e_2.2609_051a0512_-2.2609.wav,5.106370071413677,6.304706880619905,3.856884680763375,2.433395179465555,3.229126385856389,2.6028685315862394,3.215755412781164,0.9931864958442844,3.798718946042576,2.3056680495438813,1.3637981847292489,1.5087820057605634,2.291426890695507,1.0125147279818063,0.4208378209897706
422c0206_0.82871_051o020w_-0.82871.wav,8.422965682931531,5.9819642999238205,3.3405535495171854,4.025591732495953,3.2035241663339447,4.155794796073992,3.129044892472735,1.57907034189253,3.57585069111234,4.36466453773176,1.3131897709752764,3.3003178200960317,1.914921350745741,1.5112465845304532,0.2293498342911188
422a010h_1.1513_420o030m_-1.1513.wav,8.496894921876454,6.71629512916808,3.9314498142441368,4.048623319906336,3.30977453909637,4.121913435318807,3.156384321080922,0.9513461339449854,2.929819465053119,4.05827248799788,1.3755415821402108,5.696992887336393,2.3961909984924286,1.004952375045856,0.7447597894901152
420a0114_2.3032_445c020n_-2.3032.wav,9.52716805901575,7.480229512336345,3.0853551656109106,5.001283508345887,3.699593029400516,4.876357473992442,3.814890409859578,1.746754730293527,4.909857847358754,4.43115045903757,0.9749220283479154,5.931746282922894,2.279261767715384,1.034790386572371,0.7636137922515387
423a010w_2.4456_422a0112_-2.4456.wav,8.0080137534475,9.692077469350902,3.206851801580925,3.827017202713986,4.8304483705693535,3.782576086263121,4.973713813606398,1.579981542481654,3.022777390041165,4.109757678847273,1.5699457098649867,3.738704690003183,3.9947230688441024,1.399317372945858,0.2496368448647435
053c010x_0.04015_446c020v_-0.04015.wav,8.594393739284733,9.02900339426365,3.307550187412555,4.091052067268026,4.610474702512797,4.209650016882127,4.732271772868908,0.9742288199552468,3.379304277313003,4.278064505879663,1.4025596646913532,2.631197538597727,3.5306263886809317,1.3111896854350662,0.5155633424188022
440c020u_2.0452_442o030n_-2.0452.wav,8.310969917697248,5.291399189329688,3.014539409541388,4.192062644330244,2.701119890656161,4.1714895449527045,2.532369342265936,1.1691129657633172,4.871157780784532,4.511472871674205,1.6300059211424711,3.7348932804019026,4.030671882063685,1.3571284140034114,0.8145992444721428
445o030b_2.2917_22gc0110_-2.2917.wav,6.517327016785341,8.303581508946767,3.0302095313582247,3.10625080314024,3.9940001868765793,3.163670188378706,4.143342124050424,1.7084981911384425,2.3762049656499,4.619035812612302,1.7542550377150774,3.8973548308607073,3.6828844617728334,1.513321537086784,0.7879207391815726
444o030l_2.2218_22ga0111_-2.2218.wav,9.25192422695769,5.155350284593156,3.355946082175534,4.5689637987469744,2.477551787261405,4.402465659264404,2.4432243995244614,1.6445957287344757,3.73783009682862,3.2884841542534584,0.967936808272464,4.444685573959485,1.3933538243675208,1.2845173336784772,0.1980583014435929
420c0212_0.41947_421o0307_-0.41947.wav,5.929527133333662,8.08288084160544,3.142271463958911,3.0494769138549995,4.099076041399036,3.156857335992408,4.203811159394825,1.238095712133834,2.3963250369861786,3.7993081581673045,0.9983265462789224,3.678585771450669,5.574134539868543,1.6464907609307473,0.4262765768818086
422c0207_0.12316_442c020r_-0.12316.wav,9.956795374690286,7.381901829191781,3.094290092575145,5.053391494929842,3.9353112467848206,5.150550106352677,3.8210299962386935,1.779059414746488,4.534502282768531,4.249863781021119,1.0359361393248576,4.890647634738572,2.6434109069058302,1.1361853278478689,0.5924832193709129
444c020b_1.7423_446o030k_-1.7423.wav,6.154123048419958,5.80214675977482,3.0319417135051765,2.937832006824512,3.0135050587799124,2.944173224017134,2.843623367698984,1.2775378014232803,2.475133994590303,1.7650824162612544,1.7006434542163815,2.2864391466465683,3.172098078924456,1.1432039326649928,0.8197103967218669
22gc010i_1.0493_444c020a_-1.0493.wav,9.811790417231132,6.422704726455649,3.705803457117685,4.762391113691908,3.135029785216157,4.804969121989828,2.991199631182372,1.1819536595394702,3.7594179471158173,4.26463753808478,1.6856152443257253,5.59200685397156,4.224335195584929,1.4003405521265164,0.5918423814104266
421c0206_1.4078_22ho010d_-1.4078.wav,9.532631866603444,9.894503439249522,3.618447320880675,4.661138695899917,4.921380635200228,4.521273498205538,4.975581432924175,1.2200028621947698,4.180190715860542,3.2298564619645984,1.480296918698193,4.888510811951312,4.150747869769045,1.4852104338787409,0.5572602495050237
421c020h_0.86812_423c0210_-0.86812.wav,7.177861118651277,5.958999364768515,3.2836127054004627,3.654451119860058,2.891944726968992,3.821779581815856,2.8619249698162914,1.0420786443459171,4.717872095557174,2.3665060203426114,1.5737002424720308,3.9172115216785266,4.498766890975908,1.2769899358236776,0.272211211691725
446o0302_0.47056_052a0510_-0.47056.wav,6.645093330943638,6.048197513652112,3.771220394277744,3.2359279619345243,2.8250485337690834,3.150433822151117,2.948299302783704,1.5737232636192855,4.636304406640058,1.8299851060532246,1.6684259151259733,1.7312780136194772,2.0321429811109954,1.6882675053714524,0.3870215970433197
445o030u_1.3538_442c020i_-1.3538.wav,7.21664515247463,9.286394694896943,3.36137563828916,3.5874903951947408,4.794635663365874,3.4242142207185307,4.747297614732517,1.26870346638951,3.2506496379381575,5.722542503293775,1.7516846765977454,1.6599736885497167,4.015491948385896,1.1668515740874417,0.4897621983909466
440c020q_2.3909_050c0106_-2.3909.wav,6.495614176755537,7.915980710160128,3.9850677484298807,3.411380468343758,3.991023222353304,3.29079867958671,4.080242235014008,1.2045603621511731,2.96819091460455,5.011198274180321,1.3016326061156178,3.929422104836562,5.433700564779056,1.6713549949102284,0.4073243449724087
447c020r_1.5359_053a050t_-1.5359.wav,6.527167395618845,7.297812780480885,3.884465635900749,3.0956735790280634,3.5620052640871864,3.144693274931132,3.4202411310578102,1.4039498657647076,3.751944643029007,3.1465031750622225,0.9009291357861,4.730003390224475,4.059880430386924,1.432552944925244,0.4127860039996166
22gc0113_2.2322_421o030x_-2.2322.wav,8.105498346692155,8.343918269057871,3.072963491038325,4.069783695392799,4.428033977092091,4.026371257012693,4.284453476348106,1.7304283865477892,4.212705226927652,3.301473098524842,1.5209256486664322,3.6505263319456116,5.560283964142084,1.2543377073710498,0.222778238756561
052a050n_0.34218_421c020e_-0.34218.wav,8.614665201635507,9.233947137371894,3.045516566480928,4.403140233155438,4.439988079173515,4.555433352286989,4.515531483023112,1.534798273592053,3.9307710191117335,4.018928314006711,0.9970171128169716,5.213032353616403,4.87580159628676,1.2676274364626074,0.6376118732974723
440c020a_1.9837_22ha0110_-1.9837.wav,9.211903025090622,5.773371410702998,3.3460710471582304,4.653241331147855,3.03098234441784,4.534333317154582,2.9395444736630187,1.3120605550390572,5.630828634910425,2.678035649368527,1.643689472262095,5.919250333937716,3.4371416027599606,1.7065814234756715,0.2383669306311314
440o0310_0.081835_447o030y_-0.081835.wav,7.846066533776039,8.214205783407072,3.786172189787034,3.9476562116665392,4.084263673600661,4.092176755508545,4.173783573106922,1.147449306105223,3.164662850397955,5.664752188814034,1.0370321739170243,5.483217541814577,3.377449159079197,1.0599609857462626,0.4872306615089891
421a0104_1.4941_442c020r_-1.4941.wav,7.531699642101513,7.289431493084038,3.4392185391466548,3.8668530573984894,3.854099216873923,3.922756216648402,3.7149056940868377,1.254269375668002,4.401238912435693,5.315765268673436,1.1190333016469247,3.543959558574495,4.445116065751692,0.915377605738088,0.898334220216048
423a0106_0.50179_050o0208_-0.50179.wav,7.153834139297585,9.022184812515292,3.214987333604827,3.3777145830592104,4.723570084344948,3.5456091596018005,4.696897792212768,1.6839388175738348,4.059365156198115,5.397931873001128,0.9496701431194658,5.264888848265014,5.2691327086733395,1.004828144474753,0.8336187544661047
443o030h_2.25_444o030g_-2.25.wav,5.270118779270414,6.554183750958528,3.921530458263873,2.7138386346869696,3.3087929283629127,2.569250952124899,3.348722892692096,1.5228664393206994,2.93714277411572,2.6757281293375823,1.0064771899036942,2.5205187460863048,2.0008081692540736,1.7745534105704692,0.9654683696859168
442o0312_0.0013429_440c0211_-0.0013429.wav,5.944255409833864,5.083702231613692,3.9745574010930618,3.030702893162585,2.677231085159675,3.171233985310515,2.7728920079009383,1.0249846966407643,2.535146116184598,2.007516413180989,1.6575575188874765,2.574511721618202,3.614640077761504,1.1330355785333557,0.8921154235851553
050c0110_0.27669_22go010c_-0.27669.wav,9.182984543685963,9.70027844970248,3.686975111813996,4.534597623043029,4.729614420711639,4.389122973786038,4.817575357629996,1.3654185870312547,3.8965590198145756,4.49370335365409,1.3220050352216193,3.7358798541636835,4.82956084070516,1.1701963764534509,0.9199813513346616
421o030n_0.92982_051o020r_-0.92982.wav,6.5554002974049,8.101282716093468,3.6934169881524217,3.2662507595569386,4.21618318598938,3.3281265173083296,4.07953988903453,1.574960357201494,2.8854693425522937,2.1989143994064793,1.7767297659643169,2.7452879761089615,2.5200654396562134,1.6953959304133177,0.4512474691404367
050o0204_1.7969_052c0112_-1.7969.wav,6.433718739553576,9.51617043032542,3.6402112351026448,3.184405265980669,4.708548748522525,3.075003481516879,4.838668883613672,1.0571798409826174,2.7082021214190295,5.48037200378357,1.325030538310941,2.9074763596337627,5.814295271219554,1.2835928608452685,0.494365013959927
422o030f_1.0178_440c020k_-1.0178.wav,5.589606546423046,8.52978405146975,3.799531188029716,2.6019517659115645,4.466563615090534,2.608268606203407,4.306688358941475,1.2923654730341907,2.0709477088170694,3.7193521315550693,1.468756416125158,2.3847840342870708,3.051396030909538,1.0514429847408604,0.8888609571548043
051c010k_1.8591_442o0301_-1.8591.wav,9.404089485815378,9.224927068055557,3.923682993298298,4.767318583880266,4.623089608805547,4.618364982081367,4.605402763096516,1.6540076500321907,6.21303569741086,5.087455563570541,1.3010470250215578,3.1569187134579484,5.627025766763446,1.0886306522133182,0.4402037983350146
443o0306_0.2671_052o020m_-0.2671.wav,5.948169495465066,6.506521371130098,3.346409139448884,3.1757459608641674,3.1893699838857934,3.09958023241469,3.0373871499545877,1.026105805554301,2.5728758800555447,2.2760929969920753,0.951540280856034,2.214353306467796,2.0870693515964707,1.270724335458039,0.7993784780957598
444c0212_1.5988_22go0102_-1.5988.wav,8.270746087907455,9.03778262043888,3.0306236916272526,4.191194648210607,4.331995859638481,4.046691697411753,4.372231381387604,1.6509074381938875,5.186595825123784,3.760029075886927,1.696703840524509,2.8439159903764297,5.450429832337172,1.6404607739686392,0.2697447734378607
446c0211_1.1064_420c020i_-1.1064.wav,6.502793128630501,6.858449047506087,3.989840035365721,3.5141116320222867,3.2250632464257816,3.375346151020148,3.323267835332029,0.9619165763200996,2.5234910427787236,2.7944095206833865,0.9999671247617689,2.372846205922131,4.222709570047503,1.0834946980736493,0.5806102473561873
420o030j_2.2719_446c0204_-2.2719.wav,6.632815592744833,5.589101368335724,3.807101796957915,3.1055539959646485,2.941949990983621,3.1783384666614496,2.8107919915120427,1.2297244747877267,2.8248438121434143,3.5976351866137732,0.9422752977400476,4.488945365987544,2.039273507641691,1.0841978760643147,0.3211638069700874
442o0303_0.38044_22ga0108_-0.38044.wav,8.398453949398807,9.846708993063777,3.054215985343232,4.115006924045645,4.788102041031851,4.014826876348256,4.899744139020686,1.177626702758399,2.8751104899402606,6.183581384986343,1.5943494176902493,2.5715078814327277,5.087333913548484,1.5834883964453736,0.3003148548121158
443o030o_2.0693_22ha0112_-2.0693.wav,7.490085365157464,7.852346425686205,3.709055886866797,4.013257621545834,3.733154724570668,3.86373778454621,3.745147153165656,0.9561783366514643,4.213677634667896,4.928830613232693,1.5199222774623828,3.217970655431936,3.4225249308362375,1.3843797478985649,0.3759353028340104
440c020l_0.34924_442o030y_-0.34924.wav,5.691392464042017,7.389816421314514,3.13464783513142,2.9206943701064505,3.5224258852853736,2.9731602606809577,3.662951079916884,0.9172529483452704,2.1013545352787175,4.520021891218975,1.26346672053739,4.394132982389378,3.7306108031459058,1.4531321505030448,0.2522815674497822
446c0201_1.3872_050c0110_-1.3872.wav,5.447430192347899,5.89913635716711,3.496077146983266,2.7799411524911823,3.026223050178351,2.8332155209305334,2.8753527692500374,1.1424638074704514,3.8910815623796693,2.828771367577994,1.7959530736201654,2.782722909258471,4.500395651157232,1.6206399076723763,0.9788953771673962
447c020w_0.70063_421c020j_-0.70063.wav,8.059604529773791,5.60686815930656,3.0489148526320493,3.946447852688607,2.8800640324618008,3.7767348804145007,2.8899385978643117,1.0965412656248703,3.199654674673353,4.548110556663905,1.633505967813531,2.7715960977394656,2.5508162514227246,1.5552134901757215,0.5907010877986075
447c020r_0.96303_22ha010x_-0.96303.wav,8.6573425246387,8.226832502210334,3.8006178094177674,4.428508596132837,4.239800295940852,4.565451765221089,4.17859107735356,0.9141510916947406,4.468265175687793,5.6841113324605645,1.102508097064106,5.433814104609142,3.1632670787637407,1.639563255613583,0.5025365858079804
442c0216_1.4813_053o020x_-1.4813.wav,9.866657305136949,5.283198701359065,3.4894500998502105,4.875686692962515,2.523384165098225,4.940150069799182,2.680687925532659,1.496354279244666,2.993304756360619,2.8204941088602675,1.3594145671488425,5.731168788183318,2.2474349703591985,1.474860532438432,0.4241782105357522
446c0210_2.4992_050a050a_-2.4992.wav,6.2084046975241485,9.2845762318367,3.77215880974273,2.923342027385135,4.724374728022323,2.935156123288304,4.873908761399313,1.4680359020295597,1.9012805072661283,3.2317146777041215,1.3814478410463862,3.9090050126611633,3.7507418988353507,1.101257854820096,0.505187295428353
052o020f_1.3813_444o0305_-1.3813.wav,7.358756851197947,9.029283690216662,3.104215590199293,3.639563802231484,4.246293894569035,3.6818857177950135,4.410941565257186,1.5305194721820414,2.9636021338586196,4.946710792686514,0.9201761792559272,4.213452947664757,3.7237884038711564,1.6225112990561614,0.7861386982070795
420c020w_0.034166_442o0312_-0.034166.wav,7.602973836953418,9.487470094827849,3.538979754169214,4.019974630516633,4.683074053224736,3.9509618029567775,4.83843566248582,1.564956935126812,3.0673711109614374,3.963607722862238,1.0079387985800534,4.4631992613078495,5.542660743031076,1.017229208801556,0.9287334583816864
053o020b_1.1278_422c0211_-1.1278.wav,8.47793219676219,7.217898272490967,3.1101092862918644,4.141554564063352,3.49192673978929,4.015707881708643,3.573551567754273,1.5494289332464777,4.644812751647192,2.9757988806921363,1.6724538714919683,4.9239259829125706,2.804985487996146,1.3802568312332255,0.4548829456351289
420a010f_1.1083_447c020q_-1.1083.wav,6.475500697156277,5.41744959338045,3.336196488836321,3.2337974178657447,2.8442884829813617,3.1177743136306546,2.720036161942061,1.594873989668131,2.196186669648672,2.339067446515731,1.4663614088446124,3.654805716768703,4.3906622489736895,0.9931250101908696,0.4372999584848412
050c0111_1.7588_445c020l_-1.7588.wav,9.29128825347386,7.051340375272615,3.672607457717744,4.696105664528468,3.4664648474465456,4.556972332148011,3.5225176423876507,0.9621796793235324,3.6674825229425565,1.995647873113334,0.901223997608834,4.771372488040904,2.05887546986381,1.6246838918622322,0.4055778924549266
440o030s_0.42122_053o020v_-0.42122.wav,5.827992415785335,8.146674831276087,3.842418326180858,2.8500226933363204,4.243548950251063,2.8397586303470024,4.0738590890013375,1.004644059224768,2.7548676764095106,3.188942276429713,1.346447861031634,1.4250859570355594,4.695013123625018,0.9187196196647892,0.5345703433487552
447o030j_1.8_443c0208_-1.8.wav,7.290719933719068,7.148603475054584,3.71888136905038,3.7351486796092,3.4775908271767437,3.8508675792731855,3.588085787516825,1.386790915771967,2.1475768683825454,3.4212720373249366,1.0279899994677242,4.110916985552044,4.289388846047044,1.344292718881669,0.9415140906485684
22ha0114_1.8349_420o030g_-1.8349.wav,8.769510212383729,8.41704385637723,3.2422012325124747,4.232298771286874,4.313132641740891,4.195470563029404,4.458541317811283,1.6219306804492435,5.104798590233346,3.5713945519434858,1.0784520882721438,3.8580914353634417,3.7561447572319038,1.057261951050587,0.876093696137626
051a0507_0.88018_22hc010c_-0.88018.wav,7.846684086600307,9.370374787076454,3.6760557749719953,4.025545701091739,4.624771286312785,4.113347778541682,4.503153873104503,0.9934961473454568,4.590900981075028,3.9259443577162916,1.5954609852514805,2.8380011862791945,5.541692458360422,1.1656864861799638,0.4323391691883838
22hc010e_1.2183_422o0306_-1.2183.wav,5.76572896296306,7.651919107177086,3.267490432282546,2.8637281343921823,3.756281385632112,2.8898788099999044,3.588304773673008,1.3980935266164698,2.392528588956499,5.052333934923706,1.1717418055765711,2.176526281051597,2.2259043217017744,1.4793519478700363,0.4294679616810043
447o0301_0.9755_423o0308_-0.9755.wav,8.588808039079389,6.036669963742549,3.202026465328185,4.529028661352478,3.1561993304980542,4.379601167293964,3.1692922300773128,1.4724095413514688,3.6056402835428667,2.449438841429879,1.6801593657661162,5.861616354881505,4.499626278127883,1.012807045031198,0.4605307779267405
443c0212_2.0623_052o0205_-2.0623.wav,7.913536677059343,6.314982608318392,3.879110035059108,3.728458414164893,3.07186220473112,3.873110388697661,3.1115586310661354,1.4692262985035136,2.3196111387844223,3.1061018502320934,1.4823293953875236,4.966131077640736,4.569290117399331,1.2842045534016109,0.9440325389010242
422c0214_1.6435_22ho0102_-1.6435.wav,6.6456404744708895,6.889560820634943,3.4474974497500264,3.333699623615076,3.318883357826289,3.41487879493096,3.192748738690755,1.5899310082549991,3.42826299688933,3.9510457678077535,1.3908205682884949,4.746790942471001,2.975745713761335,1.7544083504105417,0.4921991523914506
052a050e_2.2091_051c010x_-2.2091.wav,9.84613003728094,6.81575290972576,3.2241989105076305,5.00060698512322,3.2721255989548403,5.082253331587861,3.3979583216821805,1.5333162725064349,5.839935482689343,4.103758523090585,1.0660747044990253,4.249511778945912,1.7120488413251196,1.536951414389859,0.4097869588467467
441c0216_1.3915_050c010y_-1.3915.wav,8.092769127457824,8.221035649591755,3.3734259645429128,4.045646145690142,3.987584866597824,3.8856479716908088,3.930134154531924,1.0227435609824538,2.1813752955174732,3.218044837532807,1.0049824422595808,2.52505756853041,2.7889519154399705,1.1691076883587996,0.7260501044601753
053a050p_1.912_444o030g_-1.912.wav,8.785384954593745,7.412947097602242,3.477629186873139,4.348580195651852,3.824809311275902,4.209750047249809,3.881608870206115,0.9219103971818368,3.4985970257158465,4.213264391130582,1.4228232761630033,5.150856116124448,5.510314288086446,0.9671334995677292,0.2640493605824466
420o0308_2.0893_423c020o_-2.0893.wav,8.16730990295553,6.005004403091059,3.8718021624244687,4.015804715995975,3.1482771089692623,4.181307309517068,3.109432655854416,1.5547347795521596,3.094954461261472,1.4607711462622763,1.307703209717303,2.603653694207308,2.2104201365885836,1.2927801278999658,0.832169466244613
444c0204_0.76091_053o020o_-0.76091.wav,7.122914358563594,9.948760666666267,3.596424951094192,3.825218032650143,4.861081572987429,3.676647260110525,4.840424236591339,1.2128022124586324,4.014933933283632,6.524561428735545,1.01676797817779,4.479470870520955,4.2635492778475,1.4261238935073055,0.3276457846779975
441c020u_0.69969_422a0111_-0.69969.wav,5.260809112874833,5.058328006588625,3.1343994962745207,2.582403550655513,2.55340945643054,2.617568843889265,2.699229215557293,1.66980409299682,4.0150252803433695,2.077678460329144,1.1282115219116,3.260790330810288,1.3954580426275531,1.2317368373003754,0.4045836054001532
422o0312_2.0183_22ga0107_-2.0183.wav,5.426378773158699,8.370262807985672,3.479404638541072,2.66819078220222,3.947151131304972,2.535701267768665,4.05367121657137,1.1237496102734628,3.3336945173798913,2.94293073201957,1.3198250207380595,1.6515895971463148,4.915224235472848,1.2668328712308536,0.5905762156790022
423o0303_1.0139_442o0309_-1.0139.wav,7.806759529495798,5.312031392547967,3.375681810023468,3.733258700774984,2.795497620532267,3.874098883143138,2.700292352660657,1.2531543509096124,3.513144048032033,1.8021679424612602,0.9522122480404608,4.412773727971931,3.3159167334873096,1.3746328702001858,0.4800110628878524
447o030o_0.85067_053c010j_-0.85067.wav,5.077599626722573,5.628801449512093,3.083941769064117,2.567442434512628,2.8371381320585303,2.7173633914263005,2.842007082467884,1.410538771635784,1.9676593158097166,1.4491377565641763,1.739114992571692,2.4341293510972903,3.5277433732362757,1.7960918582765886,0.5786062689659404
420a010t_1.5468_22ga010t_-1.5468.wav,5.828797855551461,7.369388377537593,3.463292058554175,2.948851792598791,3.5134358831447927,2.865027737559032,3.661332900682982,1.0133919033967789,1.6607619716027764,2.96654171827315,1.2598836448697428,2.7984210616264122,2.807435153681046,1.0192236986668364,0.4162456757019789
447o030c_0.99391_22ga0113_-0.99391.wav,5.472820793641399,8.420565205685966,3.892502136787463,2.589717885325077,4.083045387459618,2.5674155612864147,4.231378142920017,1.7731877287863975,1.8671200807941941,2.964039019261666,1.7569058374876745,3.2691686495932415,3.9803635895166267,1.1048742867312882,0.2458150220406076
442o030g_1.9292_443o0303_-1.9292.wav,8.25828526547224,5.4022610039359,3.554516898010938,4.197945780915367,2.597820330315805,4.175690057426706,2.449480575792629,1.4331322180015849,3.253958482818197,1.0233838206704269,1.780675182203312,5.310546827612873,3.4993511593545503,1.6081179219240198,0.2670386503104683
445o0302_1.2809_421o0303_-1.2809.wav,7.995714109330173,6.393393880304529,3.2998107210421543,3.904935618314775,3.165175806714616,3.9347915663503583,3.312174522242666,0.9679378894501384,2.411474270088525,2.8698099194808337,1.4994416815511311,2.09768151233111,3.1184559686215674,1.1590661633408792,0.3907896066308112
420o030g_1.6201_22ha010g_-1.6201.wav,7.91965134852455,6.298893790922882,3.5364036870806776,3.872602215280091,3.062797574530099,3.920824770185998,2.8997804429201146,1.2214751411215223,3.145854414125856,3.6265670886607007,1.4499734542508635,3.6618600672402426,1.6328492294219195,1.537408210843461,0.8867969958497335
421a010i_1.8649_051o020e_-1.8649.wav,5.7800248779306544,9.470466746735106,3.820788564981984,2.8114804540083944,4.846492218898057,2.7055413536827184,4.713537688993332,1.178484995207003,4.096252461860213,3.305131231444005,1.1818863632920389,3.8443828012326913,3.989767342596342,0.9859838578916896,0.7111704077673986
051a050u_0.67259_444o030s_-0.67259.wav,8.866511686707735,8.630797384735446,3.951593037363285,4.645287034843482,4.4565893339725084,4.492406901892347,4.530937601933798,0.9678909335504244,4.716483522560942,5.453605972166931,1.37872140328456,3.36096487082664,5.622216802225886,1.0769805381019606,0.7477946814174614
442c020k_1.0784_051o020g_-1.0784.wav,6.684627296416563,8.561587060252464,3.9567314563168017,3.424059450052829,4.385742292541514,3.37704846328936,4.243299436899243,1.6424398362247294,2.567674968118903,4.1421406140288175,1.799413507558805,2.7070837147416813,6.071870654637294,1.4055877119847122,0.2729736058422457
442o030q_0.81936_421a010a_-0.81936.wav,8.941847056502432,9.55938645161403,3.770801757003954,4.563302657088523,4.683600521205748,4.394311934727292,4.665103609143745,1.7918547593380718,3.7141545770142472,5.436024045379136,1.207938356699367,2.870561403325083,4.712708856556725,1.5707977045516912,0.7437366788167128
422o0302_1.0901_423c020o_-1.0901.wav,5.431608539281559,5.330680890363889,3.433800439979917,2.689967950156581,2.8513063707289343,2.6274020836915533,2.704046354589181,1.3951767801318824,3.858831773723895,3.7885411586349838,1.106669718463537,3.0470806610890495,1.54941206546889,1.1124201675494094,0.692279309463357
423a010s_0.91712_441o030e_-0.91712.wav,5.416619768273469,7.909378294159159,3.3693593721773416,2.9819532534632747,3.8886928320151952,2.8241492030421296,3.951921636137056,1.2617584547755776,3.8648029702864743,3.5797187282560716,1.6766585766704614,2.2793795481908217,2.9692421722117484,1.2739638366559525,0.6383227012609025
442o030w_0.78345_051c0102_-0.78345.wav,9.650871684945477,6.63553857867908,3.5736297061981404,4.957589210014751,3.4676721378032163,4.957771816766099,3.3176722489540094,1.6724763783697558,4.847710693445242,1.9026115059860955,0.9464228294465732,6.489985822679244,2.939257734894645,1.6770723929289997,0.4353315304726204
443o0313_0.54779_053c0113_-0.54779.wav,8.854944458671207,8.659880980494702,3.3039882864167853,4.674224556674929,4.323003903402465,4.536228682634761,4.264206465125871,1.1932891596406454,5.350958049830212,2.6277477935142146,1.514651316033388,4.830797313938337,5.2543356598561894,1.3110081113072554,0.5464069995593381
441c020t_1.6062_447c0215_-1.6062.wav,5.912940665592423,7.835077539168651,3.77496560655939,3.0344708753851264,4.031664434358215,3.1074738951092447,3.87813737123526,1.006014446050386,2.384017982512974,3.34041263020621,1.2050092677145248,2.1631314090188503,3.6384753733373993,1.3464376080735612,0.7150027976034037
421c020r_1.6709_443o0311_-1.6709.wav,9.958489435409165,7.116202944164246,3.065742734312227,5.043577047308765,3.6610376944962,5.082091193056059,3.8266174655352874,1.742925737404578,5.298759324504717,2.984778009343064,1.4553633474475554,3.88020883531617,3.3412377841236185,1.5102017796692038,0.9707795213726472
22ho010y_2.185_422a0111_-2.185.wav,8.204552600429196,7.135842661571041,3.337560834162727,4.171773020098403,3.562233747210977,4.258427669565741,3.684671371026914,1.5026497171930795,5.0602279098632135,2.9734231495195793,1.5567971730180048,5.919676050555816,2.7450411445273497,1.2313643976608564,0.4986848378915394
22ga010l_0.65199_051c0109_-0.65199.wav,6.57675647929548,5.122620025556268,3.863389364349693,3.424035214049046,2.477934809922933,3.419901020981156,2.627877827258444,1.1233125342697723,2.088869965882376,2.2810438856075903,1.7899300565188534,1.9343698889802023,2.176661918052363,1.422490154443115,0.3830088117860569
443o030s_2.1244_22hc010w_-2.1244.wav,5.855870205884744,6.670333558233198,3.547114446332164,2.743262585188714,3.316148499822499,2.7857152554366884,3.151534494376982,1.6809581295970293,1.5852339810260565,4.575536751717901,1.4624106766004532,3.2199159111095925,2.4486748814463883,1.1878039935978113,0.1320416579884839
441c0210_0.018157_052a050r_-0.018157.wav,6.675866773488699,6.8352586111474745,3.138978040788434,3.265176959031081,3.403623223075183,3.3441502558570533,3.2760958989895697,1.4965618807645806,4.296683912739782,1.6910518703812105,1.221291799017651,1.9410049529536288,2.7246536754593795,0.9394733715316383,0.2064124758431721
422a0109_0.79389_22hc010r_-0.79389.wav,7.497718727473896,6.391562300377408,3.4377710616772847,3.800444284663117,3.141237992109392,3.854249012313172,3.302498809676783,1.767111041619656,2.778899296793823,2.8778581898232947,1.2092311747812974,3.0032426170477398,2.33624604552753,1.0703768359114192,0.2780164516587016
444c020j_0.92929_443o030x_-0.92929.wav,8.25058504489165,9.758574607189589,3.9388327983204574,4.155664770814844,4.886231798603186,4.173106520389806,4.717128914619014,1.693347936244786,4.508711718010895,3.929584408454631,1.5840493158518862,5.7097250212747275,5.392772530662825,1.1422710685708384,0.9808037719393295
440c020n_0.9331_22hc010v_-0.9331.wav,5.293112456373542,8.605975869297708,3.2386768167296984,2.763228614807712,4.282053169623169,2.8714107034385625,4.150917226039929,1.2091179290024092,2.2202449169270437,4.548376158193103,1.6826918449923711,3.7605767242187755,4.013154094405037,1.1344704523634612,0.8837475432077727
053c010g_2.2881_420a010x_-2.2881.wav,8.3452740129059,9.612487324178453,3.341892993516087,4.413094116554449,4.775940661551308,4.273996539565319,4.873674299955663,1.581359346224656,4.668497271231752,3.5473398674260155,1.384413246062069,5.112532455859732,5.452912435439716,1.5124597929919157,0.731718070024245
22go0109_1.1011_440c020m_-1.1011.wav,9.00839396005114,6.180997073313812,3.742147484212904,4.599283002534545,3.201704364652903,4.63078595480493,3.034648793065931,1.4602018763210898,5.182008749992193,4.179326462884976,1.4735114395033384,6.009231856479453,3.3922413258882904,1.4144539532877785,0.4108996079565024
423a010m_2.2968_051a050w_-2.2968.wav,7.469224576292044,6.9797294364716045,3.758913552036219,3.5696072472219424,3.417075146183552,3.623711620972076,3.556977672040328,0.956067841831745,4.5633000629936085,3.0675434272376743,0.901270133427373,4.863140660843385,3.617448942809848,1.3845445649065984,0.3136196979752984
423c020f_0.14425_052c010q_-0.14425.wav,8.498621160813542,8.18519292409737,3.6377332184288607,4.291478307776689,4.226007577944567,4.260494803107127,4.058854885957895,0.9152263936951652,3.0514209683524443,3.135833184311639,1.7824220072118822,5.60277985734215,2.8071898231272434,1.5195263839478916,0.6277294624901051
053a050k_2.2326_420c020j_-2.2326.wav,5.927127566513167,5.34129856465594,3.5676463482126857,3.0356818081439845,2.682701199475874,2.9297592081003825,2.8156688752471046,1.0312874317900722,1.83245867349335,2.55426029187324,1.2560187289801623,4.230543023858321,3.449300142862569,1.736038117770287,0.5764808147741954
22gc010q_2.3669_423a010u_-2.3669.wav,8.67819612818878,9.823193305517698,3.401393612406586,4.593944881046307,4.967461428519107,4.469677428905612,5.05147095380321,1.5561770353495827,5.195614558336182,5.660494987590137,1.754309369954636,4.059628075540405,3.2296919498279335,1.7989830854949005,0.2383476048207599
423a010b_0.86493_444c0203_-0.86493.wav,6.717248953406289,9.877311657438714,3.0186437381065314,3.3777663318581688,4.866267488584968,3.273330556253115,4.973939066885701,1.550621998393729,4.326609196745102,3.806601937650916,1.0699566144639576,4.592748641363213,6.040962263490464,1.2747767884562102,0.7802677689430088
446o0310_0.77472_447o030t_-0.77472.wav,8.026976023450317,7.964842730516679,3.9347599961643738,3.794031904378688,3.79984202146742,3.926860322985272,3.869531412413776,1.5774291621641137,3.2687231845049642,2.4282520690879914,1.084691939950111,3.1127509812966805,5.462448460879071,1.6302394868377446,0.249036673856034
442c0204_1.769_443o030r_-1.769.wav,7.574580448452397,5.990017060887886,3.1022238354865546,3.6849278778872345,3.069386673277955,3.671208632347202,3.2187579633634744,1.5281705699862398,4.758637680590036,4.398671291339721,1.6627105200964958,3.002112401138784,1.8017176474753636,1.5094299268680524,0.4125271247140243
420a0113_0.48315_442o030u_-0.48315.wav,5.547552807991863,6.290079917123502,3.616476967059403,2.970999746976435,3.31967164554228,2.9504688826186043,3.1509159534642928,1.7814348433606262,2.003616859834585,2.7275367426930943,1.7017328623436194,1.1590832020823836,3.821151299185808,1.7876681215853778,0.7966862340900707
22ga0107_1.6196_445c020c_-1.6196.wav,6.7742968633088125,7.789031977851053,3.8797683692717015,3.447979114606528,3.7159166039360536,3.3002284813619527,3.741796139786352,1.082049707873928,2.5786942954671126,4.66408581329684,1.6105854270892963,3.7133759239539357,3.0155173457224116,1.3280167100564384,0.4425766992790007
22ga010z_2.3137_441c0206_-2.3137.wav,5.2063816393490505,9.978228176941087,3.012416625525182,2.7018105696477592,4.851713349944898,2.533945135489997,4.878568442851574,1.7082594842769008,3.8035858077512366,4.465020845079972,1.0297294000236896,3.689929221946039,3.8785773649951856,1.3120825843661887,0.8851004953866559
442o030y_2.3217_444o0313_-2.3217.wav,6.546970495396404,7.979977084839531,3.3461091766464746,3.320595115551856,3.8781339286575154,3.4202880507054547,4.015834032798581,1.5408580861273455,1.6494188577400302,3.4872590887391715,1.1144018031689604,2.160700989844587,3.4756154862229383,1.436272446940376,0.2091213539676923
441o0303_1.368_443c0211_-1.368.wav,6.456215724926926,7.928838881583782,3.1897754242914638,3.1837778091685163,3.731402093174143,3.2178428680937463,3.87748279607641,1.2346820959136977,4.903834318037474,4.434736493642324,1.1531718197551502,3.9636421124147114,4.465128119231935,0.9560707469811556,0.6685442319510224
423o0304_0.03381_445c0201_-0.03381.wav,5.71136714185118,5.076940952313669,3.8819498695292114,2.957617019368655,2.364349173994322,3.106000220859733,2.3863133611010205,1.2360266062192036,4.742693688852534,3.1052756455381982,1.495923676778483,3.118545129931293,3.1426007309189603,1.2691091270159138,0.5236996408645269
447c0206_2.0186_22go010y_-2.0186.wav,7.102275134829767,9.085621045851411,3.488190275971749,3.4263750819501064,4.323002610318438,3.3933100398355647,4.489756030043383,1.3194213994814474,1.8495381068146954,4.895662676958777,1.656283779720992,3.2243742366310655,2.4745012553396832,1.2895550060622722,0.5073030262737596
443o0308_2.405_444c020n_-2.405.wav,5.476527132271441,8.242389979106077,3.237009187214236,2.8001941571490137,4.14165386907077,2.970036028897319,4.148984530775693,1.5493721152655666,3.2903513802953257,5.511035936830053,1.250812843468113,4.040479565284676,4.5228684240905075,1.1104466612236723,0.7412459866110463
441c020i_0.86187_447o030i_-0.86187.wav,6.648487472117788,5.932708877870168,3.83354105535426,3.4636439981496427,2.918354683464952,3.482451083478472,2.769538375415618,1.4319907643079168,4.165443890928236,3.0248621289508586,1.4977101720364845,4.800006092041651,3.4240643403944953,1.132093478060201,0.332212979229742
444o030q_1.7169_440o0304_-1.7169.wav,8.534363194314581,6.284886130885185,3.338823540699921,4.312539974516761,3.1239451806276928,4.316589111479769,3.273890518967552,0.990414544914012,4.006458818732242,1.9339674623844916,1.4142265386937996,5.987977372517523,2.5320057775724214,1.2190554931705286,0.3036366324285665
440c020q_2.1835_446o0313_-2.1835.wav,6.567676145866745,6.224313057176672,3.520037226647303,3.254495347160713,3.0047693634540056,3.295934908614517,2.860607084245759,1.4038635996017723,1.9916231416544985,3.464125434322171,1.0458380322139904,1.3426094247530427,3.0430197934772325,1.115652506450873,0.2678274316580202
420a010d_1.6964_446o030v_-1.6964.wav,9.347078177599837,8.985269429556187,3.602224586307916,4.63126042078748,4.392432475262302,4.800734503685884,4.405794182703524,1.729508387260572,3.507416866011679,5.022656438021005,1.6892581622372176,2.878565500353036,4.614442390434923,1.542744356142971,0.7717018038229874
445o030g_0.76631_442c020c_-0.76631.wav,8.527317509901149,8.799943324559383,3.910376637921094,4.3850287696003525,4.520888258223306,4.230076618361518,4.560760940932865,0.9804474608025308,2.7562424722220746,5.6192398430560635,1.3788098624080285,3.4844452140996527,5.102438863916705,1.6488450378756982,0.6948570041806874
445o030q_1.6875_22go010w_-1.6875.wav,7.603672007076713,7.010698595497628,3.246063473068912,3.9553406687967145,3.391276819824111,3.976036968240196,3.560012302723665,1.1717655278564143,3.359710605027726,4.6061045730152825,1.3690598327426746,2.8890145991568064,2.4205537487868654,1.008537868528202,0.5270333542666794
420a0104_0.4599_053o020i_-0.4599.wav,5.345884762039925,7.750644679252708,3.339423113716972,2.4731369176719573,3.789387353686085,2.492199144489244,3.6406035121280502,1.714403635638639,3.17666386708312,3.4107826320565136,1.2567133669855304,1.5105738452865536,3.0220207587489023,1.4595245421902376,0.3687563229541336
423o030g_0.83132_22gc010f_-0.83132.wav,6.137999645475453,5.011312035899505,3.6475781097891633,2.868404159073956,2.546926548262673,2.9599522014169737,2.4036821559006643,0.9801227798742764,2.323690067860975,2.0769935132559616,1.7005840270469863,4.6070309388035735,1.640096282610939,1.6240002227242387,0.7351910229632206
423a010c_1.5086_442c020f_-1.5086.wav,8.859642389364971,6.529485004581803,3.208575022440858,4.282081022977463,3.2779963690549923,4.318977609191727,3.423387709669671,1.2441662716631483,3.0983932191333405,3.1963111715414083,1.199732984085372,5.907156049140539,2.756014298888129,0.9094325172136436,0.3684913042489168
050o0211_0.28618_052c010x_-0.28618.wav,9.636353134290545,9.979721540607368,3.532087453815828,4.736567243669531,5.07706578112817,4.647876588989123,4.932034861071926,1.5783006158184438,4.43311894681671,5.573303638277524,1.0562110146431531,4.142366786698592,3.537022596088659,1.170190681355226,0.5610253115349555
052o020w_0.74658_440c0211_-0.74658.wav,7.323619516083092,6.652496263190252,3.417431538436072,3.571727332821786,3.294366429685626,3.5609106489026003,3.124710898243258,1.562327794724251,2.049373251166979,2.0830258816555025,1.6429344399466883,5.368650295051614,3.6504419221966846,0.9526512070296808,0.4004337448998916
051a050k_1.3584_22hc010x_-1.3584.wav,5.691369343645116,6.89892771152028,3.821807759294464,2.810272708706344,3.328497311057233,2.818939250742841,3.498276258660078,1.030690185679266,4.157845462356119,2.612340028902079,1.6573513535150322,3.4622293267965465,4.670116255631254,0.902662830237904,0.4801937608524658
421o030p_1.8173_22ha0113_-1.8173.wav,6.640396173157151,6.560042863824737,3.431686854075644,3.4150129197858496,3.1644911713731565,3.350542488008258,3.299929583304229,1.5922503061642057,5.252004514827585,2.7610851935101803,1.5663996687840027,2.6422437111346664,2.0701445542846693,1.714230567037009,0.4440636212948729
440o0304_2.2294_443c020b_-2.2294.wav,7.532656701905059,9.41759175127773,3.0137162865557303,3.7510933607838304,4.811015789180252,3.6042163281065367,4.841464718092667,1.0964591792143852,3.854573678949132,4.0776256839999006,1.6093128923242142,3.043442053022174,5.61953898632667,1.119682206316804,0.5143255455085575
22hc010t_0.3854_441o030d_-0.3854.wav,5.742427980521355,7.222804688064009,3.01657656902198,2.82542637986774,3.785127331750094,2.656046218738896,3.799631159381688,1.671423292490597,3.6356232184379573,4.955124248605479,1.3149006965793286,1.9570965309875588,4.397386884454599,1.4219570249204223,0.7098120278891686
22gc010x_0.3174_440c020o_-0.3174.wav,6.141034774661143,9.083913279755492,3.7700863214289786,3.20718766605112,4.455826967640003,3.2561221021300946,4.59762055341042,1.3965325294833568,4.4399065384890894,3.135877065866446,1.1496687690053256,2.42832332703743,3.729508513544107,1.1309629627860682,0.2371936566766135
423a010y_2.0154_444c020t_-2.0154.wav,5.396024300359511,6.226727179801086,3.459730666335602,2.845615143800968,3.1598213670280395,2.6756922478909253,3.1547018508844284,1.7124076940593078,4.500313225235423,3.8833246838894433,1.4729865904137285,3.6099372213507293,3.330162661256515,1.7174603049716182,0.5838964440320719
22go010c_2.1682_051o0212_-2.1682.wav,7.557067034171911,9.726458298656787,3.3731052853324424,3.921582370513776,4.685867179899653,3.9317910130932834,4.835519388759676,0.9571267190216473,4.87485619389932,4.294375976752645,1.394844098987198,3.8512806945285605,3.708519303924925,1.6095345281146471,0.4909438528962795
441c0214_2.2927_422c0206_-2.2927.wav,9.841520780212678,9.314075535775096,3.300265738478402,4.83742899054727,4.625627965478219,4.829589718545813,4.775422978127129,1.265681740587703,5.080335919835992,5.716930748346728,1.669166281882061,5.567098947984993,3.9915667989753207,0.9708470653672536,0.2544878789925321
444c020w_2.1908_22gc010o_-2.1908.wav,6.111632907364175,6.629127474570359,3.946578352759655,3.190258226794806,3.2177709528658247,3.100284148877086,3.3620091770051146,1.208560076028672,4.638305031036321,1.9332004674560501,1.530859331279793,4.719231326510874,2.5642308296939205,0.9077288547046476,0.4934183746233241
443c020d_0.18285_22ha010t_-0.18285.wav,8.331834338075478,6.049339728346638,3.472092925504941,4.200088069282981,2.8626698785382256,4.299695586175779,3.000431783934641,1.2862172732258343,3.810278359980485,3.970682007471673,1.1229845029820833,3.9750453080035877,4.910465890858921,1.33552317237435,0.9801815727476028
420o030i_1.8281_446c0209_-1.8281.wav,9.316603344282104,9.3392080683272,3.721988675061999,4.785667288552751,4.555323579440715,4.917324462152192,4.4834459846019445,1.2643073299262169,5.61047650794188,6.3748216822185055,0.994179011659488,4.408784932844267,3.451883320877572,1.1712973035946466,0.5523495670927008
445c020j_1.1202_446o0310_-1.1202.wav,6.361070071268864,9.777967237150182,3.2469978697720934,3.406608569726169,4.867558677850762,3.2465387439809086,4.810307905926865,1.5786940470767503,2.206065204898713,6.416425903087392,1.0931942912070691,4.171837644824037,3.2151814594839583,1.2837817887226797,0.8124474826484838
446o0302_0.79737_447o030m_-0.79737.wav,9.327220864416171,9.752332361781722,3.627909561660785,4.704159669911318,5.089866331623396,4.8338517124664655,4.996164815638467,1.4767570099698668,5.570452092878653,3.3806643695885423,0.978097145320692,5.0859988572030135,3.9027989059698838,1.521390038641386,0.9835360835813636
423a010w_0.49845_444o0304_-0.49845.wav,7.751060691180203,7.854537722956696,3.094919171909704,4.147725363641217,3.762342364311428,3.9805558027154224,3.7314500044165113,1.0655322907247875,2.8765003612826168,4.082604545370194,1.2131358483952064,3.002062026245299,2.9946062187660747,1.407370659073908,0.5458253950689756
444o030j_0.2682_447c0207_-0.2682.wav,5.222361302055847,6.370727374609204,3.521122024748224,2.634260376598601,3.1308705837663604,2.4660596356231914,3.155538594130457,1.2983993105688063,1.6886978397345143,2.4162376601671736,1.204242100426525,2.185208393838787,4.542381865015152,1.2534383336704509,0.7450964588979545
052o0203_0.6133_446o030e_-0.6133.wav,6.17978959713126,7.797252375081234,3.0795008793888137,2.873685371667183,3.814764421522628,2.914059304994739,3.979900563864824,1.022345619130045,4.171537598612066,3.209865370608518,1.7153090023111397,3.392283986210955,3.2781710471193852,0.9936264072612142,0.8759528801785964
422a010k_0.16101_051a050q_-0.16101.wav,8.118485356888865,9.868726789312024,3.479481295088318,4.19782258082543,4.841876372983115,4.168130436150675,4.694844483433216,1.540905072928618,2.3773380072638277,5.4713417265577196,1.208028005373592,2.73623608495664,5.5814932044589485,1.1923709625111163,0.4296164826956276
422c020o_1.8526_443o030l_-1.8526.wav,6.0496600303591,9.689965082126816,3.758713273239637,2.9802770385838198,5.0247403434907625,3.1264802127031737,4.9912048119245895,1.1635467350788604,3.9005076642380527,3.6392707253693355,1.4686584048316058,3.114363013474878,3.654470300324313,1.2337119893568125,0.2740936609927349
22gc010i_2.3901_22hc010a_-2.3901.wav,6.273757442642713,8.775108265972378,3.700952074734496,3.367820731669469,4.619374586042013,3.2528307034048973,4.52305587861862,1.6533842244766794,2.5147717387255186,5.16728286603606,1.7242510112932004,2.4916088919747987,4.558666720172742,1.3596151391284608,0.2091394502399179
052a0513_1.7596_442c0213_-1.7596.wav,6.909664309832591,8.50260532901958,3.5338531312202663,3.4355049621039293,4.395677312191041,3.477248043395885,4.230881938578025,1.7351523502509076,4.527127204133229,3.749815573980515,1.4274988874612804,3.9535302141123636,5.9175680075504,1.647158264624264,0.6019694100112964
053c010c_0.65464_440o030i_-0.65464.wav,7.359770712188483,5.662848167481719,3.426324727021056,3.625841186293637,3.0508260256665163,3.77361881991286,2.966791681485683,1.527828241718873,3.864838316937349,4.803276554271714,1.2066205198799205,4.139832558747327,1.9710069511672,1.220448555259953,0.863982654260342
440c0211_0.39833_447o030n_-0.39833.wav,6.557646972612657,7.6413619413994915,3.6750024350166393,3.475961141264569,3.7627250080972674,3.4374062286047065,3.617764604159536,1.371602276461716,4.222399106270779,3.7767744947885173,1.2499776096924395,2.8688685451150935,2.9716013688232983,1.488970986096186,0.2841165694339553
446o031a_0.31989_443c0213_-0.31989.wav,9.324437349116792,8.543532005417442,3.1157619324774246,4.668308896000961,4.451280666037443,4.720560078189444,4.289509797337587,1.068625009672515,6.152532103221615,3.818995287550124,1.5904928619259384,6.266194571251853,3.1080801141352654,1.0111217785714957,0.5701622508449512
441c020x_2.3462_422o030q_-2.3462.wav,6.9694424924135365,5.765054033368939,3.619850884150276,3.435089928093213,2.928923511129385,3.561672723159388,3.0267846167497225,1.1960088079154652,2.3112620407950075,2.675488333306233,1.38340682727773,2.546243745055143,4.267559296029183,1.0317768639752265,0.6276126460289873
446o0304_0.23788_22ha0106_-0.23788.wav,6.083215446531749,6.462692637454906,3.0413770118546597,2.887710378880469,3.1257887393165915,2.8881479832580554,3.275788100989929,1.674505223412201,1.6479249650676724,4.3914083487484925,1.3830627986184405,3.5586767586225725,3.5837778821646924,1.3968455988554704,0.8666003601990145
445c020y_1.634_050c0116_-1.634.wav,9.8206512526233,5.5048108468453485,3.841290881588985,4.863116500775391,2.6429831652333733,4.811597435440916,2.7838582372193783,1.7767902019488448,5.2344055246044405,3.929165262828238,1.221459675893787,5.447365504582855,2.1042935467723405,0.9162629119212822,0.3051620988404044
421a010e_1.2474_051a050d_-1.2474.wav,8.177620962166888,7.936951829054823,3.399389716815402,4.086105578406394,3.845588675276632,4.235587919856392,3.8331375871865743,1.5322481583417369,5.265158163398364,4.969467545175478,1.3937889084567523,5.720392331880704,3.751863034699238,1.3855757435587888,0.4087961212636976
441c020d_1.1493_446o030q_-1.1493.wav,8.660414811980571,6.43919741912488,3.3616582517031808,4.28685630555205,3.181341687502121,4.168511493508966,3.27350732894451,1.628210550995465,4.748545075112847,4.108598338835816,1.052026908407011,5.1607442109734185,3.5554459351317047,1.7024961809015058,0.5795838431144272
446o0316_1.125_444o030p_-1.125.wav,6.375149925109508,5.291872978637648,3.7965873474874856,3.2773461298308386,2.5945485302057865,3.363326730637979,2.447894732829642,0.9198673364480568,1.6279350654161555,3.1137281967209343,1.6436550025119874,3.788361884328578,1.3617137979233656,1.510734836783204,0.9945964985510888
053c010b_0.61204_22ho0114_-0.61204.wav,6.588822508082316,9.660361530300673,3.341766832480684,3.060915280672317,4.715165599379202,3.2308309434101106,4.709811390158751,1.5470085644077427,3.313677502230758,2.8060257616286766,1.2711885781506531,2.1011970305200927,3.661951586217503,1.3441656810794456,0.7101415322992597
053c0106_2.1261_447c020s_-2.1261.wav,7.695069474450465,9.91325592452926,3.625175281359821,3.785715480093391,4.909568368230234,3.6195418978587215,4.873702777933989,1.6262050781399804,2.8128411793398542,4.3511896117676905,1.165036433037132,4.800265931462915,4.340960192655325,1.1016234295866163,0.6075039287110611
442o0307_1.3792_447o0305_-1.3792.wav,9.0691343929212,9.938490900284773,3.861714030997673,4.293325218309851,4.817995878254614,4.437417169960709,4.859679321843727,1.4183168641215635,4.495636554430498,3.7996431223158957,1.0274794208703426,2.8795113206377447,3.6394772021643766,1.7174580178045156,0.2981720976825376
050c0104_0.021425_446o030g_-0.021425.wav,6.890705667362773,8.772737873710506,3.750672438894159,3.616504638764696,4.267436961833592,3.53605616185981,4.140835055988206,0.9458020304144136,3.8359924376674654,6.1362681810821345,1.6208965502911912,5.394131263295864,4.30792192448673,1.0231645249517205,0.4320395304263276
440c020r_1.102_444o030p_-1.102.wav,9.622602774920768,5.094533511522038,3.1673878549953822,5.032141074585733,2.570360916877981,4.964991332445744,2.7265368181256866,1.1068058938562562,4.152597380612246,2.846985115078776,1.1607475330619264,4.610855338061968,2.147797049850998,1.6667653513256615,0.7109075604187307
052o0208_2.4522_440c020i_-2.4522.wav,9.462597241548131,6.21622434176264,3.842343971314816,4.948561750694738,3.1034007215745696,4.912720102075491,3.2695794693862394,1.3696379696998129,4.873913783707418,5.175343721411139,1.3352446826924682,5.325598828717743,1.6111800388216118,1.033252899000291,0.9523211160956444
447c0205_2.4995_420c0214_-2.4995.wav,7.182061172814874,9.083172550518688,3.2532825259075624,3.7715670200237534,4.316350752444079,3.637915504566818,4.384448273809139,1.165197324688542,5.1887369594584385,5.581467648403384,1.206025475921754,2.4696750841010635,4.8491095140541605,1.1012585421206365,0.5660441872602652
422a0110_0.36986_053o0208_-0.36986.wav,9.888192533897914,6.439004251880935,3.357628778910166,5.035593131903314,3.3588693581335898,5.125075697736598,3.479255696278297,1.5657701730647235,5.29367165657814,2.6886901771359173,1.3368540926442247,3.8845389197744438,2.963696723057103,1.5740750234065044,0.5413785037586998
447o030m_2.4706_421o030y_-2.4706.wav,8.500429020583905,5.892536649330325,3.9944772976469434,4.192964628954816,3.0083359532485034,4.038527161136346,3.079392751190847,1.1586816374270028,5.118066571764819,3.0084537867098087,0.9945801516594042,4.442001925618554,1.357380815095654,1.1546738197047133,0.4837122729760176
052c010s_2.2907_445o030b_-2.2907.wav,7.022731581556455,6.509065114277046,3.215725093071314,3.571560816217752,3.2113116870940672,3.4297153518352976,3.1176107573541447,0.9680365769002875,3.0686562544118585,4.177359480657763,0.9180025983470516,4.81598332054364,2.6979806244019553,1.1502422111864394,0.9935323248289316
447c020s_1.6408_052o020u_-1.6408.wav,5.84565206546069,7.416114376452828,3.685357863065225,2.948728178384045,3.9614729054311577,3.080377335336196,3.853915946224476,1.3195700443688216,2.9189735918277555,5.079654266094557,1.714790181772836,2.4006368629879495,4.763398065853503,0.988167530288941,0.4481389382100288
423o0310_0.63342_445c020t_-0.63342.wav,5.969063450875237,6.279307060259285,3.662967265331303,2.901268344608845,3.0928074556810303,2.995966604490833,2.951625871983569,1.4783925619829084,4.639399391640052,3.2624078364719598,1.6074024714162098,4.718079820834362,2.027348742906019,1.7988027983451955,0.6238205200855594
445c020j_1.8778_051c010d_-1.8778.wav,7.039724537155688,8.0417063309683,3.09181893118228,3.5630865312926407,4.131049834967917,3.731918222295986,4.150946068605243,1.7476501725517155,2.419084290797626,4.180004661175567,1.6906163003606332,4.353263194078173,4.6373896527308505,1.5798419973314086,0.9667208578288792
443o030s_0.11975_22hc010c_-0.11975.wav,8.609355140949917,9.756148250638615,3.8849267419257214,4.394984225969903,5.079560299118586,4.4659250899166985,4.9473960307913165,1.5469807802424973,4.213574923192061,6.534535298597225,1.494980641551915,3.880311403363158,4.56449352209625,1.1073931880820356,0.3956840628138986
22ga010s_0.12808_446o030c_-0.12808.wav,9.903277146586005,9.66217174999398,3.11099983399521,4.898860471488098,4.660071015638996,5.049542854354178,4.738778191257234,1.594104781396001,4.535372131573541,4.19436735570963,1.770820861534366,4.056717537135098,5.900881001205257,1.0525906699744605,0.4804765697800757
052o020x_1.6427_441o030k_-1.6427.wav,6.749801225193614,5.81504118660248,3.326765331908401,3.5301763313895704,2.7300249215737558,3.3855279861678507,2.7697345705852765,1.5990087108495843,3.646075953577081,2.1503463053873286,1.627390389677967,2.0542721900099834,2.2096751806131314,1.7732336082904228,0.4688339995908945
443o030b_1.804_446o0303_-1.804.wav,6.771953795939368,9.90839336882036,3.28312086829646,3.502605752628634,4.983159163182658,3.354573546829936,4.958942102122909,1.1913491577035071,4.861975333671884,5.791139894508335,1.745024624591768,4.080268091470096,3.8528096022540446,1.7982159205792516,0.8963728785448005
052o0206_1.5361_440c0202_-1.5361.wav,7.22149620863106,7.887200429595506,3.751136960315328,3.5788416928651947,4.134710632199706,3.443269702101347,4.070521573004799,1.525158462722796,4.760323220304665,3.098874327345539,1.3139316501666485,4.467921042253985,3.7910373394665156,1.799801231545796,0.5338690825851363
421a0114_0.77921_440c020g_-0.77921.wav,6.774789797814657,7.811758890055521,3.420506567270873,3.3964686048485326,3.8095825443636255,3.326371379659899,3.9534101460986686,1.1197930359822772,1.8923085635154353,4.581654639989562,1.504174254334386,3.649350925419454,2.648254585810927,1.6440750307853795,0.519555609210676
050o020s_2.1596_22ha0111_-2.1596.wav,5.5341405394056,5.211946468946334,3.2611936348080093,2.607804532549662,2.32510430587443,2.6479706764545767,2.4902911118966107,1.5250735887175435,2.077810045755265,1.754024116856607,1.1229124516740607,4.401062458311554,2.727405847955138,0.9697445564120524,0.6886958196231846
050c010c_0.80731_420a010b_-0.80731.wav,8.604675875082634,6.046000227628995,3.461646849550731,4.430110420723014,3.1685216179608697,4.565561978454388,3.1040788099203724,1.4000703389511249,3.7698938479448394,4.304484922157758,1.5317387995314546,4.951694954295816,1.9522882017296956,1.7299280832669663,0.561361622059996
446o030z_2.4376_050o020j_-2.4376.wav,7.1495562705684,9.537906421287328,3.057723169398639,3.627911101563931,4.60152326053066,3.765696513005547,4.542234303769179,1.797090450237273,5.131491028089905,5.498944084607738,1.5566634130757675,5.145133169025364,3.6988870016097084,0.9232764868319434,0.3836969939762763
22gc0105_0.6128_443c020h_-0.6128.wav,6.619755914924141,7.64334948935599,3.4287494552656748,3.1607983867117886,3.774138083012544,3.301317593203821,3.826620009490615,1.1111191570666492,4.186469806235748,4.508428389496704,1.7837466914520543,3.215211087964901,4.5317909237998855,0.9511661544641844,0.3800549236795014
051a0514_2.427_447c020k_-2.427.wav,5.821113585536813,7.560267168418528,3.7935563261953815,3.0438162906641466,3.8153175027993815,2.921993654036915,3.919044284322716,1.5239205081462797,3.7733167152422262,4.622771058038464,0.9176021200182278,2.0317462887099516,4.953518582326198,1.6382282182629406,0.5384243725039953
22go010e_1.435_422c020s_-1.435.wav,5.695273620632811,5.506077393347443,3.25029618483609,2.7562254314238497,2.8651692817890644,2.7257826209220943,2.6979172704745387,0.9168449577818548,3.5070920754098944,1.207556924791155,1.791598563091753,3.545369239606927,3.8573523758151547,0.9647200291404974,0.5885089263549863
052o020a_0.59342_420o030j_-0.59342.wav,8.574707425938051,6.660347735819128,3.237080984441694,4.225154713283352,3.432327276737742,4.245952180029136,3.2837760553460686,1.7176075145914016,5.360368861388342,3.044940779933812,0.9161788041100616,2.796317711800325,2.77240685645582,1.4548753246135109,0.500780510671749
052c010w_0.88304_441o030o_-0.88304.wav,5.219544302919788,5.02888849762288,3.101865180418023,2.505031330669378,2.7297372474313706,2.6709123537540984,2.6925420033756264,1.4165335358645332,2.66672952193159,3.64459980461364,1.0403393815072066,2.036087354524556,1.743299315069755,1.675602091394334,0.6276672217051102
051o0202_0.70181_053o020f_-0.70181.wav,8.082869650592514,9.859830575256431,3.509652382238586,3.8953770022072582,4.964336494104947,4.032032223966993,5.0654569686182604,0.9842013381746036,4.888588539446027,3.7866329613019913,1.2087187610583832,3.308195510101888,3.342420815537727,1.056656049710223,0.65925271024513
441o030g_1.7447_420c020f_-1.7447.wav,6.326025703890291,6.67945181411249,3.810873945200748,3.077103120841563,3.0817695873874813,2.979329601977358,3.220839134769037,1.6859518520265908,3.942868320764645,2.5101388260719237,1.5215951080362715,4.487316677671701,3.8551882686699233,1.5523384429816605,0.977899098669976
444c020w_2.3343_053o0205_-2.3343.wav,9.90416850392295,6.2859032832498825,3.021145890584669,5.121046739024217,3.2476301618161902,4.989839166982663,3.139534958227129,1.0720092115295503,5.465585667050795,1.886584646567941,1.672662070086638,4.4857972046243955,4.016284387669993,0.9169285626280276,0.4803117756132968
051c010u_2.3824_422o030l_-2.3824.wav,7.885464256598381,6.417860949904415,3.885922932962138,4.168778292911402,3.3061485882339814,4.011793628389836,3.240911979607756,1.166717422645899,3.775284517558419,1.6990708662528875,1.5509796755974348,5.239222410080099,2.958550879388242,1.7131647435146449,0.7811039232537229
423a010y_1.8722_051c0101_-1.8722.wav,6.7220915617783,8.9939560535316,3.993029282178899,3.5732254018200016,4.5793505456486505,3.534755918453071,4.744940698886944,1.178967173804239,3.8345625187830734,5.587204810139081,1.4652557852165875,2.947508885005837,5.847097779065217,1.4953112837275024,0.8177568680285485
22ha010o_2.3431_051c0102_-2.3431.wav,9.298738753032126,5.856028641176506,3.927121120852594,4.641736978281171,2.879032562923093,4.669491565990593,3.026442477315173,1.0213093769055397,4.5811376448698145,1.975945589310807,1.449930298538399,4.701266667455612,3.976632698945533,1.7244379993727452,0.5519191389791116
420c0207_1.794_423o030p_-1.794.wav,7.305871196923968,8.845546664814574,3.43711654690778,3.646787406859923,4.327827160061237,3.647517270683136,4.497825593285781,1.431870062736882,4.155561843353679,4.8911334888796905,1.0586689303509085,2.589081207020839,3.9005742378715142,1.786071984522229,0.4552586142114637
444o0301_2.1867_440o030v_-2.1867.wav,8.537518845280992,5.872732372409606,3.124208738246476,4.269469637343332,3.122208320271443,4.438061355499852,3.1440448165341817,1.2383660696682135,3.176574120150045,3.0369645852383056,1.1406153049476484,2.546741234395423,2.5636117250801123,1.1280238998144272,0.2610635190182675
441c0205_0.43222_440o030e_-0.43222.wav,9.879604319814115,5.7990011284147895,3.838619946373109,4.991966742481327,2.955813844013243,4.9079862959700575,3.103622113754039,1.42410256684313,3.53068761896974,2.675787376531038,1.7532212981832551,5.750368893165271,2.134653059136441,1.5778093420309998,0.7652886001392138
443c020n_1.188_050o020n_-1.188.wav,9.623455369352552,5.526987692405191,3.5140862402271367,4.949027856666484,2.978400884357066,4.900756579607401,2.83638016822352,1.492691894485565,6.110832159103149,2.019870259837374,1.3614722430828998,5.8101774418697705,4.724474089532856,1.26753703099262,0.2027577489415212
421o0301_0.50202_446c0213_-0.50202.wav,9.147454261992491,9.970224285728817,3.832925743296888,4.719460075366079,5.115734696632343,4.763495101471594,4.95153689982652,1.3021171468522876,3.6898681791747094,3.924210752212713,1.7281815464008916,5.5630040600425,5.8145644686838,0.9084600898426898,0.7996466369981561
441c0203_1.9426_051a050n_-1.9426.wav,7.69011438564279,8.837932986960585,3.629665376605662,3.6811390219451017,4.549763745104781,3.6730164687906512,4.399983826122786,1.5226571262958952,3.9963106519308984,5.906045002876257,1.7641257526581378,2.489251104972022,4.412585346892217,0.9430688649454442,0.2869733667746618
440o0310_1.1793_445o0303_-1.1793.wav,9.457386876923458,5.552725057852169,3.9377708256584456,4.876158689723746,2.630460857329417,4.751681894963121,2.714159886989989,1.1436436830554482,4.284643209766681,3.026224814402219,1.344534597817299,5.425975312729654,1.8597985436707203,1.0213240644033277,0.6067802040124324
447o0301_0.32331_445c020s_-0.32331.wav,7.83734427188522,6.854341083533327,3.3144500081641555,3.7945240462700767,3.2143727961501,3.7556769819962135,3.379874776794751,0.9321075337896436,4.134131964474918,4.654564647371873,0.9135164475407004,4.556473514924848,4.355998114436981,1.01335727982912,0.9697864362730158
22ho010d_0.86211_442c0213_-0.86211.wav,9.4341381975219,6.271126034064377,3.379086712998687,4.782044517279445,3.029973294143605,4.784215888856835,3.1999594263587743,1.1665321984832884,3.6601637612139477,2.851729159389788,1.7044419364609702,6.045808062452648,2.783111739549214,1.2862778514046072,0.8068366861649894
423c020d_1.3017_447o030n_-1.3017.wav,9.426427218129495,5.169906453416819,3.966206948069808,4.933712779766893,2.555398446138166,4.768280015692726,2.594539225011116,1.122153320917994,3.971670484538633,3.1106654664711986,1.703505796653729,6.028743173014439,3.0843127451993873,1.4125668623154113,0.8166985452137533
447c020p_1.0423_445o0307_-1.0423.wav,7.234944590662701,5.101953949274211,3.195592677243629,3.6428402344362936,2.446126394168619,3.625915793687645,2.2769709529160678,1.2135892051448185,3.413375881184023,3.1234905013465575,1.564355769732395,4.749499769770863,3.601223753609762,1.241709147221183,0.5711768924690312
447c020d_1.1143_421o030u_-1.1143.wav,5.327950510307439,7.035969053342922,3.720636944309324,2.5332200954554502,3.669514567045801,2.604816991904301,3.5153267451567403,1.7289935601308102,1.902733682649959,1.9232006511583448,0.9106034921396192,3.698790217276464,4.011152802073258,1.6190140944209777,0.9126395156634178
441o030r_1.0223_22hc0106_-1.0223.wav,7.647582080177926,7.80524428942662,3.050647952033239,3.835585998410001,3.665806357299211,3.880715929580496,3.82970659925311,1.0927841847312367,3.4303038503265317,1.7100821307467924,1.2655240767896243,2.792931426608513,5.2270269449152424,1.1783014890790446,0.7845802450543107
447o0312_2.0302_440c0206_-2.0302.wav,5.124066132319549,8.293550263309898,3.881981916965736,2.578176891754409,4.15578712497301,2.507644845806301,4.0234042314619,0.926274973273045,3.2217616470289134,2.9923296449861008,1.5891284583801526,2.124281719619831,5.297237505348714,1.4663911874275208,0.3377575206593275
447c0205_1.1068_420o030z_-1.1068.wav,9.105922529464344,8.71221749485153,3.806999535504152,4.567233900739424,4.189844586247836,4.53874648078547,4.3574407285195695,1.4153405676210884,5.51493727762463,4.380576518274523,0.91781577550501,2.9069923822140034,3.2905272445641356,1.6371748711047,0.9809705688214734
420o030k_0.85607_053c010v_-0.85607.wav,9.564442777985624,9.762211099112406,3.033272585796139,4.930396783329588,4.688762083823401,4.975735727244404,4.831745929640644,0.9339589127688076,4.114497787323202,3.4162442544682654,1.635752337337455,5.158200322786084,3.351307189849222,0.9736016889229558,0.8582091885779997
422a010z_0.92211_22hc010s_-0.92211.wav,9.690518599927127,6.895408815525752,3.49778502477938,4.713075381534227,3.4438879247516283,4.577846280230111,3.5087962459476136,1.5060674462136978,5.356405665556393,5.220870690597193,1.2370039624094975,3.6149920534400954,3.4692113226832944,1.7071789225115477,0.4512836594858818
423o030w_1.7661_441o030e_-1.7661.wav,5.302772538946654,8.069225719148644,3.3769729529816117,2.789056760715408,4.067353747961856,2.756465748066638,3.920937130412727,1.355927305535917,3.5646202336801704,3.8691821929817,1.269711140104566,3.0647271765309423,5.772315298453722,0.9466553517126084,0.5616938159250724
444o0304_0.030352_447c020g_-0.030352.wav,6.373331167132539,9.77279736742526,3.845318039090005,2.978446261849692,4.864473683900233,3.060237553079114,4.715442866016737,1.0867222451736718,3.6440633418776063,5.516040666666807,1.5748250273055209,4.154803245574499,4.285880754798686,1.3864267045688596,0.1388013371059466
440c020m_1.1933_443o030k_-1.1933.wav,9.022538188206283,9.483172213744991,3.875960711134752,4.763837634836551,4.993689466253628,4.650683115628383,4.866819238135412,1.2277962334915014,6.198077215479288,4.312867245139257,1.7751670275103528,4.200191942694498,5.416703093053686,1.1160617773632957,0.9239760080112542
445c020a_0.25797_444c0212_-0.25797.wav,9.184898264942204,6.715503160948503,3.7085788228137617,4.485605125444804,3.284955212009545,4.367606441441184,3.407332949255394,1.223541358760563,5.653222476161668,2.7311679906920077,1.6422904801753893,3.0173045333151505,2.450370896125258,1.293666897836535,0.5083175374174411
422a010r_0.41613_440c0210_-0.41613.wav,7.614030210934676,7.503032809837322,3.018800482472076,3.845789858767992,3.555190621511369,3.940869414658792,3.6712073360468542,1.1257845870942556,3.0708075655279328,2.86182907301126,1.1483608338949534,2.8010638201748366,4.0552663220680145,0.9466341351148368,0.8529879029071097
441o030v_0.32137_444o030n_-0.32137.wav,6.003750056967051,9.218629848509169,3.967180170153465,2.913905735792686,4.658302966698735,2.837398724582454,4.506491645527759,1.64000004088059,1.7242633564367567,3.6367768369210887,1.6283779898469126,1.3053786847564022,4.159375510658716,1.5932714297181043,0.1687123140832593
442o030p_2.2089_441o030z_-2.2089.wav,9.242313689528926,6.110593917096356,3.2967591776967766,4.869877983934272,3.1059410829106366,4.706941303260633,3.154434774160704,1.6719893199499345,4.9133588510188755,3.8360477805308166,1.568507470994564,6.370301679414094,3.0233810004075057,1.3726230437525817,0.9138755583360264
22ho0105_1.0453_446o030f_-1.0453.wav,8.657717621796056,8.971273963139755,3.097089697008547,4.207932572915657,4.434666621324963,4.073981495315777,4.367160260070406,0.9114455151480396,3.4504977587763577,4.19407938091889,1.590780924409657,5.356998091394656,4.8974721203506375,1.3720903661668404,0.5320750888177342
422a010k_1.9843_442c0213_-1.9843.wav,5.0771239356106825,9.32018472067256,3.457939441782516,2.690589525991381,4.776131661954966,2.587497996009494,4.667172328045504,1.6485904811199013,1.0361589985821673,5.5440749477060045,0.9437276363727984,4.140052750102845,5.526974416742481,1.218873420039497,0.9126877999277138
050c010o_2.2086_445o030f_-2.2086.wav,8.927217322104266,9.868478453026324,3.908223440524104,4.303219891294009,5.059658064856157,4.472603444531843,5.045193905961643,1.338797399223827,3.78043419059568,5.2945272751578605,1.410537842315151,2.4332194797011013,4.829784643544162,1.4395304680745529,0.2749636069495975
423c0206_1.295_422a010m_-1.295.wav,6.783904192440354,5.16653188577757,3.7978978870615534,3.3728364841435874,2.6351941882599705,3.518716353290111,2.547906939604779,1.591683336792239,2.900593090739329,3.0343594209468723,1.330772994893184,1.929482602696308,1.446628505121864,1.4403233690499562,0.9134741694831232
444c0215_0.01945_445o0304_-0.01945.wav,9.195934668856957,6.433640525364861,3.065818286220708,4.763519529745879,3.096214587273197,4.686190586503733,2.944820285738915,1.5903255978366448,6.649928130352551,2.5534300828392884,1.382039513202053,4.169019500683892,4.540382968898535,1.3510779715182135,0.5180195772574137
22hc010k_0.19184_447o030g_-0.19184.wav,7.382020004476133,9.291391268867011,3.881459526681136,3.6491456866262326,4.369987035553112,3.618467600447755,4.537196051543357,1.221890800899879,3.344535523391676,5.152920136857769,1.058112334031337,2.893640801957458,5.837866699494286,1.5479140949653127,0.784047395379573
051a050t_0.36131_420o030s_-0.36131.wav,8.644089641756967,6.292062023756396,3.9411220729239274,4.3324451174775,3.0507795489513683,4.501428337200505,3.032214219650589,1.498430947793706,4.522085971015822,1.7819625931907839,1.525151135539784,4.8611316397706705,2.269760156035002,0.9547542502315238,0.6537168779783704
052o020p_2.2672_440o0307_-2.2672.wav,8.726100692180609,9.699476466182553,3.8033648980574752,4.226878148127711,5.044004207406847,4.395148940475486,5.019818665389924,0.92539411355697,2.7169374637189962,3.938869282671739,1.4652835731843543,4.168149269319239,3.134607483374488,1.4673828487143172,0.7968405499178639
445c020o_1.0281_444c0213_-1.0281.wav,6.404419120128334,7.49737668272893,3.0892975722669624,3.156404572438076,3.899543659892417,3.007305651062977,3.915960469715957,1.536027650505237,2.654284391849876,3.3019291049658146,1.5579127726914694,3.130632620330237,2.0064541356471346,1.2484781200225727,0.5301666352219577
22go0106_0.95857_421o0307_-0.95857.wav,6.555572005972778,6.984368040224172,3.877601073490182,3.3296672455878187,3.525114183873993,3.203661902785972,3.639231025687063,1.0515630259217732,4.046773727898994,3.761648819814623,0.9544432562329376,4.384637287841592,4.041091645519712,1.54566579727634,0.7473873954659107
440c0213_0.35158_445o030q_-0.35158.wav,9.958668570133716,7.331180433553276,3.2788776618377398,5.190707426147839,3.828784545703027,5.052783365633146,3.7698188477834793,1.5986229849986875,5.250928154845124,4.988887279478922,1.2134369243336585,6.344364996450666,3.626511078256459,1.551292363712727,0.4038696448419753
446c0212_0.35205_052a0502_-0.35205.wav,6.073350841202693,7.796678592424386,3.60590352839417,3.055519563065998,3.675022040238969,3.216525333085954,3.7295852331466537,1.3290579924912955,2.3643330816317736,4.5722979003095405,0.9954437401700512,4.401414065934531,3.9646065641919868,1.4303137361917149,0.6633568360780888
447c020c_0.65774_422c0205_-0.65774.wav,6.792891969946852,6.58973128376803,3.251385566137676,3.282854536438171,3.464271618230852,3.4456413953415708,3.41527734746003,1.1900827125299944,4.249077244757186,3.4207123407833397,1.1445041213708915,3.5334710497327917,4.204324864017219,1.1544674810311684,0.913762341719799
440o030q_1.4878_051a0511_-1.4878.wav,8.328386282185914,5.823318744006286,3.3558158851681315,4.114493281282708,2.8697145852865185,4.168202432317755,2.729659856358522,1.446285883351489,4.072102273586387,4.249441554749351,1.775222823174826,5.099673273372125,2.1190529717049893,1.753525988233744,0.5915543759385105
22go0107_2.3093_440c020g_-2.3093.wav,5.822118822427673,7.80652597960927,3.315733978068528,3.099579518949111,4.045394747660277,2.9650531622825764,4.149330590188388,1.55792167717599,2.693397666947746,4.975533301790374,1.5573113197038726,2.2272970882572567,3.446535099031896,1.591604008242024,0.9828214220771622
447c020x_1.3773_22hc010k_-1.3773.wav,6.416228604547975,9.434902760381796,3.1773559412704264,3.013049045335207,4.5403578783521885,3.050617964414481,4.685576941560897,1.0083250378869084,1.9953448724114644,3.8495563209429857,1.037956900425675,4.096941463636224,5.137759114804973,1.352539881657184,0.3733774770657695
446o030r_1.4428_422c020g_-1.4428.wav,6.264847857418301,8.923908898493536,3.487763673305255,3.206135921817045,4.21009687150984,3.3104237766161706,4.31791172828476,1.750599945029497,4.461921177263041,5.101715456327332,1.412496052070066,3.1634925200548323,5.970990520186445,1.4102274250647242,0.5317291081935558
22ga0110_2.0102_447c020b_-2.0102.wav,6.59296676926501,7.392290733178378,3.7900065952307314,3.3905389755370585,3.689174765579503,3.4593332239872607,3.544719404376909,1.0189670313854842,5.277363068453235,3.9880383091646734,1.1322940582600272,2.5470091342981074,3.35684590534903,1.3959803883013355,0.8338082462318934
051c0109_0.47958_22go010t_-0.47958.wav,8.108354361894332,6.598654751778543,3.59225866362076,3.8700167640923895,3.474458532541985,4.016300819706286,3.507639476970233,1.5554576304948071,3.3966144074517466,2.577413426371361,1.758727291845388,5.355309350278304,3.2302839964289527,1.4110160453888805,0.3337001671758538
050a050q_1.3825_444o0312_-1.3825.wav,8.50024853883059,8.987755889969478,3.7607225506909474,4.10907318578211,4.270044930470694,4.201555466621164,4.412687938469007,1.1196770357343686,5.251450625330348,4.955628730487986,1.29907272004387,4.8820033713218836,2.558058479987852,0.9094030189414092,0.464011569643791
444c020u_0.7342_053c0111_-0.7342.wav,9.773904172717614,7.742377655242123,3.673292790028616,5.0627175080209845,3.841819083960762,4.915289982344802,3.869479971021713,1.2630299861872332,6.056069640168192,3.307347841594338,0.9403137781188844,5.718398655173891,4.5677511200428444,1.1417039340152677,0.326274510621466
422a0110_0.53209_420o030s_-0.53209.wav,5.327375626198414,7.632526449408704,3.033116698546132,2.703743396567765,3.565249529766671,2.747787411038602,3.708637551544269,1.3014410996175116,1.610276690392792,4.03931091440714,1.0410169977398591,3.1754631585690936,4.505353107385892,1.4616665555433237,0.406980236079045
050a050j_1.2216_22ga0109_-1.2216.wav,6.254600101850745,6.312768475232646,3.799959937300178,2.9375292427063653,3.318443193975019,3.106932339156731,3.30420975050451,1.3584245833975852,1.9494001085758892,1.9678381325143064,1.404628051347292,3.92743448616076,2.299605344407281,1.2022787948810318,0.5771731608563264
423c020x_1.7301_442o0311_-1.7301.wav,5.850456597475615,9.887659686784712,3.614645993269488,2.9660096826355384,4.912979135908113,2.837370772358923,4.835829730448026,1.207525024714117,2.1340375026552567,5.594669125371029,1.7112185149119377,2.893562905978763,3.7628601222298608,1.4982307427683996,0.3577583755429996
443c020p_0.25416_446o0313_-0.25416.wav,5.818211417174744,9.6986744402046,3.7139517549636967,2.744606266618689,4.666689609636069,2.8383560075612406,4.783783529517524,1.6259150892656935,4.51818191661647,4.9950918751965006,1.0033873081976323,2.2012599931621253,5.7205258117576125,1.5010100750905822,0.8009433161915083
422c0216_0.67161_050o020x_-0.67161.wav,7.0851421083365365,8.169114572449296,3.745803966571407,3.612782118554012,4.064133035733099,3.737896765572811,3.9813905127998384,1.2486182612249914,2.921122542163251,4.297014356099434,1.678008149733234,2.729646702102909,3.76105109729584,1.7612453833480508,0.8843597153818343
440c020k_2.2877_051c010e_-2.2877.wav,5.318111527621398,9.406334620884284,3.1574841596290777,2.605157150539098,4.8368146830909255,2.6130670299475502,4.666998801007583,1.3454796449363926,1.8073976895382762,4.354952544735986,1.5996282717379635,3.5563257786557854,6.177007530013515,1.174286981671107,0.9775006084907788
053a0512_0.56025_421o0301_-0.56025.wav,8.50399983015047,5.4155610161800345,3.6624642230582207,4.029275876840169,2.858437515371157,4.19863393047266,2.8436777840113288,1.0063976970792032,5.733664539687513,3.4136773543897667,1.703031024239373,5.125124518356877,2.987648496755736,1.292465510035265,0.4942097517263055
440c020t_2.0566_050c010x_-2.0566.wav,7.929610849770608,9.734363937602865,3.039121600989976,4.131484980619597,4.835734879836893,4.092831914130088,4.980669142352551,1.1019427188824995,2.8600154679220213,4.739082909897696,1.7046762523230106,5.637638548071837,5.908047857962566,1.11826019150631,0.3742590461590742
052c010x_0.53933_443o030g_-0.53933.wav,7.07732001262854,7.702882916009528,3.546534754081335,3.552183152243013,3.672664027158353,3.6656476404887055,3.7707752390922753,1.7232668217918028,2.7445441179618055,5.051900124251682,1.541199213319166,5.268368872433081,3.0481582907773843,1.5973151465848856,0.2831168000292444
441c0215_0.36703_447o030n_-0.36703.wav,6.121678204499586,7.143769370502804,3.921397656179997,3.0358076729763432,3.7737686429756905,2.989387039118223,3.6102292753842433,1.725827142968922,3.210428948737445,5.4373945739776115,1.6139707511618684,3.7915081984338976,3.822499947322758,1.2429412582424786,0.9441804239377514
050c010t_1.7628_22go010l_-1.7628.wav,6.320649024749814,6.9822266689199655,3.510334289575208,3.2801911988354737,3.53178858853098,3.1494176648263954,3.4583155812236943,1.3375626382464485,3.2104618354166625,4.162597474172354,1.7010856053177563,4.062090460656816,2.182359087351027,1.2672141246078574,0.5961784746870935
22go010h_2.0111_053o0204_-2.0111.wav,8.556228845709128,8.404861782411139,3.552644424333192,4.214677143091008,4.212937614774808,4.269448713286332,4.07329494544219,1.1784015602776263,2.9222094576933717,3.479991840943955,1.2909980053738863,2.7304185091678184,3.816357537857315,1.490440917546363,0.3782518236015673
442c020m_1.7038_443c0207_-1.7038.wav,5.303608055588434,9.600667845986646,3.159412026199233,2.633486289280244,4.785329099277595,2.5126041438255733,4.696517462031816,0.9093515143993004,1.069607339334833,5.128010584747766,1.267766925374035,2.9680125591713615,5.3826597257845625,1.681035305480152,0.4191130907264127
420a0109_0.85261_052a0506_-0.85261.wav,6.903572223068508,6.050854569570566,3.584020299267709,3.58313978248833,2.9782865029637757,3.68609790174143,2.869201097524438,1.2991470234306897,3.3820326363488458,3.8234731620848663,1.5993030595273106,2.141019827574256,3.7498740377953053,1.0067435198744563,0.4372432222570933
446c020q_1.5165_421o030q_-1.5165.wav,5.530821529660534,9.076226880328033,3.762661212102711,2.8144447331423823,4.51336702467635,2.662465775014563,4.589540486501203,1.795618310854206,3.408477627084507,3.704161083363846,1.6825862796936586,4.270132475995817,5.747686363875893,1.7705705734301906,0.8266499725407146
052c010u_0.95107_446c020n_-0.95107.wav,9.454150133488072,7.18340789960474,3.180773806929622,4.639224780302095,3.7788665537988457,4.469289014353581,3.783539395706272,1.7893516493715094,5.409013297860163,2.7671295369325213,1.0512374734986614,4.298486424489732,4.507848474731193,0.9236698107807472,0.6445591779320315
440c020j_2.2366_22ga010j_-2.2366.wav,8.178090090765094,7.06173933016574,3.003226902656837,3.942578081270698,3.630666723534603,3.931477723237181,3.461029516379074,1.0317553008579174,2.851744113123593,2.34415750144494,1.750919221553349,5.367708246554048,2.9540468210359014,1.1059896589771825,0.5982746548051163
446c020g_1.0794_422a0113_-1.0794.wav,6.8524939443997805,9.330363750324125,3.144552699996053,3.415047123583104,4.728127098259153,3.5243402065331138,4.597915647075771,1.124251827356656,3.2317938087673195,6.282132616597511,1.6606619628259287,2.382224906498452,5.12306222312434,1.655898207157145,0.8803937499002483
22ha010a_0.95283_446o030e_-0.95283.wav,5.630449301889239,7.407039909741615,3.1108676383387857,2.924144613399006,3.793768082105529,3.086620951795202,3.843782474647724,1.670622560119824,4.085451810863165,3.0911768203646734,1.3369284550772431,3.516271979357094,4.821337610052717,1.390115952574864,0.526894592109745
420o030c_1.8107_440o030y_-1.8107.wav,8.187863956811874,5.652986549283543,3.8302800554920657,3.927365056180713,2.730590949852705,3.9186548869913,2.580844053548668,0.9313655378034444,2.9304534528264248,1.2101517357151876,1.0947239577087535,4.731372928092793,1.0330617469487644,1.728076120287361,0.4627372208387177
22go010d_0.71111_444o0304_-0.71111.wav,8.496276162017045,6.204452035825475,3.072348511612211,4.197525347111865,3.0425729922283424,4.04946253984051,3.066602247375464,1.0279367197043472,3.8843541248187354,2.3839345445279836,1.2219788394244486,4.834901233072738,4.051346857532323,1.2850110516389526,0.367168128241168
053c010h_1.6163_445c0212_-1.6163.wav,5.799467098835399,5.554891400503844,3.2045259159830706,2.947024623335168,2.680701209542748,3.0695489647397425,2.798547659482384,0.9836645861193476,2.8463117293888023,3.889536655565434,1.7811311138189108,3.997742895767504,2.374309729279103,1.3388979326485762,0.9127462632956268
444c0201_1.9484_420c020r_-1.9484.wav,6.591778938916155,6.73685972980956,3.4435456365490973,3.1832600439316585,3.575416006121312,3.329729521995693,3.543063386511001,1.1641070563914209,2.48306204202739,2.1616924022678075,1.2978871913811072,1.5475140795367406,3.954134396154859,1.462287599971995,0.3488472256454126
050a0508_0.19796_423a010l_-0.19796.wav,9.764450875310866,8.467427155171015,3.875958892226424,4.795069140575269,4.106987622122245,4.895545546445462,3.9956121676297567,1.459626246215656,4.363261136058256,4.950975465302461,1.64579094894096,5.263255080135615,5.346956798952111,1.2612413774241067,0.2553141363772779
050a050p_0.0059009_442c0206_-0.0059009.wav,8.506512859826131,9.92363943620245,3.888655329184596,4.202137996802688,4.849812981932099,4.046320861850275,4.781834893879981,1.7502880790866246,2.7450489934110665,4.701064030693158,1.399652018820924,3.3591057341734563,5.477751060339567,1.7151940357195308,0.7250983379839597
441c0210_2.492_445o030b_-2.492.wav,6.831865144566018,8.09734328916214,3.662791242245751,3.4214315691453314,3.9615785987625625,3.566267408131809,4.000598846648537,1.6975745100384934,2.846721618502072,5.546932379865022,1.2672617212046902,3.633762039278873,4.949880110093588,1.365721338987135,0.2919772660238949
423c020u_1.3686_441o030o_-1.3686.wav,9.092269735267442,6.395451136005358,3.999134216655764,4.372939134604425,3.210085342620816,4.359125705689729,3.3795232049232498,1.2141398170168975,5.639155058603709,4.487253750984372,1.1786563937987782,5.051567377548238,4.156739436054812,1.003722726013634,0.1457662575947525
051a0505_0.54979_442c020k_-0.54979.wav,6.516496519875366,7.888741439243301,3.84513489192483,3.164913837156516,3.7191456722937617,3.0932117016974336,3.873284582925073,1.244142963660002,4.9401694897508115,3.7326914570917284,1.730051862349117,4.346556961200044,4.550372197042872,1.3189104370149614,0.8595406996054866
22hc0102_0.50072_050c010a_-0.50072.wav,8.667216887872083,7.418582337157441,3.2040529951019776,4.39364944212749,3.795014372277091,4.512912474536906,3.673868472220544,0.964828579862018,3.6244341339574366,2.2680063679569353,1.5645935079965094,5.360599435160335,4.058029276401027,1.6436421285591072,0.9670512350872724
051c010m_1.0549_421o0301_-1.0549.wav,5.837166064826648,6.947771155481577,3.9355728231543337,3.137956919684226,3.42354633509743,3.0113901929746434,3.343042523448404,1.097472791182193,2.348981569255525,2.5002178780484794,0.9932761275427662,2.3227491663629665,2.6007664135790654,1.2057030481394992,0.4228043381441553
050o020x_2.2523_444c020n_-2.2523.wav,9.314323726748924,8.781863453912095,3.132067547620481,4.842052725540399,4.298682920561149,4.672856823925982,4.2821678705495865,0.9954773820720446,3.532230886582527,3.2131342753103573,1.3655107042780088,6.309165763299568,4.412615577888943,1.1915473942227133,0.5615559147435308
22gc010j_1.8752_053c010e_-1.8752.wav,7.878521189716643,6.697059313463739,3.458355733954313,3.933478302986969,3.187714085039113,4.052288217694823,3.3093043978403904,1.526351143303292,2.3999750780807,2.8174365432147415,1.2784171374662674,3.248702157284485,3.4788609047214836,1.0366880317035634,0.6715253412674953
446o0303_0.2656_053a0505_-0.2656.wav,5.011659534748595,6.871501392127117,3.197632385061273,2.6721997639757964,3.647481343065152,2.670199379033048,3.497494682124651,1.2560868082534882,1.848042420328155,3.220758726322973,1.1008799560329623,4.202482075085323,4.61472367535966,0.937840190846472,0.3708215534928081
446o030h_1.4348_420o0304_-1.4348.wav,5.5839439423513895,8.002785336737485,3.5126420476691127,2.913111815777869,4.167588469372962,2.7632285526751192,4.161671760687243,1.2153048862824465,3.376442361919834,2.744138582884614,1.4619241733046962,1.8048789358615296,4.44737511096646,1.2141165442182436,0.2360448134792251
444o030s_0.54473_053c0103_-0.54473.wav,8.774779204277497,9.641959651945587,3.461933909514105,4.458149392161375,4.915841760884576,4.315652577168831,5.008549137705304,1.3938047633789692,4.651787081713871,6.552883683228363,1.793974491607714,2.501469409057603,4.323601584211197,1.1366073784427009,0.5835249614832556
050a0513_1.7662_447c020d_-1.7662.wav,7.205773821106804,6.448592706480755,3.4035166875248626,3.695596464537356,3.208186023420184,3.783655840566995,3.0867547824100106,0.9956536673508528,3.2176523721477874,2.2816499209581536,1.637185871836512,5.202493247077528,4.188061891868233,0.9851040533376348,0.5757452359267965
423o030u_0.10736_051a050w_-0.10736.wav,8.301176542926004,8.993841635731021,3.533859524578592,4.152979718468904,4.641526041829793,4.140235141852456,4.492068436580452,1.569265009418776,3.435906795035688,5.75714191477099,1.507296492346475,3.175351608870616,4.858968163934531,1.5001418354387617,0.5664794954193992
444c020e_1.6195_22ga010t_-1.6195.wav,8.792466139085667,6.772849749448983,3.2189472241617776,4.502937727619335,3.391017362229084,4.6294084610907404,3.47167189449606,1.0692885382033,3.3797304859504247,3.295983661958274,1.075078838184998,3.235607785269012,4.374567859445862,1.0511676696262024,0.5834147744567435
422a010i_2.1917_22gc0107_-2.1917.wav,6.727213398283413,6.297002276767438,3.597141022244199,3.489366794544373,3.128265319001534,3.321842849648159,3.0993563604175534,1.0964487820785944,4.556302369075966,3.335234856350769,1.7319591403054928,4.621986032700411,2.9160844882322468,1.09380133844309,0.9075811886215308
440c020t_0.695_441c0209_-0.695.wav,9.081900517049888,8.729667379240697,3.9625273692613456,4.423092220545769,4.319399344349127,4.2865083212606585,4.257392582975267,1.3093889723971226,3.354861976906741,5.205340904361928,1.4660771352294608,4.5050970223425,6.279202290926293,1.1109720779490837,0.4254533619800041
22ho010j_0.5387_444c020k_-0.5387.wav,6.035863085643557,7.647246427939437,3.739527076242253,2.74905787054626,3.679931846048109,2.9087544599259028,3.621648063222097,1.2322492603956965,2.06013081686582,5.0440210242587,1.3956728669600094,1.713733557513138,4.941795256016757,1.301011626983143,0.1156018144689832
423a010q_2.3735_050a050z_-2.3735.wav,6.364624167104854,5.9372323990533165,3.521491865471285,3.1524638711932496,3.187261987047409,3.254556297056629,3.051331355542476,1.3998323579877296,2.2873586160433934,3.690246946671289,0.9096687101089256,2.212956254278159,3.904859655521405,1.20349399941763,0.5768023713041875
443o030v_1.6269_441o030f_-1.6269.wav,7.870192688319012,6.199960872278345,3.77860271832926,3.6904431271835993,3.2284970613493056,3.84030067938981,3.148230542508864,1.320484465978867,2.9736203543490496,2.5853530620757965,0.9736549393935896,3.801669042895451,2.0788835702959005,1.2201814424436974,0.8581840115973922
22gc010l_1.5676_421c020z_-1.5676.wav,6.741744825057163,8.145983922420932,3.045089904205406,3.6346454699099815,3.8527283598943782,3.4713374443196634,3.8999564106459386,1.2115631602420431,3.195380055179717,3.1401127948372545,1.5616394285641904,5.479594389397398,3.2656768349039895,0.9595554021361506,0.807078799571948
445c020s_0.11636_052a050k_-0.11636.wav,7.839437443459187,7.5458343919707875,3.875788439084774,4.016477744333478,3.809149768498867,3.901199769381682,3.9340937098926494,1.499151878462245,3.990462458390632,2.3571411458296283,1.3932775787481422,2.0596422803530015,4.546889640746746,1.1786043071990966,0.5699964949669405
051o020d_1.457_052o020x_-1.457.wav,6.71274649587582,6.017399318544299,3.600383655832234,3.2742784348237146,3.0541476235386504,3.1391618677185145,3.119289877826523,1.5876027933486023,4.648763731611869,2.6648736875351986,1.0159124216466642,2.614558796737389,3.554676987338154,1.791688756882999,0.569668799718856
422a0102_0.43287_440o0303_-0.43287.wav,9.274430259690368,9.911744984135392,3.9024070143354006,4.560280506314946,4.695925459861506,4.576546501638942,4.845040909752253,1.083371258095798,3.86717774906692,5.65883866408545,1.0936563700063953,4.414423317027273,3.6011018158571413,1.0126629268497511,0.4025947545353313
446o0312_1.8188_421a0104_-1.8188.wav,6.136322722920982,6.870993245878762,3.258188879496858,3.151952262515364,3.4212787334041708,3.0840312545784827,3.2875374283378678,1.1732532296883005,2.5601534274695372,4.105074795829286,1.610410587001665,4.79444253564136,3.1436042715937984,0.9061333586137018,0.4451844542011989
423c020r_1.6961_442o030o_-1.6961.wav,9.271514038706009,9.460505023294369,3.3663957910027995,4.612811068725632,4.601348835884421,4.444416118312409,4.57804345720635,1.382419059428289,3.276443406556284,3.920453713306856,1.3874744357115285,5.288623253908778,4.108748836701403,1.6534177259901994,0.6976003323813824
422a010l_1.6002_440c0207_-1.6002.wav,7.071826318968413,5.42762246114831,3.241658992397871,3.4247601706810875,2.753470164239536,3.409602637108993,2.9227930781525995,1.5993342501612204,1.484839867234562,2.56011449929731,1.082108493926922,1.8106553588256256,2.289411803956493,1.331264996456412,0.125990312876971
423a010a_0.49897_422a010h_-0.49897.wav,5.4499539066128975,8.119074253768712,3.8802211033074823,2.9165655316948627,4.089849688718305,2.82043692497907,4.204998683376878,0.9355887107294584,3.4234584062853246,4.498379593311246,1.2226783971083608,1.8046980755669537,5.7091887967652095,1.7380490229474836,0.2125398771728009
442c020d_1.9817_445c020h_-1.9817.wav,8.253163866735001,8.95703399379295,3.680469974514824,4.099376062077759,4.530591128606655,4.214670047390031,4.434636467694254,1.1425136152588422,4.799433587614004,5.643939304578536,1.0318456932216626,3.8466747760982085,5.551468947902024,1.2543267244546503,0.7082654548875307
447c0205_2.2338_441o0314_-2.2338.wav,9.035721965938317,7.813670518225226,3.279344169580097,4.479991932572901,3.959556685119897,4.373097359128554,4.064787622434696,1.047940265771305,2.5352911945093495,4.067401746143958,1.583277279234625,5.979559825686897,4.492262457608425,1.2484808136903924,0.3868504187210938
051c0107_1.4914_446o030l_-1.4914.wav,8.70754549274902,9.682305519534744,3.75299420358626,4.356035112613921,4.861699158439705,4.229925466720016,4.942917119584476,1.390603580260817,5.188641243709673,6.521301788423046,0.9109185994372166,2.6675183086688725,5.943979849159694,1.3165556430220542,0.4784031634850515
421c0214_2.2541_423a010z_-2.2541.wav,5.968423472591806,7.762353688952794,3.4090263883102674,2.875940099996313,3.9822911137459487,2.7764615401587034,4.1201461685413205,1.5349188480766995,4.621452751140045,3.781573092703646,1.5458702663831856,3.3284003855489814,3.1846080969353183,1.708231744811187,0.6835068821565233
446c0207_1.8079_441c0210_-1.8079.wav,9.481917145091614,9.85842518815928,3.464146832833443,4.706954010069897,4.848711939387329,4.729059173428074,4.680155237494736,1.3399362633666922,5.435125482981139,6.262138821690238,1.46595591857177,4.111077551409673,4.036587916135666,1.7177506646594205,0.5207946241075779
053a050b_2.2102_447c020j_-2.2102.wav,9.934296235566396,7.199674644866152,3.4195227600472946,4.916202332100196,3.4459577747003243,4.85841685307111,3.605835347903633,1.3268011783199052,6.476562902061857,4.154243531971921,1.686079856270767,5.813599888659816,2.9066917349952353,1.3192811059098013,0.7926727956865716
22hc0114_0.48731_443c020y_-0.48731.wav,8.897536164005462,9.59875834452583,3.5685493068780496,4.66423553283624,4.52839824860485,4.628224620292419,4.694540399119887,1.3658742226187202,5.100891419573277,3.078063439529481,1.7574996728952763,4.466388977020046,6.224084399995955,1.0046501668102938,0.4045872910509049
050c010t_1.515_421c0209_-1.515.wav,5.421054917084167,8.482808258595025,3.070654286693202,2.6326678370875216,4.275150460294556,2.773749403761694,4.18030325925646,0.9339722652775648,2.6130073941225316,3.4212720420198877,1.2273434456028356,3.251563522705802,3.749556272031292,1.409504278053205,0.5872133603947445
051o020c_0.81171_441c0208_-0.81171.wav,6.811507014854419,8.72040935313773,3.3667793377719235,3.484572076395454,4.322975728113422,3.636888018479696,4.398473104140603,1.2246295331655306,3.9899938466039337,4.955834831462767,1.0073983208578876,5.063126823021374,5.563121243800806,1.0207824476765517,0.4076454837239706
22ho010u_2.0704_422c0216_-2.0704.wav,7.067125689937081,5.633701045217432,3.5890614443359463,3.6683381420893753,2.8566331811648844,3.515585162446396,2.9312423442093225,0.949695446589456,3.3749852116822856,4.801545507696461,1.347359046648101,5.276539480138892,3.442006217060335,1.4138056387011444,0.9860758782972168
447o030v_1.7882_444o0310_-1.7882.wav,7.659693666322668,5.7150564449011,3.358214903572454,3.694560725210842,2.955375627029767,3.789006003209543,3.096726571362474,1.2344296504859928,3.2948518100888333,2.5698538210702986,1.397191787676578,4.713569736751749,1.7837914484978783,1.4992457273318949,0.6409745387960288
050c0109_1.6965_441c020p_-1.6965.wav,7.927034875731388,9.16704202587688,3.0734498198734164,4.047677763314045,4.701988592055464,4.104507508256068,4.541768805231786,1.714747745714933,4.398198517552878,3.3688371619560713,0.9607432008583792,4.236231364794922,6.445968230446548,1.7166693531191972,0.8732576198701769
445o030k_1.4848_441c020l_-1.4848.wav,8.366716221638955,6.618051918611625,3.585376817916885,4.181915032319108,3.1515934018560623,4.131437008868413,3.292844841312484,0.9109303765612904,4.430455216047937,4.346334321225677,1.480123184817928,3.1077256044813213,2.2193516568528766,0.9922749712674864,0.5046035005635323
421c0207_0.95309_440o0301_-0.95309.wav,8.436866258666226,5.074214576788695,3.398498154770733,4.240780398068407,2.3250365487295244,4.100512655569447,2.4210832062155903,1.6581838734677872,3.22539502568438,2.5751668945339405,1.6304166519617749,2.617611197335418,1.1371013065332494,1.7406674815152474,0.8389688983959348
445o030c_2.1632_420a010k_-2.1632.wav,6.638979851713636,5.2517037840854215,3.2091722197718213,3.31593956229756,2.584693077751992,3.216798917733245,2.6972592031866545,1.414151172444024,2.9322878378113324,1.908788867026417,0.9405351617703596,4.89472839847744,2.1100593576880753,0.9194247062904206,0.3326586689998235
420o030p_0.79949_443o0303_-0.79949.wav,5.467179474232646,7.277743261657338,3.866416751841892,2.593055237406459,3.496541212353304,2.7513872906809165,3.519583801311456,1.6666300284368547,1.1899200629192133,2.3051186143957927,1.0405240177654589,1.561578129872894,2.241080103095505,1.605909111999289,0.4033407673974874
420a0114_1.3815_053c010v_-1.3815.wav,8.675043620482318,7.610931200350617,3.3469822294022102,4.281871811742557,3.6221932124193095,4.398760034304979,3.745632037049966,1.4927726092855178,3.878378154863239,2.606731937230154,1.4005258845516997,3.7655176605809664,1.8782185540456526,1.2415210521891828,0.8450648986756685
052a050e_1.0821_420o030o_-1.0821.wav,8.682821989393602,7.229527608250973,3.3569237564333445,4.308640158773367,3.420293795559737,4.4743822295117495,3.458103397347551,1.0335166119116366,3.7302167568641855,2.922904887933436,1.500707261496707,2.810690660077697,3.539228709688606,1.3928588407018436,0.8135160347019541
440c0206_1.3471_050c0110_-1.3471.wav,6.06787916244245,8.908780219698725,3.9253322586002346,3.235552470645344,4.579642098441512,3.11655274940781,4.458237541915039,1.770440506100155,1.741254293540673,3.7140608814831086,1.3541778075860298,4.034574339646358,5.942548929053964,1.5826564761233683,0.5901415695766381
423o0301_0.52128_053a050z_-0.52128.wav,5.258348858633884,8.403621347527155,3.561093067414733,2.4698161873443945,4.014441160277946,2.4184248554723413,4.176487237084564,1.402654370759107,2.627300880351863,3.3074568336249226,1.0700248658760474,4.100471602047456,4.699954759287148,1.4928600196952524,0.4479588195766869
440c0212_0.76751_420o030o_-0.76751.wav,8.426491735946614,5.2436164181145095,3.984840015815229,4.114442176554886,2.67854165293585,3.9530733640451943,2.732021615063847,1.5994908639679468,4.513145548637202,1.0395092136014206,1.703101483969704,3.3689651016197626,1.8614722728696644,1.7512493863663596,0.2751178344060033
445o030b_0.2065_050c0106_-0.2065.wav,9.111712740827308,8.337708317689437,3.194818339405351,4.564232940825753,4.15679512133004,4.428466335641619,4.259105574934623,1.3226346471259465,5.6999502070647825,4.2925123789375705,1.2734157719431172,3.0856026167909523,4.025684203875125,1.0576299511719356,0.90324207071434
423c020m_1.3376_22go010l_-1.3376.wav,7.724438950407771,9.678084865206824,3.059287047965945,3.811378518081906,5.029431877769273,3.641378522426816,5.029393442507981,0.9234469457868923,4.048798424365393,4.505507640850873,1.2191295517859448,3.8957563158513855,5.700087236186828,1.5175703277174586,0.2088585935848239
22ha0102_0.22055_052o020s_-0.22055.wav,6.660075077711303,5.757759618415161,3.4184663710540537,3.2033493721314787,2.8504795567883456,3.0802924253674044,2.7482201422921557,1.3808574913890277,4.57152759062344,3.0782204416479533,0.9575467124154456,3.7716138586602623,1.660095420721159,0.9120218666609669,0.977706903369182
053o020e_0.38152_22hc010g_-0.38152.wav,7.335467026457657,8.140467546425606,3.80180810330372,3.559090404518085,3.9433035961439615,3.6857059574476674,3.862876599704108,0.9280654713993493,2.8869191027794994,3.011939003374774,1.0633019415296598,2.6931811482509853,3.3160236449076477,1.1368940780455312,0.3856351845962102
447c020k_0.082782_442c020g_-0.082782.wav,7.50711366168827,6.463497380917024,3.2030229302955133,3.591826020488336,3.176400352183381,3.736608050643962,3.265496725532781,0.9998828997128854,2.2778734212080534,3.967126493190452,1.745331362894956,2.4693802800453164,3.863222011983872,0.9410500509952912,0.4564179550790994
051a050p_0.13839_420a010g_-0.13839.wav,6.605102377139104,5.716025970517091,3.508003048804734,3.097253606192789,2.642803752121578,3.2398152128575,2.715441127522787,1.1892688130071272,2.1190048620740827,3.3150278114754776,1.270164637375438,3.8682323785689237,1.382989516965286,1.6359751450174929,0.4962828618188937
423o030k_1.6268_052c010i_-1.6268.wav,5.643888806352527,9.696040486932038,3.757182157685068,2.61440930514162,5.062904422783897,2.6792414765680483,4.927638796891233,1.134305537992497,1.6138679355656471,5.1747025975129475,1.191532253163527,0.7559408746137868,5.281396294559423,1.222967756246931,0.3948368885556292
22go010y_1.7453_422a010c_-1.7453.wav,8.178188525007847,8.12189629515198,3.3650613866881134,4.193751360731121,4.112790642552979,4.086394942136994,4.008030920394879,0.9542364189720692,6.075647990256868,4.2044014801485545,1.6740252239055065,3.335158591135072,3.681672943598698,0.9756919457768438,0.678223559074693
22hc010i_0.65277_441c0202_-0.65277.wav,8.98730531152186,7.99815512848641,3.411629609325604,4.650989595318347,3.852790828731126,4.481605499280681,3.867248629722379,1.5387089734185784,5.51394678199457,5.430901006250945,1.0335962207251008,4.899084795316046,5.115652021262053,1.091292460496475,0.8773095941692557
422c020k_0.088435_441o030y_-0.088435.wav,6.39960908186872,9.606706871847042,3.571386476514561,3.127943445361369,4.800406180978765,3.275324064934114,4.828315910005646,0.9853900653397322,1.972700827195544,4.521704172299899,1.5201899385343771,2.4265040506155877,4.575110323598301,1.1693456771669066,0.4910042196888711
443o0301_1.8891_050a050x_-1.8891.wav,7.17012716890691,9.600985674248578,3.95447297912588,3.844243022286567,4.848113255308562,3.674469802369421,4.8568912846411925,1.491308928087668,2.974976724722913,4.947871068682119,1.1423184643685218,4.036966057310489,3.781688454222789,1.0938244416962148,0.5356833825583106
053o020t_0.34557_447c0215_-0.34557.wav,7.766645813763564,6.129019445935334,3.980549718519829,3.851419897281759,2.9488416894313416,3.986753715894298,3.01353139139192,1.1275353319289394,5.603168700021164,2.524462250013343,1.760503157349344,3.62377621804833,4.14084654542634,0.903383559268109,0.902430508377702
051o020y_0.39095_423c020t_-0.39095.wav,9.261337140774147,8.037116921622001,3.5236225425615637,4.66646097350363,3.8357673648737,4.698909271388276,3.982215676452869,1.5611413504976135,5.168645953140811,5.604847850784376,0.9904722276019984,3.468346348845012,4.082487142023201,1.1793953087937084,0.4731300075927381
442c020i_0.72623_423c020h_-0.72623.wav,7.859567419542087,9.766492740028127,3.959000222312511,4.096278598041223,4.786893901975101,4.07127694346491,4.61874243076998,1.5882207459237585,4.280881568642455,6.704938661655887,1.0200229303050177,3.186759665785591,3.1680629112695335,1.5358619372849915,0.2412300370775675
051c010v_1.6754_052o020u_-1.6754.wav,8.687497629701804,9.785088940314624,3.4862106251551075,4.06368513004344,4.767098716679004,4.233416120451195,4.776658575213637,1.7784719949786978,3.927969228495495,4.205480540822558,1.7917062790584883,5.493175204789557,4.987055474839823,1.6901487116208798,0.871880353770702
421o030l_0.37189_422o030o_-0.37189.wav,9.045535650783172,5.911857414441673,3.484381554866892,4.407753666578061,2.6859373804838507,4.445594437112184,2.8516723378265425,1.7928639305058454,4.929414413397443,3.7454850462011127,0.9136110455477208,3.4085278704953423,3.717397795627101,1.5706961576814074,0.4270913137775147
053o0213_1.5399_441o030j_-1.5399.wav,8.378673177768228,7.136769328402048,3.1803315685871376,4.033048626182639,3.5555358397050925,4.042270021057334,3.705252124312228,1.083540337502991,2.9034871750685602,2.611788295933033,1.0775973993315189,5.22149632746285,2.9790796923096927,1.6631004925341155,0.8048316756823537
440o030b_1.488_445c0205_-1.488.wav,9.00557147786584,7.45845908328635,3.268402233855967,4.76241588223567,3.5847501004869184,4.595361679191088,3.5532398919008217,1.635926291221108,3.5181770944399875,4.673983360696043,1.479340649987533,5.485304698936957,2.646810282687374,1.6304297063550734,0.6656406579200094
444o0312_0.27954_445o030k_-0.27954.wav,8.727257718543996,5.725105646976874,3.4721972044199885,4.24127448701296,2.823534903815774,4.235688766035816,2.993443113509024,1.40821543354462,5.169495021037436,3.670868522678449,1.0784171039372288,3.0473257004538508,2.3578853987923116,1.713505548665883,0.9459341878714556
443c0214_1.6419_050c010e_-1.6419.wav,9.790407184171794,8.063033523818035,3.684903051125393,4.991765139373993,4.250353215682592,4.851681111523688,4.196720528436519,1.6838876302679453,3.207092649547391,3.3316936793867677,1.0623896503542505,6.625577284517041,4.499009690942242,1.4622878471729326,0.3744519525283545
423o0303_0.017372_442c020c_-0.017372.wav,5.360256953398838,9.325439855303053,3.305035459294372,2.6963132384048,4.644791394837705,2.7223436829284857,4.792515515948306,1.5340284404441409,2.2128537074936334,5.192531564985012,1.7125418807617792,1.7845670834540313,4.3022880585035645,1.3089783421827033,0.4360637039980204
441o030j_1.7373_050o020p_-1.7373.wav,8.36316114078951,5.276110963598521,3.2169372656954183,4.2804608267043545,2.492166721330487,4.185770400487515,2.621138513528911,1.5860711817126996,5.475858077797532,1.275147585603749,1.0036697375445285,4.518378409542828,3.211088718266075,0.9999157611812276,0.8865904589709164
420o030i_0.39328_443c0201_-0.39328.wav,9.816653114490592,6.620189014470871,3.020389661895192,5.068979149915854,3.23717871423344,4.904949035700985,3.1925231252141804,1.540461812374685,6.71086026894242,2.6243946720056877,1.4749692822601532,5.242021888726085,1.571539100212685,1.7927915341101903,0.5322801516759094
051a050h_1.406_443o030p_-1.406.wav,9.706645010146309,7.297829467222908,3.0162574545988563,4.725754874048236,3.759810657688664,4.732568110137662,3.929674072860942,1.1373019826961683,4.778432455095054,5.659894593573391,1.6541856784799158,3.8382591390394585,3.8641166812222787,1.4929058708038374,0.9280338438443376
051a0503_1.8797_052a050j_-1.8797.wav,7.734580635771772,7.547777049406273,3.5380585181112165,3.7167019160855785,3.857113429143195,3.657439719373496,3.7193165059523694,1.0740654703305172,4.155847563911683,5.219331789322093,1.6521728091547765,2.747182452978731,3.712067091869384,1.4135307517207731,0.4856877739955088
053c010k_0.67451_423c0204_-0.67451.wav,9.181815164780312,8.973004590396306,3.4564228956447547,4.607225878249723,4.403621629835279,4.565795427193013,4.547786527522745,1.667890939244014,4.891021042757744,6.073336697178688,1.536930272237246,5.195063749018505,3.168980163358098,1.586580198715624,0.4278345428577048
444c020l_2.2046_420c0213_-2.2046.wav,7.449188672076882,8.82734681023447,3.132054856989157,3.7160264491210793,4.298219997294776,3.662562006825002,4.158071670833239,1.3930033922761575,4.070700875884912,4.951302947494662,0.91898115167213,4.593969485573631,4.262103659879634,1.6710099678223571,0.5598334827165194
440o0313_0.35151_423a010w_-0.35151.wav,5.880237361119934,5.719643303624827,3.938967141922957,2.860715315953981,2.9500183701188143,2.799994927539297,3.108804498073273,1.146142230022069,0.8470040019345213,2.974363762059871,1.0716776184672487,1.8993236035409955,1.4790486019338815,0.9953683055781782,0.1891911361034782
422o0308_0.062848_423c020r_-0.062848.wav,9.36259998564377,5.167710186290473,3.3606194439901698,4.747059485311369,2.4266152360792708,4.890315470621901,2.4710868300771125,1.2953488461302871,3.2367052785383623,2.8832237413059456,1.5813152929758534,5.607556311828867,3.0543968385240516,1.38490083693166,0.568201572828453
443o030m_0.79886_440o0304_-0.79886.wav,7.561963305227112,6.264868507207774,3.682295575807848,4.04021331690157,2.991619627286528,3.878039079552808,3.0426050834514724,1.2627841172840772,3.2847050269134104,1.3379102058151893,1.1204366284010348,5.821598304861865,3.1850150933467676,1.5731632440451189,0.6495084356860535
440c020m_2.0792_422o030c_-2.0792.wav,8.42719799250812,9.169318866718328,3.348800328318575,4.400690222952084,4.464055471299132,4.402896957879746,4.314071704440985,1.7021103147130685,5.1427393658709475,4.792414260626634,1.3043642904273174,3.384479958977535,4.18542047975432,1.091952309219593,0.3648532768337023
052o0209_1.1478_421c020d_-1.1478.wav,7.569338482733551,8.69931488014542,3.8413336357440233,3.717881494289387,4.6078022975660025,3.7960070489728817,4.4568175377211885,1.758978143839634,4.378717823042497,4.48738513814573,1.7520568414250688,4.976243491046685,4.769252812092723,1.2868395910365953,0.9915773913443232
444o0307_0.90691_447c020r_-0.90691.wav,9.592842044866067,9.0279067459119,3.2985024729489814,4.93969747798838,4.437819406877946,4.866338583355812,4.568656987787591,1.2333831809024252,6.333213602944547,3.8048756897441027,1.487731604337887,6.353051005656559,4.603077634753222,1.3225926811560944,0.4059946875720752
051c010o_2.105_444c020e_-2.105.wav,7.844608302037564,9.813372481633529,3.589805701341337,3.861638186431801,5.074288075656789,3.940462530130902,4.923666952170055,1.4843725323579309,4.602388286059099,6.2583836349299204,1.5061613086509988,5.239776490209848,3.9095411144586487,1.582677188760491,0.5615061176069022
052a0506_0.55077_443c0211_-0.55077.wav,7.332363432228275,5.08157607376629,3.13856201607367,3.787361907245172,2.6025699005835548,3.894682069083174,2.4707276354973358,1.331819050558252,5.201694753401823,3.2032765197350983,1.3861380330088162,3.9189272319499997,3.522306102104998,1.2459551880381514,0.9244801147794752
051o020q_2.4659_050c010m_-2.4659.wav,6.6062206895984845,9.985304410098824,3.937920004072326,3.219008734626512,4.911257047700537,3.1031580000953918,4.786843996501719,1.0039228540704532,3.48448079256642,3.708232401710923,1.4015962614154214,1.5621653826098307,4.354064770592142,1.6631395125249622,0.7521397178167204
441c0202_1.8694_052a050n_-1.8694.wav,6.299367161634136,7.427660541186805,3.2962554468870704,3.1950983283215098,3.874457613226301,3.0989105801241768,3.734286585204364,1.6653513583465376,2.0508983182769005,5.032210794219495,1.5355525120364075,2.8651812120164704,3.264340133989239,1.1507393879334005,0.2550753585167733
423c020w_0.36765_052a0509_-0.36765.wav,5.950499672117383,6.993371986027997,3.5421165807665003,2.972001071290156,3.479121477102251,3.1196116054557064,3.3947939596280543,1.355144915750257,3.9106636599732236,3.040154709245328,1.5316071599655343,2.0585156416875887,4.0860909106926835,1.2388381559850972,0.9718157901975952
441o0301_0.81314_052c010s_-0.81314.wav,9.406184886536952,9.288674603728822,3.624440019507716,4.851941075813191,4.798159237179575,4.864267355834835,4.628606700127404,1.2662502421824136,3.967769095618122,4.9061851468478865,1.1020899901821184,5.545664998984046,4.661657267754904,1.133050947960096,0.999248792370898
420o0314_1.5694_051a050k_-1.5694.wav,6.640507186511298,5.730588751721613,3.126354185082755,3.1969621624203906,2.8094131156656745,3.3031028207962536,2.915404439081973,1.2600327033250585,1.25432954711805,3.194215646794655,0.9966491330098451,4.0051892499076445,2.1979523241065775,1.064888269639935,0.4062597736745144
053c0105_1.8622_443c020s_-1.8622.wav,6.439881688645986,5.602276616557424,3.2415670177438485,3.376431712817732,2.936217048064235,3.4330616790930426,2.775926540174163,1.373086049678056,4.355577609745391,1.9598386191852053,1.044912921626886,2.3531350361078505,1.2964815758873334,1.4178558552869038,0.7583255785932606
444o030u_2.379_22go0111_-2.379.wav,8.698526359511188,5.111133506456055,3.985264986270457,4.400707864478944,2.5663318724111823,4.310122419154139,2.710186928267091,1.4840252592211507,4.756212953203845,1.2792312814697218,1.0980774692626003,4.459857865510288,3.53702966866522,1.7912508963878708,0.4210436573404462
22ga010h_0.060887_22ho010s_-0.060887.wav,5.450952504552766,5.492274556906002,3.680866110351078,2.5713375625464185,2.7277046642270104,2.7003066512300653,2.8043008401374934,1.216326631800887,0.8721629835709465,2.6170808322082686,1.5297697706684947,3.6619687743521148,3.442258061077742,1.4152211247567048,0.429207640206637
441c0204_1.9549_22ho010q_-1.9549.wav,9.255936500708078,7.05325085226092,3.769893371337931,4.710637341110197,3.4528240275637985,4.704474674725074,3.2829357656295914,1.7767720588880431,5.198079575087243,4.155637009808996,1.682585771820046,4.561127491809132,5.2419467592484175,1.2971927906424,0.8965688097334573
443o030q_0.61719_442o030j_-0.61719.wav,8.769435214054441,5.014293572812496,3.029289025530423,4.380274051932108,2.703227255884903,4.445935382754612,2.568362176510672,1.030915857640938,3.412748142378425,2.805880324221815,1.793366238830382,5.754965669992612,2.22214589879522,1.0641307886664353,0.2840965355780018
445o030u_2.0928_420o030z_-2.0928.wav,6.956927243147079,7.8951027412787775,3.202343425133748,3.738731153148712,4.0811880829272775,3.5916620449235284,4.051680839649582,1.702520137470176,3.2450937024023854,3.585070702402345,1.4224167500564202,2.0450935983308285,3.3421632818950675,1.794233052447742,0.90514532390259
443c020z_0.31828_050c0102_-0.31828.wav,7.172777669487608,7.083962044301155,3.951242425053565,3.705910552750056,3.45040683385481,3.5887903025425385,3.3271881380683004,1.4102747978079038,2.4740887618010854,4.231553561999585,0.962104119956823,3.5863433927348796,1.5432915276609032,1.492196742945561,0.6121275385216393
442o030m_0.59084_440o0311_-0.59084.wav,6.255041899260651,7.340123758410629,3.137939818938844,3.0540535333595304,3.669427471655304,3.199599778931341,3.633146755014777,1.533391982526647,2.7483849680543417,4.899488700663944,1.6923266022869383,3.7724295069741065,4.718910540696448,1.1446378608304264,0.4673512576346887
423o030w_0.58397_052c010q_-0.58397.wav,8.582482702458334,8.67335917265467,3.658130656964556,4.126159768818055,4.134139555332078,4.229178634743378,4.24316759421869,1.3298256565825992,3.986123031243987,6.04713205314631,1.4148026415593145,5.508228455013886,3.4892028710216705,1.33982668239641,0.7575810580268086
443c020z_1.9616_441c020g_-1.9616.wav,6.495379192306158,5.995054791199847,3.989753602804903,2.995194254671139,3.1318282173887457,3.1305912289863453,3.0672708061466007,1.28159532029609,3.996482383140207,3.422958938000625,1.2694745048264675,3.863562630333218,3.485352244028105,1.5397808245635636,0.2262484725464395
421c0212_1.6791_420a0102_-1.6791.wav,5.6922454496694215,8.043026895179581,3.583322418059007,2.754572605259632,4.133297595104879,2.82492185651104,4.288058645916659,1.7201632816220285,1.5634057189190167,4.713552417633974,0.9310318871162038,2.0748970830737834,4.0309553892420285,0.9608775332182876,0.9979146416635628
22go0115_2.3045_422o030h_-2.3045.wav,7.173265837547637,8.825411938521988,3.3792938447958054,3.4660573669054964,4.411383208310452,3.321724678654,4.501205672661506,1.1607439161973117,2.1666873405418463,3.1493709434001356,1.5556679692846187,2.5244450635675726,4.300914761900757,1.48785303399598,0.9126091089787534
447c0214_0.53759_050o0208_-0.53759.wav,7.866580423553236,9.798458811119866,3.140431114513682,3.864130377054156,5.004128114805102,3.983050805369362,5.125610342844137,1.668842911436618,2.3005576732013786,6.221115960048625,1.2860689413721291,5.735178136741765,5.231410252164968,1.2280412395318965,0.5265755746124291
050a050c_1.7355_052c0112_-1.7355.wav,5.2808834279114265,9.569543198883622,3.0335004208674192,2.6348704022739806,4.88526388859703,2.505866276212989,4.808726737753534,1.5368277353245543,2.4227934632583232,4.056282996099812,1.532826931270109,3.2883861760098307,4.713670160475234,1.6231891897070394,0.3657716243375822
22gc010t_0.77146_420c0214_-0.77146.wav,9.811709232715309,9.264120875750022,3.7735654297762986,5.11719916046749,4.635398048403438,4.967212251545161,4.633416344105395,1.5551289285657712,5.641326867473846,2.7602410802247657,1.3137368944775147,3.9051404592223724,5.781619175762273,1.7598474410996063,0.505775645629011
051a050x_0.86596_053a0512_-0.86596.wav,7.298792188565839,9.46437702506672,3.0003547948185174,3.806727630933966,4.906518394631893,3.6568392880856537,4.900731799934941,1.0697845623435476,5.292484712350925,3.7304657998396014,1.7364501004998316,3.2524643737241843,4.073747483183749,0.9813938498593272,0.320222836011033
442o030e_2.3455_444o030f_-2.3455.wav,8.090080311540992,5.4595666254713535,3.6574237294487,4.198593891160113,2.527773202322484,4.127647145470808,2.6822612577704605,1.6005042054074703,2.940424015334708,2.8811041873913275,1.4256486886547082,4.587662952010672,1.1711814892922165,1.490060333004446,0.6757676083088222
052a0514_1.1288_446o0317_-1.1288.wav,5.585136079910821,5.33925237892894,3.66458238037848,2.665424699202038,2.73655187058124,2.8027707067793126,2.676252001571572,1.4931367242918507,2.354395026999267,3.887046667308871,0.9694052233800438,1.9657713417933338,3.0456147614566658,1.2180938572211757,0.2382324595604758
445c020c_0.92877_440c0203_-0.92877.wav,6.218122542415433,6.44772509226235,3.50765367090704,3.2011055768516017,3.325297687070188,3.3108043855537965,3.1954278623636023,1.174466071266372,2.6153336718316327,3.615699095956559,0.9119520753665176,3.8764376966669776,4.401043353544483,1.359175506123734,0.1360527199465526
423o0306_0.74238_050a050l_-0.74238.wav,5.535616319132232,7.538578652885129,3.311916921657055,2.671477323766453,3.921412228714697,2.6329264549381524,3.776450749305224,1.7327368432516934,1.8196208731330783,2.3787205015607844,1.640494306859941,1.2077735267853555,3.4739352091017697,1.2996872331376237,0.4910429565562196
421o030b_1.9971_446c020g_-1.9971.wav,8.648970711779212,7.283456584284975,3.854653565272502,4.299539374241248,3.4420912764641374,4.156539651805855,3.487380120381826,1.3859960617851943,3.9094960345733796,5.355345818707222,1.663593995033663,3.299452925189696,4.675469476806973,1.7537283203457488,0.458585257042564
443o030k_0.21228_053a050b_-0.21228.wav,9.78364743030772,8.510691321320834,3.056060084549731,4.75864260722593,4.176477401198626,4.65474039061678,4.284663950194818,1.3490163651249636,3.6394704023160327,3.4424207024084073,1.5713189593032606,4.059494072123613,6.093111923961082,1.1056776720205297,0.3725952677551302
22ha010c_1.0586_050a050j_-1.0586.wav,9.766925021768742,6.5441031596731625,3.929280243973466,4.745323727796952,3.136472921523559,4.860335995984693,3.0112843510935425,1.383337024728092,3.8863710399735707,4.307336459949339,1.0609213959078658,5.807235653797172,4.570818362337358,1.3322576457476714,0.8163478262478685
053o020m_1.3793_440c020x_-1.3793.wav,7.8414765809448514,8.266801903062621,3.4768070341187114,3.9943504410918496,4.114679024189553,3.9547831171820618,4.280010288258446,1.5276904848453334,4.912398042341086,3.5886554186061645,1.7948151192773552,3.437964586644402,3.529938605165524,1.079101175444435,0.9035815827520344
440c0211_2.091_444c0213_-2.091.wav,5.123088615238746,9.549002852310988,3.3112313158272197,2.5525366013070765,4.899730797998223,2.639154360508043,5.046009175727138,1.04658954057791,2.811893445605733,5.580628019220149,1.4417661188719095,3.6537400049617714,4.923152956298386,1.5649502570980829,0.5449508555647056
422o030s_0.45317_441o030j_-0.45317.wav,6.2017841424889095,8.078612931335725,3.77085792479018,3.1610782047117767,4.120548327949537,3.130539405034129,4.26740670092925,1.567022735285057,3.1222711941633072,3.295014677408247,1.5526321975103785,4.358056385749681,5.20949357933414,1.6432518851200366,0.7113763738493433
442c0214_1.1761_440o030b_-1.1761.wav,5.841801009383751,6.27639305101947,3.624830060397035,2.758767836055433,3.1741727830072985,2.92646372550087,3.202067023687124,1.5445814033587326,3.8938873995210894,4.960821789780854,1.0067050780409377,1.3561907470618846,3.5391149084553866,1.11990018007729,0.4479753716518369
442c020g_2.281_052o0211_-2.281.wav,5.889943741168716,7.645123926087231,3.879841281486757,2.952432484590501,3.825235198787929,2.953807208530334,3.675241498473251,1.0710156225153835,3.867625001258852,5.086951632444383,0.9611371020745868,3.970200005060862,4.667972786492048,1.5570915935394791,0.2725957963909453
421o030s_1.1397_420a010w_-1.1397.wav,8.737368968846038,7.089409656850149,3.366091028848693,4.341152597484007,3.4050182503784483,4.291195709202412,3.546454841518153,1.0838014299351386,5.0028360969513415,3.7598966236932436,1.3058111341438794,2.582322892360529,2.9381993213390394,1.4162835095452238,0.4606455000949931
22hc010q_2.055_22gc0107_-2.055.wav,7.707031555409332,8.567280612484343,3.8418187308003433,4.005944031114557,4.011810718606943,3.988073182219097,4.160742356480685,1.171996099392461,5.235390692258814,3.2039326502537295,1.3651272851944398,3.5791493529467693,3.269285678216151,1.0655692385319158,0.5555569674700308
440o030j_1.4134_441c020t_-1.4134.wav,5.589432146583522,9.52546875617633,3.319822500060189,2.9870983128468067,4.632684839945791,2.8643239286181403,4.750270768429058,1.258207480856273,3.007103304602616,5.961489324410046,1.6744257580665276,3.795643415804539,3.623659605014723,1.7272845046951326,0.5140723827678981
443c0204_2.0665_440c020x_-2.0665.wav,7.613761303290891,7.007032093030492,3.769360463028813,3.8116286129235295,3.535855061233609,3.644148843094035,3.565018852102761,0.9768158913503516,3.0471990427588844,3.5936721617386262,0.9988526626583344,3.4638909403990756,5.034486301781136,1.3847626238478037,0.4294318162487864
447o030x_1.6276_440o0304_-1.6276.wav,6.606448474245415,6.210042486398895,3.4481587455163774,3.32491922244088,3.1206949621340097,3.4011559780063307,3.272642180275224,1.1571554046697885,2.9341654234426198,4.057965815248855,1.079419289007112,5.085091010993118,3.9457920472540646,1.5330916012338554,0.4770003151785157
445c0210_2.1697_053o0209_-2.1697.wav,8.1365947634436,6.289862902124103,3.0619333219641485,4.160986231310534,3.0527706792467177,4.231565086431199,2.9204127357380023,1.2488077162982036,5.950091157772728,3.9921650993539095,1.3629112168241422,4.335468551289506,3.7161467916559756,0.9747171018266544,0.5849359589533369
442c020n_0.41949_445o030j_-0.41949.wav,7.986221074641456,7.609677952146852,3.857594238540517,4.2487637660109945,3.934952858920886,4.085723208068779,3.983096149895757,1.675492011537432,3.8494150996002023,5.217125490544894,1.3796781703475247,3.502473150236219,2.8164934264161654,0.9034014727068104,0.5570294897413697
423c0207_2.2386_444o0310_-2.2386.wav,9.064325612157448,5.4863736013242885,3.9906086419212734,4.543878596384827,2.629337406598542,4.483538613036576,2.766665795541006,1.7009349583913478,3.723077765387012,1.742942395393217,1.6829184805943591,3.777521105976847,3.724093162980277,1.1650744772293151,0.7750038030304085
22go010q_1.1763_440c0201_-1.1763.wav,9.635339908865292,6.951255423945828,3.9725687899097903,4.932620110957438,3.526955775753821,5.084039480631206,3.578648855441521,1.3322172753934791,4.317181433915992,4.764616740505725,1.044868229242099,3.8380536979490856,3.931247226166954,1.0061361160481186,0.4224204984652585
22ho0112_0.98206_22go0106_-0.98206.wav,6.910100798319299,8.83560239626592,3.6481491146221336,3.4106919168282337,4.400908397719444,3.422608866791677,4.231326599452151,1.2378560289585434,2.0186923117991724,3.0556952231634167,1.38517883291057,3.8665213428374576,2.3797840652910907,1.7851864056954438,0.5845523290023258
420o030q_1.2911_22go010f_-1.2911.wav,7.6922599582279005,6.892264954729352,3.2678921835049923,3.921946621943505,3.410863081446962,3.902395065982679,3.241991128004389,1.2328099226680205,2.273302946011451,3.412962392506869,1.7574834816189302,4.21758708272773,3.9682241305941695,1.3049141532811954,0.1890788990157331
446o0308_2.1267_050a050j_-2.1267.wav,8.153424304804805,5.253735448140649,3.0689985519527214,3.956983500969175,2.6080817562215457,3.924452851793481,2.7749402497548625,0.9339875707787216,2.3080449255482165,1.9000748529252505,0.9876355910716812,5.480081222778072,2.0502591228862714,1.022834549106746,0.4765653531802337
423c020b_0.71669_050c010t_-0.71669.wav,6.053095967649728,6.300229292639885,3.844471502451116,2.90762641148018,3.146246448611125,2.861536255670845,2.9826136354669663,0.9271513916856872,4.486658085598798,2.0814838217261844,1.525935186994961,2.980515280826917,4.675938027286772,0.9355072843546854,0.8370736292573859
446c020u_0.92473_050o020a_-0.92473.wav,8.262325536855963,5.92559093465262,3.185117692456032,4.268778690847785,2.936869093359239,4.147698885129326,2.848327122254118,1.7402476757364584,3.0224169548380297,3.275085399909444,1.6215465638642248,3.3417564965318385,2.7816478015239947,1.6971480145221165,0.293118740934536
051a0512_0.85674_441o030i_-0.85674.wav,7.095477623700489,5.153247184346139,3.2628880461219003,3.554305134487462,2.6487528221703416,3.705891834581613,2.72570392583082,1.143817338034841,4.052708523976225,1.936792571325507,1.076122352200651,4.890195321064074,1.63826760767052,1.460008745453505,0.6262808904891966
443c020s_2.0174_051o020i_-2.0174.wav,9.155470177832502,8.341939619225409,3.873022197041074,4.427651348837187,4.129191729584569,4.469849752546932,3.98524974570096,1.664830660760925,4.576948716377722,2.365716053766795,1.3712223697236292,2.9679949422449097,4.005196696301673,1.3010683433610104,0.3215743461448796
053c010q_1.3635_051c010j_-1.3635.wav,6.78054394501944,7.283516189297414,3.757432713711194,3.1331990960680383,3.648742745522693,3.262821050053132,3.724228830631712,1.2275816131209325,1.9635183207344735,4.603427366664582,1.4167886916720145,3.248019289492597,1.7527861397346005,1.5438181972147689,0.3074390702323393
22ho010y_0.36637_441c020f_-0.36637.wav,7.340057713639002,5.160001067187008,3.649963246160077,3.6075448324832,2.675829908862169,3.457672189608335,2.68200978893408,1.4686893430738066,3.6978319996390256,1.3288045753442692,1.772744532926408,4.999336543129031,2.136609198463523,1.728816946931441,0.3038034559214637
22go010x_0.33244_22ho0108_-0.33244.wav,9.789557329094489,5.937672065534063,3.055562177160591,4.841519016915773,3.177736182793292,4.697122493863732,3.1371203714572937,1.0962028090055305,3.2556256099255423,3.7851025547023456,1.5510259671022282,4.036262410265227,3.4835871738577815,1.09630608484356,0.3704812690556213
442o030j_1.7162_441c0214_-1.7162.wav,6.003556080799464,7.598850781355731,3.6016779618064216,3.057374864475112,4.027527092048629,2.943730018042897,3.929624850606473,1.029009915810802,3.9348927356109935,4.16905603528563,1.0191720532611186,4.027484601620474,3.805390579719256,1.4348163967946324,0.3646663616107727
051o020h_1.0483_441o030t_-1.0483.wav,7.443176342991088,6.766603806254596,3.556332944269744,3.646602468077345,3.1639085593292973,3.5897097267553053,3.302700547516164,0.906227732817202,5.064483668277082,4.064762918375108,1.1292967278318211,2.3634515899890323,4.454760746419201,0.9810887981389984,0.537848010010828
053c010e_1.4238_423c020y_-1.4238.wav,5.604849337119704,7.242175031694913,3.340337693994407,2.8546942212509165,3.493986201615148,2.8991686495364237,3.3507310961959083,1.4428670073290384,3.5480826316286658,3.0434779660651268,1.0537106762906094,2.8084987840066153,1.6689587149295069,0.9583096497958088,0.6505305678450919
052c010e_0.73159_441o0303_-0.73159.wav,6.813991418685241,9.708754058211442,3.1661008670661124,3.3303747112269813,4.788633730787804,3.2188740128576283,4.688296328673006,1.5289790532336882,3.9639803580887274,4.197407181393061,1.3579080058354152,1.6295606716230113,4.166020197630681,1.6380032441907777,0.5097057161588691
440c0204_1.4738_22ha010r_-1.4738.wav,6.718673944756189,6.503231429179594,3.35716255051184,3.2566326334240947,3.1300456832502546,3.2224094465025144,3.296565272118744,1.16772298228315,2.65793278556494,2.4040417003006613,1.1222425830739753,4.752347632018482,4.1126592601391545,1.1000483560275796,0.4577312761547198
441o030f_1.4511_444c020t_-1.4511.wav,9.39807970136492,8.82756361203766,3.5887750074065106,4.792617070494996,4.63291833959934,4.869071127756239,4.503864950925139,1.6885050081112252,3.7336218140503696,5.831444335661897,1.7308435016430983,3.59457581213682,3.746350495538699,1.2949975639511695,0.296950627897891
050o020g_0.040762_420a010b_-0.040762.wav,5.45944029957707,6.79140607442764,3.3286875002389054,2.7897288826078777,3.3741347959588803,2.6228189832095428,3.341868939657868,1.3130548450183392,2.1727462264224298,3.8216136209525318,1.4496236943223122,1.6526821053154404,3.1951472481120753,1.4674855897700645,0.1628119273140885
22ha010d_1.9918_446o0307_-1.9918.wav,9.76770482439155,9.54839775393727,3.040055058867216,4.870930872016399,4.665833885478194,5.010659862010004,4.611282906061073,1.0860267866405708,5.724617103937898,4.085330308970731,1.0730852225479168,4.7362043563162155,5.631022215376337,1.5496701387875742,0.2195526644584667
445c020t_0.031898_422a010h_-0.031898.wav,9.587720607566345,9.302197441508293,3.7657593434132224,4.565789646047029,4.694199359054604,4.732844476985233,4.72570623862412,1.6706937654707827,2.9325606448239427,5.527285785659627,1.4091046531741125,5.769122080718047,3.6675120639125933,1.368322001871516,0.9621755568050466
440c020j_1.2279_441o0306_-1.2279.wav,9.97999811259714,7.952194789970955,3.6221054859443576,5.114036758776696,3.828975654338476,5.250071127450522,3.727021495328098,1.326608891421147,5.698384964845329,3.1945061707047473,1.7964557685609377,6.052111962516419,2.8607824952296,1.3797610224006964,0.9143246760910824
053a050a_2.3182_441o030q_-2.3182.wav,9.098630209656038,5.525586298092634,3.425340172966976,4.736846438753826,2.850455168874757,4.627427775130714,2.9805611105182206,1.3224736974493143,4.291225861440448,3.545851781821547,1.1830456898484512,4.104551682822961,4.49003564760211,0.9007078165117705,0.1461551768595728
423c020j_0.364_421a010t_-0.364.wav,5.642809267500065,6.90023765693891,3.799048144393542,2.857503582505394,3.601940121272384,2.943096114893351,3.4787576614844062,1.1653673132027638,3.340126587604486,1.6874490567027751,1.106373525579333,3.437458797728466,2.930925074121115,1.6923612706416584,0.68673512689263
441o030j_0.65051_422c020k_-0.65051.wav,9.678869410217468,9.21822904672069,3.8142181396306474,4.753075397563191,4.730194371131094,4.882623744382413,4.620116099722034,1.5801790636607511,3.7410162165760994,5.888896117995825,1.2086496577866015,5.972246123428758,4.837052050092202,1.7821993632656137,0.8760220493267028
442c020r_0.75948_052c0115_-0.75948.wav,9.187943101139243,9.700160114372338,3.2677036209742574,4.410928127715388,4.604101299353967,4.489972352387242,4.754607148230432,0.910107534018862,4.334977187340228,3.223825191554489,1.3433489288660572,4.546557469446986,6.2488980089652175,1.145211500769998,0.4067460329883568
422c020r_1.1543_447c0204_-1.1543.wav,7.724475925597936,6.312606755484044,3.341941200681011,3.992731010201058,3.0806807703504298,3.844175767518719,3.059912046952215,1.1271382786051891,2.5074821419866553,1.6189304679323555,1.714679168686334,5.121035769199947,2.954140123603377,1.420290990512532,0.3059320282176954
053c0105_0.99725_446o030t_-0.99725.wav,8.845206112036763,5.581084793208056,3.349900639252418,4.393698477254269,2.6559113507943364,4.493666916950101,2.530986128902275,0.9160396721390842,2.979604192903646,3.1703746514856945,0.9520622561018252,4.09738168114912,1.4311814839632464,1.723993476960715,0.7057551774867304
444c020p_0.87826_441c020v_-0.87826.wav,5.122519861281231,7.362151750620205,3.256049703735271,2.5046958021548003,3.6089141598893786,2.647920085002287,3.6534877485133954,1.2646139731555477,1.3649413017224166,4.182820727786776,1.0057780387104824,3.3052658414777567,5.023302133349758,1.4290357604916255,0.5186472088877331
443c0202_1.7315_444o030g_-1.7315.wav,9.246551779637048,8.501356116202947,3.377204117916929,4.711901804115894,4.275493764977795,4.570017093056616,4.324163352685365,1.5914492984357371,2.7944812068172125,3.8060152968226983,1.4939279459273045,6.036816664736134,4.254148811126457,1.1017157759873204,0.4188260881978937
421o0303_0.14791_052o020w_-0.14791.wav,9.52632057278341,7.313335275290482,3.420719114920897,4.895276868432536,3.606026004298229,4.754304506340148,3.554773754336955,1.677476155339642,6.363696478759087,3.650417612162847,1.5444865042401643,5.848929984540358,3.5234558247033845,0.90788768163296,0.744817495231082
440c020u_2.0064_051a050w_-2.0064.wav,6.3202998699509445,6.2788826389444505,3.912488766222346,3.079168204722842,3.138486442633353,3.103026055966572,3.286576965402476,1.0895205870080362,1.8493897858105801,4.030171260494963,1.0281386270955506,4.138304152220619,2.4868691431242036,0.955433279560052,0.3982760600584362
442o030d_0.16584_22ga010v_-0.16584.wav,7.64379114272289,9.759276154240672,3.345629355200301,3.7410395479304976,4.834483101618159,3.857867312043203,4.928564308734278,1.580773791512239,2.207117853622784,4.659481330003518,1.4992306928801065,4.227787353013602,5.736917113965083,1.602532516558695,0.3958927409864547
421c020c_1.8867_423a010o_-1.8867.wav,9.380857359465216,9.15532354581508,3.7386663496681263,4.656228093936568,4.473663999858866,4.499502972893101,4.539521698223679,1.6874247516146532,5.4870406890254095,5.5017624839668295,1.7601981864080891,4.370742414406629,5.458902200856766,1.350238612473409,0.4919799207949588
447o0301_0.56098_22ha010i_-0.56098.wav,9.05833033101934,9.994460076809863,3.9092446265764114,4.540702830169155,5.03536263723588,4.474827178744213,5.170123160199171,1.5711532681351026,2.7410237901003445,5.513233148858618,1.7960256463908857,5.968098005603482,5.4183936100787635,0.9166897849162812,0.5354031935327059
421c0205_2.0632_22gc010t_-2.0632.wav,5.878904030538285,8.320869051358336,3.288229150034414,2.905634573806913,4.253576296907282,2.798014396984768,4.358065040515243,1.3569669222788532,2.2007884198061713,4.881109452815868,1.0959459424446223,3.4209480362640474,3.646725829893764,1.1231977356516976,0.4855381607231359
442c020b_1.7375_22ga0106_-1.7375.wav,5.580509094745048,5.287636784908591,3.0800022125567104,2.894811827798657,2.6386126314486957,2.74814856847018,2.552648171564696,1.057802441410082,2.8896132919081956,4.5196568438482245,1.7366366367406174,1.562049244430723,3.128112884868883,1.3749377016718345,0.82589618896424
444c0213_1.3484_442c020o_-1.3484.wav,9.028156179143402,9.497862452870848,3.573356506986384,4.332541287150654,4.757069330671849,4.500521696601885,4.783195601752833,1.237453502948635,3.0173507779321445,3.33994515801959,1.737521083942085,4.134855647073595,5.836756955312715,1.7896143187446962,0.7665936427864644
442o030m_0.53_052a050z_-0.53.wav,7.492485500137806,5.595229407157914,3.625923144365324,3.667356070061745,2.9842465012487227,3.760329925904345,2.8419234106071847,1.2005683742237538,2.059995280966038,3.440725952607166,1.0934912124356169,3.0717111473210696,4.47275404594864,1.7443596286841427,0.899607778045098
443o030u_0.28058_421a010g_-0.28058.wav,9.393018873409044,9.724180139206489,3.5128325835113507,4.567233957166186,4.701967061841757,4.435105120432057,4.772973896043021,1.5997637809604135,4.786974505034061,3.715291340837024,0.928891386160668,5.452439560412523,5.2877126195101365,1.2876057566379393,0.465383539963568
422o030h_2.462_421a0113_-2.462.wav,9.127064904360118,9.587979389735889,3.479269122647963,4.479549771090332,4.582446456590903,4.623711268485534,4.623888737763313,1.2424730570903957,4.807182480800068,5.506123678832222,1.1067642002159483,5.158235566606668,6.366307857618273,1.7163994723743414,0.3379768047299307
053c010a_2.2093_423a0114_-2.2093.wav,9.254259816167451,9.070122413526471,3.5613294807817977,4.561108100680288,4.4879679624135385,4.391570305470493,4.475440552649275,1.7973023673799688,3.7642425598225593,5.808923028107455,1.6877035298546166,5.063974014954866,3.4222122669933346,1.531230282479331,0.8379799095936589
420o030i_1.0833_443c020e_-1.0833.wav,6.963704633206486,6.75543386246824,3.1879001531007143,3.541069074081172,3.4252655003633303,3.38389968436393,3.4552285265107305,0.915362336253468,4.365367966946074,2.22790867871077,1.1174563565013087,3.7111166584542663,2.6093348622016403,1.0293377020747414,0.9590660971184218
421o030z_1.9553_22ho010h_-1.9553.wav,6.58446521433942,8.017961816415383,3.1639505717429164,3.0760327123739803,3.760868338874478,3.143310391878141,3.894934419001165,1.0759112139123572,4.953573535425845,3.370626931893587,1.2699847050470174,5.101176083894228,3.942243546624781,1.7750824089648156,0.7171465479001571
444c0204_1.229_052o0210_-1.229.wav,7.187123941576345,7.446976610875844,3.0227699182671395,3.356752922102639,3.863606979496237,3.48280236424464,3.944918344849981,1.0663407182399316,4.879327983556593,3.877508603485227,1.4226311544986956,4.652009274681629,3.901665874157019,1.5083296838892897,0.3987807657389642
22ga0108_2.4908_440o030e_-2.4908.wav,7.627994864138106,8.181707771176363,3.5926004608285727,3.6997662823038393,4.014134540532999,3.668691785383767,4.181270340531577,0.9794982246963088,2.9739648842639954,4.167848311750821,1.7846506478577315,2.8629089485610657,5.042492898288758,1.0051935140750026,0.6764675188600342
421c0207_1.0023_445o030r_-1.0023.wav,6.2616743418982805,7.5926744719474115,3.32681916508398,3.207382020093823,3.874705395591733,3.1629622043531573,4.038799514832994,1.6380370922227796,2.6679489406405743,4.773103927146564,1.1535701503444962,4.868711928266426,4.034473628521211,1.274786129680885,0.9580375600426788
053a050v_2.3639_442c0204_-2.3639.wav,5.189560987696499,9.866685141325828,3.981478985777405,2.548258098625146,4.993604161192192,2.3783571987056424,4.999407970849885,1.728966553535938,2.7783119286119895,6.001990581268666,1.517724145085988,2.9528727335594445,4.12801425394711,1.6063584110499325,0.6651942438704952
440c0204_1.3289_051c010x_-1.3289.wav,8.169278265804087,5.757955359988177,3.1416590148054597,4.076919762882642,2.9469251727076693,4.203209357678287,3.060727361818212,1.633325923167019,3.692974111718758,1.6430773188188295,1.6649924650876995,3.2608092620059472,3.0195735188256747,1.0803532726835396,0.2116810479218612
423o030q_0.72494_053a050p_-0.72494.wav,8.730728550372188,5.491022576550292,3.377048621282297,4.32748758114538,2.5690634578815423,4.477481198566298,2.570447196652765,1.0871891152976043,3.5478678182648506,2.675664522279905,1.085286009721437,4.988734720218113,2.032138923553416,1.381001554700836,0.3349823638293249
22gc010l_0.71345_420o030a_-0.71345.wav,5.712656333130119,7.314593670016201,3.9929902450187056,2.914233316130705,3.65473769331032,3.0842278161983665,3.6533702333490976,1.283774366782087,2.082657224638431,3.1910390281325047,1.4569588141736425,2.3686664330713287,2.6845204541885694,0.9587602709717036,0.432613567505
052c010c_1.97_051o0212_-1.97.wav,8.969625835827145,7.957732264347621,3.8709433053064215,4.31062530137576,3.933306934263499,4.377233665964754,3.7989070616192895,1.2565175475809531,4.670467121111138,2.7574695433809513,1.0021514539108456,2.9279963463915704,5.062714807881066,1.7413185852692918,0.56013537752808
051o020l_1.9672_444o030s_-1.9672.wav,7.13995599422234,6.432237667051501,3.908129893987375,3.666193191456816,3.097489126598216,3.829638096268984,3.050736981289776,1.5199592402050084,3.904462293148788,4.577470067196885,1.0792055807862224,4.988251503320374,3.8986312915631935,0.9123525155756664,0.9965171413366676
422c020j_1.9204_052c010o_-1.9204.wav,5.618277616910186,9.488711938603911,3.953498349225422,2.624890603951099,4.7643563261145925,2.7518853482191026,4.684529420072179,0.9798461069362108,2.320347378762609,5.346157949688447,1.3083604231182129,3.350407461071971,2.851537029623866,1.3650650563723077,0.4270524045163506
053c010k_0.31693_22gc010t_-0.31693.wav,5.392911481236762,9.056559411566395,3.744782248823887,2.629650094140096,4.671329832390072,2.552350444798058,4.519920571736709,0.9053939618179316,4.2626699961898025,4.0577537153653385,1.3236263137208577,2.2061831032298427,5.474917436405312,1.2922003714783452,0.8612515978458646
422c0203_1.0927_050a050o_-1.0927.wav,5.909651610531667,9.652264315924992,3.614268195706367,2.912879645981844,4.707083323062461,3.0037158386019875,4.82645160239276,1.4786892033133785,3.128454146257704,3.697319668074407,1.0185971191484156,2.175917304438895,6.258103188208162,1.069560417909401,0.6075472909073593
447o0303_2.2469_422c020a_-2.2469.wav,9.567473936593863,5.854224821576344,3.378362105052671,5.034754690914042,2.9265835681547308,4.868099812748408,2.8930253860883863,1.618082726493164,4.430420788575993,2.3203383437319887,1.0286555615711577,4.447160162292982,2.093794483862214,1.2541686518110595,0.4216642438761335
423o0307_1.2315_22ho010d_-1.2315.wav,7.74967514564701,9.200155577967491,3.6344161956275056,3.695343416987119,4.4948519285822135,3.813020571723083,4.401835331927379,0.9690487571783406,5.2573365931804155,4.509967517362318,1.4359514895716958,3.412371126235552,5.915986979314673,1.4165396313887282,0.7484035375494347
051c010n_0.84122_446o0304_-0.84122.wav,8.952956780089394,9.943515198766397,3.414318598102245,4.3594505479640135,4.954288056355607,4.420031111729421,5.091510486351091,1.4315459067566607,3.0978466117641994,4.703895344403853,1.257470284886686,4.913173084264121,6.6832773210234695,1.1281379464023884,0.3181931292226084
441o030o_2.2635_442c020s_-2.2635.wav,8.328431429170397,9.59298579283413,3.738655293640421,4.0075509198363095,5.012449237038593,4.0919294842478005,4.8648678768745945,1.2503852795608796,3.307448296410864,6.130994786174897,1.6139703767562996,4.479967894336087,4.347434868907382,1.6269574606492716,0.4458069783577269
22go0106_0.742_440o030p_-0.742.wav,5.250707996480242,9.274670114182449,3.752402425171372,2.384237710293285,4.751220646382552,2.5437624744683185,4.692468202902302,1.4658633787223971,1.421330063666295,4.27175477265705,1.5374689752685842,2.917952285705862,6.200502742524568,1.6627937018213603,0.9734933722105176
050o020l_0.063413_446o0302_-0.063413.wav,8.0008591998845,5.466420530497214,3.044150600530427,4.0135767027002665,2.647982232816008,4.182089011980487,2.62554116285383,1.1497372513774424,3.4332272070188696,3.396171115442873,1.2855617976104663,6.049187497574145,2.260977876961628,1.103826638077657,0.2373689468475294
052o020b_1.3563_444o030c_-1.3563.wav,6.026115761717119,9.944874229363718,3.132491267169833,2.8563893282798865,4.889948954732287,3.0030183023029715,4.975971881774661,1.5398009961265915,4.210930327310187,4.5246371322703824,1.4209999563574636,3.3606727826701794,3.7206948219256373,1.2424419318265538,0.8312288136461246
447c0204_1.0419_420o030c_-1.0419.wav,5.599109309148064,5.269500200159053,3.949430128456785,2.7174679068216183,2.5128213633979324,2.5638959008122923,2.585729792062055,1.2325707419133671,4.042624404200173,2.725056386647925,1.328703210298072,0.6560098767878683,2.1511256861702552,1.2138553284537794,0.5326305220714297
422a010t_1.1591_444c020b_-1.1591.wav,7.528881124013335,5.887742364547006,3.433638073433764,3.912314528167718,2.869295044523912,3.967697449914926,2.729893710316729,1.2855745836547403,2.8620720450138504,4.227606314770859,1.7285173266479943,4.9590957805222695,3.942815955473997,1.4048778302223996,0.2320557002014557
420a010c_1.0683_051o020t_-1.0683.wav,9.25254272382989,5.826099920930914,3.5578843366053112,4.689204761308019,2.775374872409796,4.590350984248362,2.9136786350521744,0.997047462908169,3.0795372782036856,3.663439871161741,1.7556825502288185,5.66842982743171,4.124128028008054,1.4251755004884543,0.7229792741384473
050a050l_0.87662_443o0310_-0.87662.wav,7.628707287421255,6.174090984334749,3.037123942468754,3.821866310489504,3.175137162924301,3.945874414021457,3.0588530700379204,1.2010549245279936,3.7872895591200386,5.028585289843919,1.651124240435807,5.252717091663637,4.499831957562285,1.7148443926133912,0.943144880138084
441o030s_0.78299_440c020t_-0.78299.wav,6.06897469303367,8.596614653900428,3.634148374685661,3.2570739597177463,4.455845595447106,3.1691197880080457,4.310366855835915,1.01564693474591,1.6293385707732537,4.065010196345375,1.0870446573486368,2.68071054166563,4.894533952612435,1.020766380151818,0.8340692453750111
22go0111_1.4906_447o030f_-1.4906.wav,6.450565543546356,7.710730024052096,3.8248507236726574,3.1693238440052496,3.97709483653593,3.19627680751031,3.809245088968962,1.1054337859515588,4.343332580848658,3.040782933093319,1.695449572007052,1.373398420366908,4.383514854242621,1.6938982919604313,0.4418017187998919
423o030x_1.7925_22hc010i_-1.7925.wav,8.99377979813448,9.274286626742192,3.725666506033819,4.373332985616479,4.4748024177127546,4.263478459437796,4.576939497551847,1.633956569023406,2.8692996174216314,5.392262899503403,1.3059106479706313,5.207199723113613,4.268344567610845,1.4470819661756709,0.6478804686932562
446c0205_1.0806_22hc0108_-1.0806.wav,5.568874296853978,6.777529448003495,3.416904607337703,2.7332020215523984,3.197604649485557,2.665946745252536,3.353735132767424,1.255388328603475,2.679950070938725,4.298080118653934,1.7997435236650037,3.3661298145640086,1.914146553784419,1.0719691136070295,0.6335983128054337
420a010a_1.2678_22gc010z_-1.2678.wav,7.952136288478941,8.809681805930712,3.216568229688537,3.888877430208942,4.388387480953661,3.7873548364749303,4.512053009543962,1.3688921755668015,3.702555564675506,5.579107408547698,1.4157111199793575,3.2224973036018874,4.7951604203660425,1.145616875220239,0.6017841900688568
447c020d_0.98188_421c020p_-0.98188.wav,6.396328697286963,8.567755897779975,3.5534411447658334,3.059337794635624,4.234254260470902,3.1592255276877115,4.0966953974859415,1.2149655107096555,3.5346024767701705,2.8060339807005974,1.6622826856471735,1.8678228348202233,5.688449816703865,1.1116537159388318,0.6193353447608396
050a050e_1.6411_441o030s_-1.6411.wav,8.19037606439007,7.188051841901828,3.6378491347491018,4.096876858375478,3.481675695725529,3.998252793872109,3.34320803198834,1.1282340340733938,4.888083451552767,4.632701289468046,1.246924684730944,3.4346423035419757,2.25391532392439,1.5294747341653865,0.6203413968112187
22gc010l_0.60412_052c0115_-0.60412.wav,5.706984585326716,5.332657278250617,3.730957269297979,3.08191969988646,2.711302162152605,2.937804663710297,2.752905723874452,0.9170261321100744,4.672555506995982,1.9695208416259247,1.7942011026229132,3.0942968115253295,1.898554386909984,1.220343137220138,0.4598253865739046
421c020z_0.8704_422c020d_-0.8704.wav,7.458295438360039,9.572237683343776,3.355439998303825,3.549143554202917,4.810972715218908,3.566859574706321,4.959922849886597,1.5857333070035051,3.19712968997949,3.944021611290341,0.9902385146398546,1.8677066304444385,5.914254288586975,1.1593226604615203,0.5607212141521476
052o020e_0.090388_051c010l_-0.090388.wav,6.262653886626603,9.131975245979728,3.3821255194237905,3.247549064759339,4.312289208725061,3.1461386438954464,4.448729402730376,0.9130962011768924,2.083813350757731,3.2490403749507792,1.4950736294127551,2.300171287238215,5.901791782860985,1.4822513649379654,0.5695612975516613
053c010p_0.61617_440o0312_-0.61617.wav,5.789124651957643,5.52456443506668,3.31745983887962,2.882283150343406,2.634489639128607,2.7353334975136563,2.5490156692125203,1.3635596944807753,4.490478686789185,1.9949349098019251,1.5024962648361415,1.407432686231655,2.4063117424747498,1.6612976164735431,0.1146567054500509
053o0204_1.6071_051a050z_-1.6071.wav,8.752660112871805,6.574168515563361,3.634695843613292,4.24048081745129,3.094736697647082,4.23490502629804,3.2446330303340942,1.600592685529138,3.415601261297277,2.751130710388617,1.7139178933888746,2.3159548267566503,3.3184943208215327,1.0413908416392992,0.5673600676899837
052a0507_1.6424_422a0109_-1.6424.wav,8.200216245481379,8.386898634172079,3.7012499376014247,3.909633861073352,4.148768615493741,4.044026169043081,4.044659501778518,1.1627271571471722,4.669989069012448,5.242160666649632,0.9739263508329454,5.579688710779926,5.1334137630082655,0.9717153494731678,0.2251610058298698
444o0314_0.32895_446o0305_-0.32895.wav,5.065539710221361,6.187938582917999,3.06488964769357,2.796318085072744,3.2057141858989806,2.646524431706148,3.197848983353078,1.0408970872451075,2.436607866954579,2.4618063519785314,1.5380043057690949,2.9698610977918345,4.666806125548501,1.6485184868369225,0.41549361033123
443c020f_0.54941_441o030q_-0.54941.wav,9.918400104521638,9.064662354588982,3.4602555932154835,4.684949691405717,4.7540215045480085,4.844196999106104,4.694521126480483,1.252895505151434,6.139641875775619,5.118226302694506,1.0653144203902518,3.100241854512557,4.792021922893508,0.9869045987352943,0.9538959734682824
421o030d_0.97195_443c020g_-0.97195.wav,7.575412320681815,6.33371114220103,3.1304902409061635,3.72129466903388,2.950332609829597,3.6890272798251234,3.0968208878372603,1.1312390803927916,4.31504349120286,4.668496867981993,1.2815440967091054,1.8600616169886621,3.4108547653707673,1.4361159711653089,0.425900290581369
446c020g_0.65629_22hc010p_-0.65629.wav,7.973835500404646,6.509348826515806,3.503960456264176,3.9541031040554944,3.296566190338986,3.877102469374955,3.145004644230502,0.9006316814157229,2.787145307766806,2.6634501872117533,1.079784657364986,3.476435345712627,2.400252240280188,1.113618283914806,0.4579799765478083
440o0308_0.71228_421a0102_-0.71228.wav,9.492287485249836,7.547965392110767,3.2996022323814427,4.860251677359215,3.6752690780374766,4.704605363031562,3.743637380899385,1.2651329468619512,5.210256315695021,3.170240010160452,1.2224927889670498,5.3019367428553075,5.411157732642947,1.667331442201157,0.8507876650344467
053c010o_2.4757_441c020g_-2.4757.wav,8.511080920608446,6.328230448885883,3.9635118811963017,4.364697391421301,3.0365051816845,4.46819347941621,3.145080315899246,1.6294626100892386,4.882307637019086,4.340811958475971,1.5196257138967022,6.288687022149966,2.6217401825262443,1.714833210589866,0.4359203719858668
446c020q_0.77707_052a050x_-0.77707.wav,7.190905053514011,5.883646660630216,3.7671262797211496,3.774746763742967,2.909701385026948,3.6474203243631824,2.830404614381063,1.2403696379944569,4.820639531039175,2.6090114638196824,0.9552887876594838,2.219622033203658,2.788699837290227,1.5982138248936535,0.416786817567513
053o020s_0.96081_445o030d_-0.96081.wav,5.067526151056254,8.922304960157511,3.712240704860836,2.257346676037802,4.35133383385482,2.4133865926424978,4.283868698962792,1.0691899197056671,3.0109213114050415,3.0323702107127555,0.9071133554201596,3.0550219740989104,3.5987410049873247,1.3667128684413143,0.7518127721540493
422a010l_0.52211_442c0208_-0.52211.wav,8.358241519032187,9.254176501128988,3.5103698945203843,4.077270672447794,4.700857616177829,4.247077745910147,4.692760838908396,1.23799189783037,3.581751375860764,4.386813366691247,1.1776061218920604,4.646870725175609,3.12456689067023,1.508333989451859,0.924353362401593
445c020u_1.5422_053c010m_-1.5422.wav,6.803523232574289,9.029099245821191,3.996927156838017,3.392223980532209,4.383593072407682,3.5401918284176035,4.358985837858369,1.0782893690583757,3.5039109830185318,5.238214946968247,1.0160829984732556,2.435176708579864,3.208276674938773,1.2250578032582515,0.2467753307814692
420a010v_2.1831_052o020x_-2.1831.wav,8.181165011386888,6.746088387975891,3.163836683852605,4.121391064717687,3.4580127309641253,3.951603832970144,3.4665154326233494,1.070457897260181,4.9187988934072795,4.020489888724099,1.7060054250127252,2.146347169075394,3.2733608254915496,1.7959406022496338,0.9701759791705896
443o0314_0.090968_050a0503_-0.090968.wav,6.505582568055331,5.811780802308961,3.931431484145208,3.2024490295768957,2.943261243670001,3.120181328828421,3.068688614740113,0.9226773395111788,2.3137314491411143,1.5700100619702755,1.0577124282383323,2.0871072164011424,2.4946067270485446,1.513417696546238,0.5849526525656484
444o0303_2.0362_053o0205_-2.0362.wav,5.769295980581183,7.264203273174157,3.688687543625888,3.0749045853023564,3.811346603271386,3.058604687153015,3.642129838970916,1.4680287573144493,2.6213409256193643,3.024229940120469,1.4394788650000034,1.636966900479251,2.4985416704246193,1.7638676629817476,0.1674226963767264
443o030m_2.1589_423c020j_-2.1589.wav,7.696754634471717,9.83415896241672,3.4861659059522503,3.910746636455547,4.859699580319751,3.9895841056753385,4.987310917774611,0.9046400850079458,3.1478489914922583,6.751753927130642,1.4513457892695625,5.431752327511243,4.180227938476861,1.5800381961702752,0.4754062784581571
447o030n_1.9191_22ga010w_-1.9191.wav,5.393639750973523,5.967404272893394,3.498622805810736,2.5332391140652115,3.0109716641681006,2.683079348189782,3.017892952884355,1.078833631806731,2.723334417035266,2.297727716093321,1.5086515608939433,2.0616023967392882,1.520979013577064,1.1773664940312425,0.2644292483970502
053c010v_1.8793_22ga010c_-1.8793.wav,7.436305639284548,7.561363087072615,3.230423914172124,3.701287885358052,3.5809030521956355,3.624297274799236,3.709637064351634,1.5630449676180933,2.595423283509603,3.849059592833797,1.0588811185256002,3.801438565606535,4.85558289569201,1.7356188562718384,0.597823974746799
440c0214_1.9647_053a050l_-1.9647.wav,9.61386425976384,7.745941996774325,3.115337148545633,4.955413325432163,4.117028868163688,4.883680304014964,3.962904328786081,1.1290469329088422,4.974469081763447,5.35557137085459,1.1467834720682448,3.5377260424046955,5.108295204568592,1.195758062062249,0.6488228717928984
442c0213_0.93005_053a050r_-0.93005.wav,9.019696681113723,8.985432442994798,3.4483800311441417,4.697282622420041,4.387822658061035,4.676774184552957,4.556581077039917,1.2975167617141925,5.42833327658331,2.659474473890111,1.263854026271911,5.129322387851666,2.598576368779729,0.9728508554328376,0.7747982368392421
445c020c_0.13539_050a0501_-0.13539.wav,6.705751124898367,7.506025597720218,3.067664401279866,3.405253129215659,3.914370488251517,3.509118329541576,3.806148401036119,1.0763279696827657,3.1322929354467357,3.134030246813533,0.9243902910065368,2.4204757410934197,3.1670403841120964,1.5605205494673586,0.6679998928420281
445c020k_0.92625_423c020i_-0.92625.wav,6.313263923397328,5.554253800088215,3.1548975394758707,3.107812779780493,2.5794258843484754,3.023572000227246,2.727085936699344,1.6678597121875591,2.4920497372362433,4.234609227212081,1.6773048108879187,1.9817543292020674,3.497134548842696,1.009549406344982,0.6526260336801112
420c020f_1.3931_051o020x_-1.3931.wav,6.309395166839567,5.331984730935531,3.732608450786445,3.157817320456829,2.761881454113973,3.323429030213425,2.8002580301923183,1.496853648065485,1.9930185541507284,1.60551374879675,1.4648082351512095,2.407790094192616,2.9953274957121954,1.7229663867105742,0.4514858253892975
421a0104_1.4548_22ha010n_-1.4548.wav,5.921106435905327,7.640171134319704,3.72842479503464,2.952487310703276,3.686748437582796,2.9617094076743893,3.856498114835671,1.003287108205586,3.851984497928421,3.429222664504007,1.279473365578909,2.258097054036143,2.846710230182864,1.4357715079901865,0.9907533166816848
051o020a_1.4538_22gc010z_-1.4538.wav,5.3453134672229865,8.496760465460339,3.298956401550028,2.805646136387665,4.313534846866051,2.665227546899932,4.366285389292414,1.789414783246976,2.6017161221846172,5.968231248056218,1.5686775281220164,4.012019304399666,5.82238777036659,1.5648595948609816,0.7417431691207338
443o0314_0.21393_422o0313_-0.21393.wav,5.476119815574154,9.981101790715844,3.655549722339626,2.83754112470538,5.070701276430052,2.876591218535117,4.925873481542853,1.2654652087301492,2.0810014608432836,6.808819769344306,0.9843363444908396,2.34863323623595,5.830239395148923,1.2039316545185628,0.3207323106480124
423a0105_1.8879_051a0511_-1.8879.wav,6.409050972925368,6.951376552158512,3.3678058830513,3.36435731276712,3.5609046847365176,3.408470026411982,3.725081627377336,1.5696145035875704,2.365721246042948,3.467026649983392,0.9240199120059824,3.897359233508587,3.0824899080449852,1.4092158263020618,0.4438025455262149
441c0216_1.6841_22ho0102_-1.6841.wav,7.470036031969027,9.583096437247267,3.7282694154934255,3.699072742071299,4.641546974923305,3.838438816958418,4.69701856378245,1.041786590089446,3.2726942056574133,3.687357645721714,1.335593761505511,2.8463933152926133,4.632960865142206,1.1963659520875027,0.3312227070488654
423a0110_1.0627_22ho010o_-1.0627.wav,8.93795857806748,7.044128770211383,3.119397980227041,4.240471489878527,3.453512316018116,4.3009671298599566,3.5907722065296466,1.5802394817361909,4.694778967976772,2.3088126844238888,0.9631922388754276,2.9195074262503344,4.014804639051399,1.137696442679394,0.5042220649706857
446c020h_0.29221_420a010b_-0.29221.wav,8.397923967415446,8.03471996194711,3.1921049415376936,4.091959224506279,3.8881711839319326,4.207340315590945,3.9840210864885446,1.7633423408506408,2.9658221275518715,2.769360964152546,1.383004507032344,5.175426364786536,5.631265628771369,1.5049604757175543,0.2733957235066609
053c0108_1.3931_052o020j_-1.3931.wav,8.154226735549983,9.056780935161632,3.012387368371851,4.121229067816798,4.471788309370482,4.1503948559745565,4.324651105369806,1.572651777329659,4.833869447765125,4.243192335464569,1.3182953553030623,3.2625720173900077,3.738878241071527,1.3581614905599777,0.3842544181341859
050o020s_1.6931_420c0208_-1.6931.wav,5.41109631494434,8.116007082436992,3.767041322152224,2.781871663244649,4.25793237046884,2.893130738966155,4.129396701996637,1.1491705308190456,2.4121877132344918,3.3709418221003418,1.4553578961228175,3.2375171161983807,2.5922122018693687,1.2853528300836188,0.8956854666067504
22hc0112_1.0573_421a010d_-1.0573.wav,9.647440740956853,5.033508752383119,3.317253384104621,4.800680386748158,2.365898380044149,4.784961605962384,2.5351701140419105,1.615513790809013,6.369871052557013,3.187099601578623,1.5856858635525988,5.027379944143607,1.6867487848947784,0.9357960226175358,0.4800577041378602
445c020w_0.87572_22ga010s_-0.87572.wav,5.676721084067421,8.88329465776315,3.917277510200657,2.5802573961080566,4.35086401262772,2.7185575132345945,4.449722889835516,0.909631892649371,4.143637345931701,5.7023741968252,1.1862817784834885,2.7581635975295034,5.032034409148435,1.079537560913667,0.7266299900098896
051a050b_0.6667_421a010k_-0.6667.wav,6.940562835147304,9.481699833741663,3.934747922549021,3.413874803704085,4.806779862607797,3.493552998150076,4.6796917619459855,0.9869029417872268,2.3325425701046143,5.865908279939242,1.6809675926948604,3.3113438693804085,5.482416253617989,1.3737481454981275,0.3654569686911014
421o0312_1.645_445o030i_-1.645.wav,8.046838379597236,7.203668584792573,3.5791223872595315,3.9627272715909503,3.694687368474903,3.996005680116369,3.840949282608472,1.39578897989411,2.4862171621068865,3.676706224702408,1.1881910408485787,4.384047361966405,2.4757028198187974,1.7611350974852469,0.258684816197214
051o020m_1.3283_446o0316_-1.3283.wav,6.243768349312537,8.724538761097644,3.470018994955132,3.0774073698601594,4.419231374723704,3.2258821319325577,4.440567846492598,1.440170991470594,3.4499113148912106,3.117759767981827,1.1564328495765273,1.408434338771194,3.9932984861841474,1.0715364681210284,0.4029502567026007
22go010w_0.049796_445c020n_-0.049796.wav,7.621044785657894,9.164647661139254,3.2425457769670416,3.976013822216883,4.565758372060988,3.861700599328677,4.439931160882677,1.1053152671702324,4.250790729741733,3.7635724085262545,1.3802505220246335,4.963979000061356,3.804579053804314,1.613993213833846,0.4890062980950817
420a010q_2.2199_441o030q_-2.2199.wav,6.93865801751188,8.60894267034024,3.517866848884104,3.520341187281263,4.334944571420644,3.684436662467272,4.290529765066482,1.2531568691473778,5.1227930257806955,4.53314251888637,0.947565732138884,5.411363181116996,4.345800404618308,1.1945661934130678,0.6788258386957335
422a010e_2.4257_050o0209_-2.4257.wav,6.906496412854756,9.734231088079158,3.8437721258344375,3.3887179036164894,4.975986431500991,3.4084010568704364,5.144843096983824,1.6089897928044996,2.3942379438593178,5.821265547093179,1.3366620569446237,4.402357366064729,4.440968148680248,1.2937115183007415,0.7933956588075691
22ga0103_1.1112_441c0206_-1.1112.wav,6.188726767600453,6.862465270617919,3.4391587936964814,3.0925803614606013,3.418106468450488,3.21879680317457,3.531989785231588,0.9054325693893628,2.4191538513778967,4.8727697989496646,1.7379734473846336,1.5388076890004225,2.4807152760227345,1.7960024437404136,0.9302073047266718
050o020u_2.3762_052c0105_-2.3762.wav,5.238980529602609,8.561793176419275,3.757083921470148,2.7629209910384778,4.344144148047247,2.793799939443693,4.490931376869744,1.3241484785637558,3.7666090542105466,4.81748361094286,1.546531345689769,4.086118412669743,3.7459004829231,1.5144337470894629,0.438162461578933
443c020g_0.57253_441o0305_-0.57253.wav,5.159332105230463,8.058512912276827,3.9262706014349,2.6394548289032014,3.871224797308479,2.789439530827073,3.8733670365125055,1.1013186255872682,3.669462252451337,5.1297822094510845,1.6735844110676812,2.038898927290146,2.044745300810591,1.2540685072852644,0.5391842341268211
22go010m_0.3947_421o0310_-0.3947.wav,9.3070921034009,9.7973940939885,3.62604122030876,4.756637824721135,4.712046885402415,4.7520468747485785,4.881984883443906,1.1645430126955958,5.977204721977922,5.56819415266311,1.2043543190199002,4.581993447140538,3.055897750591475,1.6616526583062114,0.8088658124376129
22ga010n_1.7826_442c020w_-1.7826.wav,7.838805471558266,7.252941694057149,3.3652049592449806,3.812485685311327,3.3634110440270453,3.8413510473918913,3.530942506361611,1.599330558249906,3.178148904395071,2.5952792656190167,1.5022029060135098,1.906936707022486,3.7690120121943282,1.4636447552705054,0.633038259360383
445o0305_1.7953_422o030d_-1.7953.wav,8.499962022972758,7.658814219630777,3.967457788616983,4.194799343836116,3.7841814409274055,4.237995436811208,3.6197609508670503,1.282090116349668,5.222982085064466,4.353908472518825,1.4082517251235225,5.715013674033762,3.70889030007088,1.6282598882548722,0.5096852684811757
445c0213_0.57512_440o030h_-0.57512.wav,7.50896064867958,5.600718757766227,3.0427702390947218,3.869900102372656,2.8346940603572657,3.761866641206487,2.9387554425720808,1.5246707507189776,5.712765959633482,3.3282720107939694,0.922369665570565,3.3090149701837746,3.878668811063936,1.291930205290999,0.8436981364164335
22go010o_1.3845_446c020i_-1.3845.wav,9.367899672002292,8.304523155633195,3.031077494944652,4.840284744397732,4.177948993424528,4.748958651335019,4.058955108178687,1.4627761224476128,4.223536355483142,5.691766251359911,1.0578471522212165,3.2359523811016015,3.622111911716236,1.7520086936383756,0.4188016883861556
443c020v_0.80216_22ga010q_-0.80216.wav,7.455022168443424,5.8981131329890095,3.31661031147954,3.804036590518277,3.0557537525305083,3.872703915846875,2.900239128034237,1.1852025093591223,4.854927872299891,1.9435031903828794,1.447698534485455,2.220563296914152,3.4394448523203924,1.1370222440618956,0.498442524107604
440o030a_2.4297_22ho0108_-2.4297.wav,9.84122249448497,6.518473769022588,3.7876757927326112,4.726008915972533,3.4276343193007746,4.802719621095384,3.2759258234294,1.2804930175486926,5.005654625102252,2.39168779043241,0.9214069895967816,4.108348021128932,2.433371394951921,1.0828516772916716,0.8758401418574067
422a010p_0.62883_22gc0106_-0.62883.wav,9.58175078266338,5.498828994690118,3.672089643287993,4.976412588917544,2.8423555902178346,4.830019399690251,2.8096595025640805,1.035403619020362,4.951889028770969,1.5680113232107864,1.7093291872196184,4.2696841469808735,3.3426714103624366,0.939032344188294,0.4359568108148851
22ha010w_1.6889_422a010f_-1.6889.wav,7.741198543293405,5.459717036489204,3.4543908796883147,3.698623437439143,2.8329823551075317,3.7645494088811153,2.9787690701724925,0.9508306990180512,3.216175177029292,4.475642220921938,1.7032813941774545,2.0612308800952217,2.841945540410339,1.094581742045445,0.891776746893076
050c0113_1.4501_420a010o_-1.4501.wav,9.290684139541046,9.91605066343222,3.250355140892608,4.604545628614283,5.1352395534292175,4.670828827260306,5.00067901843752,1.7124472750533242,4.5583156313298945,6.734778379365651,1.7780923231309125,5.855250505715605,6.343899141820288,1.3617904351061971,0.440922714612373
052o0211_0.0029623_423a010w_-0.0029623.wav,8.851548151851045,6.918046419837514,3.3071093953852646,4.298312273762961,3.344780853094817,4.158773106611565,3.4418829685748364,1.62543220584445,3.8021701945024415,4.381550446775778,0.9974918784555452,4.934257662114268,2.602431042748742,1.2710493799063105,0.752443293918764
421o0313_1.1695_447c0212_-1.1695.wav,5.063066682082019,6.435520209028068,3.95685650567789,2.376683790230264,3.485153962439877,2.4622920280564204,3.338282489320349,0.9250270251138676,3.100898635620509,2.1979271850647297,1.243496131040799,1.3698897944678412,3.278218314118852,1.6027806562603164,0.9086936752066598
050a050l_0.96279_420o030g_-0.96279.wav,8.507514675937214,9.481033023108438,3.973692819301457,4.31551752841238,4.776167925455215,4.265417730247515,4.63478189282172,1.4854561400307584,4.691640625892185,5.264984808094683,1.1631544606182922,5.00315958340765,4.602059036944819,1.2801733887263824,0.5674398530973725
446c020f_0.91782_050c010u_-0.91782.wav,6.560372331996803,5.056313242066265,3.9009572466603655,3.278512102259193,2.3730242390872784,3.1607760027439378,2.495654622234906,0.9940362500523224,3.2570121307338282,3.350127802239312,1.6990488930273453,4.197588001648715,1.1024129647134489,1.5208343099372204,0.5729317151763722
22go010f_0.045907_444o030s_-0.045907.wav,5.522888262599873,5.647547095234915,3.8429105706820583,2.746233334489052,2.7108483782840778,2.881198652180448,2.8142135707835867,1.1587957635408557,3.7694165771650283,3.9202718355106785,1.7633166079568174,3.015791237041833,1.4129426048244342,1.252140638673032,0.9287820640881624
053a050b_0.87228_22ha010o_-0.87228.wav,7.568844679065614,6.2077301735536095,3.5845198683778063,3.684251069605781,3.3315963216249087,3.6811439941928783,3.161624717871874,1.3987478256437986,2.6621502088184643,4.4598890718894095,1.0594820079486025,2.045412785431476,3.6998829055511684,1.6454435604213409,0.5443180654885298
441c0201_0.34953_440o030u_-0.34953.wav,9.852924813065744,8.674147433142931,3.462420245546346,4.902547973091486,4.426401534442837,4.755184121950864,4.45439966611273,1.743006407108585,4.258045855760682,5.036306971036634,1.2385719373153634,4.481177762060149,5.217860855500242,1.662014953868293,0.3070409255915567
445c0209_0.23126_050a050d_-0.23126.wav,5.970052575537423,8.023616291658639,3.195462325977936,3.172827490796352,3.858375386878514,3.0601711658593995,3.957413523228608,1.454112681833556,4.312988418448216,4.335744632451527,1.3829416279659292,3.7104086374363856,4.862764701066823,1.3754989181738553,0.4891939188296338
050a0512_0.15462_422o030q_-0.15462.wav,7.542851052032549,8.837423793146769,3.3644452932657374,3.7288249970774583,4.268483590755549,3.787538897128115,4.428022545060889,1.670289460420591,4.016360839999828,6.111014821079203,1.0704184051863084,3.653857447231052,3.3845379940763483,1.2631242073101838,0.6561704777487452
051o0208_0.55453_441c020j_-0.55453.wav,6.378375000844146,8.257786409021374,3.6466396854985774,3.042988890895659,4.108642353998954,3.0352284190943664,3.938819578502199,1.2226346249611753,3.1997927140469917,5.147101120475229,0.9459855124919792,2.3935415877780137,3.3619153413251492,1.5835852152626528,0.7652753760905655
052c010a_1.7919_053a050u_-1.7919.wav,9.86617199469645,6.918258638026261,3.40565237568356,4.9758859995688605,3.455398087600605,4.885364943109461,3.599293668969438,1.6927085413212033,3.4981079684828185,3.06175071357572,1.2189382330359697,3.7434074733956537,3.0357670207177585,1.7255221845825628,0.6375565561322175
051a0509_0.54163_421c0205_-0.54163.wav,9.517000627606366,6.098902742349397,3.440549521876417,4.693778088706234,3.069630034203895,4.831646217367088,3.128726388571608,1.37731293057674,6.337112028777061,2.99144159758891,0.9012356107491718,4.158195977270843,4.687527800360455,1.3952440899990526,0.3160116472476794
422a0101_0.75299_441o030r_-0.75299.wav,5.772951847191559,8.711844348113836,3.332283613656164,2.830690149870436,4.147573572320953,2.983593767321578,4.2218735303987,1.6074946436539672,3.4473548346811556,5.72506276831961,1.3398520549997557,1.4087987935911972,4.17971011103875,1.446398543598116,0.2225833047810346
440c0211_1.3223_445o030f_-1.3223.wav,7.396162451998644,5.600220128778071,3.384147052710747,3.84984723986244,2.798442946100481,3.710482276322478,2.8539173270119,1.5575847990212288,3.9272924536969085,2.088801777930938,1.579206330704086,2.0833696050460238,2.490300271602305,1.556486686747523,0.5381521079250089
421o0311_2.3562_422o030s_-2.3562.wav,5.809350017497979,5.418657040964734,3.596282149705619,2.8889014294774484,2.7524570476060557,2.777299955411081,2.652231746477977,1.0276003416350732,2.451339394600101,1.1873281357885501,0.9911234182433526,1.3312874473417253,2.8301955804076626,1.1760354639128414,0.5879872326254918
051c010r_0.82037_053c010o_-0.82037.wav,8.927705685045055,7.040696171680995,3.363724040573155,4.608616494714006,3.287139144126097,4.544205199947232,3.4226056902047057,0.9785651067743044,4.332179851362473,5.245276694651581,1.24422332693391,2.73257776703279,3.744492050950196,1.3376095054261392,0.2486520119731736
443o030m_1.7352_422a0101_-1.7352.wav,6.858919877365622,9.782655390631756,3.422105357200864,3.3179219194149354,4.7843943742251405,3.149641656843272,4.808513935349092,1.1532465590976992,1.623554402684091,3.7117876056084507,1.583423052371106,3.912629490277925,3.662942926069616,1.5121902562757872,0.8580740752149383
446o030q_1.1084_22go010c_-1.1084.wav,6.366455529286295,7.023333197621239,3.8961775056006074,3.3131535687785028,3.502400383208132,3.2976955133326267,3.333104640432857,1.163673112368346,2.160103542907251,2.2845227789168314,1.5532906203491887,1.8888401425193446,2.787422107407967,1.1130210263167344,0.641315566175249
447o030t_1.3876_442o0305_-1.3876.wav,7.127120979287594,5.752608043405,3.3649063804401003,3.320515638522576,2.77321609585832,3.4511081605413976,2.8470103584589,1.6647290636095335,4.302331076582396,3.2158706092868115,1.7882075880460968,3.918646299309868,3.121570862531499,1.453461587344584,0.5278505791068808
445c020w_2.2736_443c020b_-2.2736.wav,8.532651460451373,7.225252279013851,3.6867773961642607,4.462510691468729,3.486037688418479,4.340236614008688,3.367931592126646,1.0049808630496408,4.30231697497986,4.671875355408961,0.9929096371883768,4.78382326221656,2.5141229511306475,1.6759445199410004,0.7793951854797269
22ga010k_1.3852_22ho010z_-1.3852.wav,9.560229692992545,9.26603836076837,3.6871033518932137,4.794610121145109,4.487336136623343,4.919074676979987,4.603131535240156,1.6716461244952163,4.923059158719795,2.961442465535181,1.2277119421771785,4.917697407120778,5.689389206044647,1.3739319859563217,0.515512346173459
422a010j_1.3587_420a010l_-1.3587.wav,9.407995342757712,8.386242944222875,3.5947698650679434,4.96306537458973,4.126700676255359,4.819512572287305,4.083196734467045,1.074016613582176,6.231828407760763,3.521436159286193,1.254875110395578,4.2595451538913025,5.292652313078649,1.30510600842622,0.4556171388699812
053a050z_2.4132_22ha010d_-2.4132.wav,6.586115422867012,9.678095462871632,3.81372485708261,3.363513614128653,4.815963769638194,3.4224329920278884,4.975426953188401,1.125926735399571,4.256190865738278,3.4300382910996112,1.4563215594751258,2.879649987153652,6.133939749610306,1.1299198994208417,0.7505502011487366
051o020e_2.2012_422a010y_-2.2012.wav,8.781519895748612,5.979652057507632,3.994565938791929,4.3026624200938,2.929499093247475,4.1333084950098,2.9443061205873198,1.1819741906670305,4.8352640463172225,3.7665309665726614,1.3975662248953569,2.9964215360200583,3.190599460493034,1.7995079047681533,0.472258280226939
051c0113_2.2969_423o030f_-2.2969.wav,8.503264441801965,5.330281615665712,3.0743367933606005,3.997435869651405,2.786343483464929,4.145464347274623,2.702751798396661,1.323676766255316,5.141913345136429,1.3918753437751643,0.9972712082578544,5.327407241181895,3.8252624144721374,1.2350067511521212,0.7724234981748874
22ha010n_1.7862_445o030x_-1.7862.wav,9.230561367621664,8.104698910291953,3.728607310753054,4.582358142112353,3.995465901155841,4.726344330582075,3.9534185762711154,1.689536802876784,5.854603274904637,2.660326879050032,1.4552888947189484,5.6390048209549875,5.379529925122037,1.4352120561110993,0.5880418436368691
051c010d_2.4151_22go010n_-2.4151.wav,6.671485520116903,7.271396755718534,3.3539421460015646,3.2813718829451948,3.6651697741129263,3.380359847201237,3.5524693618135714,1.6822592222056252,2.3147450081237126,3.7968205326118887,0.998408150320478,3.569482862328347,1.8179444345297746,1.532066270075938,0.4971866057046649
22ho010y_0.98276_445c020g_-0.98276.wav,6.433198754506523,5.112467965740204,3.944666638873914,2.960679745779729,2.456553199057261,3.083948636536521,2.5420212081108824,1.6158982399661306,3.272607011029323,0.56330084571038,0.9198355824620932,3.3037403729626664,3.490462528173698,1.2144241111859588,0.5829674386851098
053a050d_1.9428_441c0206_-1.9428.wav,7.721839344101575,7.663063026273084,3.1324652619236444,3.836348578206532,3.802209254277321,3.6981406801426657,3.703221492848102,1.4336964422456304,5.329435057538292,2.9316942566609594,1.086706948993876,4.1032938593129575,2.37949857759983,1.5954660481805014,0.5090037371729549
051c010p_0.13734_441c020t_-0.13734.wav,5.00544107459579,8.679685664729158,3.566348740296478,2.50210875701955,4.399494954193592,2.4028513898154085,4.537509355817852,1.009164973587408,3.226815048888019,3.1734620655492676,1.4458010639837815,3.647864958513477,3.1427367233880905,1.1568864244213586,0.7051531282087992
422o030z_1.8306_22hc0114_-1.8306.wav,8.992194154731903,5.079134296156257,3.0353244651976605,4.525459141895536,2.481783627665683,4.661377857325905,2.5452352060208234,1.7458102346699187,5.973768338373561,1.672829539292877,1.1286399005284375,4.453178428848039,3.5718087582195137,1.547854754517215,0.2005746446734415
440c0207_2.3636_442o030q_-2.3636.wav,6.60847676252313,7.190517502753528,3.376033870635183,3.2702394071111494,3.478439663541536,3.15497736597037,3.367468217339995,1.2030077101627064,4.165749172867862,3.4000265604289948,1.1813582956377973,1.4750219267048175,3.0114021366104025,1.1236187924878955,0.8369095808544451
423c0204_2.1037_420c0213_-2.1037.wav,6.15931305816138,9.999819670631096,3.390258319398022,2.8757142504186746,5.061253454638277,3.008312426664812,4.991126971365563,0.9977837151739116,2.385898513532776,5.643183378924791,1.7251070299820166,3.255814196655918,5.867532414600871,0.9379819674337324,0.2068406958083157
444c020a_0.21951_423a010o_-0.21951.wav,6.219397205638615,5.144006794269866,3.885808634102242,3.1551887814519466,2.446499340201841,3.301063867062539,2.4814344142407254,0.9597027890393238,3.7878782303302856,2.070665722248384,0.938960631260147,4.082345335542631,2.083839656942733,0.9928584331339458,0.2670955395084239
447o030h_1.386_051c010u_-1.386.wav,6.154989124570866,5.80577199134853,3.863919206384765,2.8765025738044288,2.708718523680777,3.027566128250267,2.7866916121035734,1.4323417240800786,1.4487890803006829,2.2985616673708673,1.146213595158241,4.794019855326268,3.030333218912021,1.0896293709784135,0.7117821873247022
423o030g_0.3837_422o030j_-0.3837.wav,6.04051497379579,8.301316001274792,3.5314835639398394,2.9075866503283416,4.156759369737309,2.808404166022496,4.044230107734395,1.183981255140499,1.9011481836725923,4.5683125460232725,1.189419472158762,1.675006977848908,5.362232067726964,1.778918419131576,0.7340682064278425
445o030l_1.4247_052a0509_-1.4247.wav,9.516770304045254,8.291332980358293,3.946213418750229,4.505877521500402,4.136574552549451,4.645774614356464,4.233160283433584,1.7270418688287237,5.4710856406469315,2.4632725515217184,1.411655373640063,4.210340632133153,3.3703144533989997,1.157130383295612,0.8402701998873419
423c0208_1.3289_445c020n_-1.3289.wav,7.454574132957411,6.355103998454225,3.3769873336395992,3.8828722332674954,3.2822911555281915,3.7564110637635166,3.20162162839628,1.0826632220166643,2.3088364964333357,4.408702754618691,1.2059227939316537,4.341407696582833,4.696152985443563,1.2764049760194367,0.5531566780716601
22ho010a_0.97167_423o030x_-0.97167.wav,7.825302036867253,7.223809050321464,3.090676236430938,3.937817003949948,3.762577448773514,4.091307704234828,3.8356568913415647,1.74645315627344,4.681577276905881,4.081376045923933,1.3503713858420632,4.979935104972475,2.5045635330304785,1.1315180703779764,0.4614018860825231
050o0210_2.344_443c020g_-2.344.wav,8.207388994756808,6.67515529738326,3.672129802565223,4.079872443091404,3.4357342048068698,3.920711469344973,3.419370084418413,1.2882414634124306,3.7403620951906986,2.008005578314246,1.7588676405698478,5.009154563743135,2.9581390846994595,1.6119424750900406,0.776264065194486
422c0204_0.73184_440c0205_-0.73184.wav,8.02203683395445,8.966462770122025,3.367464064772644,4.0213000599852045,4.287870032748945,4.029171319772264,4.4576877093004885,1.6492919969432536,4.8275768866832145,3.24314566086009,1.459153101683621,3.341845907320306,4.517498902438249,0.915970937763218,0.8048863318429403
052c010d_1.2104_446c020o_-1.2104.wav,6.796000893601581,5.636696054332263,3.8929312357685744,3.324459777323825,3.0806299845920697,3.2616173474938988,2.933487777822323,1.6406733508325884,2.5927720882842964,4.200803958962972,1.2523367510890189,2.244584500366322,2.940731657354889,1.193419701178135,0.949572257627318
444o030n_1.8224_442c020a_-1.8224.wav,7.172866253703566,9.262172701164957,3.825109503150168,3.494814933618734,4.881959067952471,3.506731092511532,4.732433133221262,1.1777030855636808,2.7360454921799517,4.330413163311477,1.2692803765557572,3.3461872848540652,3.6312367556421665,1.2157930987710028,0.4039793875653056
051c0113_2.0343_22ga010b_-2.0343.wav,8.308590139526734,5.622191344776804,3.8334738202213448,4.141441260838556,2.7870011008318274,4.258771387078983,2.8957836429808568,1.450098811194371,3.9335380216433604,3.628550857547607,1.4085946142337291,3.476620208903921,1.1787731353251263,1.0194976309958144,0.4968755886689022
441c0210_1.3718_050c010b_-1.3718.wav,5.6457112527198605,8.13602909602524,3.570934407415445,2.8502693629845743,4.047219933093691,2.8006555566365807,4.209819042007805,1.7644478858260169,3.137570360176,2.276621409897204,1.214644105408838,3.9420540821510373,4.0697493849863555,1.0730593505684156,0.2730736422470926
441o030e_0.6801_052a050m_-0.6801.wav,6.959031656857156,6.334390057773044,3.17341380525368,3.3697389215876536,3.167447929659337,3.2785256086747885,3.035994015501334,1.732575725823292,3.4571333131134914,4.705522230685349,1.691929211983482,1.6557896967648658,3.475711505839873,1.474682806601182,0.6838201680977969
441c020c_0.29583_050a050q_-0.29583.wav,5.943128355424452,6.116980329767599,3.7490025826193394,2.9050482772761392,3.1064762175318057,3.0017024050461827,3.246326064099516,1.2200928196275225,1.4420689714406012,4.470846029917298,1.4690620534415777,3.8735574214811845,4.095099261642556,1.4684361738101162,0.81346170072638
440c020f_1.7841_442o0313_-1.7841.wav,6.327598244328737,5.000800627781088,3.5489013532719342,3.2852561000553404,2.4845355176025645,3.250802137397531,2.3180635245912047,0.9812453899337952,3.5185664226390188,0.7963229333696306,1.741192926720295,2.3012475097150014,2.633326689028984,1.637404150133246,0.4594077048707299
421a0112_1.0872_420c020e_-1.0872.wav,5.462861251901103,9.57326622675535,3.99836853077969,2.634742124498638,4.900619185153845,2.788393626032732,4.827878439513466,1.1953036479767245,2.51016242497653,3.756338342767133,0.920911920223656,3.6210861281836255,3.2696444702536205,0.9791387914160296,0.5963899329981087
446o0305_0.7099_420c0202_-0.7099.wav,9.967500479294436,8.174890609925543,3.941685380160019,5.061840453324857,4.174883371216395,5.063271461922417,4.024890197323734,1.7820960995533517,6.1179209311739156,5.424158463954909,1.0436290518438396,4.1613408755327805,3.298323046400238,1.6597597307991914,0.4727862221852158
445o030j_1.8161_442o030y_-1.8161.wav,7.335873632709484,8.463257724487319,3.3721219036120984,3.8058359307566487,4.179870426936053,3.804459386025333,4.349864853681763,1.2475229960878884,5.334167502964842,5.104170112537718,1.005661476883729,4.2015916036285725,2.847995211738454,1.3935876094965376,0.4244802392085086
22hc0111_0.62209_050o020n_-0.62209.wav,6.913383161999748,9.316392160355212,3.3293627643635064,3.5347923704834683,4.763613522912118,3.516632360453527,4.614716867356286,1.4502986116404375,2.5074160484582126,5.372728662040676,1.6258046282012453,4.299988537353317,5.884194231010222,0.9854734553997572,0.2013815266656291
441c020k_1.4728_22ga0110_-1.4728.wav,8.758118839422918,8.991979403868083,3.802841727190244,4.519262562946368,4.640438138237003,4.372694329661416,4.672340379407925,0.934850718967096,6.199549086130529,5.63440718102069,1.114237897346501,4.493415127601509,3.3271777653381527,0.9913631852595512,0.5881271362976382
442o030e_2.455_444o030i_-2.455.wav,8.781474877974752,8.440851688403333,3.674499356549384,4.319762052401093,4.415852758314496,4.275916120792778,4.251604366293754,1.1203068932319638,4.569752386778513,3.4962059154361875,1.2107795700932822,3.8959340541499157,5.408995373529863,1.6167216161882934,0.5974265378651289
445c0207_1.2447_22hc010g_-1.2447.wav,8.647922805373751,8.551587638610208,3.9760416761341695,4.388373277975877,4.246883706006519,4.401882730131154,4.416346075582966,1.2377586727492442,2.410892814168009,3.765600364354953,1.7946465227343056,4.850824544703901,3.456673990281461,1.7702246674193995,0.703634148309555
053o0206_2.1746_050a050n_-2.1746.wav,7.069682955104236,8.812323614309484,3.703679417011028,3.3004213816316232,4.142431083144469,3.408708380767636,4.273480409041694,0.9121526032422996,3.3368272165592603,5.048406016709173,1.7275722329725205,4.094356797446211,5.636711867283068,1.7135648323969854,0.7031599703199614
050a0511_0.75829_447o030j_-0.75829.wav,7.612126015156155,9.862701939184706,3.186509585123083,3.621678903130258,4.907556028634461,3.628192014269284,5.077431216296728,1.2939653447677333,4.963954816784347,6.247060035639274,1.3885108415645044,2.018966271555475,3.8020236365640354,1.5194511045022183,0.2627720843409996
421c020g_2.223_22go0102_-2.223.wav,9.65479844682028,8.554476594156194,3.593370790819065,4.925943341150425,4.2385979219886,4.8079000242358205,4.146046448030599,1.7120589549015586,4.230964994105363,5.135200160617448,1.7578655842765314,5.386797388291191,4.566664355831684,1.5971570585882005,0.5487838888933709
440o030r_0.22678_421o030h_-0.22678.wav,6.666454705439844,5.057956918058427,3.623027695441854,3.218993141618772,2.367643022617448,3.1692424734076545,2.509152283842808,1.330181854488271,2.6749126714969353,1.5473601112146076,1.355649592017788,1.2631542741171502,2.5692626569838164,1.254288992819876,0.2704382219294621
423a0113_1.6185_446o0307_-1.6185.wav,6.653818129851547,9.838409797443605,3.353997730349636,3.1675225909372418,4.686075918525027,3.3159452422560105,4.768965704237788,1.4131989889137664,3.346521610203736,5.714210616316488,1.1601528883019063,2.148491657413881,4.680491180049305,1.7256262115563592,0.2348520170325695
440c0209_1.0798_447o030m_-1.0798.wav,7.957121349463073,8.490628968639635,3.895301110823088,4.129490721415874,4.138896999374413,4.0904987372031,4.283740449924139,1.026099152100573,4.521808032147011,3.4331014756000724,1.7254242393907295,4.57745337976955,5.024873669182949,1.793661766218937,0.6156689115765971
446o030q_2.1018_22ho0109_-2.1018.wav,6.368834956665612,7.655193033268404,3.9016956464012034,2.979628312954505,3.924979288182095,2.9942242192906976,3.775691112098973,1.4493024711615503,3.9445951210589962,3.772248355079827,1.7445094269916162,4.691214544419139,3.61242255122641,1.2919839096274652,0.4727179205674904
420o030p_1.7301_442c0202_-1.7301.wav,7.568940682034505,8.373990907974582,3.829964824578392,3.655225928860315,4.395320435468447,3.7126508038695536,4.256747769584539,1.2222113633235034,3.522301174350168,3.5941532494729604,1.6045380339713513,3.6217133482767876,3.3103548571330013,0.9060292936308504,0.5607785461472414
053c010j_1.9771_422c020s_-1.9771.wav,5.818818589528637,9.377257528922314,3.82108766220386,3.0070654570764668,4.571719622673877,2.9670361243318006,4.427159418883148,1.346650272383504,1.125577889172343,4.441428450973725,1.550532927429885,2.3034034445883536,5.500129113053593,1.6208827358074225,0.9548416491293736
446o030z_0.26601_22gc010t_-0.26601.wav,5.749551700604384,7.88851062236627,3.938225553263997,3.101240715740521,3.8028543966129136,2.953661403629975,3.77601512246144,1.106420369653021,3.611452128829024,3.017896086237945,1.6420721479061164,2.4920287338436387,3.1073011653209255,1.79438136867749,0.4281065899766286
422o0312_1.2176_053c010x_-1.2176.wav,9.459935307267774,9.461416650323033,3.0264109110814257,4.874368944060635,4.502047313519322,4.900752613092786,4.649708757398223,1.6591886610116608,6.307690905624648,5.159501852723537,1.3434000723968025,5.9440345272258455,5.091838684884791,1.169972283167256,0.5711098862516298
051a0509_1.4217_053a0504_-1.4217.wav,7.9491371609126515,9.22424947102617,3.854588250218591,3.834802132635671,4.634873053939945,3.963961011884086,4.540437976181236,1.096065400535542,5.202215733481384,3.530637136696414,1.3573179617520224,3.361987930178375,5.000924597553552,0.9920522724809342,0.7902178050560036
22ga010x_0.48458_22ho0107_-0.48458.wav,5.154041135337779,7.606512962527835,3.1718427426100866,2.767144915604426,3.784151589867183,2.700266378506337,3.627859359492095,1.6295455169900297,4.140897164879781,4.526427648550996,1.0236165602889808,1.0093537324864899,2.8614671174274733,1.2782618109062862,0.8563401114520414
051a050u_2.4571_443o030i_-2.4571.wav,9.20705555435546,8.843706540032775,3.7474912380964,4.550495125351479,4.531089628194574,4.4359314877529785,4.62791510490499,1.4701403324140787,3.1888033994357547,3.3092885507713525,1.197181615053465,4.011055498704662,3.087511312317873,1.5677485653857672,0.6240763612572764
442c0206_1.5615_053c0108_-1.5615.wav,8.438066980405567,5.304012067428331,3.974516023825475,4.096519455974039,2.6123555094846704,4.165572715162088,2.7676991524041927,1.4020296806626709,4.2105132348996,1.7003935626675124,1.5887247236028768,3.3630633663102105,3.90852391902854,0.9048994795035424,0.6733773406977331
446c0213_2.1972_053a050n_-2.1972.wav,5.324106526771384,5.67251806130187,3.097696150633368,2.773901754253379,2.8800634540802967,2.879964660247666,3.0129192404505067,1.2019146107623264,3.3738436090901867,2.177540971270742,1.2292260307896516,2.3669521349898552,3.612783231928969,1.4318709389696171,0.8302831527821268
421o030c_0.050599_050c0113_-0.050599.wav,7.966891582754878,9.95441836734688,3.5930035361130943,3.92426015727772,5.032485876703619,4.041298087672487,4.93866624736674,1.545782994226926,4.576568960348584,3.2501377096431314,1.0829398794205245,3.384608667380093,3.945070413063562,1.3470213654253391,0.201391919983768
051c0114_1.5751_441o030j_-1.5751.wav,7.89702570851581,9.533429853040015,3.7727917337712222,3.843914566767357,4.834229163449459,3.768537432904384,4.963914504527791,1.6942473015914483,2.2547853813181025,5.838616078742415,1.7466764288160253,5.00557314411852,5.786048826929097,1.5076288100296242,0.6246002765071812
053o020g_1.1176_420c0206_-1.1176.wav,8.534306566445169,5.521639445125086,3.388197117509661,4.1028951701981,2.7580626976323,4.053706562922328,2.5953344551103887,0.997099810293233,5.525812721377555,1.9796004151583138,1.0851279293265377,5.936393421178691,2.677976404494296,1.2464325297259862,0.695703044017365
447o030k_0.45818_442o030x_-0.45818.wav,8.886691495892235,9.339620936667712,3.927224546254184,4.21599847825723,4.787601973532906,4.384195287318571,4.762907167974188,0.915499866213244,5.315445066468062,3.305899465923966,1.5148621762834256,5.130666928404788,4.322566392249975,1.7648465686803017,0.2307561307313665
053c0104_0.53193_422a0102_-0.53193.wav,6.384099003008848,8.632898392155592,3.805109581092167,3.362725380593505,4.296855217095767,3.1955070337221767,4.327482402236099,1.5811246212318897,2.913344028030491,5.8685145512390475,1.1301932609593548,2.3172271651390726,3.472167573685477,1.4143076385466418,0.7400672027746906
441c0214_1.0466_422o0302_-1.0466.wav,6.536243781770279,5.370008606548255,3.232391368373506,3.2730402801747656,2.7097694412695943,3.117024973322734,2.7772914675119007,1.235708541530059,2.6419812674782017,2.1513324033888255,1.7341012547315513,1.3411877046037552,2.3015756960201026,1.192648091958974,0.8205416649885702
443o030y_2.3402_421c020y_-2.3402.wav,7.636917241554311,8.928186273136935,3.882345949013129,3.6531857215939465,4.315896000756381,3.593929954119026,4.475234489581141,1.5200509079287323,4.175018553540295,4.044912021471726,0.9084268092985012,1.9413048700251165,4.530742815356221,0.9888263613765944,0.5820642713636077
420a010y_0.441_050a050k_-0.441.wav,5.6849107907109415,9.167383533827412,3.8343207791146816,2.9792632612648866,4.571714019468989,2.9971974668704684,4.7407653852407465,1.2785515886081549,4.778890644349955,4.349265470698152,0.978672595060716,2.670641722878086,4.082808571179019,1.0127704420803187,0.9160291586753996
051c010m_2.109_442o0305_-2.109.wav,9.91273712726518,7.432292837381436,3.856789672792294,4.883390671251524,3.716916829924668,4.789154487335301,3.858407259427542,1.2803622811059534,4.095234608347213,3.5422084263712126,1.0108341382171495,5.832168234345193,4.12494891963719,1.4471292784629346,0.5426201116874679
421o030i_1.7343_422o030s_-1.7343.wav,5.217649590751529,6.860219009052839,3.288555356051793,2.867530256696828,3.2854723725875115,2.702896574190796,3.243096075150109,1.2324021714791693,4.633271634343805,2.638446619372974,1.112656142398056,3.508856084650451,5.157539239426577,1.4688392049518306,0.7012046833672512
440c0210_1.0725_422a0109_-1.0725.wav,9.20997456154417,8.534182290969442,3.4928646868740456,4.38669492061752,4.115426883655452,4.529155142381951,4.068468548774101,1.1467280302418572,4.871658267345778,5.350130508048312,1.4300541277157248,4.895519552838484,4.751565392433885,1.625242051387007,0.4207762102077316
423c020a_1.9629_442o030w_-1.9629.wav,6.197193951619441,8.528002917289923,3.565853979945977,3.0631606335922434,4.466811742993435,3.096630265449773,4.300139058538778,1.6114015759642286,3.424983144318377,5.370979068355934,1.6857133187854,3.100283124475154,5.651182677027426,1.2060647631931212,0.969768496873734
22hc010q_2.0985_443c020j_-2.0985.wav,8.011717893654975,5.62737144425065,3.937926650949673,4.1879720071086695,3.008010549023579,4.025576839021108,2.957733224295501,1.6536710430366768,4.267510589098386,2.212362196933518,1.4257941816452409,5.917565723864418,3.4962369580305817,1.0582595816245657,0.9734779822431494
22gc0106_1.2044_443o0308_-1.2044.wav,8.415429882169619,5.235297874396221,3.991561536981148,4.269460626438423,2.79976190818282,4.24343055219301,2.63176656528672,1.7217645367046153,3.031810822898559,1.8846606167951732,1.041913173677044,5.529782065910524,2.6943777374238835,0.9612104860905278,0.6095108442062857
443o030f_1.7669_440o0312_-1.7669.wav,7.444515812331,9.05378604086644,3.4207766703291163,3.887907392790643,4.416789625130209,3.770809039261828,4.293550120096958,1.744289433630982,2.4714727826556966,3.150809780047248,1.2925607460665007,2.797619661128162,4.065785931104247,1.301242155041475,0.5122340743940195
050a0502_1.3461_440o030j_-1.3461.wav,6.158847862100374,5.49026624832015,3.546538921701221,3.2942877793944216,2.608409200432367,3.1994953046172547,2.4921578059219347,1.7329075204987854,1.67309689503678,2.926012902001577,1.233900396638782,4.330933452929373,1.7069818077553311,1.6292692356841527,0.5292967399546566
445o030p_0.97369_447o030v_-0.97369.wav,9.23687767419407,8.863233219962204,3.761889968129774,4.759507361969163,4.190586450312348,4.698054972026453,4.349090720823679,1.3449771473823473,5.606047407887661,2.4910815365220587,1.1188622697401345,2.875768567937685,4.496663075430273,1.320171510133505,0.5627779309396385
445c0209_0.041406_052a0501_-0.041406.wav,5.879661106237181,8.668010651779294,3.8238766156286776,3.056199058358036,4.379758770560288,2.955598641956912,4.516797291494807,1.0961665703485486,4.105562807129805,4.1052951335840735,1.538897652553774,3.6349552101415266,3.5646100305419517,1.7207454191547191,0.8283639211727096
420o030r_2.39_446o030g_-2.39.wav,5.125389547274666,8.19611902851344,3.763241246961949,2.301727718752312,3.93868985603238,2.458494591344353,4.004448107664479,1.1137015756173556,1.8684672283714403,5.159982936525029,1.0322034136834972,4.262186094564378,3.7750341855611262,1.5707417988033048,0.8915927112860642
440o030b_2.4116_445o0312_-2.4116.wav,6.695613399549064,6.364012415569691,3.4964158778593912,3.30165265946029,3.415095421024496,3.178965157258528,3.328794918108856,1.6703964519713308,4.4644571268518884,2.663647775869602,1.5123880119286397,3.565489405126554,4.039704809132465,1.6965415784443598,0.2995924256951545
443c020h_2.4725_050o020s_-2.4725.wav,7.364763060047817,6.499749952488413,3.507886094328961,3.800707827053402,3.01314043159549,3.9330028733417066,3.103129434965764,1.7424580746116547,3.0169111198219154,2.8858890820146272,1.435217929329374,2.8939539311010294,1.9532533051484604,1.215666789405449,0.9836653024293806
443o0312_2.4721_22hc010h_-2.4721.wav,5.200074901411477,5.480419518153679,3.5102811391936606,2.8217921341102463,2.8696598127879467,2.6856026072248285,2.806791595326927,1.7229641050052469,3.0560078563722444,1.2607032901883222,1.3526018720094055,3.215675155251522,1.9399250030198898,1.566838170424905,0.4030399138016617
052a0514_0.010018_442c0209_-0.010018.wav,9.243426407314177,9.715058392631368,3.827871489477463,4.68203986693734,4.881284071992159,4.810894029032757,4.804494717842719,1.3453915244305084,3.7345841018539563,3.7157872950999584,1.3348900897875853,6.043961428262086,3.531006513380628,0.9214480626891208,0.3366354626017277
050o020g_0.90423_423c020c_-0.90423.wav,6.515870071620915,9.834135248992578,3.2031774401961304,3.419424145730248,4.71541623621163,3.34018765720538,4.842780198486083,1.100943187820292,2.742316388848479,6.156063826407856,1.130718810876167,3.1336720758137235,3.215265187825771,1.0407814576992225,0.3136242601782872
440o030q_0.93862_051c010c_-0.93862.wav,8.25452410981347,6.969715999144567,3.418599361281469,4.125714915539691,3.6638494431894895,4.208472629410663,3.5387448437742397,1.378992834645261,3.8869327145803645,4.319658430837193,1.4869685311335217,3.421319406658578,3.6870335830642404,1.278469134493306,0.5654075907732377
22ho010q_0.46185_443c0208_-0.46185.wav,5.719333372778506,6.675684344758638,3.067114575208472,2.929009821472052,3.439290213557012,2.8144848543248804,3.536161426514934,1.4816069507793288,3.615715571795918,4.25467018027323,1.7713369964144543,4.1028884049155225,2.562163872532932,1.1902359429875735,0.6943559122852933
051a0504_2.3695_423a010h_-2.3695.wav,8.240127333858414,5.5614419974846365,3.985550377481346,4.197044635908227,2.6848319076065152,4.108238291934317,2.5398717983695684,1.2612004621612205,4.230081478981672,1.1789698803530269,1.2117340038471054,5.417884089540788,2.8835180990887603,0.9596757785856382,0.9327336771131474
447o0302_1.3388_22ho010i_-1.3388.wav,8.564584211607137,6.32499463113643,3.523898367510389,4.29947964334619,3.303800691234969,4.265486704701635,3.137233947488483,1.5571712505313875,4.9498826109964975,2.5996818459378206,1.1481454800288364,3.407411043026635,3.287840412486151,1.2933542718234845,0.979775324573952
22go010l_2.3665_445c0208_-2.3665.wav,7.140761121577271,8.380904461144535,3.7760005264455136,3.550388540380832,4.355028042808643,3.380565848732331,4.362790349247984,1.6560044931253666,3.6337151472647484,5.2642097885611,1.3178762780681452,2.46100080121924,4.572440095135875,0.97611456925111,0.4016891250613332
423c0209_2.2269_22ho010x_-2.2269.wav,6.233179343825452,9.86074284588602,3.4107407854057232,3.217705287179275,5.038094078727719,3.08258504487099,4.934931488034433,1.5526132471991412,3.3453148797753367,4.249563730069654,1.4676189368224932,2.394088892564945,5.009954812874266,1.346256129206782,0.4998412130583983
445o030w_0.3404_446c020u_-0.3404.wav,9.032906979444595,8.60995325913896,3.0742139547565936,4.625399518644508,4.317017820231619,4.718623913490265,4.43453042468596,1.4842791855040285,5.653300061248431,5.899013443365285,1.5966430975991273,6.077701335712549,5.623733185664691,1.0654799772598835,0.2825005172034036
442o0311_1.4625_443c020u_-1.4625.wav,8.916611487083136,8.698717812403418,3.585116677577385,4.559206087227506,4.2218695838481,4.67086810654883,4.093683806785728,1.3795414194520292,5.687362384419937,4.119854103858132,1.3327176517835118,3.428095930974495,3.9987346062734352,1.707968784306281,0.5985080303209509
053o020l_1.9853_420o030b_-1.9853.wav,7.488770948502748,7.952727928383815,3.7458059844350178,3.892153073627831,4.024012199711856,3.994163048488286,3.914039634819655,1.7974289672447914,3.318651266296245,4.331865969304453,1.4194809307244665,5.049797650980789,4.872572025885162,1.2696220340931696,0.4785430460493326
422c0203_0.88605_420c020w_-0.88605.wav,8.935762573426326,6.419606502246756,3.718138565748024,4.684050377657928,3.106957781936923,4.518034358012556,3.143545774791237,1.7842486281032943,4.424457228982969,3.761524428011095,1.3060841731635586,5.043143808843074,3.655259245089081,1.4867845029093014,0.2528741561204949
051o020v_1.2682_444c0211_-1.2682.wav,6.28459741706686,5.0543884739243365,3.134649245621801,3.07600313412507,2.5858358830707475,2.927556468543876,2.607366964739466,1.7381988281073737,2.78579765812914,1.603920415804077,0.9479303363548556,2.3915399546061424,1.515083605714247,1.012742740587694,0.3595341161367429
420a010u_2.0785_22ga010h_-2.0785.wav,5.528201189289988,7.854760373017932,3.3625813461181866,2.6503124093436035,4.037028564642249,2.520146654132193,3.96248410696602,1.1651592089039524,4.404675369837399,3.1943933481189375,1.532451958071244,1.557918136922612,3.914840943289553,1.0118605747940503,0.3853162442025931
423c020a_1.6837_445o0308_-1.6837.wav,9.473325874004605,7.674992253987543,3.1115779722039725,4.7933949636654685,4.026612323256914,4.702886041986265,3.882709108920097,0.9742975125046844,6.138483129189457,3.647922323191769,1.4871457259235137,5.3274083086333865,3.0577851647217984,1.529611468148537,0.4783381480915
445o0304_2.2198_420c020v_-2.2198.wav,9.93420217542317,8.134342108476726,3.141619524953783,4.918736904434661,3.9196144862775633,5.075848155303316,3.889348088234733,1.7073316569822747,3.9482885680035746,3.5729821781387896,1.617103902016248,5.717568330217333,3.6121763693031665,1.0022148012048815,0.5287553028862324
420o030e_1.1666_22ho010g_-1.1666.wav,9.562066897618376,7.95866254231966,3.796505602951301,5.0295171261421165,4.247402135352391,4.931766363384241,4.108316591961809,1.376183136022222,5.613885038082882,5.347666360460159,1.2101271504078637,4.320674716375817,5.129861006158771,1.6402559330454825,0.5204295704992902
051o020y_2.2841_22ha010r_-2.2841.wav,5.935200845748995,9.171760139236282,3.838890003446144,2.7265458196181585,4.680862218381792,2.8191570899403184,4.798858627688668,1.118655414685788,3.2762438602196657,3.836822876226761,1.08170546810587,3.013981711932806,6.582007736699682,0.9610719692571068,0.6475000304218621
052c0113_2.2632_423a010g_-2.2632.wav,7.304394484732328,5.594551470908928,3.627936628562294,3.607164998157804,2.963049571636088,3.745215068096019,3.021719650808132,0.9322457640156564,4.312239669644642,4.879906631367386,1.09193978946797,3.2480324916671988,4.276846147448677,0.9795196382987944,0.4892952234617405
051c0112_1.9647_421a010v_-1.9647.wav,7.973181530048029,7.023286840250812,3.130889488705339,3.976415033327959,3.659178170874146,3.836033068051848,3.755057802836397,1.4818262229790864,2.365313312551167,3.33714093274674,1.0547638415878,2.945256360896,3.437881428228779,1.079752129668254,0.6740651276374469
442c0205_1.1453_22ga010o_-1.1453.wav,5.588197889707055,9.313917799832357,3.8808730360237034,2.844062370079502,4.734857452074784,2.732548463444813,4.863172099044918,1.5939987466675265,1.516323217717414,5.368013391788292,1.5344144622163705,3.365706685286859,3.8866678935033216,1.4162487144369695,0.6711498188751681
050o020p_0.15608_052c010f_-0.15608.wav,7.89863710072895,5.623253250268619,3.341039269323133,4.116207166254213,2.736082126688025,3.946638457398016,2.723980350915749,0.983800058391174,3.828563183202896,3.6211272632953873,1.0741511787044262,4.91712621215168,1.7362171075627635,1.3081460368950046,0.93835932186574
050a0502_1.9707_440c020w_-1.9707.wav,5.85317639483749,6.853876006965454,3.829515062172384,2.9336591261946574,3.562458732472942,2.799837320175925,3.4946964698639893,1.6471227319611992,2.5302404979835043,2.5178281825250446,1.238213618192386,1.6784943307144577,3.556841362802204,1.2866809967453237,0.465160101654492
050a050f_0.59652_440c020j_-0.59652.wav,8.047374041646188,9.20503176662006,3.318900699852888,3.773629732514541,4.469009693508353,3.9143294546668432,4.3735969680139775,1.7461050646073102,4.951538684730647,4.19613328119099,1.267709832146346,2.5414813749981917,4.9893654139816475,1.5055099804097476,0.9293979411550573
441c020u_2.2799_422a010r_-2.2799.wav,6.563549391581791,7.469833119319267,3.876887435953455,3.237996153897846,3.7615876142339912,3.13435715041974,3.653148889794494,1.1985285858196455,2.039025532975689,3.81899847363409,1.2549762199051575,2.661607307566042,4.598905173370969,1.7167633222309475,0.8718034731652926
053c010y_0.67622_421c0203_-0.67622.wav,7.592091756138592,8.859356477264146,3.752718057027151,3.897556046589673,4.473081180599819,3.986174026529908,4.328005842822125,1.5388124586670973,2.796827318676732,4.567609022020448,1.090999636097524,5.343560370384808,4.468960125313803,1.3074710157203753,0.9328704360854692
22go010h_1.174_443c020z_-1.174.wav,8.845277531966737,7.257248474094831,3.8035511743846913,4.435573860730266,3.399362741694683,4.27864435850598,3.464731934221724,1.4970515155688338,2.8354639719755483,3.6171804127903617,1.5417660427098645,4.927389121535177,5.008775584369858,0.9389865629326676,0.781045464711029
443o030k_1.3735_442c020m_-1.3735.wav,7.219279882131032,5.316430571301654,3.8632647362154895,3.699351150554241,2.567838870061661,3.666362557081913,2.4215113172880387,1.491696379478562,3.1404215959341806,1.536717360926293,0.9025993475233588,5.022589286840186,3.597557381402396,1.3920420026273117,0.8634642855444161
053c010w_1.3553_422o030h_-1.3553.wav,7.227059765102233,7.975418710538378,3.247733266899673,3.4444663634470865,4.07778744498629,3.441783403267724,3.9078086177027846,1.175989553361953,4.987116065813235,4.732280599750801,1.3934426630491814,3.626941976604428,4.8649799475567574,0.9655204845601562,0.9911912779210686
442c0212_1.8734_422c020m_-1.8734.wav,9.01523950294002,5.817819652472985,3.969772627110099,4.452147454361235,2.946526795229224,4.57060800248531,2.854509956888931,1.664485294006914,3.05292493871645,1.5259437603435333,1.5765996909787252,6.3230326149863885,2.7535974967303867,1.2440831204870353,0.2316814475110028
422a010q_0.89818_053a0505_-0.89818.wav,5.330897811966104,9.169616700882244,3.152775972336633,2.651150261870792,4.5884309188673855,2.719541939615569,4.744066963584715,1.6172227243549395,1.999463821445886,4.077831632296071,1.5855970397496246,2.28837292474628,5.205259952854588,1.6607994470621112,0.5412028190156022
22go0103_1.6924_445o030b_-1.6924.wav,6.717702439643478,5.009108964264341,3.8908432708658314,3.3347003990786668,2.494784378534914,3.281537842129584,2.6562580374970977,1.6627310092591985,4.135790730575828,2.526965795082675,1.7140443749383096,3.4292881724351356,1.5099902383406034,1.6968500162689604,0.4504345393608786
440c0201_0.68548_421c020y_-0.68548.wav,6.527174756123009,5.178877765179538,3.604175176530252,3.388611657795126,2.757002398116566,3.2308976912227774,2.693549228392618,1.4642601136153643,3.9423625177849493,3.1306625658725102,1.1872945308753735,1.9260062728049478,3.5915475240801955,1.3788664511405868,0.9770909035332862
051a050k_1.8089_421c020c_-1.8089.wav,6.581534864052484,5.014198432821385,3.5956077170442606,3.243571131642223,2.6728867627375683,3.34249101388911,2.534630273210813,1.4536470879228245,4.596997172802437,2.63998469716465,1.200752640016756,2.810276077061179,3.904400819401819,1.3436290586908133,0.1807962671035307
22gc010m_2.3162_22ho010y_-2.3162.wav,7.233806599186102,5.962953713174106,3.4812734268825376,3.386003461326395,2.904594811001304,3.4537068385851604,3.0605315055531546,1.3136382791483925,1.9070507485798258,3.816594729547639,1.2390113121605164,4.966421881849751,3.8779188646784797,0.954190682545817,0.5238372839137834
051o0202_1.4041_440c020r_-1.4041.wav,5.846569329587726,6.937364794762282,3.395307009418685,3.093293385782981,3.4808269003378656,2.9715704501687044,3.568482630016208,1.142446909305976,2.984303727126337,2.28809909610015,1.4885625640708422,1.7502057461012976,2.5569916263446837,1.0510354583692323,0.4282774011831187
050o020r_2.341_442c020i_-2.341.wav,9.483562043944865,7.755216164406173,3.6802240867768714,4.891227341098186,3.6415134357152312,4.891696598654471,3.8115127880591326,1.7650584839322674,4.002408613140394,2.6047536949169623,1.4277935426781772,4.961515400617939,2.761101765655214,1.0497652933449382,0.5473487523134636
420a0111_0.79431_445c020h_-0.79431.wav,7.188907941033964,5.596022235956658,3.3229800334761905,3.6187388319125176,2.6513951319284814,3.6914114492493337,2.7826151406520623,1.4981759649117246,3.8128768991573674,3.7002379329521755,1.099032555672107,3.6007092486258654,1.9954531814196843,1.5915304002697317,0.4786592879370224
444c0209_2.0879_050c010g_-2.0879.wav,9.62776800955762,6.673581188995437,3.0376308601563338,4.965058793582508,3.382171710522352,4.977051167955795,3.212595229379209,1.4458788038124737,5.2984825848677035,4.191322750697997,1.337396127136579,3.446205981520481,2.070161374740263,1.573970284921756,0.4305162018758768
445c020n_1.8528_443o030h_-1.8528.wav,6.4241828263447776,8.688411029595342,3.1760023678900238,3.2545487924876126,4.320171074549929,3.2476891047617262,4.150309528918484,1.596374531454935,3.846146632104788,4.8241545246300115,1.4001560393715984,4.047654724194766,2.4828703417221543,1.3578126189989017,0.5434814514611208
420a0110_0.73648_443c020d_-0.73648.wav,6.62875401954565,7.646359776449199,3.0179847480920494,3.5128195587337365,3.840292712921002,3.3629821223162044,3.9205967766277783,1.327041368465972,2.615951213479479,4.951624705335078,1.502353994597312,4.09495350480274,4.876930015122456,1.0036330971759695,0.1518785064750136
422c020x_0.90868_052o0202_-0.90868.wav,6.6658543317218815,7.799753636289584,3.3369798898560714,3.225150168879628,4.015730827599902,3.2812328143969625,3.855248003373205,0.9735699681481604,2.6553961552429977,5.565608012917484,1.7361520813028155,2.403144166896016,2.645273679969984,1.3919011246567168,0.4220263252340213
443o030n_2.2137_445o030w_-2.2137.wav,9.152533127675907,8.616884577509008,3.996525369494911,4.398497332069883,4.094518170931425,4.41124164023165,4.243975799072239,1.0063510003109617,5.677634830620751,4.015787389258301,1.7857081592375592,2.6372119810545485,4.051217642120353,1.5986586201377757,0.5811982959547048
442o030h_0.55424_22hc010d_-0.55424.wav,9.218991670271665,6.100836858370082,3.281382399741684,4.740186816617439,3.05429903360696,4.833296373183297,3.196533384156006,1.7109922895129477,4.330660292353787,2.283382475436294,1.493779961091966,4.268380884078032,4.726278861338737,1.4369458618241948,0.6895203716294401
440c020u_1.232_051o020f_-1.232.wav,9.501805520363073,7.690423015336127,3.5872222825634523,4.81224250118807,3.679830573055236,4.952678627362445,3.77563085731961,1.3655579582216806,6.285991450357012,3.2903149884400773,1.5062444026687798,4.283736919485231,3.273405077254145,1.240481331938379,0.6533940404357818
422o030j_2.1088_050c010i_-2.1088.wav,7.273357311591075,5.9263023895610765,3.268913550464594,3.6474869909957537,3.0662299385102543,3.793142766805305,3.1020683951360315,1.3303214886855013,4.8059106172168695,2.921436237453279,1.5760361861834469,3.6604982703392257,3.8240275362256058,1.2468534687817174,0.5469215514651822
050c0101_0.55987_051a050p_-0.55987.wav,7.642245072412395,9.644316852757903,3.833992311973212,3.642212848877638,4.655611742129639,3.801277461034533,4.672887423284851,1.1249465537033043,4.480026876917659,5.1681089991777185,1.4623759220705483,3.3858364007885404,5.205504969192776,1.0138538003523887,0.6576701127005813
441c020p_2.4834_422o0311_-2.4834.wav,6.372564224972599,8.990206365028833,3.364428763263502,3.294004723415973,4.287130802508134,3.44300314299702,4.304436031843526,1.4388631657543818,3.495198011309305,3.5681941344127632,1.4253510712355326,4.691440650091473,3.2345491181134856,1.6770626526079928,0.5354806171759268
422a0109_0.42938_051o020o_-0.42938.wav,5.257976223078828,9.206255242204968,3.2160908332313105,2.7229870671279706,4.477305795854961,2.777256774914877,4.638410726930094,1.1680668409877233,2.5268095746707253,2.634508029117128,1.6253028506732048,1.3681240778351451,4.886075790645311,1.6671503697792405,0.7665829452691237
053a050n_2.0991_444o0312_-2.0991.wav,6.008228185587033,6.132314575009001,3.1696164385573926,3.1913787725553164,2.9986673428656627,3.021919670680386,3.0122177226294187,1.0567592030359398,4.026134313331246,3.2884507385546025,1.7763422842166066,3.889126326896252,2.2499263500042486,1.4598758702457435,0.6062464088015951
053c010t_0.9082_050a0509_-0.9082.wav,8.365915321670833,5.030673547428365,3.6770806266038334,4.057827702578453,2.413370358754485,4.207608823814907,2.469634163470756,0.9706585089580344,3.2464344625951584,3.2688946197701236,1.5677414107554464,2.3833481782281125,2.104942829378954,1.0801928206967852,0.423644075613039
050o020s_1.4824_440o030p_-1.4824.wav,7.782810361546559,8.380265805270547,3.626111374891398,4.104998725596372,4.106899269023643,3.9908656106628575,4.009566684163415,1.1237610396558335,5.305568991950704,4.969470385116921,1.6109293158800162,4.2794967875846925,2.6094425028817243,1.2414484638621783,0.5294669332123823
422o0310_2.2917_440c0205_-2.2917.wav,7.319267707066901,6.217629925462402,3.3607477861848984,3.478404801579364,3.266210233878149,3.5074365277241597,3.1190465193386823,1.2379431806927856,4.835018378760564,3.580115302429565,0.9193243961630104,2.866122876173642,4.289851334104108,1.1088753857584024,0.5976668743215405
444o0304_2.3331_445o0306_-2.3331.wav,7.244490936374034,9.464799146751863,3.7671287707439913,3.804569455691442,4.896694854242434,3.639437589610084,4.937086274178955,0.9798771333474848,2.477521743223878,5.355145563108849,1.276760772943435,4.112862543115403,4.3464084783901225,0.9522789427108737,0.141696465367785
420a010g_1.9473_422a010q_-1.9473.wav,9.41929730487337,9.59831141399881,3.793421813214928,4.7465248137313045,4.6830636036893125,4.763553116706109,4.852208621049559,1.1373963475889182,5.450781731610562,4.04900335907752,1.4297761215756968,3.8866865697794175,4.125416089582284,1.2255191773869134,0.9229520934115478
423o030h_1.6534_422o0308_-1.6534.wav,6.6818795630603045,9.238712698945744,3.781032820225096,3.5024532772522745,4.567365309363638,3.338260485092775,4.523311626170659,0.9487241560795092,2.810610685298994,5.626595712470168,1.4870593648265602,4.869310412816073,3.7092642242984377,1.1151861969828574,0.8564973615751545
445o0311_0.86011_052c0113_-0.86011.wav,6.811340388111242,5.365931265051628,3.492771732427502,3.304201289715796,2.621095783195361,3.1576335261395623,2.685266576242208,0.9372773714462326,2.5000609476744486,2.400116013155901,1.2771163435656647,4.103332657399182,1.8968602383137252,1.0973774871140178,0.5017500356063351
22ga0101_0.18217_444o0305_-0.18217.wav,7.651102412153493,6.256270237593094,3.618940751418599,3.5653161143129624,2.951462015730539,3.711248249674252,2.916766023614815,1.4755914796232683,3.852649515067352,3.6983400429329447,1.7703137474746526,2.465266723513245,3.388877398888317,0.9869156610197694,0.5780286974192936
050a0506_1.9887_447c0215_-1.9887.wav,6.814844615083627,6.811426147221042,3.83557645744754,3.339787154037211,3.5768016902528075,3.252125106570668,3.431146736907672,1.031893314830389,3.1633368381460114,5.138130521258598,1.4794904831357525,3.8307329900876272,1.845556710300061,1.7261890983860086,0.8383143632178479
421c020f_1.2603_422c0207_-1.2603.wav,9.395420446658992,6.444984398940263,3.8126583771504654,4.614418387438233,3.208714555115657,4.674655488945723,3.0497444585503706,1.1235857081908698,3.4466843307556068,3.3721153526604417,0.9472734662041064,3.81088892468255,3.2994755187888107,1.2630403993569146,0.955558358471424
441o0313_1.4966_422o030e_-1.4966.wav,9.81501453944605,9.114022845011124,3.202113957182513,4.803942998510276,4.589736039468836,4.819161484334924,4.4204185929690585,1.456538655756253,4.97719341801839,3.305013078525005,1.7873521185716772,6.1287019938507905,4.194830293198849,1.3432622118185669,0.6164337119627272
22ho010z_1.724_422o030e_-1.724.wav,8.014915324612216,8.043818000612127,3.095497799154835,4.0925320091748905,4.087173496680507,4.16950089351732,3.946903076266645,1.5171135598132863,3.752954675997608,2.628775361332758,1.3004556351960357,5.9324456268540295,4.131037520863311,1.512370891787837,0.545526525282561
421a010y_1.7887_444o030p_-1.7887.wav,6.641683466273641,9.533545295289873,3.6200129565227903,3.221868263347037,4.877694780641261,3.3110054143116483,4.998337096260252,1.2415196909484951,3.3886809860249523,3.6394766426766987,1.647935365162409,3.7603361242929947,6.1110581504557295,1.0887395919789271,0.5174469325889952
051c010z_0.87073_422o030b_-0.87073.wav,5.189821046847997,6.324481215857437,3.08096381335266,2.512249442532909,2.9626848117422284,2.459206222281091,3.1029931036758027,1.6743956807679798,2.2889145515981433,1.5601473206461531,0.913356073168666,1.8435109627743913,1.8876719578263144,1.744984776341527,0.8866765043076572
051o0207_0.6162_423a010v_-0.6162.wav,9.56573237688328,9.5439660039576,3.2224987574330157,4.719053197904636,4.745794269851572,4.582175858588558,4.846613880948578,1.446089384498885,4.0148142629012975,3.1061738689015677,1.6677830813672694,5.712074079398569,5.157079611302121,1.5509014087096251,0.8357259797010026
447o0304_0.89045_446o0318_-0.89045.wav,7.588214198811951,9.72123297329105,3.036563028985766,3.7342230564591032,5.0292272847251605,3.7825774126872806,4.887234833398485,1.478585529181636,4.952235477736359,4.102096865339889,1.7299273834389126,4.280867956783591,5.4884699989253205,1.218252317198619,0.4094839124435029
447c020f_2.2307_420a010x_-2.2307.wav,6.428477670415962,5.338964811266519,3.357906863974557,3.168492155554585,2.6963687164801136,3.140224683429372,2.8436811396481896,1.461382727188728,3.025765675236785,1.5393429229733742,1.4223308615129164,3.0286488632189927,1.835786349694993,0.9450335691228632,0.2620719276387978
22gc0102_0.84835_442o0313_-0.84835.wav,9.505485328182596,6.639473802092097,3.28179904728548,4.8376496412217405,3.2166986541349827,5.00611618534152,3.239480741667486,1.053523029118555,3.6131587885191974,3.896130688849314,0.9161544505297912,5.842337424338343,3.946413342968107,1.2323020135489573,0.8278297712578923
447o030x_0.03457_441c0209_-0.03457.wav,8.082082957638354,7.67293717668424,3.066967967135271,3.9485386420669055,3.670619234979743,3.790104056198312,3.6929459454550257,1.6291924855096769,2.9913341759354957,4.062334850052834,1.327287752094089,4.912038947131097,4.4271940475693725,1.0232824655877075,0.8346594475424731
22hc010n_1.23_050c010z_-1.23.wav,6.758090526500402,9.647775272518164,3.0999245115044034,3.175140980827236,4.633857769786439,3.269151128898032,4.750742722024557,1.110951520208765,3.578931155463161,3.975643094391852,1.3704360436648626,2.540626200598604,6.118574926356256,1.685689935481781,0.5113193810109153
052o020o_1.9744_22go010z_-1.9744.wav,6.360892795039342,9.784224472900773,3.6461178196632114,3.059913608155008,4.834968278167445,3.2095967919503687,4.844712224435993,1.7764089759439423,3.9918929424640823,5.160998705678154,1.4765462707714851,3.925423148553268,6.446359185188171,1.4630107640493497,0.5588512514504527
423c020g_2.4725_420c0202_-2.4725.wav,5.913096510044124,6.472677053333587,3.057499414524364,3.090110758384883,3.2759086056181856,3.02791205695424,3.412405204624687,0.9161224490232804,2.4221945192390764,3.0107178541118733,1.7591191899002192,3.155198641448264,4.852927846026439,1.7758269185998183,0.8864032376711181
441o0314_1.5216_051c010l_-1.5216.wav,7.577557570103595,9.752971009630151,3.245514641303925,3.8622650445500057,5.052927427170997,3.693693041517401,5.074915601119177,1.620342293303191,5.689207941047724,4.76317142114759,1.5825473002387849,3.169106973120329,4.866306107551536,1.6721825363099216,0.6740594282421359
443o030h_1.5486_052a0509_-1.5486.wav,7.772922997070179,5.599027595744223,3.069646440990563,3.971439542007344,2.9010874921942538,3.92832466964624,3.065529298865446,1.7911617750450777,4.033193490901664,4.586660101786998,1.5303266550765984,2.3551840364534584,4.20957114194222,1.776119600260066,0.6063659955321414
445o0310_0.52656_442o030w_-0.52656.wav,9.740312414357463,6.702607456131512,3.204583415755338,4.760656708370864,3.358119112049789,4.844336071835843,3.5060980434221167,1.2815229268397803,5.311765791859203,1.9959761297742111,1.1976821215478843,3.8984095432180252,3.2414835172301113,1.4790762155247288,0.9511946896754152
446c020y_1.0636_421o030l_-1.0636.wav,9.81583972769342,6.4463200120065824,3.530264786134348,4.885092733724171,3.029753940499908,4.969001534574694,3.1659865105403613,1.4863385249191303,5.893517988576213,3.794575876850096,1.3438085924604706,4.944775413539619,1.4930130400340134,1.0917400377324915,0.9767281558245756
052o020a_1.8212_441c0215_-1.8212.wav,9.19531864573364,8.768657616984406,3.276383962231966,4.497463410467072,4.209637453883021,4.439185240182232,4.3693360915361055,0.9726472472576044,3.1981228344665142,4.60436579898187,1.658112562889872,2.5533060927174374,4.124506678025847,1.3925118862628283,0.7255974526910611
051o0208_0.096791_22gc0111_-0.096791.wav,5.969020608351737,7.040513027663307,3.893247774477212,3.1919941815608723,3.5191431579289816,3.111093952593253,3.392829449437041,1.4987564816654655,2.2299410706958427,3.4098589875811864,1.7142872351780212,5.0885496578422,2.8258281818393165,1.2942485223656588,0.4149368491245805
447c020s_1.2246_444c020f_-1.2246.wav,7.710748255187226,6.66950545269354,3.1628912518457666,3.946153741476792,3.2131168361439832,4.0834062928339065,3.273629125358345,0.9566451311674532,4.602047942775362,1.8040758677107938,1.6659320161356472,3.264447178322853,2.001129782136784,1.284766743743266,0.5961273482381568
423a010z_1.7777_421o030n_-1.7777.wav,6.618063300608112,6.118328084580634,3.3433858427970486,3.2273223828590742,2.900182230386924,3.355302172664807,2.8219443022364383,1.556304462253724,3.898739090039332,3.912987547492121,0.9069894133710144,3.4458261419424443,1.0608335222580445,1.7800927512834526,0.6389477128658436
422c0215_1.3984_446o0305_-1.3984.wav,6.493061581887522,7.420696498911454,3.303165717337265,3.1825499502657277,3.5823972041177736,3.3385776862779446,3.649890504488269,1.4110819871873526,1.7302925705732304,4.793609598059298,1.3874708808256082,4.318699423793286,3.956370248457977,1.2652684480901972,0.6313007100371062
441c020n_0.8191_444o0308_-0.8191.wav,8.622057954605996,5.08111564796681,3.281058146990203,4.524133204900021,2.431237080871821,4.383873138694852,2.335179213790974,1.5645202025420175,4.568326474969956,3.187466288040071,1.3153339096490746,3.038573881595563,1.4063694314921056,1.2546131848385056,0.8264214665405096
422c020n_1.5029_444o030g_-1.5029.wav,9.86146069566463,8.526308352116335,3.276057031914579,5.039019927630115,4.3283727269850765,5.187636603562126,4.348697186016489,1.404757569936118,3.6196051499532587,4.099280259009054,1.5541152080056184,5.949081023561732,3.3648872874281723,1.6635034473169827,0.3873893754565657
447c020w_1.2214_443c020x_-1.2214.wav,6.758103079779818,8.732734928934223,3.326752041260417,3.2580582050692346,4.272139955725241,3.31512664013146,4.432274879210246,1.3536531060375092,2.1054560343714064,4.086990009184943,1.6013991456896943,4.377063613887013,5.1302622053760825,1.6465141131165706,0.8223308001460767
446o030s_1.9689_421o0306_-1.9689.wav,5.764923270562535,7.958667678616404,3.500690230211308,2.7617923719849005,3.991105935249632,2.832789934916314,4.145570643380001,1.6577107926898855,3.9018891385626806,5.0359032345115695,1.4163320373462214,1.894369453288122,4.029611813497975,1.1577445527489223,0.9312461361211506
446c020e_0.1779_442c0202_-0.1779.wav,5.97721481623364,5.183882456208295,3.835795623727028,2.9462906617830305,2.529720454381141,2.804097105954253,2.5774801935006995,1.6528598779487744,2.6223356917370078,1.1039867734496716,0.9979846896936272,2.443643535984354,1.7602223648819106,0.9587173297012002,0.3087061318167834
442c020m_2.4157_445o030j_-2.4157.wav,9.764730823422717,5.445116509055743,3.068013398634023,4.670030700541901,2.8433676459619277,4.7366272050080855,2.9997802592413088,1.1997148964325572,5.721895135884264,1.8698379487676207,1.3063155569485767,4.686798082612828,1.7068661564510683,1.5123170879481516,0.1855245080707084
050a050i_2.1935_421c020b_-2.1935.wav,6.811435100095934,5.028782661609368,3.5072083345007865,3.56061304342569,2.394748798730945,3.502288967079859,2.532945405485256,1.4138410895823816,4.044034602175373,4.177626562720131,1.790994973139764,5.131775213456822,2.7063194798484123,0.9416198120289406,0.5619911111795672
420o030b_2.1786_444c020m_-2.1786.wav,9.254672854712297,8.987176950845724,3.4778163352230846,4.858075109457571,4.602467395670298,4.7437575080511,4.476644162487109,1.1962947919984916,5.840293356045452,4.7669853158269095,1.5678251095272584,3.9541735634475814,4.8945130013417915,1.0134727796142664,0.7572972038760881
052a050l_1.387_444c020p_-1.387.wav,6.328170585880333,8.226124957901174,3.840204239528683,3.1118460944036954,4.075993307514191,3.2785634896260394,4.042747102764222,1.0471448653187032,3.98202143201673,3.576845772670244,1.154272537970798,3.4426052378548326,5.112100032178164,0.9736879363246456,0.7239037344794532
422c020p_1.5917_446o0313_-1.5917.wav,8.379844575241448,6.888507452955526,3.975334712215491,4.133981668891998,3.477086510172944,3.996516741545289,3.5771034774813155,1.109890463710711,4.953218080089606,4.329184968953423,1.2337224312269064,5.2147770679941114,3.87317446659122,1.2210118377135684,0.1432209423391877
053c0115_1.0366_445o0311_-1.0366.wav,6.536024183253423,6.649295783292295,3.0829647570642544,3.4321132565172183,3.44602819081055,3.4962862350933843,3.28860573745442,1.6927819007552012,2.788547772917939,4.090816850049869,0.9218910698680132,4.102504768499166,2.6152824637088594,1.4993403939289842,0.4168492695648177
445c020b_0.51913_053a050n_-0.51913.wav,5.132814738571453,6.066970755936641,3.133295013952258,2.637615937794713,2.91925023124237,2.5726728919840416,3.0544626596682845,1.1568904961387083,1.10557700908677,3.063880738340034,1.622785226502209,1.1732093769985978,3.8340033263772617,0.9882805154770646,0.7469927539306054
421c020t_0.38268_445o030j_-0.38268.wav,8.776100959776112,6.373661567997541,3.9682512158976384,4.306318113577569,3.041194385317365,4.425637756948942,2.9502943154288963,1.3982971515556673,3.450580842109251,2.624624327639068,1.4240011248348623,5.482834254118793,4.195979582337077,1.2905722634560075,0.538604618504265
050a0509_2.4594_443o030b_-2.4594.wav,5.276098310811189,5.844383098973358,3.607411967557773,2.8811424470420346,2.747913869491785,2.751348287961993,2.841473883753782,1.4714803123388374,2.0614645426161333,2.983475975360728,1.001566413365062,3.3976281132983863,2.1823825975458075,1.275640938603123,0.7787913762603262
442o030o_1.5803_444o030m_-1.5803.wav,8.843188557094543,9.151543568602843,3.766243771393973,4.561982554005112,4.623516455917644,4.395324928362366,4.589971921115051,1.6657333964379166,3.103663958272903,3.972052295970415,1.554182465088818,3.5931970743238244,4.100702667675766,1.4183003433813517,0.7743861956076674
22ga010z_2.3311_423o030c_-2.3311.wav,9.059856703281476,6.207901193316868,3.292082622613109,4.6544381946969695,3.113967322083842,4.58074154313173,2.960772010314611,1.0542820587499813,5.243207729502569,2.2111334835125778,1.5240792894426427,5.816269352000445,2.380110662107271,1.697622844463373,0.5298504082525399
447o0309_1.3517_442o030c_-1.3517.wav,8.619328210515864,7.313203267559043,3.082515475550748,4.204947175133231,3.7542172125281126,4.307913762769262,3.863294624628839,0.9827753267446292,5.499789649379411,5.074470646493657,1.72924181246207,5.735767314836512,2.839070324058501,1.119561046527093,0.3817829495697695
22ga010y_0.37129_441o030i_-0.37129.wav,9.979483950452622,8.894753738050854,3.193939869498582,5.094977783285897,4.56121439264406,5.237446078010548,4.514280556254417,1.7703324927601949,5.863907989224295,3.518058106213729,1.5644509783850895,5.8590294817478155,3.194024892764097,1.2770811917677356,0.2952205871143075
444o030o_1.6726_440c0207_-1.6726.wav,7.400600586691576,5.3275462141325445,3.310031330816218,3.4770549495543666,2.8115803383995743,3.5611266637618204,2.663823961649804,1.7783157414990864,4.800128683788768,1.4945677600389384,0.976978300809358,3.700169272119185,2.0031514962594668,1.0274770287570116,0.4310040835844767
445c0202_0.49536_422a010o_-0.49536.wav,8.244344013105783,6.357380153430492,3.5302787610086863,4.290669864275694,3.281583178519559,4.130365123707142,3.224993513816107,1.6204343878872076,3.612738983803411,4.779117508315812,1.0543554409392617,4.819787006475665,2.756701114708466,1.7111467437230683,0.917777856995736
440c020z_0.69169_442c020z_-0.69169.wav,5.226554327210793,6.675912259074677,3.53344034204702,2.8817438036595573,3.346481477265804,2.714424432412676,3.3164110930722424,1.6829688250981016,1.1071135218989556,3.3061023014306246,1.4461590399029078,3.1099430773939196,4.039424422523001,1.2168937909854238,0.6341527073395634
051o020p_0.62966_050a050o_-0.62966.wav,9.095959762167206,7.808840911688764,3.5589612867717864,4.418845270745989,3.978310736798293,4.519637961673397,3.8414135730014776,1.072894092701842,5.261493965272477,2.4569605624456052,1.4678722619482514,3.561540097077532,2.6490551298633607,1.58789659068993,0.8959626509328831
421o030j_1.5683_051a0502_-1.5683.wav,6.923594996098609,8.96248183348045,3.698570464301585,3.3807518407253747,4.391149495429692,3.377811062057228,4.241178325464178,1.3597329258892377,5.275775482784839,4.673049882379193,1.1754484065335469,3.3505702682423233,5.695627185182017,1.5921328091689273,0.5778162779061131
050c0106_0.93305_444o030v_-0.93305.wav,9.667295187655728,6.081405379386525,3.925412886603797,4.718569242954054,2.9994296629428496,4.775361326169056,3.159662803348012,1.2400345582587082,5.7628723113401925,1.6761450384477279,1.0070980157592873,3.4675479910787828,3.1531498273922565,1.4429675357353018,0.7653496161042899
050c0116_0.14678_053a050e_-0.14678.wav,7.458025675132868,9.499873189714856,3.123105498097376,3.722597786310996,4.682532108284156,3.804578985661649,4.533605673582225,1.4615211907430703,4.8851450317865766,5.16539356841595,1.010423788824787,3.77475167543461,3.229218081930257,1.6208578792632218,0.8160272115702307
440o0306_1.9192_050o0213_-1.9192.wav,7.026564196958253,6.715061431777763,3.0672731528978034,3.562254027968356,3.304735823690516,3.4967074677525103,3.439656720677864,1.776242633837024,4.615671422090755,3.3098648545283162,1.1211600386494271,5.281281697265205,2.9757811763990634,1.5089608792070603,0.5371853550979797
442o030r_0.15595_22hc0113_-0.15595.wav,9.40575296070629,5.046089215419976,3.6989921021908,4.801406150770704,2.599146886597294,4.968467246360393,2.567673241425932,1.246472407882472,3.3979451717696847,3.4787572667975595,1.1389354207712528,4.249068900780019,1.972112660174786,1.3312770034858024,0.9942850061909244
22hc0108_0.36829_447c020e_-0.36829.wav,7.829317776535296,9.651428756437625,3.786711138769564,4.131582886137789,4.92869152763631,3.9650586054546513,4.894491177594773,1.0388704313239452,5.00440575085477,5.412950528014069,1.1755327830570326,2.6574390025213455,5.973557492812717,1.4072765957284337,0.7440593287796557
420c020s_1.0922_443o030k_-1.0922.wav,5.553496564168007,5.706851505777469,3.021624245525801,2.901374746975771,3.039509926922911,2.803548849956036,2.92579935629606,1.666826183056668,1.3465282287549234,2.2024280057086494,1.2998682560137294,2.603272680455418,3.620010129778506,1.1368407159835772,0.5618892072284594
447o030k_2.383_422a0102_-2.383.wav,5.0976610038596375,5.08544453859276,3.4121325272509213,2.5141510334296884,2.6814215562058554,2.364382437684146,2.689750285305084,1.0098420110710968,3.1610409776651416,1.054269489598592,1.5064119974726515,2.125475631320073,1.5946720061483706,1.1995998369388947,0.5835639606427379
440o0304_2.4702_445c020g_-2.4702.wav,9.222673306808796,8.180802633835915,3.395756697302504,4.754760294878098,4.256689788543392,4.64305024975171,4.156585513820181,1.3225634963911723,3.384490784388168,4.177406423494689,1.1068355497250475,4.334040084253837,6.077776414765212,1.581908915942752,0.4928008130687673
447c020p_0.23487_423c020l_-0.23487.wav,9.219087461103015,8.143555459332468,3.4542734461837967,4.5322069158463485,3.873666632252364,4.482366098400934,4.015144167276031,1.5508753337206025,5.408046197256905,4.170814036333302,1.484104414389222,6.016296498105645,4.99957597116649,1.483701214735224,0.4059636803663204
444c0210_0.27085_442c020l_-0.27085.wav,5.088264312012426,8.190567223865244,3.9234444297268536,2.710178184023568,4.282068831116482,2.576883483207828,4.213275497613574,1.1853139508570527,3.4510698989121398,4.354643148039104,1.7415145347045202,1.9186601035442243,3.643317255762601,1.107152875831093,0.2675916620022028
443o0309_1.283_446c0214_-1.283.wav,8.896433940526698,5.689389849659396,3.831321338315611,4.383066694463035,2.6314633303767674,4.475456434963012,2.749633275161162,1.1542655352017277,3.382329005480877,3.7803063599448614,1.3840120765202817,3.721093872984941,3.7133544706612924,0.9932838057732648,0.2900052739780233
050a050b_0.37193_443c020s_-0.37193.wav,7.921823160897544,6.313339992958172,3.347221546765806,4.034639632174209,3.412625437214091,3.9623224876714143,3.281209187796593,1.2696653176152757,3.400411769629921,2.8551448410858935,1.6655288664837011,4.982374464641722,1.917717462973627,1.652419921857755,0.2098069429113138
422c020i_1.3562_442o0306_-1.3562.wav,6.417717439572271,5.669786443758997,3.0411590918043614,3.323408948793458,2.744959781292604,3.351136310939089,2.902538946756966,1.2545293020679535,1.8798391107978025,3.5915053047560646,1.4658636246291046,2.0882512176485197,4.1084612742392155,1.3599334341726672,0.4906284508523405
421o030k_0.19729_422c0213_-0.19729.wav,8.646225829852163,8.114781457397045,3.9531222869936826,4.384910162620883,4.187547722263064,4.497627745765127,4.060289141215968,1.2779585985717403,2.862044229091586,4.761360676503043,1.3844674446232914,3.8088773545907357,4.4627012532894765,1.0225376964376718,0.8378325183803806
441c020c_0.11911_420c020j_-0.11911.wav,7.0794373105803725,5.570401399627066,3.124027952616205,3.466020479207164,2.8577336751388307,3.29771966858189,2.833757913568536,1.6620373839760154,4.062959621654924,2.476150166157111,1.24135319684124,2.524105322668844,3.217917100611014,1.472604218077267,0.6066733691389085
052a0514_0.11766_446c020y_-0.11766.wav,9.476244017972508,5.180628450067802,3.017080191127709,4.877638152551639,2.606247109115789,4.720943474861305,2.5403170098930348,1.5099002232293135,3.139742214453365,3.372116742909554,1.5830306786652897,4.71703588978623,4.312050074073673,1.2718659638347318,0.6534996559928241
422o030w_1.9697_423o0310_-1.9697.wav,6.6179539490558135,9.86448696189438,3.425816509512667,3.229923776731472,4.858166470704168,3.0942191733896967,4.794258250326417,1.3420504345400197,2.8683314019811426,6.739230926379221,1.4289078258660737,4.2485761319340405,4.969440885452705,1.2831401238576587,0.2397705000642667
052c0105_0.87368_053o020p_-0.87368.wav,7.374942971161062,5.821186347404227,3.361558867261322,3.719935351617068,3.018109438884918,3.869408180776142,3.0306742048271125,1.729688426717214,3.1923393221214367,4.420344976880837,1.3099217723147705,4.49121861118149,4.5229166308146596,1.3088468083749107,0.3401956942179196
22hc010b_1.8764_421a0109_-1.8764.wav,6.298357075938229,9.739438569541036,3.836760057444989,3.1301975874940973,4.8891635235813045,3.294057289867014,4.934440426503867,1.4522539295556716,3.0702383332769054,5.595579541675174,1.5074579494299305,3.6314043415517188,6.621582843553519,1.3107686793038886,0.515351531334601
442o030h_2.3142_22ha010g_-2.3142.wav,5.621932470656645,6.695204262622459,3.650472949413614,2.964360422304504,3.188492588622188,2.826837934929844,3.2483888778752488,1.1294012314177633,4.76347614739892,3.1549514815180943,1.541838915182466,2.290966410122458,2.589708093588665,1.2486305513850149,0.3307144927388218
442o030w_1.556_053c010p_-1.556.wav,7.266747994522154,8.838746735055157,3.7019679297717625,3.762352106462629,4.253316503405849,3.6761850853106406,4.376097790521569,0.979291345799968,2.8451970431599563,3.716993210321939,1.7420805943131854,3.7424613986409883,3.5600712103919405,1.0250006615359828,0.4150517553162186
447o030k_1.4768_050c0108_-1.4768.wav,5.333646828781243,7.107947466813686,3.8766648252842337,2.566931898160929,3.5866407983282875,2.460841575728868,3.4805990919752623,1.3782737104051683,2.0409959047050643,4.327556224115053,1.2573346374358882,2.5242063213605737,4.514877186327139,1.0265723614807112,0.9697341961210916
422o030g_2.3964_442o0306_-2.3964.wav,8.455150564535648,5.897927074261029,3.7778747310824254,4.385327498894561,3.1503675123421315,4.348589921439775,3.0049359119151493,1.5059912145989427,5.2914154476960125,2.401403133612217,1.6520442639974653,3.354989675955043,4.847340110934738,1.6492753906936786,0.3536228346742484
447o030y_1.9399_052a050t_-1.9399.wav,7.569153849658674,9.720587585109246,3.637371803974149,3.8308603423406926,4.946668931056824,3.779531906899477,4.805724290452235,1.0069069094844836,2.4686913247272053,6.333054981172216,1.281545430858242,3.3928292082841502,3.3178395209349807,1.542140378815683,0.4215561696697414
22ha0108_1.4326_446o0312_-1.4326.wav,5.61542578731215,9.93992328285741,3.49567866661298,2.8007637788886472,5.1414278130358975,2.6832684064257672,5.048181700785524,1.6960036022509808,2.5751199673353833,5.790519673553362,1.301052792100015,1.5295234474220565,4.733222813555435,1.7012916681264765,0.2515248113889641
22ha010o_2.0276_423c0203_-2.0276.wav,9.32826075689794,7.642262896133911,3.6123549520467777,4.817270893519326,3.7742258382253575,4.867127365117612,3.6327538189432063,1.2297194565239693,5.284701957175693,4.958550816904763,1.668876529933078,4.109364551567326,3.8498075978702917,1.1469888243954376,0.5459823146909453
442c020s_1.0984_423o030j_-1.0984.wav,9.35637554418028,7.5367840435465725,3.442153244426549,4.508541518059421,3.809016038215172,4.639923113073247,3.701132413453936,1.7158039794286302,5.946139277122153,3.6028332825667015,1.6961747561755889,3.5302770459677637,3.5100544170894894,1.4852319153948792,0.5482151203337584
441o0306_0.80222_421a0111_-0.80222.wav,9.268003667720272,9.59547136962113,3.515615569078649,4.722104383052689,4.746298613140605,4.564361064989716,4.809678780436724,1.3619546836987757,5.766655833975922,4.1583587733556024,1.7663987689869156,5.805078565582899,3.8515189307300424,1.593302242508949,0.992189497546445
442o030y_0.82232_420o030r_-0.82232.wav,9.20687905949358,9.355819012448904,3.864282723104564,4.616395483213876,4.790594648484199,4.712566600134678,4.675481155486179,1.2670785994302844,5.409385240120568,3.065005368455021,1.792890637973127,2.922539284619606,4.093589158453104,1.1725631545663715,0.4528236928613929
22hc010j_0.9841_053o0210_-0.9841.wav,8.539752178440228,7.171338614590923,3.0519369836234254,4.46588696535771,3.6024228850912894,4.468735292035355,3.77239902175505,1.1311711168028862,4.018187471247581,4.272913229379595,1.212014476554233,5.117503695684653,3.490054604974155,1.548999076206926,0.8575530149493714
053a050l_1.3529_443o0304_-1.3529.wav,5.72643883059262,9.584093278379347,3.584469218473432,2.8635776046582757,4.8625853201223,2.7242572850528304,4.918171726239593,1.492071515238233,4.575736203327981,4.575407980884188,1.1641599491385914,3.9881366240898517,4.474348266463465,1.6963375708793342,0.8886069974272415
447c020j_1.4913_22ga0109_-1.4913.wav,7.682345765130644,9.07710769520155,3.45436648029147,3.85031560280013,4.446175640035161,3.9582557478545,4.314840476862301,1.0801244370399323,4.876829951973893,4.621628963628289,1.1441269581810267,4.111623829156165,5.283088194286127,1.7147149979837404,0.4059334456902704
051c010s_0.87815_420c020u_-0.87815.wav,5.864013445124781,8.402074297973217,3.280149782644909,2.968896424175196,4.007769272272636,2.8549678436022607,4.133944858376431,1.0218891260578984,3.852158607953358,4.50461488891604,1.6239195071349144,2.131908449761942,3.5958745510535612,1.7039861752458616,0.40280941160334
442c020z_1.5666_444o030e_-1.5666.wav,7.289644703590631,7.446745813002226,3.71301576430191,3.569596147598761,3.768292304643774,3.716400637621321,3.737495523818239,0.9135203831991632,4.298904538687204,2.029715395387034,1.369145617355186,4.259340079139751,5.318989746569568,1.0177689228897029,0.4906872709341661
443o030a_0.47435_446o0317_-0.47435.wav,8.969048382683035,6.276923438234628,3.690172522661232,4.555183929183948,3.2893539205734523,4.721778687969807,3.3232092945203053,1.085198558968199,5.915552367423953,2.2572764488215507,1.4931575771925023,3.9126667511496827,4.235790634390323,1.5471814874037872,0.5242268567264653
446o030q_1.5596_052o0205_-1.5596.wav,6.073747445397079,9.230715806575004,3.982454946889757,2.8782461493879428,4.853797771108156,2.9030317027688737,4.685614310733478,1.665193000141819,3.4593559388763673,5.5726976019797165,1.2871857729940308,3.5280812282575944,3.111272697587573,1.4152623234208126,0.8163580122790173
442c020m_1.1994_446c0214_-1.1994.wav,5.883952229913184,8.516376693699506,3.113976588240035,2.917072026661557,4.263670627167471,2.8017792781689166,4.167714480178272,1.2575125577205883,2.567030394338841,5.627331508481109,1.0290880774563909,2.8994247045518713,3.2540882845301926,1.385844779211043,0.418230337585511
050a050c_0.050237_442c020j_-0.050237.wav,6.575052649701508,7.34161172816014,3.001089314046115,3.0891924882268817,3.657545123787532,3.2439967362048554,3.587290979369043,1.0340086384300096,3.907658563194388,3.3256391019927554,1.5957829861001247,2.325115163263223,4.213379345267351,1.0070203150398425,0.7068071876047477
440c0205_0.7546_050c010e_-0.7546.wav,8.809860539715213,9.041405965969632,3.838917973649664,4.232058260834528,4.456102600528038,4.207779752317078,4.614249854769672,1.0970157857751317,3.2366743877524033,4.549247902504782,1.225774838230291,4.570759206297309,5.832903540395332,1.7359292132956727,0.8566529840425867
050c010s_0.20163_421c020s_-0.20163.wav,6.737204221780086,6.544451365013269,3.332271049413749,3.224005485757826,3.3487832775399884,3.3621325896249203,3.407271765101977,1.27586134255412,2.679806161785018,4.891250805851266,1.2653976173915369,4.174987919929214,2.659006411284497,1.767613882807112,0.5919567395452316
446c0211_2.2929_053c010u_-2.2929.wav,9.07314425687268,5.0209223544375226,3.264471464191936,4.447645955118763,2.3724588649825336,4.290929988146691,2.438338343547626,1.3314358255001753,2.750685214503052,1.531750816876824,1.5006325596583134,3.364226404441233,2.903514541851854,1.6054410779067196,0.9338240907000754
446c020i_1.9128_053o020o_-1.9128.wav,9.56240534175535,7.5470116569376,3.82721484710641,4.530608739389355,3.8759647329491616,4.695112337470763,3.918843238266752,1.7482915047667291,5.410337864699938,4.195778723760051,1.0761333917906717,4.372136716661517,4.586510628182263,1.1627488007689128,0.5968301453558627
053a050y_1.3068_446o030z_-1.3068.wav,5.3491788716619775,9.170334592576287,3.6332151574476654,2.418029347076455,4.452256542274508,2.5880101688339576,4.4548100172879295,1.2539809431860087,1.5098719423026727,4.604285808620861,1.3669767263797978,4.476690019133057,4.3778395850817535,0.9751974126259008,0.8260338390222968
052a050x_0.69905_22go0105_-0.69905.wav,6.585766144025625,7.011475132764744,3.725226966119765,3.0788742526805764,3.3827906109567603,3.201535214997867,3.4691288314816027,1.380837151430289,3.5306298190554726,4.233898167729008,1.3591457275691212,3.673562675203689,4.007562863133075,0.995916087248294,0.5417589053791035
052a050s_1.3745_445c0204_-1.3745.wav,5.593719494790446,7.528912878822943,3.202062747929314,2.784276641570714,3.8948336827595655,2.693011855954815,3.775792770017417,1.2423121807876538,1.178232654468184,4.401180041037376,1.7877412658203875,3.4862904293368184,2.857923168666741,1.3547203404372734,0.2747780942388946
442c020n_1.8408_444o030k_-1.8408.wav,6.594702950782137,9.5783995156295,3.5113877741726838,3.169275557691821,4.863569897462065,3.3281810095937976,4.8448868207393,1.3748972432866169,2.5473198703977777,3.6565658091302677,1.4345951365218492,2.9514369069642066,6.024786704002486,1.5833117340750813,0.4815322239203394
050o020y_0.48559_440c020a_-0.48559.wav,9.781598741057415,5.893430732563545,3.5368614326123056,4.938343064609006,2.8203624816383623,5.100556009697058,2.8712246527074425,1.706754032906869,3.7250900499104866,3.016782079784288,1.7761482383673262,5.923945562809918,1.7817639112565422,1.3354373068019727,0.586329878833805
443c020l_0.88713_421c0208_-0.88713.wav,9.471836425715573,5.3242124126645365,3.277562538143442,4.607828683304903,2.7279268235216847,4.645374051360002,2.873151977464131,1.0515361907419711,5.02284367070175,4.401158920457078,1.060327955609328,4.436084433295736,4.002513289812842,0.9861168039261164,0.5136567573268831
050c0103_2.0721_444c0212_-2.0721.wav,9.83899999721518,9.44157200982314,3.757035210124897,4.725812529205802,4.77489124057641,4.867800696588271,4.681406694669783,1.759719957307371,5.103851215643704,3.357536086736732,1.3506675936743224,4.594642405618588,5.476637139521344,0.9311128450780536,0.4906018884330777
446o0313_1.6883_22ho010b_-1.6883.wav,6.444128391572798,5.901416957121324,3.872795747734881,3.444844635796478,2.8309367573576423,3.360990305570015,2.9788166116389863,1.231758403530639,2.1245140226059567,2.418992743443307,1.7966438368780586,3.0884139403479334,2.0094273604976176,1.731549007448554,0.5845556782593203
446o030m_0.515_421o0303_-0.515.wav,7.881863158820424,9.3511533346664,3.4670020214506736,4.03703305578565,4.828379871050299,3.972377423599211,4.671155034505396,0.9716970362146744,3.179531292355884,4.813539178526041,1.6086915340250016,2.710792120950726,3.3948993538698193,0.996594667536161,0.7334657768090582
443o0314_0.88116_423o030m_-0.88116.wav,6.1818365536111735,5.531148065481767,3.276323110817952,3.1362308278323985,2.7360381609840574,3.101442679844747,2.59012796682481,1.7953642342394978,2.523508459568899,4.006947320055824,1.2325031482889035,3.0576350615913648,1.1869543678772276,1.4567035903180474,0.4097590351285823
443c020k_2.0235_423c020u_-2.0235.wav,8.775727424709782,8.241178503184436,3.3003202518390213,4.274360851010393,4.0422547413658645,4.376094280614763,3.932026299932028,1.1637550076493492,3.9838322271093443,3.4026226497233494,1.478915324967505,4.018163167721186,2.0848839041512988,1.0449219667150071,0.2356041162022023
051c010a_1.9044_22ho010o_-1.9044.wav,7.730097095563616,5.947826162391731,3.265490450016502,3.7945023045156674,3.117664683604987,3.870459795079501,2.965577670263133,1.6132595615624643,4.3929615723611715,3.440523901482827,1.6161100433586433,2.7082806780105324,2.4869579305120406,1.097649028931636,0.7099842666848778
22hc010i_1.6123_050c0114_-1.6123.wav,5.867765899527376,7.071541368501855,3.3427529512951875,3.0265470952965807,3.416649501692066,3.1294071608993383,3.5258273698897757,1.6953319083389604,3.9953437779281415,2.613311249830103,1.4446546615204463,2.4212919513896227,3.7702564253655,1.161175803326948,0.3628748533972504
445c020z_0.056032_442c0214_-0.056032.wav,7.690730730189131,6.729405073217656,3.307750389497279,3.92856413020316,3.2903606774099186,3.8083612613324473,3.410574113910378,1.5930335566820897,4.123594453568738,3.9981697461164907,1.2108755362153514,3.1704560886316666,3.476445232739444,1.0544607847726852,0.5661540989503511
420c0212_0.17702_22hc010d_-0.17702.wav,5.696779390135936,8.56213140485523,3.234237827883116,2.9786135760469543,4.187638512320995,2.8831741101356867,4.32832009727998,1.1149591771442853,3.4244205452742587,5.348279297123558,1.4362531905060862,1.993025943542379,5.127377487393669,1.4316784384707733,0.6362988951493012
447o030c_1.7112_22ha0106_-1.7112.wav,8.869406794536756,8.321983074486733,3.842207089732716,4.380095992575223,4.04230485496701,4.516193379530703,4.144174876385924,1.1723266921044244,4.3342710079788835,2.17913834418045,1.387671362757564,5.485350621000649,4.510244304047462,1.4491524146414974,0.7978093610900983
053a0512_1.5824_444o0310_-1.5824.wav,7.5579872669510095,9.37694254667785,3.607612782229194,3.7720931321872473,4.663052532296347,3.847793886214884,4.792549234337932,1.6224027130791274,4.788993781115157,3.590012966651222,1.5729632532660314,4.473316392539136,3.5665397260860514,1.6938926759859618,0.5546578468469052
421c0206_0.01983_440o0307_-0.01983.wav,7.716569171730586,6.729657583160327,3.303883132670141,3.987090122839129,3.2770580800074818,3.9172879520965975,3.1442888932221797,1.5289606165902194,5.6339937407253835,2.669312947306566,1.3733959028619185,5.635103640931131,3.6410247354595966,1.249141111383059,0.5564032073267404
22gc010u_0.15025_053c010a_-0.15025.wav,6.779046596424792,7.7680305350382035,3.550123438579699,3.596251233880018,3.854157142388292,3.4944522647476948,3.743989225626668,1.4335044908667514,1.9935574152785291,2.867016673318446,1.3946642423321602,3.0698444203579065,4.448295382447963,1.1806963692357235,0.5173502524396554
441o030r_0.9022_22gc010s_-0.9022.wav,9.431308607364254,5.813518900051651,3.4455542486913098,4.731260090580422,2.9787675951482626,4.599136947866626,3.0857417750209297,1.1651155941567588,5.3865059847667,2.1244562680821506,1.4346105854476858,4.951604463710717,4.872478960080982,0.925285026753159,0.7551883410091658
447c020o_1.5207_421c020b_-1.5207.wav,8.593083807711505,7.601368011384598,3.187085290224215,4.4571923383676255,3.9370871035400175,4.461183496092324,3.787140210741212,1.1082309224933056,3.8475011738515486,3.36921379075106,1.5457975944964333,3.4482751411734607,2.872656964619421,1.398173174353187,0.2204840583687111
442c020j_2.3213_420a0104_-2.3213.wav,5.718647787398013,5.41817929477403,3.1810798651049543,2.857223087393322,2.6103636294668244,3.0264817024832187,2.626223049943321,1.4591612630425583,3.4528041103480307,1.810495073069164,1.237394321006845,2.536087558541,3.2858746737844697,1.3375706487531387,0.7369410321621046
22hc0101_2.1221_442c0205_-2.1221.wav,8.204252502031608,9.929572684972872,3.471229443903734,4.20855569055864,5.092069828488967,4.3417908698700565,5.160978369279313,1.1704808557241408,3.5804112539509467,6.523991791888456,1.2163217705852607,2.7533659207204733,4.0599902039177955,1.5758374289523966,0.4404099029537817
051o0212_0.95449_421c020t_-0.95449.wav,6.48687334061165,8.877812413168606,3.292230787716333,3.158133607729356,4.475974845506078,3.268885803210204,4.57713783872085,1.703338807992282,3.050241759730084,3.6102341560704456,0.9614406642314808,4.752580455301801,4.868057966040753,1.284099497310316,0.3908369421162277
442o0310_1.4884_447c0207_-1.4884.wav,7.503045513691286,8.28032543758832,3.7980324388661457,3.7918590986355767,4.06733539010968,3.647927737603277,4.157799544952301,1.438868373686758,3.054555954141815,3.684796031113435,1.754174118641131,3.7742596861080857,5.814864907457956,1.1030938945838424,0.5418014801671234
440o030x_2.2185_441o0313_-2.2185.wav,8.039502281219162,5.092160790299676,3.135229716202791,4.121797384503579,2.6853519354485598,4.045759144142031,2.533305278126803,1.537098679273916,5.161338750151896,3.3251845273579437,1.6773850087435658,5.162625786456669,1.15703448794311,1.433993195830604,0.8780497868433454
052o020h_0.59052_440o030i_-0.59052.wav,5.440999055560049,7.144987164719893,3.276471655931544,2.6120502560652303,3.785411316007359,2.496288352540084,3.690021685060202,1.0449138183792233,3.110172114726387,2.4085202428219006,1.0496242545006238,3.8175175667220547,2.1877320810380065,1.165484445081236,0.4669787475068827
050o020f_0.94367_420c020x_-0.94367.wav,7.318035576866736,9.066008361427516,3.1970645215856046,3.8557165034292433,4.746766332464536,3.688230088492512,4.717640728408292,1.1227198822089717,3.8569314841638946,5.667627593950308,1.285410782160162,3.0981757368892437,3.3367810064379513,1.068838236389699,0.4535942720483435
444o0306_2.2307_443o030s_-2.2307.wav,8.774896458043035,8.948072667921977,3.843417837739453,4.406013211384055,4.5378027226407305,4.555322149538995,4.523420755214664,1.7758748947860603,5.281351587779604,4.069468420997192,1.538288689325409,4.48313764413633,5.309851737441997,1.464357850102172,0.5960028569498168
442c0206_0.7486_22ga0111_-0.7486.wav,7.024840875522004,8.89910506442384,3.702497612286075,3.5971837722576367,4.470873836408526,3.5554068850366107,4.306087029612224,1.542978912556954,5.244126845312434,4.182747760337778,1.5036581392849269,3.10393705654652,5.5972765363062615,1.789962930845482,0.7919809927203598
422o030o_2.4725_444o0302_-2.4725.wav,8.491782603182921,8.666023114517358,3.419509057542248,4.329305472262432,4.456198062796632,4.238850885795609,4.60013543732846,1.1213906334793595,2.5713389000802374,3.9424268567926326,1.0104914442905086,4.7067880081682265,5.028640107942772,1.4004710355343368,0.5925849976321026
051o020y_2.2855_440c0201_-2.2855.wav,7.673762667466503,5.544549496666541,3.4610587425180124,3.8365010142192713,2.9233071525801995,3.759141367368093,2.7947945654960504,1.1864788961408843,5.116474111688711,4.065935417436167,1.6430649767635752,3.5010189187058587,2.024409860365524,1.5804169233371244,0.2192804714901606
444o030v_0.88043_446c020v_-0.88043.wav,9.555425489212652,6.348751825368497,3.803614128752128,4.722343938040676,2.920980593293706,4.617072506049138,3.027835287184293,1.1621452646271069,5.262909688428776,2.5559190370366585,1.7902687770994548,3.58941353847421,3.9664735706233603,1.746045481987417,0.9376485991081228
421a0103_1.602_423o030j_-1.602.wav,6.797453332678974,5.319995295378453,3.057322382340548,3.3857426849493293,2.7190022409548043,3.326095582333735,2.8781946501631737,1.5851457044438657,4.903800392210129,2.78819913503817,1.0359095136164431,3.1710182648935454,1.111951912982642,1.6425377920624429,0.6281551725062886
447o030u_0.96081_052o020o_-0.96081.wav,9.094346507949767,9.547456587420356,3.633262605547219,4.326753649341696,4.881009936195393,4.399424921208424,5.034694308352331,1.0721657799120403,2.9124340933710027,3.8195672007071484,1.2536998472686005,4.1830988316849815,3.91449733780268,1.3133371479914353,0.1780609455810991
423a010k_0.14232_22ga010u_-0.14232.wav,7.056351736468471,8.493807832711347,3.162399858612459,3.6018898590008583,4.243566827867048,3.770779425458607,4.262965651071405,1.3474157190116869,3.0744975670643,4.6153133415452245,0.9733640198397546,1.7516072068447648,4.565694899174423,1.0188707794496268,0.7701003055801339
052c010y_2.4734_440c0211_-2.4734.wav,9.829269671972138,6.696178169365429,3.592937898034592,4.904861892564332,3.2679259458345387,4.824833639678836,3.4179108742110094,1.0184288209661696,4.696999799955503,3.9960482219329947,1.318817073585233,4.72427043333023,2.5999136457663057,1.0152577104050808,0.6868559355271562
052a050f_0.18034_22gc0101_-0.18034.wav,6.707231604728685,7.311714446177901,3.140397385112946,3.304277220373238,3.5548157067393173,3.4478845013360253,3.598139474517236,1.7709228437599105,2.356649604039511,2.8993456535246804,1.3177456698186123,3.861899384458577,4.73454569872135,1.54798139440634,0.4644312333912992
420c020h_1.0635_443o0305_-1.0635.wav,8.691231559023722,7.491060595992783,3.670393637964414,4.550148588563556,3.5812072318976766,4.411629551372001,3.638761348479592,1.2164366159065547,5.781560177368104,2.2118094014080305,1.6535197878847252,3.969605221811841,4.432070493808017,0.9644487691279507,0.5326913154987264
443c0208_1.5966_447c020r_-1.5966.wav,7.145663584602714,8.918558765644399,3.9439292098135175,3.3779017786935146,4.472727230487374,3.527644704088732,4.481505401941758,0.963548006657854,3.597536171165932,2.808934231950533,1.2793715812303748,3.077923624634674,2.9038798534408126,1.673750841444956,0.5057732143890088
420c020c_0.96987_051o020f_-0.96987.wav,6.538161467238325,6.198065592985756,3.937208123440972,3.1511123466873703,3.0720448539871463,3.139141365246052,2.902466861301386,1.4728881812888417,4.054486333240135,1.7654935689035893,1.6802452563234198,3.448412344002456,4.278310622797134,1.680250194479957,0.1426573479875471
422c0210_1.3995_442c020s_-1.3995.wav,7.129108335742036,5.261217204100884,3.7319818223533447,3.4790561588481013,2.461981007445645,3.44104178586716,2.6276762320203617,1.1126850185101391,4.380933900279547,2.19059835401843,1.0763349872744985,2.6562956239348616,4.0606579418067685,1.6595622935577563,0.8955020628920245
050a050o_0.52962_447o030c_-0.52962.wav,8.64784469096678,9.257023445660543,3.2802268793402165,4.126764084559053,4.880869172021656,4.159495356718715,4.714049917069447,1.4600802378739604,5.5538539788732075,3.8932774493172664,1.4771756177763913,4.215860908608605,3.4088483460189556,1.5512244575653087,0.5857647612694936
422a010e_0.12037_420a0106_-0.12037.wav,7.1399598285231605,9.786412483220548,3.7351070394600177,3.57933800855451,5.104626072570427,3.572900818373733,4.934747991045538,1.5046883892752585,2.6382554762432546,4.635978490777439,0.999729168861987,4.878708788443639,4.421246725247897,1.6476380781182185,0.4290434027120505
423c020v_1.9779_053c0106_-1.9779.wav,6.518108788479238,7.62053930678408,3.979968181526933,3.171085310233764,3.722817712485904,3.1529225191211747,3.553790753041558,1.1117370605729886,2.8597653609158153,5.229163256103646,1.2890181779722192,3.228550172661691,2.7763374306294413,1.5733362941937168,0.7422152044755963
442o030n_0.18036_444c0214_-0.18036.wav,9.029242559719664,6.622740896523084,3.3428601918821905,4.635892319352287,3.4674969167574567,4.481285721968549,3.4263046839286493,1.274101286656116,5.661172205513936,3.0394851317199465,1.0300022188838232,3.215017687012826,2.586282466173678,1.1990235609098872,0.6485225114321411
420a010h_1.5124_050c0111_-1.5124.wav,7.083568624232409,5.572694555252047,3.14106433677273,3.67688117813156,2.961156825317289,3.535960387441673,2.9097629467777466,1.1163310633668355,2.942206077792628,3.040851901595915,1.783593056153664,1.6975229444212736,3.458152224736707,1.2892655237773247,0.4490846136809204
053o0202_0.19483_421a010g_-0.19483.wav,8.941325355118856,8.086359196458472,3.13224691025796,4.487448025635515,4.254868230883544,4.630261851085362,4.208996548329049,1.0621559561749303,3.648541346722903,4.855486003556666,1.093290446384959,3.7078414755380846,5.864457892548917,1.3714333812290036,0.4844725353902326
440c020z_1.1981_445c020m_-1.1981.wav,7.815222881099991,7.601890395334612,3.0855696579409084,4.08120182894372,3.8417981610327336,4.064868853967634,4.011011735926802,1.4518007538181503,5.152976739098177,2.688883204324596,1.466604051948969,3.8010413020707934,5.1472920113561305,1.2885944093095278,0.7481338320764764
447o030b_0.70785_444c020l_-0.70785.wav,8.930928362779976,6.181672972768665,3.3299276172983685,4.202898146161664,3.0139358426619296,4.367100538071484,3.057953730969909,1.6467573304340004,4.025044372338147,4.920459949697098,1.1622105576086454,4.2867473669918486,1.7701487764871033,1.7895614398028254,0.4958045714453971
052c0107_1.1896_447c020z_-1.1896.wav,7.585660249072673,6.951506180367924,3.354977601427574,3.778234342258013,3.4259458842075268,3.878753219349077,3.314608759454138,1.0374141765752698,3.01822223783386,3.1578557090750268,1.1532705019875018,3.3536797665394547,4.9169567744134115,0.9590285531146906,0.5199117016679938
421c0214_0.73817_446o030o_-0.73817.wav,8.588433911230654,8.620634833733165,3.344173057655284,4.440375776011646,4.419258612507894,4.441558412433343,4.589254498843694,1.4042734026194772,5.7046045636923495,3.433033409807414,1.3359066791102472,4.183707863789588,5.211125471346488,1.733381104595718,0.9826276424489322
442o030e_0.82679_445c0206_-0.82679.wav,5.666739453446063,5.07591150634516,3.762217521059476,2.6991485333073637,2.696474690916689,2.862280119120568,2.744308629810209,1.644268163174574,4.2924322519846685,3.255714005045633,1.5555665903308995,2.707017581204314,0.8478285716206682,1.5666210511925458,0.1872165799116545
053o020p_1.2702_444o030f_-1.2702.wav,6.91522356649296,9.361566477720064,3.9846190097672536,3.379673504062391,4.823586689336594,3.311372444663904,4.6679108553576345,1.4746196803179918,4.378071370057024,5.594755640868743,1.4360232759047495,3.459051100738528,5.7155196120782525,1.3853817195796745,0.7425930078082843
447o030l_0.15897_053o020n_-0.15897.wav,5.623628773352248,8.85128065224805,3.897621104360142,2.961597545481361,4.301959987079164,3.0522117495609007,4.182423105661623,1.702548250899906,2.3596016361496774,3.1104696559841982,0.9894372131348388,2.1312773061561137,3.0474948432168936,1.6282899202865029,0.3893689909036564
445c020d_1.3924_423c020u_-1.3924.wav,7.088281073471385,6.340852810955029,3.247082584204718,3.5730029952658966,3.3600444519565564,3.423840702545149,3.3442137719241,1.342671400417773,1.6509379751088664,3.773327852030954,1.4199950610572631,2.30746683993247,4.634505319883519,1.6857827602373288,0.6282185488958256
443c0201_1.8235_445o030t_-1.8235.wav,6.542212390499116,6.187923718608237,3.470926398279365,3.0691898287496504,3.2270547430205085,3.165693668626075,3.112220040560384,1.0687325955114044,1.8558286092791303,3.269715848054371,1.2797681465993234,4.051887079068114,3.6126884742153207,1.3541438114986004,0.2408142646481629
050a0509_1.158_446o030v_-1.158.wav,9.495513827849404,5.694342873101766,3.9893717517607152,4.55962585040471,3.0600514868395585,4.66650284628424,2.954802697051898,1.5012158444469668,4.97015344466287,2.0979580880861968,0.98640532068964,4.167282350165427,4.5674780291973605,1.401809207402573,0.2792916741636145
445o030c_0.89751_440c020h_-0.89751.wav,9.58921479900652,6.733238988177602,3.32472901717348,4.647408595035001,3.217022039978142,4.799538765524293,3.2928930570195587,1.1100446737614722,4.231501394595276,1.9064500991178535,0.9828586837651568,5.869150137364448,1.6663122032262543,1.25491631658465,0.4780203169619965
444c020k_2.4658_051a050n_-2.4658.wav,7.394981347046692,9.86084304592943,3.783412249894793,3.8279360708213255,4.897106986061241,3.8991518290209535,5.051471216969997,1.4277322156232888,4.771611434346363,5.834647355829733,1.4063285238382812,2.9583954769148497,5.813979270819636,1.7967989677102492,0.7009391499363041
446c0201_1.9795_442c020p_-1.9795.wav,8.430159252640763,6.01527651957873,3.245144443366652,4.081920415828026,3.2210032858297346,4.08642760533727,3.071071016979004,1.453088601037191,4.376230204042553,4.786514141426396,1.700236774141005,5.413458284350512,4.117492584343622,1.0166788083160163,0.8452008313640782
051a050a_2.3655_052o0201_-2.3655.wav,7.017397226802402,6.519148272646885,3.6535907659906415,3.714818396881872,3.1814926973579185,3.640622802992522,3.311857623037361,1.0322323613684772,3.586652659181242,4.293216134136879,1.0209516102831715,2.9904333019726725,4.993938987513225,1.288875948527553,0.982162897878876
442c0216_0.67244_053a050i_-0.67244.wav,7.702869542863209,6.066651458797599,3.860920583813356,3.871576583047696,2.971398764080662,3.925878474850352,2.8315727845680816,1.3942348038669412,3.7745985795370816,2.294551564464475,1.314514087436131,4.01129751112289,2.2660516253757947,1.4704883361332364,0.2818409287360075
446o030q_1.0041_447c020o_-1.0041.wav,8.937410337752706,6.975955701041368,3.345848081801269,4.552891965925256,3.4367913085884814,4.392990066810854,3.494509439705205,1.549609926013474,5.066397706615031,2.998483824793236,0.9512920589555246,3.607450066638938,2.5979792948851346,1.204807261426359,0.8067672772509293
446c020r_1.1814_442c020j_-1.1814.wav,8.736696363749672,5.763502509809927,3.940962291662484,4.396269941846667,3.0848848677980865,4.370756131552296,2.9168103441954214,1.6941550774754466,5.02179039369248,1.7567022872701674,1.358263920319533,5.217307843205022,3.2659181850234793,1.2811917519595282,0.5884883026659465
445o030w_1.2628_22ho0111_-1.2628.wav,5.2707311235792815,7.306551316603635,3.3915580106993,2.610003133051958,3.6926541540423408,2.758950330943991,3.710394848507661,1.7227110373493648,2.6487208319703552,4.424347673706548,1.6042350077562424,3.7427078730807755,5.014530945258374,0.93979983430298,0.443040070957186
22go010l_0.28113_447c0215_-0.28113.wav,9.678887877546002,7.702855969594506,3.636201128008744,4.704468456298179,3.8605353680289936,4.580706895767425,3.9770818228656495,1.4999366106341627,4.091306812779093,3.2461694633925915,1.286242832483978,2.854651125272233,2.9747305812822202,1.0658927714869066,0.9124529314167488
444c0215_0.94052_442o0301_-0.94052.wav,7.640051661703556,8.857712495738081,3.6417311263984864,3.973507945400008,4.472911051899319,3.814174444036938,4.487499929285345,1.3012975398928934,3.9619042178922217,3.509388346318672,1.1352884142898017,3.316625458704414,6.43211169953702,1.762460111231542,0.4043476867331745
445c020b_2.297_422c0206_-2.297.wav,9.712768782357497,9.75939478750877,3.5831386622813186,4.789657704117111,4.675300891305407,4.723856024333911,4.8100975490447935,1.2479385412334116,3.164827793777205,5.491258640727446,1.2131518263109728,4.1686677980601035,3.8478220949367894,1.5618127364480672,0.3973034797291183
445c0211_0.84314_420a010w_-0.84314.wav,6.724186061320676,8.19424898057777,3.886367902934913,3.4423592502889764,4.2698876001710016,3.359427728021078,4.121488265218552,1.722093388526332,2.7741142661956295,3.8507420646537014,1.776945570259549,3.124629026053489,3.0839555545122916,1.7763797318470207,0.693154331499849
051c0110_0.61225_22ha0113_-0.61225.wav,8.512300863264235,9.21632909797588,3.359137110948088,4.163462596155155,4.556653324704944,4.181025045711284,4.407685004698345,1.304431260996998,4.535732824785884,5.05939780588001,1.06105362746483,2.7823223463968456,5.076478436765117,1.4664397179528623,0.4026751600977319
446o0311_2.2881_447c020d_-2.2881.wav,9.024101800126456,5.724611239260373,3.936700484151799,4.284415274004188,2.981296635385853,4.42948282290349,2.9431468482783383,1.6544222709828438,4.572318281444278,1.4756800824191643,1.0060791833358549,3.005389276999531,1.6335724412606636,1.439707305037822,0.5131198696180228
442c020z_1.9575_051c010f_-1.9575.wav,7.53392754319254,9.97216756062386,3.051093047413014,3.696377865381365,5.064981870363991,3.82786440072764,4.99279259815106,1.3632360255255347,2.006036796773321,5.621590275475219,1.3389075934032413,4.682785142877252,5.604435592544219,1.322243291609714,0.5060275671815748
441o030n_2.3047_440o030r_-2.3047.wav,6.6777963594936605,9.629192389125407,3.979198625226277,3.2188024840783207,4.816332642756063,3.387272605300101,4.839088263062237,1.159951677675762,4.656605923806287,5.553718611447896,0.953939246586022,4.875845319313164,4.898018454556298,1.4930094496915611,0.2754642700445524
444o0303_0.90798_445c0209_-0.90798.wav,9.212400354423664,9.897645045318423,3.177626011320996,4.428211970146085,4.877317743068317,4.401198857504548,4.7297701516091015,1.2850427135527385,6.073695658992368,4.117137234098322,1.0981597818917193,2.442299147861634,4.8768276379680024,1.6569472154328848,0.5802181548736618
447o0303_0.14144_441c0212_-0.14144.wav,8.89568954582077,5.617712435793949,3.880507466202306,4.2532731320241846,2.920293929218148,4.257308238135143,3.0702396457914243,1.2278468928958417,4.881703491654051,3.0292681316563725,1.6694451501305227,4.757675318375485,2.241192231746544,1.3575019347976844,0.3982066335585776
22gc0104_0.64296_053a050k_-0.64296.wav,5.545720710768024,5.228501984192714,3.508340128957957,2.8039475199070445,2.6256751632071658,2.6344115220564586,2.613123452853352,1.731156502854517,2.5592555799483687,1.1740312358401337,1.3396387655089017,3.9129380164542424,1.9258347670652745,1.6749656683915954,0.716109797824517
053c0104_0.80834_441o030v_-0.80834.wav,7.788363696737124,9.104812831818546,3.614827176710057,3.7781811382247295,4.650713068680648,3.8867325505588015,4.519882678937751,1.3620806198805868,5.292895381032078,4.216217112062209,1.3177829421460676,4.106032429524145,3.275029869166273,1.7392576236865929,0.8759339665253112
440o030u_0.87308_22gc010z_-0.87308.wav,9.912930652068097,5.06422118262685,3.4939791439160404,5.047682217760001,2.616408939085769,5.118304455913067,2.7599794774223363,1.51394905466459,4.710439409682377,1.1125549311106053,1.6378193405040355,4.373339462755807,3.1995322066956655,1.4480796554427044,0.5157066600281212
051o020j_0.81213_445o0309_-0.81213.wav,7.054067246048128,8.840965014952266,3.795505589294951,3.538299434417062,4.326515569053743,3.5116773471623715,4.474134214455344,0.9513849931964946,2.333607573690243,5.931671607432124,0.9759792618334916,3.598360166593155,5.135111959286232,1.7694748051606486,0.4306784066981333
446c0212_2.0769_442o030u_-2.0769.wav,5.144762222781446,7.281312858547746,3.1379924806420965,2.348250833289326,3.81798235837677,2.464866349786447,3.723638194211148,1.4342759749422909,2.7340032591894357,4.688919510573987,1.0346491711406016,3.193067237679485,4.52208525565029,1.4575244542367716,0.4195281758721279
447c020i_1.6118_444o030l_-1.6118.wav,9.446655497237442,7.730663170144008,3.204363066852098,4.970989855999017,3.848855482791434,4.813462916674103,3.784939417620581,0.9730977210247388,5.342159021612293,2.6467503876108887,1.07158782702946,5.959634538319749,4.305629794011417,1.584945278729939,0.6695447784113078
422o030w_2.3242_050c010x_-2.3242.wav,5.145278357864044,8.019763499685938,3.774474678303365,2.6586796196155507,3.9282625625819874,2.815979172645714,3.992736205386708,1.6872970446021232,2.1960475109166895,3.5941748056901193,1.3968219537491045,2.065587857965843,3.0767057615609463,1.2808654446569294,0.185628276276683
447c0203_0.5732_050o0202_-0.5732.wav,8.255287299299924,6.364050484563927,3.4835171489210426,4.260292584641663,3.0737809096545634,4.291663060076283,2.9067004102807408,1.2286948717813302,5.225461726364932,3.687196711396909,1.763222903611379,4.655816214219459,4.054840208077629,0.997440957110862,0.7620969369193994
050a050x_1.2457_446c020h_-1.2457.wav,6.518804777603951,7.867768538026016,3.839434495688024,3.2097614119464755,3.705470649778466,3.0512719321738526,3.7669611758894312,1.6284203661044012,3.2737308728554457,1.8926246298434786,1.5306029920395858,2.6212133395832447,4.312598197673637,0.9033136319737608,0.9472104184466718
445o030x_0.51367_447c0210_-0.51367.wav,5.43692232770856,9.335549983756112,3.324471423501649,2.6145195639865024,4.57494084760787,2.529341575569074,4.71038349336304,1.0244597446979364,4.478450572764499,3.846586388788963,1.4267201887194436,2.344809362600276,6.057233649954231,0.9645703601869188,0.6176164773153228
442c020o_0.99232_444c0211_-0.99232.wav,8.473349588545755,7.6927748473699955,3.109929090733792,4.460812465391371,3.758741911116073,4.348081736247505,3.6314949751738177,1.4309753581721782,4.817292441436172,4.719154883684692,1.0359041836365213,6.168227731357607,3.1209372247887193,1.7625063395514773,0.139148228005692
053a0511_2.3245_22ho010c_-2.3245.wav,6.985502675528368,5.66220808838464,3.6540137251097726,3.468719492653872,2.895656052576069,3.424012617907412,2.7316399090096373,1.075091501677059,3.9723026264437404,3.7279973124825516,1.250665771178756,3.9198045075523784,3.7242123357981045,1.6547402010377334,0.6689605340853767
442o030b_1.5391_423c020z_-1.5391.wav,7.348848891451867,8.330446143317856,3.190901771445866,3.7765762590070975,4.126789745682992,3.692038024613835,4.002881364506941,1.1091001615911,4.831245974448284,3.2964960298430617,0.9019663085907386,1.9672988832539706,3.823622912089887,1.5437055489618683,0.4214948973451192
441o030g_0.81368_443o030h_-0.81368.wav,8.792548631366301,5.68150262245749,3.1906538333122745,4.355775750277607,2.6953666804703404,4.403392298977028,2.837608250659774,1.0930347094068464,3.8195238926206483,3.0954382989962617,1.2933982412727305,4.5739885408025405,1.8246689305002515,1.571601845577408,0.7709088424108733
440o0312_1.4057_442c0203_-1.4057.wav,7.479237340122896,9.28221269182648,3.537428506608848,3.618849971444264,4.659246533874674,3.728615243341513,4.529432878640245,1.1117190977367992,5.013367841709866,4.195991662362618,1.2209879034999371,2.706992677548506,3.907149931326908,1.3150897813409452,0.4269499653840886
422c0207_0.64331_051c0102_-0.64331.wav,6.365985792950196,6.065981605058006,3.4374244090208816,3.064219499494884,3.0168470708708064,3.00896230051052,3.156298288005697,1.0321534707350393,3.600099460357728,3.6479833724182935,1.748677606277257,3.094833825861399,1.6859436764994522,0.9020375963124716,0.2703255658658553
423c020e_0.27155_440c020o_-0.27155.wav,5.180728841201442,8.07423051736107,3.956835799205653,2.545573065219478,4.136195693016452,2.487696304329563,4.274580231708068,1.0231888369526716,2.272346070768343,3.487250790167372,1.1724496719392845,3.0010331298998905,5.037156541276216,1.230214669899262,0.510234656324297
22ha010c_0.65618_444o030u_-0.65618.wav,6.294790829760813,9.55633735929944,3.796225210605498,3.121199288955742,5.018224653783357,3.1524973251752426,4.871526211634836,1.6047173574541338,4.395315858623663,3.3490862222557873,1.355750534165164,1.7528000941782376,4.5121301012455906,1.3378058030521056,0.3558985386381281
050o020k_0.37718_440c020h_-0.37718.wav,7.903355186559365,8.684064243441691,3.11401651916969,4.0314512216589256,4.596784445684151,4.13642210319436,4.463064162893267,1.6308412914460615,4.618929940720237,3.666151182557222,1.467095740624846,4.878175747120543,5.9961393213314675,1.109913704265363,0.4174382525096938
421c020e_2.247_422o030y_-2.247.wav,8.802940148223762,7.425400535620593,3.906269196167108,4.36451513335502,3.623319686319224,4.27159117269694,3.7410700049413648,0.960448358807892,4.370039644910971,2.6047822435431094,1.6707592244268663,5.250217466023538,3.2294188138359896,1.6647184297065656,0.3630663599179838
420c020z_0.97625_052o020i_-0.97625.wav,9.72748317275312,9.65456640393502,3.771750372913474,5.024545346732309,4.660361594214253,4.90237046442132,4.77857030003703,0.993587271722994,4.069468437801729,4.687797250545829,0.9765055508983438,5.904967222150254,4.223045803433216,1.117504331957579,0.1554763918227563
22hc0114_1.713_447o030x_-1.713.wav,7.499248899220113,7.438085150038582,3.5300651577300317,3.752698980292085,3.887741728373843,3.806522372500416,3.726487139443208,1.582507494082539,3.4798655990289635,4.623725906459649,1.1540969131724188,2.986879796217637,4.349080248190929,1.2335495190677783,0.6748057453881484
440o0303_1.1666_22ho010c_-1.1666.wav,6.003539998498175,7.434503847439975,3.501027636711971,2.890641224323449,3.874708276867195,3.0371945020798323,3.842737402952641,1.0169956956546886,4.416574246975289,2.521204720703573,0.9498559956322522,2.8903917670163204,5.128835352883292,1.5907253482437866,0.2643339655429774
422c0202_0.5371_22ho010j_-0.5371.wav,5.118077525403572,5.638570025842784,3.315453003731193,2.463498230385252,3.0073229775768424,2.5531240085425373,2.8628680714998898,1.7279878898567618,3.3423570494463717,3.334161084890527,1.7425519100179248,2.4515995386535563,3.7101647044317527,1.4174862157456376,0.6883406941295607
421o0304_1.6849_446c0204_-1.6849.wav,6.113632569216604,5.694986261456277,3.29873160027602,2.939566124592365,2.9692070527044,3.0652088294514703,2.85469106816212,1.2503662886401246,3.7875736885577975,3.439343621248047,1.7302442857422935,1.3420724879439454,1.9678224882070934,1.0572489162952792,0.4063005464486929
446o030x_0.53723_423o0308_-0.53723.wav,9.827469253047408,9.571572736893785,3.773746643851952,4.755419373069041,4.939229315054718,4.809187969818628,4.799197397251739,1.4366759686614583,5.891111253245948,4.81340374288022,0.9814160215981744,4.479111755383045,4.011289621340281,1.7442859833166682,0.2801521682507202
442c0210_1.2052_420c020s_-1.2052.wav,9.567472038648212,9.122393191462706,3.270026475206649,4.754407569093856,4.487297778846561,4.848959201864367,4.3708504141686495,1.47298253745414,4.2711165503304365,5.450236921955188,1.7560254230392265,5.717866588113287,5.834225011654625,0.935754699304389,0.2386043786378373
053o020t_1.4889_22hc0104_-1.4889.wav,8.187019544331742,9.04256541827461,3.917123027082055,4.147431743944584,4.782014580047117,4.212519863385047,4.646871926870172,1.6390972240453137,4.165550968076716,6.143141734349866,1.6314395009278169,3.272224202840948,5.770111744353977,1.590217396918684,0.8172721302392132
22ga0114_1.6889_443c020f_-1.6889.wav,5.202091810719651,5.850735287728114,3.499336969831916,2.6554152205085617,3.0404606918874943,2.578594147595916,3.192113330362893,1.447951904810652,0.8400755163486863,2.193972354176496,1.0798142292409962,1.440841975007043,4.152393810644101,1.7954186375838108,0.9672306751470215
440c020f_0.98137_446o030j_-0.98137.wav,9.399898880873252,9.676752933028393,3.903430002573669,4.528443289594074,5.007516350664385,4.554647837461042,4.8598230140811545,1.1581470016482676,4.6122352092101035,3.5274990309991665,0.928354560034578,4.935023818916075,3.8230433044018923,1.7517205329561902,0.5714654526425705
446c0209_0.32918_050a050t_-0.32918.wav,5.761595071848699,7.486080290088638,3.099480919279789,2.74327076890559,3.8697187788400687,2.8891571346161355,3.904606718013498,1.6045034520406234,4.496110172917677,3.3258098974643118,1.5565025890414426,3.926807212191486,4.297105721666444,1.4938558976306793,0.3849006659676202
447o0307_0.93266_443o030c_-0.93266.wav,7.150985995429201,5.332557043518582,3.09830214136003,3.387192830658195,2.824819835140365,3.5300418941335034,2.7790580053667715,1.134512069621332,2.6877608057514215,1.730812297570544,1.4257214678085093,4.127828271948205,3.8061401577611873,1.6273206643565428,0.5336060922405321
444o030s_0.39188_050c010i_-0.39188.wav,9.882066023196998,6.9003179306853415,3.229138076651646,4.997176283449336,3.324872937874681,4.893526527633921,3.433301384877323,1.0321392243754837,5.686241590483824,2.7078239650304385,1.5473499117613518,6.764639050483057,2.862972246173355,1.7939321092364595,0.707205317427577
440c020q_2.1122_443o0308_-2.1122.wav,5.165304531630978,5.577299003457721,3.9895394459211047,2.4439763080294283,2.594063675676661,2.434115320292928,2.743739194452647,1.3988667045792902,1.773524266188249,2.302707641247321,1.5415982593801192,4.32430677294416,3.1094962324289512,1.155922261937688,0.5067471613173653
051c0104_0.097233_443o030t_-0.097233.wav,9.720960130673117,8.59570523243846,3.4567046915190662,4.940491267314857,4.374534527553389,5.07679772170239,4.437148826976919,1.5006606204473407,5.622098575499739,5.105781340832381,1.1463739547176148,5.520502869947738,5.033850040595162,1.3228130239906415,0.2111044682094437
051o020a_0.37166_445c020p_-0.37166.wav,8.965564987015485,8.061918426512458,3.783543507517302,4.377521575388689,3.922674045258823,4.545596531961573,3.948185003159757,1.3645869745851191,4.415951110402432,4.681913217436477,1.6217313623906249,5.207226291800581,3.308285323425016,1.7023328843842658,0.5720713689427929
447c020m_0.77478_051o020w_-0.77478.wav,7.065480580151842,7.574531486166965,3.831130233811327,3.321546547548812,3.748824616873944,3.3819811051243964,3.611537821257457,1.016209011578756,1.762088700732443,2.723948590518688,1.3379530869205756,4.006315268007933,3.059756414985131,1.531374333436588,0.256357264093249
423a010h_0.40803_444c020z_-0.40803.wav,6.877008122455663,5.155036337291087,3.616966244872789,3.586338742967883,2.6716717066997866,3.4719185910612675,2.797401690544799,0.9474343627901376,3.458243398614266,3.4609408863953233,1.7744165191084749,4.86631518013857,3.267482271212274,1.7410336743840331,0.6463938860557475
050c0105_1.7606_444c020o_-1.7606.wav,9.6121711439618,6.812740499969568,3.391948889587652,4.56936459823104,3.5216372877972426,4.719353752842137,3.523441033635413,1.7691293245343056,5.5212604933308125,2.558832850023909,1.0090559202795593,5.516957185077803,4.25701415313681,1.329257705770216,0.607910347576821
446c0210_0.6257_423o030i_-0.6257.wav,5.711666601069512,9.265060421374816,3.207219368266443,2.693042023084604,4.765542291128595,2.845916796077712,4.691183002654956,1.659362474857117,2.4279066432368674,3.149611467727691,1.0017232991701654,1.9851661635392062,5.433830219071825,1.1974783210175886,0.5592233434074735
447o030t_0.20582_051c0109_-0.20582.wav,7.241242176046136,7.686150285163561,3.692757766022413,3.6418363675667296,3.8004938386157354,3.628965502018805,3.970005905501981,1.7470019704519708,4.681646195867745,3.583053244630485,0.9053935054757656,3.073604452895065,4.6096036983189,1.7093898992184338,0.5819892388566341
442o030e_1.9328_052a050k_-1.9328.wav,7.051333908425152,6.876725863551507,3.2558857846325933,3.607755980176824,3.505664444936816,3.522797489584909,3.629285053559907,1.028850560838497,2.3800786421909157,4.384658269020356,1.637106046897951,4.679002066211749,2.6984097272605143,1.6937413729295343,0.2724080055062757
423a0113_1.3327_420c020f_-1.3327.wav,9.975511742052475,8.460693068598722,3.202679976267645,4.936896402650172,4.207412209851338,5.074670113003998,4.107821021810729,1.576213724443151,4.824007433958561,4.8247058351343215,1.436829629241657,4.73005897229105,4.79771767497441,1.2643657661276182,0.1846204970419537
440o0305_1.3028_445c020i_-1.3028.wav,8.240856924056462,7.089080216219854,3.910842328275358,4.028173755457114,3.657005618434959,4.074253250504226,3.514258709059648,1.326897521273417,4.429152399209785,2.3878142010557006,0.9511778609479729,3.9518202676576206,4.726895641147853,1.0733570645909962,0.5127800490160852
445o030g_0.67863_052c010u_-0.67863.wav,5.5969745076449735,7.393790185884479,3.5984037000602047,2.8836123881314437,3.890081323554576,2.899077292189112,3.740880664231344,1.6397217600198188,1.9597446436210426,3.3248783180984067,1.637634395255927,2.67837761550402,4.93555035478502,1.4604945822313065,0.77054201434157
422a010a_0.47287_421a010s_-0.47287.wav,7.370128005816486,7.318230021680791,3.896252496109115,3.6549952056860326,3.719019246717593,3.564307519763792,3.5995381033431304,1.2464161789107866,2.9372733222870195,4.532407728079016,1.1343866599013943,5.006009519994218,3.4751421424143825,1.2086894936339505,0.2442422520650569
22hc0108_2.2347_445o030w_-2.2347.wav,9.08496684259662,6.373663973735329,3.128229103072265,4.388298672992792,3.211658581324787,4.507763808697178,3.302367353508807,1.5857886057386523,3.687411009376872,1.4377114698888023,1.1580905280235445,6.008058698407676,3.6007257261952765,1.010333233560125,0.2153460253631947
445c020b_0.87575_22hc010l_-0.87575.wav,7.0571339657225085,7.362902859173973,3.196089196772869,3.55951994317689,3.655098849453535,3.66603573864301,3.5226058861829523,1.5358284036668817,1.7662990407915582,4.322927414242941,1.20320588781058,3.168488656882924,1.9910717130223508,1.2790948960751214,0.6200020970659625
22ga010p_0.92198_423a0105_-0.92198.wav,9.703741776252112,9.747596721394064,3.7764154159499976,4.6820104114768375,4.901624868287905,4.694108564592059,4.752113548678985,1.483318509322883,5.37856940260111,5.429330811587051,1.0557604010454829,5.53965123492241,4.466177774469244,1.0756315309163669,0.396905284196175
443o030h_2.0131_422a0101_-2.0131.wav,6.94871829432765,8.259636376822888,3.058056657619634,3.4881917981404507,4.226718213131525,3.4566093415373014,4.373355685951095,1.4084997427570984,3.197012298522009,4.939161186198356,1.032539988905644,2.509184801502753,3.923894476962663,1.763078405379836,0.3452549381346361
422o030i_2.125_051c0104_-2.125.wav,6.146847799724901,9.947241879121556,3.9665492154311366,3.133772428784391,5.080643096617888,3.197387661946121,4.922994429925846,1.0261307682123924,3.4514911360654734,5.667574257269542,1.3172049559664556,2.181703419769902,6.2592532949170625,1.55936862246946,0.5681865350633729
051a050g_1.4274_050o020d_-1.4274.wav,5.840574173765938,6.010052928480499,3.3788733842196805,2.955772017293199,2.929076548762043,2.8492132469598324,2.8235055846429216,0.9218561877879564,3.5536501239640854,3.0863446239558483,1.2313888041270549,0.9963841747544957,2.833641338427508,1.4860399759094802,0.5861284309943477
421o0306_1.9628_445c0209_-1.9628.wav,5.671108741336085,9.72889552895193,3.07971849675882,2.687721230542201,4.844188364295269,2.7836666949217648,4.9594900029002345,1.14786878383468,4.45616171922543,4.536594235628099,1.0340474198659204,2.6161149769175176,3.150557522131543,1.776136717802164,0.7419953045317433
22ga0109_1.6966_051a050v_-1.6966.wav,7.117656249474109,8.31166768682911,3.827800345402245,3.509373871455116,4.195958163475537,3.608885917167453,4.083720234244168,1.5165420617984966,3.6012415519980343,5.001824727413408,1.7034965205595616,4.210785156373739,5.064487254115216,0.9253936247350256,0.228116292028622
051a0514_0.066778_420o0314_-0.066778.wav,7.054558340007997,6.945503548214251,3.188426915504907,3.34063230091145,3.598021055719189,3.4097551435693445,3.731145180591024,1.5946459131767656,4.217542635382655,2.121556241598243,1.2669784298235045,2.5215734969119574,5.31102696896414,1.4542236990427129,0.6830545559338626
443o030o_1.9624_422a010w_-1.9624.wav,9.518196310191056,7.963674655780869,3.492241399416666,4.775857864916421,4.180188633047976,4.886670796566806,4.064774187769029,1.332071434550977,5.324214902965841,5.931536908258837,1.2813122982933844,2.807377034708225,4.485324033276551,0.9092784543683236,0.4729349492277033
446o0309_0.40491_421o0307_-0.40491.wav,7.031679107391637,9.139347342845577,3.7167575880660495,3.740815231565661,4.442641380068602,3.589573269515344,4.390431525489507,1.6426612151260356,2.055902950279976,4.516113543543652,1.5940723222362965,3.5032671576178247,5.117787394771541,1.6518062960582327,0.8860933956729666
422o030k_1.1216_421a010a_-1.1216.wav,7.23053197952164,9.923329916005164,3.1671150928974576,3.7844606846074575,5.1832114592922585,3.7181610152833806,5.048659038847593,1.774151561666598,2.598786536174874,6.356895325332879,1.6121984647703202,3.9358361131149993,4.036304277819014,1.2575405438884788,0.5851656975113166
440c0207_0.19784_22ho0110_-0.19784.wav,6.36358174519786,7.821047612295088,3.616300669920853,3.383162031763138,3.810408983844607,3.2198917492034744,3.857767349873089,1.3989347395516627,4.309517841234822,3.902928071488649,1.0250340807679197,5.367998983965772,3.576684710090878,1.1747852275560136,0.4005368004077663
444o0313_1.3514_423o030h_-1.3514.wav,5.25176443777707,8.29613500817004,3.43636122807691,2.6949725431772467,4.315594081237418,2.800545523130344,4.209037308088908,1.2172288547801144,2.3637568788831387,5.99310969163001,1.4329696262119318,3.9938652698469634,2.99695106570639,1.7469296875003524,0.5279931849061312
445o030k_0.55968_447c020a_-0.55968.wav,5.321531988627669,8.909370744039448,3.151919275034289,2.8280678450289205,4.645190584794613,2.6781564217895024,4.640036442544735,1.5431312353376845,1.8053544875115892,3.341760241436852,1.0324925506661913,2.596445813160648,3.9048390814459157,1.6317397626407215,0.2152310047285746
22ha010k_0.9802_445c020x_-0.9802.wav,5.978478923337142,9.399958167358657,3.333583395957162,3.028877098925842,4.627765613991626,3.159983151614719,4.700643614433059,1.561909771045913,3.7237623344201856,6.1165048919128875,0.9172918588251182,2.885283818881239,3.3159853606589857,1.2699702773099844,0.4464231760576562
443c020e_0.78899_050a0501_-0.78899.wav,9.101218297852684,5.120597255698044,3.645167617056569,4.66013263326448,2.589374814182487,4.559249237977186,2.4525444792588766,1.4399502185959718,4.588591288038581,1.6626021192794915,1.7536273374052198,4.811648000276244,1.8119667910431312,1.5335422983927551,0.7096664761006037
420c0213_1.5759_442c0212_-1.5759.wav,8.829198908357405,6.305181890541606,3.6642088210737023,4.587687082430937,3.1920973713362413,4.606175309246079,3.043241113593304,1.0421795926084385,5.209647636850163,3.48958454461473,1.255745483514599,5.321948185375576,2.3403282698634027,1.6504044802146465,0.5116303539795475
443o030q_1.9362_447o030m_-1.9362.wav,5.6469038574518375,8.731743140092378,3.129958004002652,2.955758667413172,4.508855211755197,2.9625298692519584,4.338990115794731,1.3789821244789826,3.5544822239710334,5.228300717148362,1.5989271072353426,2.7011561503204686,3.438797794247157,1.4015456564683584,0.1501403435146787
442o030r_1.9563_441c0205_-1.9563.wav,5.821577120352572,7.375889194206234,3.69321373551124,2.8477631403329338,3.4723887513477125,2.7218096807951557,3.553848717162002,1.0229244403702344,2.133350684654022,4.002183864348427,1.015991659489153,1.9124411567469606,2.3729197075517523,1.6286964266246189,0.5635441033477706
052c010b_1.9997_423c020j_-1.9997.wav,9.661785516904915,7.033870606408982,3.954803644834895,4.720528986878661,3.399627372784391,4.74926310466032,3.2524052600590614,1.2255728980938771,5.5662264483422845,2.637888585940626,1.744142834023604,5.282310295288159,5.1947738533291155,1.511846402309986,0.4102372458224883
051a050w_2.0303_443o030o_-2.0303.wav,7.193907105816312,8.302972063838354,3.695419569151165,3.464348670853107,3.973076064414447,3.344936746199067,4.094075205942054,1.6404166766907595,3.730971005106824,5.779808594775805,1.620451232675839,1.9464385755566362,2.8571208917912627,1.199277840423139,0.780986806063962
446o030h_0.13806_444c020w_-0.13806.wav,7.026622239156401,6.119160306323291,3.175689720187968,3.408187789761748,3.2109199967225264,3.374185187001203,3.044355225520724,1.5891699755157838,5.250093602804284,3.429631601883722,1.0437297469271734,3.876359599267959,3.9394060668837905,0.9252958676188552,0.4348754339980428
442c020a_1.875_052c0104_-1.875.wav,6.350754090443859,7.898575950628421,3.9796361230579658,3.2038520821355605,3.9612949831711326,3.3001225391421234,4.089091693252994,0.9520745692343424,4.143590300684791,3.256534335751962,1.7830339371939958,4.105524844669485,5.671792222582749,1.765306996938207,0.6380895328497974
22ho0103_1.1928_420a010a_-1.1928.wav,5.141635953380791,9.712797929948724,3.918502837519318,2.7778022135800264,5.072852960534232,2.6226524834288187,5.003365110991974,1.2290911859192042,3.697052455138041,6.16542196805123,1.231129576439283,2.9518216081235242,6.211273648472327,1.456326162183875,0.8953432281302337
052a050c_2.0806_442o030b_-2.0806.wav,8.339679046953194,8.667168324264402,3.300283561789982,4.071367523237033,4.215389078715963,3.972071597241859,4.07740241602438,1.6020957793408128,4.905327687097694,2.663693480408624,1.6255319125163514,4.5348961845983045,2.305940577403654,1.441831720438506,0.5404677008182588
422c0208_1.9732_420c0206_-1.9732.wav,7.742573435688111,8.695789919959433,3.2836850690141643,4.080802139361815,4.278442088701169,3.947799251653814,4.172563706293177,1.0717200857381235,3.244101548319019,2.8261642084621554,1.5688209661032175,4.504634959693059,4.904577081921309,1.5481166072740664,0.2523884146248762
22ha010n_1.9976_443o030c_-1.9976.wav,6.1575709977686985,5.983163166248853,3.356701874259331,3.0400211549645224,3.090152809410355,2.9522863977352074,2.968486822487496,1.742746260774158,2.064646511641871,2.8575909371252872,0.9068410234677492,3.196498390145828,2.0174260764127006,1.495333627383194,0.4331849861320854
423c020s_1.3856_446c020v_-1.3856.wav,7.895888017246653,8.3520818099552,3.322868830025459,3.979476628634753,4.374574170605439,3.8646351621634567,4.2492288971456,1.361990803212294,3.747428811549877,3.5531572204085378,1.7067625027920368,2.747884014616574,5.320191797475773,1.5487944040873431,0.7138290423802913
447o0306_1.3385_053c0111_-1.3385.wav,7.051366545261536,8.636715695765123,3.858822519290293,3.4641550180589333,4.46983842881475,3.371153586607316,4.352149288500318,1.250114296935148,3.9828201723094874,2.7222299625077753,1.7101707244397355,2.171173399936117,3.6517964957358005,0.9506047694287258,0.5537771082725262
443o030p_0.18826_052a050u_-0.18826.wav,5.303936520852963,5.207649117168797,3.3810038364791244,2.4509892737039585,2.4163940809476294,2.603880037901115,2.49072048421867,0.9217432261213392,0.9539074699371737,2.3730835425733385,1.6076564364251325,0.6548948705280452,2.112396615761445,1.1707663399857693,0.4740747120211365
052o0201_0.11728_441o030a_-0.11728.wav,8.633393467490652,6.213177548348588,3.7477369689185,4.466525980189564,3.187148511918632,4.47878013216504,3.0376498973452457,1.3302614039480138,5.031274228514356,4.512771357085199,0.9160409096943248,5.3073316626376785,2.4134728622882586,1.7818694257804593,0.4697653130610769
422c020e_1.8826_442o0313_-1.8826.wav,7.364575798100316,9.50976090483173,3.110020158844909,3.717419528031965,4.698266495647194,3.657738029260641,4.857446012873527,1.157817059985296,4.06535289446547,3.721437045146916,1.0776260008810037,4.560041818343445,4.482688096632835,1.7133179920333377,0.4441449970165356
445o030k_0.22763_446o030f_-0.22763.wav,9.573955030508904,7.725109188961402,3.745182479535968,4.936989424300864,3.993704807473334,4.767037424815231,3.9896652690299423,1.4523452213126888,5.1740717578571305,2.990845543536418,1.4327438069152607,3.216525320572502,3.9187144685524493,1.377914398357501,0.4925994036731685
052o020w_2.1144_050a0513_-2.1144.wav,5.234134339054131,6.28959576145258,3.493203921527096,2.7766849744926563,3.2123980258207454,2.805417600088701,3.359620429775977,1.7855191794577183,1.4994120362881331,2.5014634878358013,0.9896580196240276,4.5843302321554615,3.685107149250032,1.2269792524032668,0.2689786703822094
051c010t_1.0903_053c010i_-1.0903.wav,7.659217737063907,8.726443858105302,3.4051408225977813,4.094254733815362,4.595698622164463,3.943596440434367,4.516945345181686,0.9734719857696676,5.178679410670425,3.173823522259576,0.9987222675234992,4.375523066946062,5.927394599212398,1.5012912882373768,0.5083719450261246
440c020a_0.30021_442o030n_-0.30021.wav,6.919947604179431,5.958705441608242,3.207171399972007,3.2143190911362383,2.871697969474864,3.3421115466809463,2.9502415134861555,0.950653035193784,4.09996164117429,2.6107907929191363,1.77969155570179,3.6148791349850984,4.8464422770032485,0.9054914705265752,0.2711951302315968
053o020h_0.045876_444c0209_-0.045876.wav,6.7635403788425,5.269564864066264,3.5044026541969098,3.187264613623869,2.421248702821809,3.314682932166531,2.500397752719838,0.954578627997807,4.036607137191904,0.812362544441092,1.6016685133139887,2.822136616787753,0.6407088478418838,0.9334948116543736,0.9970709320764424
442o0307_0.42641_422c020w_-0.42641.wav,9.076846419796082,7.36892803854548,3.42016768460813,4.628247741600566,3.9205911083570815,4.510951786405338,3.827094269400681,1.4168363181207564,3.753367910567643,5.231794075037273,1.416694755245686,4.366316629515805,5.01655993888393,1.0922501783987737,0.3948367795874125
440c020y_2.1574_051c010s_-2.1574.wav,6.198923084547558,7.467783579637788,3.5562975746561127,3.008460845295944,3.6173108972890025,2.990106175425947,3.786317128221366,1.5475588799644535,2.4821542643195365,2.7307959730392124,0.9946258389532628,4.101999396953509,5.22623960926395,1.6348953336741814,0.5582180867904908
443o0313_1.3448_446o030q_-1.3448.wav,7.69836426722842,5.0260429780352425,3.178720726872473,3.794241354624988,2.404250973183378,3.6675315443110046,2.4845293885276933,0.9841165595972954,4.476207496546893,4.188134761232299,1.4621922667800284,2.7984494827564697,2.961516990674822,1.0859372039924,0.97076570741658
053o020j_0.62511_443c0208_-0.62511.wav,5.972748738666823,5.37425741187953,3.0421544959703244,3.1504352185764968,2.726236498232875,3.1655496515992083,2.5569097315525835,1.2474586776729857,3.069667753143482,0.7273644973296927,1.610042594651941,3.4601687909195293,1.2147807284721392,1.2328724032082423,0.9175656320886758
443o0308_1.237_052a050p_-1.237.wav,6.759803033779392,5.234085872234038,3.393027571049677,3.3611914575140847,2.456637608425543,3.347875984964291,2.6261153302381035,1.289064331607222,4.1849599684780925,2.2038584539911876,1.6482337705409975,4.219594576493193,2.703715950185502,1.3082727678809951,0.9056288715678382
053a0510_0.25939_441c020k_-0.25939.wav,8.409771473846368,8.194506065877114,3.229911798340787,4.370868131664176,4.317761819794632,4.304516026514685,4.172168557099442,1.147881850033466,2.8436057359537683,4.217007910382735,1.5419258491128098,5.611955758646452,4.162091125496244,0.9877558233222856,0.4775264221693395
22hc0114_0.065075_053o020b_-0.065075.wav,8.737786966589201,7.965077989527849,3.802352264314048,4.524586559303305,3.735348714314722,4.592343138707882,3.880293689899912,1.3175320844453209,5.978021427362725,3.716487858958137,1.5082144533378368,6.377174664471564,4.063803290852465,1.51529779463048,0.8417440535639894
441c020l_2.0151_440c020o_-2.0151.wav,8.260464798207051,6.617304724838522,3.078720765354857,3.862774035506008,3.3415638414358155,4.019594582388749,3.4071939875227915,1.6851454236687018,4.810245539393226,3.3914542027201824,1.6905554017040048,2.2941609344586054,3.9710970152510696,1.0039447937862294,0.6122723418836244
445o0308_1.3737_420a010y_-1.3737.wav,6.993596697785365,5.531444928025135,3.5365086725442723,3.324066292225772,2.8370740874955374,3.303373257970506,2.688508282771468,1.4342886517085829,4.22302373916274,2.4266040028637224,1.316210577119998,1.7331048901865718,3.2099322681059577,1.4974819009809344,0.2085708198363337
053c010x_1.8966_421c0211_-1.8966.wav,6.996165808826949,8.834887640888084,3.160395784617422,3.527572927850392,4.316914516968046,3.450551965584688,4.188198661799907,1.2586773165625167,3.9463751755095213,5.866198660249759,1.2161547016575796,4.139405082185061,5.899746764281566,1.687144070541991,0.4556722646817995
447o030n_0.58907_22ho0104_-0.58907.wav,5.1175657524344285,8.504301386585551,3.3621707983652733,2.6545583759352063,4.061939431341341,2.8153779835546207,4.1170489024433,1.0008730998115047,1.3581468786016568,5.1807862337082025,1.4693779947625014,2.007465220021112,4.338795022867141,1.09820336254032,0.9644713177644584
443c0208_2.1741_423a010b_-2.1741.wav,7.292703361541548,5.865578839756872,3.163927998525417,3.509968601499362,2.8162398856472937,3.4965693806359104,2.666839548029695,1.6654655063046306,2.902826576758694,3.0482958896646877,1.7845099003660736,5.279552959668663,3.496311236267134,1.1811591004138655,0.3696478147212502
051a0505_0.45706_443c020h_-0.45706.wav,7.921099324592111,7.427847746194038,3.120066296102813,3.830252783232059,3.933876490323788,3.705459551091392,3.850649996874372,1.7460214400483856,3.5408864554308384,5.057394613898434,1.7984515458514112,2.1187620923963837,4.44048988846122,1.187721180695086,0.3089249754085745
420o0309_1.2025_443c020y_-1.2025.wav,7.620445683053447,7.0249575049010815,3.423808927320361,3.804188332821761,3.4360418971148268,3.8160495329416086,3.266456190371254,1.779657367400322,3.2220853220715564,2.9007138537005543,1.1952281607685638,2.2347166079201677,2.917075257509777,1.40070249829762,0.751660661549488
443c0212_0.78477_420o030i_-0.78477.wav,8.767957361282077,8.49707585456751,3.433615317099231,4.2544944209154725,4.18914282414429,4.420197257410049,4.227124003399962,1.780214465616032,4.380614566682765,3.2431348878440533,1.2460139466785534,4.689252697813792,2.720183156785559,1.4893206882182712,0.9993133627050942
051a0502_0.43687_423o030r_-0.43687.wav,5.258900370892487,7.396364151949539,3.1966116998317857,2.747881154171093,3.854478695939717,2.767752806984142,3.7058007977353182,1.5124503557946287,2.4868373847480387,2.123039717812566,1.4603281926501308,3.765589310593804,3.357792287405898,1.5834993045441053,0.3543060854139828
422a010s_1.7295_445o030m_-1.7295.wav,8.23776432480102,9.000915528967994,3.74657506774974,4.157159943188035,4.351976419175057,3.987381694075813,4.343296204408817,0.9752309603632032,5.541447382083119,4.305674238666564,1.623650904777855,2.649548181264704,4.673742769049591,1.584532356318875,0.1214312995498295
443c020w_2.3819_421o030b_-2.3819.wav,6.047790854742491,5.529999201929908,3.096571612580208,3.0933774457675547,2.9811006157193334,2.926623504637557,2.948038203260268,1.536749571188376,4.608267655446405,2.5859483822567477,1.5810985747758242,4.499002243889447,3.6910301858915964,1.7026255228594374,0.1324832462247263
443o0307_0.77425_445c020i_-0.77425.wav,7.002298671792707,5.873611147500682,3.613557842309184,3.613291825175122,3.055992013356797,3.449889153941135,3.10289155529057,0.9961221411122336,3.858924298541924,1.1642517431057866,1.1462569043790392,2.8794319066019334,2.537544697779144,1.04600473965297,0.4887242800064639
442c020a_1.7479_443o030h_-1.7479.wav,8.57373781822598,9.349895419271714,3.064449322280224,4.043928969147524,4.503134795047347,4.14996654983964,4.609229241089367,1.3607876199376678,5.744794564954175,3.536340425288452,1.0335159321065404,3.6392957721715606,6.060383511290957,1.016580746333103,0.3683287214351051
443o030r_0.65078_421o0301_-0.65078.wav,7.63617691932552,7.695963935743748,3.3940732255854478,3.922984559697817,3.768859105683668,3.960838570778371,3.6031271719922,1.6209937499607416,3.2768654566287556,4.517405843078767,1.0629430127579669,5.904823544211909,3.6436557400875187,1.157942488867736,0.9598708273882564
22ho010h_1.4412_441c020s_-1.4412.wav,7.552635069722467,5.080409744784175,3.566017977100647,3.646088276700641,2.319244900170568,3.595024676068623,2.481394549231223,1.4897803065039317,3.1973510587278993,2.986394057496116,1.343386693372368,3.1798381842863104,0.9276722308319418,1.1661205585258951,0.6658046638200392
052o0202_0.15987_050c0109_-0.15987.wav,9.430535610486146,7.9339659081677825,3.4201431103501987,4.5934790308583,3.963171295620996,4.717251369681523,4.047908584592436,0.9676969267759274,5.148967583395562,2.2226849773311783,0.9129150041079304,6.295913940321347,3.5430262645382498,0.9397465202734592,0.2592537886872202
052a0509_1.1794_22ga010a_-1.1794.wav,6.909394101059107,7.047621689483263,3.611418381377362,3.528904104559273,3.6585313112557336,3.358912753750149,3.660246143635197,1.2759327027485805,4.037075358851832,3.769959613999686,1.5349217437671128,1.65570357444155,2.867751114148741,1.248074617143153,0.8765396742888916
22gc010m_2.4216_445o030z_-2.4216.wav,6.353707814869706,8.447402188278955,3.12035287326127,3.247385951072073,4.359791492772432,3.126083175063621,4.4641257466521775,1.6754441562610194,3.543935508255607,4.914113734847662,1.282408186404484,2.589306175900256,4.8815898199616585,1.0505472023449862,0.4951296661253657
446o030j_2.1937_421c020z_-2.1937.wav,6.197416190351597,9.022127699172492,3.821138338266012,3.302427147103165,4.554093862064354,3.2356861156964603,4.688427903642687,1.51799619585515,4.379742416534544,3.0664098463629785,1.4798109060210114,4.912220320387471,4.763745603942526,1.6937666494148496,0.298955304349951
446o0314_1.0006_441o0309_-1.0006.wav,9.083031741702678,9.262293896207543,3.706460825129283,4.441982600585223,4.73742769754761,4.407108711020391,4.883317422431236,0.910597946651165,3.788000253981083,5.335369187288391,1.1265528605263482,4.871500237322147,6.7027792553031125,1.3766943462227212,0.4357153260615813
443o0308_1.3395_445c020z_-1.3395.wav,6.6678041937387365,9.158065585919664,3.801566749554463,3.411848370489144,4.506475784031245,3.5257768467268717,4.408903747554856,1.003408265079326,1.5774051590150608,3.9886345473843723,1.5522269319437918,4.332519147021828,6.1135530033987004,1.4474566768389985,0.4676893273504262
440c020u_0.91823_050a0507_-0.91823.wav,8.217666683052574,6.558395696668317,3.736177249331488,3.986810782846473,3.3879934621944114,4.053196436402401,3.5444956826321814,1.4619194153760278,5.296201359922725,3.536190746684094,1.7173009670136974,4.307176214429344,4.144749878100474,1.7790864708271583,0.6065253644717318
050a0513_0.53243_447c020p_-0.53243.wav,8.485865484358097,5.220556635606616,3.772032655461665,4.225705656807032,2.5378040006458344,4.12062138821393,2.6714351964582383,1.0589222848721789,4.752277099996098,4.1570437147688954,1.24285291497785,4.576386244524866,3.788547409039992,1.1270790277893052,0.5516542079489326
442c0212_0.28582_22hc010d_-0.28582.wav,8.043792163952835,6.190931622675588,3.961881541766489,4.184041163614083,3.069008019228389,4.103544820247212,2.919273792330986,1.5537609663963108,5.115784085075778,2.369754128136476,1.6211206656589854,4.685076361184251,1.289207964132842,1.3715604754053308,0.840393835078663
050o0211_1.2396_422a010f_-1.2396.wav,5.832351512739869,5.483565403424554,3.273122924181264,3.186938586092696,2.6377962759898765,3.0389960280200934,2.662555102919572,1.4650696579734837,3.994460330525757,1.6609894898256765,1.3743826643595989,3.8520452572170245,2.9137578674474627,1.0988511194400128,0.6874770952180159
053a050k_1.4914_440c020d_-1.4914.wav,9.846788096539246,9.766528282980364,3.523514489495865,4.837203044212097,4.778176164367388,4.905435901911047,4.933881903279718,0.9452584786722504,3.2762186919214917,5.955589532101307,1.7633346537666,5.679485673931498,3.1441114219170854,1.7803204670728694,0.6070382212094183
445c020b_1.6286_444c020n_-1.6286.wav,6.689335570998688,9.222900897264257,3.3350080252222,3.251341042839445,4.6823932852478665,3.202871531887835,4.824346469460521,0.9697760386144132,2.658996985047051,3.2003862725599994,1.5504092932114322,2.6653658126815927,3.4411540045031215,1.305333831259183,0.2280943064123972
420a0108_0.66935_423o030q_-0.66935.wav,6.5415516024467895,5.787492588525337,3.187439744672038,3.1624252154070107,3.0232658733101507,3.2452960267158075,2.8748326269230224,1.228428398813272,4.008953280566656,2.507159765609378,1.6234944804029512,2.225897734482642,2.2128613201573155,1.5352230894211698,0.7481725119755129
22gc0106_1.0901_420c020q_-1.0901.wav,6.4844590022037645,5.208798353341289,3.866668787719844,3.189837479735452,2.623697847671958,3.0409605908265243,2.605376495407488,1.36601016781241,2.8044833127387876,3.220006626748989,1.5498406081029723,4.804445631829893,2.6386902358611883,1.6319037472186395,0.8818093047154574
420c020s_0.14107_053o0206_-0.14107.wav,6.151629623189194,5.492284766570173,3.2743382440744253,3.233227790334739,2.7654065895463718,3.0881516071479536,2.854023185463583,1.1679786636988254,4.13257301929854,1.0987371753700927,1.3240032148005352,4.5562225165150645,1.7938534325826134,1.6755663419733549,0.9700447439184072
22hc010a_1.8427_441c020m_-1.8427.wav,8.609715520922874,9.455753077633789,3.018907250811134,4.253291125731814,4.691501674787991,4.121045151036968,4.620713242279496,1.117344800715803,4.904300068922904,6.496644381326179,1.6367403610633664,4.481991935576008,5.425971797836247,1.2049339868603557,0.396645070379693
445o030g_2.4318_051c010a_-2.4318.wav,5.271228792801761,8.825506940092822,3.675251642404197,2.583043332577219,4.540587655168397,2.445421691478611,4.440786433225347,1.3110406942207775,3.787008493227796,5.350690351178921,0.967306627256894,1.4929545963422295,4.843115453712456,1.2970259647457856,0.8786684242594676
447o030m_0.69811_441o0302_-0.69811.wav,5.118326035286528,8.86617644154278,3.153202002252219,2.447369036340857,4.630120351864043,2.617095767687202,4.62048517327277,0.9646891545508856,2.1390974597894807,6.465556960329833,1.2540887702376065,2.1983902827897848,3.9943637312789435,1.4468428772241015,0.9651072316775486
22hc010i_2.2653_444c0205_-2.2653.wav,8.938539901456526,8.68813900517351,3.861802581072188,4.451091794411029,4.478181163618109,4.294301308527023,4.54388309308945,1.0547165904386586,4.242352537942064,5.271086319904349,1.1742657630694568,2.938273935633496,5.11326570540955,1.3096214977194824,0.945949437586344
052c010k_1.1438_22ga0108_-1.1438.wav,9.76238187818442,5.03046489124063,3.3631032751265453,4.832476758447902,2.451339086022428,4.9217629038486574,2.5718711740300426,1.4001612794466018,4.101664221075552,3.7325560402892646,1.0850085587968066,5.871819261949263,2.5910239353260756,1.3407299075060772,0.5955284987088263
440o0304_1.6298_052a050f_-1.6298.wav,5.035531669372504,6.156268521920018,3.379884760153605,2.381269022218625,3.2095546964443447,2.5259013988400163,3.249322467727735,1.0222005511227346,0.8240576899307708,3.1795934913394066,1.46483048405816,0.9686014678516991,2.3606486456006746,1.7004865713976858,0.4561783989745848
446o030w_0.3071_423a010c_-0.3071.wav,5.804103814618268,9.58412267453157,3.912972233312588,2.8098655420644825,4.797765483539437,2.67395183685552,4.861227793112689,0.9800625504429004,2.1563577672479246,3.41850846556268,1.6236628685650394,2.1274371466959088,5.039050923564179,1.1508934805831776,0.8258675342868216
053o020e_2.3727_441c020v_-2.3727.wav,8.607701348086652,5.0205967504948585,3.687504764668062,4.23403504069715,2.323186395747079,4.385523724399316,2.4003302789147383,1.4390594199599347,3.7088783109083328,2.808716416574948,1.4026055543081442,3.142641429635825,3.9048876591545794,1.0111524047395828,0.847188020085037
442c020u_0.054776_052a0507_-0.054776.wav,9.350458202556512,9.575639198407924,3.254115480735088,4.415913238571038,4.850248854176135,4.5656473183935535,4.859176638879225,1.047794731750552,3.8935292407809556,4.736950709584804,1.7258785130225116,3.625281467712217,5.493098595519966,1.0024328717100233,0.546593141560622
22go010l_0.7506_442c020e_-0.7506.wav,9.864603021551792,7.692316762384222,3.27472177652672,5.061841841403561,3.9011602692614233,5.187136748838904,3.818690964845971,1.1093190850958277,3.5273770936381657,4.584517911396543,1.7113964944846305,6.459820800989898,2.82181456455696,1.0900239431153982,0.3755352698161757
422a010p_2.411_421o030r_-2.411.wav,8.642521364702043,6.030179728169369,3.526823984955171,4.208329748373711,3.179962035266239,4.068779718903754,3.124954860507537,1.791343929167649,3.859767178152979,1.317051085022638,1.6135184510355858,4.599120571120458,4.682184478182904,1.5609477789404445,0.409630588326843
444o0313_1.2914_446c0209_-1.2914.wav,8.64876904234104,5.600388799495456,3.67343054950939,4.2488215336339294,2.640490941058564,4.217024128050431,2.797299502681195,0.9302698046594492,4.248245549827812,4.601304804924605,1.387156433244985,4.64981633439766,3.556359997852481,1.0085150116682418,0.8628345259988313
052a050g_0.64105_447o0305_-0.64105.wav,8.724993743453338,5.095249320316392,3.3026840553765675,4.493476980733147,2.383732738018943,4.340929017137675,2.3354717931165228,1.046100002579196,4.484365701997928,4.0610119117409305,1.609214763989276,5.3164685680135495,2.4578705350583867,1.643827287477453,0.9982284972642856
421a010z_1.4688_22ho0112_-1.4688.wav,9.343451144308853,6.532153425549097,3.785918527324413,4.524840427799271,3.292659386215536,4.558700641931649,3.4592531613060515,1.03672866445543,5.415596597420189,2.2264291025978817,1.3443301962670269,4.69991859329351,4.410456475478009,1.6680390064877455,0.9901637975818968
051o020z_1.1949_052o020b_-1.1949.wav,9.097578102894506,6.473168432149479,3.8167650155767623,4.561022493562668,3.011704044649614,4.405804212113054,3.081038632726767,1.354716643595772,3.5833093907990063,2.305463326295784,1.6848983662819348,3.304632960423658,2.457490508487945,1.0480570313194009,0.916787792353644
441o030t_1.2981_444c020b_-1.2981.wav,7.680340017686997,6.393240586658673,3.4012006134191743,3.768724704125044,3.0419684750709477,3.800657871602304,3.208942343729697,1.1725713156170734,5.157262995523146,4.444461474739192,1.1577098257426872,4.283655936671844,1.9854481291962935,1.0869166566806063,0.4567239771356145
421a010d_1.6747_446o030j_-1.6747.wav,7.583313575925928,6.440662473088539,3.422803611505572,3.8524168674545134,3.371361923946265,3.79202798056664,3.234055032857567,1.3167914620463506,4.474400849344255,2.6556470508022394,1.6965320706843985,4.664551674889592,3.7128192468111343,1.657559183579758,0.5657586409840927
441c020m_2.1097_442o030i_-2.1097.wav,9.734638630948618,6.274512771651173,3.9198841718360136,5.137125733039575,2.936824565727395,4.987143095599224,3.016857112022238,1.2827278961860396,5.990602045133521,3.5037112307185634,1.7272870374222682,3.365997517660806,2.294002165705695,1.1274144947139195,0.937633607563122
051c010j_2.365_421c020p_-2.365.wav,5.461573173629689,6.979474014140118,3.125870449253398,2.8121080898401667,3.312053464952133,2.7634938081223224,3.453957135140955,1.5173730912061294,3.370182044767858,4.678580003371098,0.9227980721893398,3.6641039462702567,2.250612825182727,0.937417964251854,0.4439505561129894
447c0203_0.87169_22hc010g_-0.87169.wav,6.649097443983703,7.128170513347097,3.410045120729237,3.387419603031898,3.602473108079211,3.533992143983619,3.688592154979164,1.1874593629095238,3.285287508254698,2.5283197140473175,1.5285025684563205,3.4465899342505972,2.9461071010492788,1.2769842790277757,0.7565040690055138
22hc010a_1.7104_441c020w_-1.7104.wav,8.613271337585115,6.370705893155268,3.21618336766181,4.416458787163229,3.083115729908799,4.268123463618968,3.105400966928388,1.288793410543977,5.689066864156147,3.4777490951047954,1.0644548077820248,5.120531855666713,4.316687903242919,1.0929319245760178,0.3296354373620912
421c0214_0.4073_444c0206_-0.4073.wav,7.760756507418621,7.581770805325244,3.92453166857984,4.008929353319081,3.718362057396615,3.920980694637626,3.8638441299558575,1.5843192569572375,2.8999700274346862,2.5151756913119954,1.0510863596256668,4.927164463493261,3.128894054106237,1.279341602344652,0.7304754071756078
22hc0105_2.0353_050c010v_-2.0353.wav,5.4589464275996615,5.537998634505336,3.233167175815871,2.8430914984980453,2.662421636583995,2.92531955266928,2.7878750028489647,1.4989885472662912,1.7578993258133377,1.765057667098288,1.6579621610215312,2.566762067362656,1.3846186288057045,1.547081185478946,0.5337346962573062
420a010e_0.71799_442c020s_-0.71799.wav,9.25987071141793,6.827698159917595,3.249638172453503,4.4063318948893055,3.379569028227076,4.55515321442987,3.3983364161701344,1.474813753273939,5.443635349766506,2.1056903646121694,1.2280534108977863,4.256476156506049,2.6496571545272776,1.2393880465741671,0.2127928640458588
447o030n_0.41297_423a010o_-0.41297.wav,8.084610053377133,5.729458476825128,3.375371864467782,4.108644377815637,3.029948590622697,4.268300001515496,3.019456602202532,1.2768581883500956,5.517774961717897,3.6455745933732,1.386698409876452,5.311426029819607,1.3866191037542355,1.01252690593969,0.6913475391662853
421a0104_0.27287_440c0207_-0.27287.wav,7.118387231460552,6.38270661449436,3.974914915689454,3.5369402380192865,2.999246471278585,3.3691155887196063,3.026355272200781,1.474517928199245,2.04658022890443,3.7842127410054127,1.2497541511481791,4.139994672346758,1.743538975622342,1.4229817728758096,0.8539513403999208
051c010h_0.47694_441o0301_-0.47694.wav,5.936919883301015,7.881964928610445,3.634036350373041,3.000681191384216,3.784665223035821,2.8322096651691,3.807410439120732,0.9376619348253068,3.207082708746731,2.036018797450445,0.959136738965218,2.8109700408898184,2.0552588593089576,1.5443573079672748,0.857434431670349
423c0204_0.59528_441o030r_-0.59528.wav,5.174085990396204,7.249289530561787,3.432369445597265,2.701889632450342,3.8210089926706647,2.6443435541798714,3.66104509400697,1.3167539942427413,2.247172817705431,5.017345057925644,1.729658745021453,1.1432986023118077,2.697490534824943,1.3159254983442903,0.8858398587874885
442o0308_2.1938_446o030j_-2.1938.wav,8.495506555803686,6.60760368052786,3.484137826555774,4.253021743667734,3.181136916480129,4.139846316988473,3.08269240014749,0.948683847127704,5.65658670137094,3.8155565927569994,0.9999968197025886,5.109548022734023,3.1180424335378243,1.0198202298281498,0.2190076682159279
441o030e_1.3995_051o020e_-1.3995.wav,7.917780827987125,6.846677638954511,3.192294713717727,3.9636704534102334,3.543699439464999,3.86707390029828,3.4289427144904274,1.4185907968587892,4.65561592414161,4.167991843007847,1.7557460471482709,4.966655900660504,4.240223347383506,1.199996990770284,0.2522087567450738
421c020t_2.3412_423o030j_-2.3412.wav,8.780073712609628,5.974363631248391,3.0707204335901856,4.252505542029614,3.106942873989108,4.317761621429175,2.971881243237076,0.9152358973141248,3.7925748740778853,2.0168231472073423,1.561971898914908,4.10920437441571,2.0549388331556533,0.9228866412121488,0.57246901549214
442c0206_1.8619_422a0113_-1.8619.wav,8.1534441942882,8.233021786274076,3.196598821059707,4.026111418572632,4.031978460157895,3.865616621269344,3.975930087848108,1.5665604690496884,4.720192619974351,3.9741887997319836,1.6895360380250517,3.617513279634133,2.006954695495073,0.9351642817673672,0.9226762061236322
441c020z_1.4832_445c020o_-1.4832.wav,9.890676342462552,9.785134454471056,3.981509935924552,5.110086536803887,5.03722217908905,4.97494516477868,5.1403570886354535,0.960053821109096,4.664616370557632,4.45616991238974,1.784905431074442,4.323432708335598,6.125747655749989,1.7543238083596209,0.7042780789483176
053o020c_2.3533_443c020p_-2.3533.wav,5.204906404177006,9.595890831654128,3.702022735882228,2.7862131198509985,4.86498692167655,2.723282741840901,4.728826106742494,1.328682545461172,2.09554527347904,3.2449693176378047,1.2127274222419424,3.6720144501781964,5.77280996205673,1.3818817034670234,0.2613124062320642
445o030p_0.67162_422a0102_-0.67162.wav,7.730589922062391,5.19163034453711,3.956546697956071,3.744984636049504,2.599099346024222,3.91258038225254,2.627589096016943,1.3023910695513796,3.2628790688095775,1.111424722210165,1.4283299724160696,4.696733189953934,0.861860709670984,0.9414073186078656,0.5929957801840944
443o030y_1.7031_440o0308_-1.7031.wav,6.321947288413018,7.560387313100354,3.4515134829972185,3.195031818604785,3.5796920277216744,3.192386976003584,3.7296687086011193,1.556927211476833,1.4137021810517227,3.3398016817727116,1.0451042329220634,4.218916773590176,2.9105669638548477,1.3062641037227218,0.8353928661677239
440c020m_1.9692_442c020o_-1.9692.wav,9.24216128591844,6.335078652472194,3.657945256050245,4.421115309199568,3.346696694172027,4.590205479891786,3.3642612657659,1.24722635443188,6.099376852560491,2.5087755783752534,1.18039610569301,3.6253017041965667,2.630041050875654,0.9814242444797184,0.9357836407281412
420c020u_2.4018_422c020c_-2.4018.wav,7.180745379292183,9.47259662589433,3.8045408945732655,3.579922468815562,4.99490343445466,3.6419786076366503,4.8366345631166165,1.735967803426089,3.4023148171788096,6.425039025475685,1.3555763110803976,3.22317681818926,5.640700514319504,1.4542631951515976,0.7248485596806281
050o020q_1.7926_444o030f_-1.7926.wav,7.258198830214195,5.977322989367964,3.459321144817009,3.8439031080238135,2.818215255156232,3.711367107953483,2.8884591779208195,1.381929679486268,5.3994310036830795,3.309578783763847,1.4238600264309027,3.7982380312778496,2.105091300398825,1.3088923431238793,0.4584714589233952
052a050e_0.50492_444c020w_-0.50492.wav,8.827656737900591,8.652974947276373,3.21276031977496,4.21724814401257,4.475556475811154,4.340871927531715,4.560510346519977,1.3058304973592711,4.722893823724821,3.431053797228836,1.5725713046419931,4.5730415720269795,3.7049251664490637,1.7437171665538649,0.6416009962325421
444o030e_0.74611_052c0106_-0.74611.wav,6.845035791842697,5.594007851907096,3.6575787273143834,3.303929896218038,3.025106800368717,3.302621332533447,2.865112151517315,1.4736548757406704,2.158499852711549,4.118729278392654,1.7959164442793318,2.965958612437672,2.2358335999384233,1.5227083443931986,0.9761744906759812
053o020t_1.2175_22gc010r_-1.2175.wav,8.019077100959473,5.37324111918012,3.96106794327555,3.780948738799113,2.7694787424896754,3.88575866054657,2.662171332198998,1.7227272155439182,2.4990200678693584,1.3410896942246777,1.125246564792134,3.250819554746265,1.6699152711790668,1.5829055773735463,0.9098415654897714
445c020m_2.3582_050o0208_-2.3582.wav,7.124171577589877,6.043794635877408,3.0733604287436664,3.47693622012906,2.796490805288072,3.3409957193579456,2.8985700894259363,1.65498532157397,2.2708970021687924,1.2565280479990193,1.1895202869740378,2.953110264137264,2.0127976571589734,1.6110751659308338,0.7776953180983572
422c0214_0.81884_440c0213_-0.81884.wav,9.507145754199788,5.160923056132956,3.0449726728510544,4.689540315276346,2.422600873245069,4.768195461452947,2.561932736004229,1.4721646964183974,5.517811025612878,3.89700175894727,1.1360801328967916,3.3658729448298583,3.7665104845251776,0.9001880990222655,0.5312398085179855
441o030f_1.6983_052a0511_-1.6983.wav,5.255103883706277,5.262894256211246,3.0181231001165427,2.481659902870624,2.750441987523791,2.536435238485702,2.589508266358041,1.1862725979161652,1.6728108432297568,3.668762285816087,0.9858757686496008,1.8511832381086792,2.5852963492063505,1.7986988996772235,0.7060756761194604
444c020d_0.85984_22go010m_-0.85984.wav,9.465977623879793,9.104455120807634,3.131187492197846,4.781734498958229,4.684820218594623,4.624495619045645,4.620198746591609,1.674497820112213,4.484006338414725,5.4480854321989005,1.7613487231493343,5.68497995992883,4.303938955251705,1.345715233025492,0.7580468174809759
421o030o_1.0515_443o030o_-1.0515.wav,5.213741811991584,9.306643034494432,3.660085612044852,2.842280215821146,4.631726043421852,2.7163971894163166,4.713294809890156,1.565265206299546,4.094298564013549,4.776283228510042,1.16490566277237,1.9786192710575126,5.18147230455812,1.5628143531825671,0.2644190094839754
420o030v_1.2845_447o030b_-1.2845.wav,6.876291839375513,6.922529563670153,3.184964432567305,3.309401505445724,3.561857096480809,3.4754364030726226,3.598359326139083,1.4711666178192129,2.1315786170290143,3.107005109470247,1.2613702867984538,3.8034468682714957,4.639557131284339,1.461157671750266,0.9316770563228788
443c020e_0.78411_22hc010j_-0.78411.wav,8.56663863367844,9.013984813742118,3.0567256095410738,4.25434631906292,4.395237804835968,4.305884521133846,4.557237229919196,0.9818784656644256,4.134773937527272,3.6787450870826595,0.9073315121045902,3.5803931720162097,3.321438281071128,1.5975182370997112,0.6852787433058745
050o0209_1.1549_423c020x_-1.1549.wav,5.005390757352847,9.852371561651283,3.348073941803534,2.654278039685185,4.811853976276399,2.507395583574565,4.84227673234668,0.953082353365674,2.0327405429879204,6.21303385113493,0.9432762142421202,3.3107297225616215,3.4285483870781333,1.403650308944084,0.5937627898134634
446c020q_0.88477_447o030s_-0.88477.wav,9.1602460188361,9.754044890461062,3.006856360556021,4.472635499468676,5.115357646764353,4.356350415727467,4.991350472377948,0.96703218923101,4.655820386076587,3.4116372849259213,1.7051843519780685,5.33031031271189,6.486575543326389,1.5643872353855863,0.7346236791384009
445c020j_1.6033_051c0108_-1.6033.wav,8.771925262361528,8.182323352127906,3.904724654156485,4.2870514208567885,4.230137621228838,4.344650154104465,4.091637130513956,0.9737748990105256,3.2667460540405515,3.397886546888969,1.2936104883559154,6.317221968529655,3.787896922373304,0.9096663513874867,0.2770385345161233
444c0207_1.0436_447o0309_-1.0436.wav,5.024232879066408,9.477196559661166,3.019494662915529,2.683495825827874,4.7759363349574375,2.659428299481284,4.627879743832436,1.239963320874522,3.2355746356164206,5.111618508381629,1.7943162948775997,4.071292598098104,4.800992880213946,1.1523745825405824,0.969207754568432
052o020m_0.94179_443o030l_-0.94179.wav,7.883049342999507,9.238030857789516,3.936369074633835,3.859492327699694,4.381733910608761,3.840676699729765,4.530549138808355,1.2515998686735497,5.114893773150027,4.696433935483563,1.0266567084040052,4.919427919128387,5.001974048775469,1.11030844697675,0.3712292847076067
053c010n_1.0655_051o0206_-1.0655.wav,8.765520863330732,5.289348407621617,3.619799853840588,4.310478587450056,2.7829087522166347,4.381876663760037,2.650990919080876,1.1963497203455429,4.868273460169465,1.9043023822837886,1.598601289287536,4.760501935505828,3.348361407035497,1.0866307285038772,0.525189819958861
442c020z_0.54875_050o020j_-0.54875.wav,9.449378258728387,6.308243147008177,3.1786830954773944,4.648481882332815,3.26097684836316,4.672952925328568,3.429206358422186,1.347635262530399,3.98124142496045,2.0013922527266783,1.4849956798099144,6.405857325017944,4.212477015815941,1.746196726207014,0.5244943077744156
422a010o_2.4418_421c0212_-2.4418.wav,8.305475007010436,8.020410743903154,3.91762714704328,4.206085125471653,3.9495997459625976,4.233769868981542,3.781869143576534,1.1497891077322755,5.6735611340032,3.069722261166309,1.030364032990151,5.006984289632861,4.653935269604362,1.6899420192052967,0.8971075161440308
423c020h_1.4704_442c020y_-1.4704.wav,9.22586516873366,7.672249626720469,3.7272650011269297,4.430622196284822,3.693893344833648,4.584800120939495,3.7655115516610858,1.6162218081717652,5.017342110683143,4.44696170563826,1.080863774732983,3.465949433885387,3.558322884415896,1.5538423952611409,0.5522434756892368
051o020y_0.77792_052o020o_-0.77792.wav,5.03905359443638,6.79968108438505,3.0995694464883616,2.417295681579114,3.3027303632784166,2.3901000747571186,3.470540967739468,1.1081648935957615,4.001773679862296,2.673269941000669,1.059490580223981,1.8583415811789479,4.461823212667041,0.9360827871219396,0.957007709875796
440c0201_1.8408_443c020r_-1.8408.wav,7.360686847254407,7.430249984537825,3.659665998918627,3.651038308073369,3.821779380464174,3.765755756875633,3.918422574431984,1.2561502865941527,2.773331340941215,4.621067215536026,1.2858359773172978,2.6586241569103577,3.8110267075174917,1.6541926585586628,0.4980436063780991
420a0113_1.5533_053c0106_-1.5533.wav,6.86232920535355,9.697729964285717,3.034271556638904,3.5096056891292857,4.730050262675056,3.5935975717377726,4.582248491184042,1.101473223312978,2.2708670331122285,4.017915067911892,1.2057695836127404,4.014683471446226,4.080718441018794,1.010586806588291,0.5356029150376816
420o030v_2.1968_441c0214_-2.1968.wav,7.508613412323648,5.410529910112781,3.294815031391761,3.9469333732379863,2.567711035172818,3.806746893611731,2.47154580793346,1.2417797178375536,3.4462681696526993,1.6476598951917716,1.3148857710368012,3.6916647027454044,3.2762964107818218,0.9365991836784228,0.811856732894729
447c020a_1.0193_442o030l_-1.0193.wav,7.943900371833786,9.900507523417236,3.608376897957781,3.974512115657397,5.077448193510525,3.8261019705423,4.994536018126473,1.0773161452519764,3.6946542564979654,4.0685752290533745,1.5702122414233814,2.0744653229164407,4.548272987466759,1.4145736547290002,0.8707055942478096
052c0104_2.4921_050c010m_-2.4921.wav,6.374416104307393,6.980577561151428,3.4101020225973686,3.1234151640351677,3.632005345997084,3.268167802171842,3.59267757270043,1.5369739292060027,3.803990994314986,2.893359340921019,1.104060722659127,4.1209667696450865,4.42783265274894,1.4845933683900598,0.3851192787258291
440o030x_1.9441_420c0211_-1.9441.wav,9.232860665582248,6.807169990618887,3.692609063834944,4.74031038052457,3.218271119532789,4.7712180444751136,3.365052304666036,1.457943695328773,4.885618775205587,2.111756481396734,0.977915064551887,3.722917012446464,1.8708317085113788,0.965142100695703,0.4956884402753912
22ho010l_2.3991_421o0310_-2.3991.wav,7.633371397893134,9.30366044529913,3.9408937213266473,3.734147637344221,4.424561825393647,3.78972947628389,4.563883967137465,1.2156878993427016,3.7811000348119466,3.203972098769957,0.9613494611725192,3.977258087099261,5.29540763620423,1.205305718385115,0.2559076990908091
443o0311_0.96866_422a010a_-0.96866.wav,8.74547506081113,7.728666514028035,3.911970967958117,4.324375875499934,3.667398098433498,4.24907400290893,3.8198107881423535,1.119309951762342,3.1878681147372103,3.9167107261700043,1.5902266797288656,5.906454409938714,2.7839957306761622,1.496845206491209,0.8404096549068929
22ha010y_2.353_050o0213_-2.353.wav,6.325874668870793,9.891778637068366,3.009535533780671,3.318293232084414,4.692838626551806,3.2053158751886417,4.819866642472883,1.2743513231943036,4.01382717254031,3.3117725615264613,1.1150244593980356,4.250826638261686,5.616919398623811,1.3774664793031173,0.9244550675396376
050a0513_2.0142_421a0102_-2.0142.wav,5.925782621271026,8.69690869406806,3.6800283370980793,3.073264572520316,4.38367774449755,3.0295527596711604,4.537590958411887,1.7457206677404449,3.9820029834931834,4.024089618616921,1.4034700393377098,2.9568677111856045,5.915841147013637,1.150954639890235,0.7133348292624573
053c010s_2.2139_441o030z_-2.2139.wav,9.16303301330667,9.432227094089598,3.4147847950956995,4.475785992231522,4.6850042733251005,4.405357060630099,4.530279467319463,1.0848194419879844,4.028643656575771,6.537605131824179,1.0418025058023233,5.050402436476185,2.8277955038378852,1.0451813280092863,0.8503181131863081
422a010m_2.435_444o030u_-2.435.wav,6.914347801359895,5.138899213601096,3.582825455239744,3.440904562910203,2.420450840954943,3.373356290969121,2.55438078890451,1.4560340508059364,1.6422997051411925,1.8662167786184762,1.415662808197366,2.8824942302429744,1.973059018381318,1.5170030613354966,0.2533790290751143
442c020d_0.8411_050o0204_-0.8411.wav,6.787385671332188,6.223495734251455,3.116508624234632,3.607845168139366,3.154170524690235,3.5289647284006995,3.003578771175527,1.1572285615211635,1.7793659029167639,3.8003168950229846,0.9972532823838844,1.9103021905977657,3.631125809725234,1.3146920685585206,0.5406496296173707
422a010y_1.1872_22hc0109_-1.1872.wav,7.53826528605951,5.350918584775861,3.419703286149178,3.552690848069634,2.528640817354185,3.6787190384921935,2.447296516885036,1.3584038426017455,4.638534103164577,3.2701223853336754,1.71540674327371,4.605091588944747,1.3599299128292106,1.4431735609109313,0.6951473766104777
442o030q_1.1185_051c010l_-1.1185.wav,5.633990028031429,6.465022439159225,3.001322289156912,3.048283691731888,3.1833799682713795,2.944168309834192,3.075398547405117,1.3083121300075846,2.2292751968407623,3.919773996164421,1.3279172256744558,3.0207465125405015,4.911037674987998,1.420695260063918,0.3828701869604323
422a0105_0.78674_445c0213_-0.78674.wav,5.640346922929307,5.90801376967999,3.85381802618212,2.8962230853651785,2.955941614369239,2.9937597942450185,3.069900336812453,1.116961510057975,2.333268763125206,4.0365426042281385,1.2211379663882995,1.6875907434547908,3.203246921949449,0.9709576167919264,0.6360371306577015
421a0107_0.96902_050a050m_-0.96902.wav,7.436805635802716,6.675335634243554,3.054461085842856,3.855320962369318,3.517561040485958,3.805248077428229,3.3761654740997504,1.2807976789856292,4.245726074674115,5.056782573542105,1.12782958394539,3.555712946821715,4.567380816157559,1.4905428187917762,0.7730613333775342
420c0210_2.2484_441o030h_-2.2484.wav,8.703474330656192,7.92567365726816,3.2379524873245327,4.517704129861375,3.87333091505512,4.529661434929073,3.7238082650802142,1.7434939178224087,5.228303413137522,4.170201495528408,1.6281869086526934,6.0559922474066346,4.080460690957669,1.3688538982851877,0.405390219133185
444o030p_1.7163_053o0204_-1.7163.wav,8.311953077315094,6.334868361884035,3.9841179911777513,4.17982986314814,3.028211081858183,4.130130289657161,3.1697382961839606,0.936967263674675,5.03003460884699,2.5875347036731546,1.6283698358952878,3.698139697926185,2.6627599049285795,1.0999850310695198,0.4730968303495153
421c020r_1.2947_420a010g_-1.2947.wav,9.39802822447574,6.479163135933675,3.730783687433528,4.699830969145602,3.2633136737402624,4.64530170818862,3.4243309389619934,1.739265937830608,5.170916135223635,5.216352576134268,1.6420633357118266,4.42571360903915,1.9195495815069812,1.5124708797667088,0.7831464153081691
422a010y_0.75209_445c020n_-0.75209.wav,7.192020409925654,7.694167601308988,3.1058430492081603,3.549567729830182,3.707549883017344,3.5376609937342685,3.8570765683799983,1.7933705957457544,3.0485910990879477,2.832242853656298,1.4840486467029153,2.031469241735807,4.87253989569361,1.3694176409440608,0.4938341426782197
445o030g_0.98807_443c020s_-0.98807.wav,8.404652209180824,8.329691107819368,3.726460070123831,4.285607869155419,4.046360402530678,4.138843625597544,4.077348413323317,1.285505754676414,6.167222657773542,4.154114032527042,1.4963429966740578,3.2087299776140887,3.8275671474610657,1.6668856024902352,0.2794258296739881
444c020x_0.16943_443c0213_-0.16943.wav,6.120212818157504,8.446701365404046,3.371461151803844,3.091137313487531,4.302331410318641,3.041271946421084,4.464853547787137,1.291553781920097,3.745247829624823,4.5896573306508985,1.5325817299474125,4.087883782743572,6.136914368244207,0.9309954285686924,0.6203290561072184
422o030v_0.93696_447c020v_-0.93696.wav,5.249715654964586,5.205241731389879,3.172622233712397,2.548350192069412,2.5543495058647547,2.4807651977658964,2.3983614661149266,1.7766078238943903,3.8535878745749375,1.5457849682766913,1.7659135343813686,2.3338188302652934,3.7762381512042165,1.2166038925061868,0.2224074790552381
22ho010x_0.66464_052c010z_-0.66464.wav,6.925495149275982,6.987050586135413,3.773704121055318,3.381458818941044,3.2900302484241206,3.431045712840324,3.43159698164002,1.0715381320292996,4.6522431703693155,2.8145194165345826,1.7076851560641857,4.981240710607768,4.06569999025451,1.0977426303034812,0.4627166958829825
441c020b_0.23607_421c0213_-0.23607.wav,9.483222891918215,8.238912467796494,3.4695750445749933,4.755181972666654,4.122396315525983,4.599656635666636,4.053753256510299,1.2546091952987102,4.2818188960238555,5.653647896449654,1.177613308561883,4.533670342687731,5.764631421802856,1.4145798094242332,0.694603635379107
420a010x_1.7996_421a010o_-1.7996.wav,5.312220391030157,7.295156244736455,3.155359119631413,2.463691472191303,3.6791694370570407,2.4919131836681707,3.8264906337712823,1.513737272751571,2.063316039899714,2.9279947077152864,1.5699169081090767,3.3632445376225153,3.9376761810254504,1.4165885717952174,0.4505605907447654
442c020e_0.50035_446o0315_-0.50035.wav,9.262087699329449,6.70470778663858,3.89854142530732,4.7496464414223984,3.463299326183612,4.787562125424146,3.6187419230053313,1.2657830432018922,6.476420345995238,4.504558397979146,1.399977000566396,3.7021177199534296,5.082737077003427,1.5979545271198436,0.7996989004143229
440o0301_1.1536_447c0203_-1.1536.wav,7.836515560816935,6.66807339663087,3.269558865286659,4.08657169308514,3.4575596412690786,4.129235384449316,3.3137548797374023,1.3720109394642033,4.461947382155455,2.8018969340502706,1.1688663727502844,2.246406161144632,3.5072003151424695,1.297485204107401,0.2487284682444552
052c010j_0.75492_444c020v_-0.75492.wav,6.119825676834452,7.386770668809728,3.88812453460424,3.067928577363097,3.684838286115765,2.9927283171407253,3.8373011368778025,1.2207744924491497,2.943300711605669,2.5267530221684975,1.5261993550964268,2.811972942977789,2.2496340508648087,1.5208744655354676,0.6840553876209057
421a0105_2.1913_22ga010n_-2.1913.wav,7.805362682483013,9.843043442713247,3.696110510493517,4.145680680987267,4.73478393137558,3.99812848789228,4.761771897450474,1.6153214321179667,3.087002328978,4.872709649665775,1.5502332176876872,3.195750017181059,3.5794326611690286,0.9748988372533046,0.5964275825629315
445c020i_0.0027736_447o030k_-0.0027736.wav,8.077461159480578,7.301676529394031,3.767865637024969,3.864284644969497,3.517765495560991,3.964367476825101,3.4060362390174923,1.75951713368088,4.663112816030053,3.1091389266651586,1.0158155809628326,3.160797213206846,5.027347027442631,1.020407227894407,0.574186995094988
422c020g_0.78713_053o0209_-0.78713.wav,9.763731233313017,5.408667652377638,3.916054903759959,4.79812048660968,2.7492471568771983,4.66555845198727,2.6428173350377944,1.36344676947686,4.211376390280496,1.1883930981828341,1.0113191662591183,4.645768719084984,3.7656513699826117,1.5584686326903583,0.2715032776744636
22gc010m_0.78471_446o030y_-0.78471.wav,7.231583352775141,9.405978815960603,3.653376092267784,3.6507673236326896,4.628629357824468,3.5564301627183754,4.74525053973679,1.6849079908010989,5.112281029450217,3.407757978977961,1.4629512894512977,4.3137449730584665,6.034070025689647,1.2728630206283111,0.4967196655201916
053c0109_0.70965_050c0110_-0.70965.wav,6.402381847545885,8.31669836560576,3.5381630758489786,3.1870738111861785,4.293793159611734,3.0563150318315184,4.367292422340548,1.163265443149621,4.362515761196767,3.7283798516407325,1.356864889613013,4.024219370797921,3.700985742160601,1.2400293857976867,0.5888800372229093
445c0206_0.77473_22hc010b_-0.77473.wav,7.0075349772107,8.790329730031068,3.521396011473159,3.688986587492697,4.327799747943868,3.711297772656271,4.49632930326458,1.36155319890794,3.0568865239521763,4.635455902834557,1.4365791632347764,4.755256423832565,4.008391250223625,1.4237936476642885,0.9718635353520704
442o0305_0.15429_440o030t_-0.15429.wav,5.60344478595151,7.004773684557305,3.753017156138679,2.91885655128768,3.4654129312393787,2.9551883336332847,3.309592516685984,1.1034774505627916,2.6824590126711447,4.057353189087528,0.9246730456916784,2.664104358772043,2.1031051556154106,1.5394423474296417,0.9661683775782376
422a010d_0.51942_447c0206_-0.51942.wav,8.307220755483291,9.392832003026722,3.2494095882230365,4.17041452150522,4.48310187672934,4.008138121491657,4.5337612292581495,1.2946369519941572,2.5304507046195788,4.545593732758322,1.4187353367333315,4.214401395183974,5.574279056580388,1.4470643376105294,0.2771344496480782
050o0207_2.1058_22ha010b_-2.1058.wav,7.604201134085011,8.369747920768198,3.741689443832791,4.0711268795992135,4.348804956882751,3.921639121717423,4.361190845767889,1.02833468052666,4.738499172651036,4.835578746856038,1.4957078065095255,3.6559617847152994,3.081938166433999,1.148231319750996,0.5987193341895447
22ga010r_0.95522_052a050u_-0.95522.wav,9.723511461119038,6.712140438439012,3.0874392792997147,4.66045996071902,3.3011747119692108,4.728474776232488,3.167481088820353,1.2684505312940566,5.602858566442526,4.75735544987545,1.0188086575466908,5.520295160380438,3.285040001794758,1.2402213516807823,0.2591017813527665
052a050r_0.61429_440c020x_-0.61429.wav,8.391545080935394,6.23131812028592,3.166506131089692,4.224044511588536,3.225056390857288,4.345648054747862,3.1062600176336166,1.0692551089889155,4.825923304295342,1.2479305235950822,1.433434899489738,3.9975840399851963,1.63682976519421,1.005315967978317,0.9837952350721146
422a010q_2.2731_421o030s_-2.2731.wav,5.552700023759781,8.042166708166079,3.3388938810981927,2.772080937575531,4.12502050767571,2.8930300560734112,4.213740915331365,1.6058877320073144,1.9962980562386137,2.7852016704541347,1.5641859035172638,1.1192103000096647,3.754120062453084,1.1370702385268698,0.9539551840510124
442o030v_1.789_052a0510_-1.789.wav,7.132266541092434,9.860104343530663,3.335359635883977,3.80191685404642,4.959763475147142,3.6397536146987033,5.010783900510473,1.2981330702507217,2.7880027323831027,4.039575900120832,1.6898725038630906,4.71754378753562,4.208416948419941,1.5968111118962116,0.6098980438199494
447o030h_2.0859_441o030d_-2.0859.wav,5.230451733927581,7.440382159215917,3.392222991181547,2.516724598588321,3.470196732880846,2.562229333175404,3.613127902085324,1.5020625268110244,3.0077745197145926,2.9355760978020253,1.2339041801996045,2.6457648751434,1.8394139320467353,1.3405209440351726,0.2708439032186117
421a0113_0.83834_050c0115_-0.83834.wav,5.165631983083498,8.623979502881557,3.3272522656561403,2.808591640405393,4.171269983990536,2.678902123259488,4.281181899370361,1.221979532653772,3.416098692515212,4.020545143163907,1.563096636420949,2.484566810145529,2.7510994489451,1.7839343684670037,0.8441676528976085
445o030s_0.049955_22hc0109_-0.049955.wav,8.98295194017824,5.273441343161311,3.918754115431757,4.594319976292746,2.4738948368485905,4.742549867188511,2.557128840987701,1.5158461951727211,5.96941923260413,3.1904990932757666,1.224996924278774,6.016778453999702,2.6344606869048577,1.7257031535805716,0.7201072900507741
442o030d_1.7714_053c0114_-1.7714.wav,5.655483080429569,7.330581366097585,3.684373614595524,2.7305837151498245,3.5405018760456093,2.581005338157087,3.529263142299386,1.6629069448747429,3.37223304926027,3.8228577076521106,1.6071725083708577,3.9544853197184975,3.1609784971679007,1.0887461019222542,0.589384968164775
423o0305_0.73146_442c020o_-0.73146.wav,7.495543297894428,9.553488237818913,3.4641687260644387,3.697507603392818,4.558521476677751,3.641683830934149,4.719094533036789,1.2104595374044669,3.837080052429483,3.02210448879568,1.2156357649929912,4.927741587424387,5.028830382134717,1.6171175819893508,0.6641850945112908
441c020a_0.63893_420c020v_-0.63893.wav,6.028553783625586,9.938441661670906,3.082324312774299,2.9766887801594484,4.92487237114746,2.8545689493547366,5.011974305248998,1.43152263555183,3.19220539773201,4.026639290497472,1.3551797388174631,2.509092137341841,4.3017151941163485,1.3855951066934955,0.4877809963592131
446c0207_1.7031_443o030z_-1.7031.wav,6.37763820447489,6.431842924701038,3.0035029620388,3.0666611700860438,3.378427912790932,3.017215271281343,3.2157776650462835,1.2017315662976469,2.5176732097877275,4.093452691468957,1.7523351322648009,3.308989656568672,2.5198707142952643,1.2844829064752208,0.1822303305127361
421c020e_1.4367_22gc0101_-1.4367.wav,7.341637152201558,9.9661289259601,3.441848980513214,3.823525251872124,5.03786879426753,3.845344770371778,5.206462710564778,1.19168140363559,3.246646210068954,5.558144377451755,0.9995528527891244,2.4857777598675717,4.637175697915934,1.208027841485268,0.4719783456562529
22ha010l_1.3798_444c0206_-1.3798.wav,5.068282512437857,8.547349052638616,3.766411630239072,2.35819683552612,4.275004323755565,2.345533178377468,4.105476651124747,1.0915942054475585,1.7047920424329115,5.7786127118859305,1.4710595214054,2.46062488768593,2.339313137057887,1.1954813860388935,0.8136104359004097
443c020m_0.2399_445c0205_-0.2399.wav,8.299309527325466,8.597463138853925,3.671128976094365,3.938553535628104,4.236003212350746,4.054846156124678,4.141261318670918,1.6424914369332084,3.492739298430143,4.687292690355978,0.9252122500152052,2.2862471985853383,5.160239919240165,1.5779492326783229,0.3804840882324708
423c020a_0.85175_441o030z_-0.85175.wav,5.509983744347473,6.304261374105799,3.877571332384997,2.6690202055740886,3.09767571147541,2.7006325392613104,2.9510446767015672,1.3271046463908114,1.625878708818992,2.3806584537666677,1.4719587638894076,1.0120432610533308,2.857122659784129,1.0206540176893266,0.5040813095245797
446o0313_1.0782_445c020s_-1.0782.wav,5.959504975928467,7.085637473721759,3.717064993766323,3.113490964849277,3.770152530177324,3.2262647565860614,3.6712481728551696,1.1861095231564454,3.3025295218813917,2.9747991624069945,1.424760156891948,3.8405946878051673,4.309470161502731,1.4524655002822977,0.5152863954412614
446o0312_0.65599_441o030e_-0.65599.wav,6.87698355349824,5.389790722684527,3.291419007573369,3.2583282209269515,2.912334004483501,3.3777082543503574,2.8215132600479573,1.7031657291510522,3.406227408196969,3.801627466752786,1.318369633139708,5.231539248222131,2.9910972238350997,1.2295818034073736,0.4233128863163978
445o030o_0.7906_446o0316_-0.7906.wav,8.545958117011349,7.278569903726241,3.175868299315768,4.095326563816598,3.665268792271884,4.265285345482792,3.66152546026108,1.2791314147971675,4.918438593154666,4.175683460356468,1.2236283719344865,2.5075156985640796,2.89207313312262,1.4286232236997547,0.5847288918044495
422o030r_1.8084_423a010l_-1.8084.wav,9.67337328036905,7.951492484838647,3.3518349319868204,4.784730192992329,3.930604846307901,4.678216925644433,4.036221719386379,1.2889299646041517,3.5359724483290305,4.808482684396741,1.3275381116356026,2.9713492142735505,4.9490266448038165,1.253997562625268,0.9414947479778022
22ho010c_2.2745_423o030v_-2.2745.wav,8.614804033202939,6.833073209276112,3.135990942898165,4.411475853531324,3.306245195686352,4.557617307015769,3.272441711051574,0.9540808256244327,4.728255435364472,4.692041523702797,0.9657599178580132,2.702153573853539,2.9663426864281037,0.972464883194261,0.5780495639303552
422a0109_0.12904_423o0302_-0.12904.wav,7.540011652305649,5.695380751378309,3.186887734815965,3.6143069262434224,2.851841653132104,3.718336736903999,2.986295357037666,0.929375239829746,2.4250655158006644,3.459911441557185,1.2354706848402692,3.9704060382326274,3.500921427596275,1.7059279201548223,0.7134575503435007
050c0109_2.0554_445o030b_-2.0554.wav,9.638222338524828,8.030105652367983,3.930535433092699,4.884040724003527,4.167398795242718,4.9038144776855725,4.018707845063087,1.2891651578450378,3.3269147698077277,4.814414112898151,1.3674869301050767,5.643956463453995,5.5968379888745305,1.3635141330803129,0.2789407307210717
440o0313_1.0739_442c0201_-1.0739.wav,6.511095675398516,7.576324590208676,3.1178791160449038,3.351024772375101,3.898895686015909,3.3666536996678693,3.729615632165264,1.2336107034995318,1.7173875567206034,4.030374952639989,1.7322681292429756,3.4849512099951827,4.667198862493633,1.695405058873635,0.4060825645296944
444o030a_1.9814_447c0212_-1.9814.wav,8.696297941771286,9.06816038928533,3.41834309524575,4.522913901743444,4.514677526774839,4.390526851964846,4.585201771194179,1.2193383424784558,3.6574978770531374,4.551121384109324,1.092832630678989,3.2504100935422566,4.14363618654078,1.5941541847013494,0.3664018138432449
050c0115_1.5728_22hc010o_-1.5728.wav,9.785768208623502,8.99409800789015,3.431593661525735,4.710006784726484,4.385063846788862,4.852044725834969,4.458719961848388,1.293768673710041,6.072373794888198,5.506183516134597,1.1299100918857807,3.798579008031522,4.987731878127687,1.5621397949461917,0.4653633286828979
051o020n_1.5849_423c0215_-1.5849.wav,8.735014040188696,5.394552603142596,3.2547645773623866,4.587764354351861,2.75205423205874,4.419563309702984,2.727388292404502,1.7007040375148292,5.723314511100779,1.498169047265988,1.3393249877680349,6.033999208162785,3.7549459304556616,1.769442620915282,0.4191318066355179
422c020l_0.55911_050o0212_-0.55911.wav,5.113572307155829,9.096489247353189,3.6844719109832376,2.5569189556017964,4.296582683361383,2.660950127566349,4.43103533398487,1.5794090071645777,4.008331929726531,3.3323831202684207,1.5759963425804937,2.525907631170626,5.693050375749392,1.3593912221907898,0.8383807260265737
053o020x_0.77005_22go010b_-0.77005.wav,7.228972081424533,8.89432479167331,3.152048614577029,3.6428533452607086,4.582700483430831,3.492887885192334,4.5794816658714215,1.4516695960731711,4.806544624972745,4.3472382635173075,1.273313741663708,4.539895315831314,6.014298324668384,1.525259966786928,0.2269697236156854
22ga0107_0.46055_22ho010b_-0.46055.wav,6.619344210484499,6.7536312187044745,3.5276345183697027,3.4585976113581203,3.3966738314824507,3.3087795148081383,3.3892888503626173,1.3892113901524084,2.4457928321708136,4.3126753343862925,1.4354063935192651,4.986235136676323,2.442121428461917,1.024674886726374,0.2884478775419078
22ho0111_2.4199_444o030a_-2.4199.wav,7.439228352192963,8.631076271394168,3.162896792770627,3.648819786119701,4.188462879360992,3.5001967138841232,4.208740512340665,0.9395642564740284,2.906626941333528,4.495400820103853,1.2401669576916248,3.9364972186506373,2.6937115309159054,1.0317908854462023,0.908750948980586
444o0303_0.44591_22ho0105_-0.44591.wav,6.470928371698363,9.833987427637377,3.9182100313077712,3.30258805303496,5.010676488490826,3.407002781761268,4.8765214869999705,1.6268767703520852,2.293558330494507,5.1354193448541325,1.0426690548995052,4.285447417222394,6.634346951891286,1.641110153784773,0.4840333156078898
447o030a_1.0463_053a050j_-1.0463.wav,8.180140095027925,6.533541844515089,3.635709958295356,4.051820636610882,3.127208513486728,4.19944107239902,3.100596355781641,1.6588628859573484,4.507232395053515,4.995339693757446,1.666034680453089,3.7991224971405777,4.271088354774894,0.9112691688697488,0.4719615140426464
053c010e_2.4222_445o030b_-2.4222.wav,7.956397497022495,8.343750288073105,3.0212304769307945,4.175220633214069,4.409647492896733,4.139413462482516,4.243461312592228,1.219036250675571,2.6797005261979505,3.5586207340984237,1.7551630989135465,3.8169945567701924,5.43431556420845,1.1517530862462677,0.4084059571305473
440o0305_2.0661_444c020l_-2.0661.wav,6.689315030933441,5.490028629350084,3.376222856641581,3.178388307429302,2.637025310784216,3.3248494294571063,2.669415737369192,1.4768477015334005,3.7977641610745727,1.6663327434725923,1.3327498756991116,3.9730629959392556,4.244834858966157,1.5758498198868462,0.4764097250881956
420a010a_2.0296_441c020x_-2.0296.wav,9.526218862165557,5.963304846155008,3.240986719799584,4.569861107952361,2.8798398599268302,4.636310231291148,3.0143185348441075,1.6974399340925777,6.071214222659526,1.7788635532360775,1.2949295387983548,3.652185922630171,2.5521083496745613,1.2302546465482065,0.4056955186318233
423o030y_1.939_447c0210_-1.939.wav,8.287879873063927,6.777304852230413,3.108453172516189,3.9351148682785246,3.4220050595063625,4.085769992958684,3.3432457209641577,1.7840223961895203,5.397569137707649,2.6385095674558094,1.7428709788738226,5.587345421742452,3.5053146479287753,0.9008170744074556,0.7069067928315748
421a0104_2.3708_422c0205_-2.3708.wav,9.25637545613752,7.179971664926467,3.8236212015938142,4.486277011321969,3.815729421455773,4.408282948633631,3.664676694948214,1.5785614619237385,3.3116667934222175,4.59224278584095,1.3673038913679705,3.3892810638793947,2.702871805342478,1.5133192964194984,0.7158781700188679
441o030i_1.8172_052a050z_-1.8172.wav,9.404156909221188,6.110446871642907,3.021099132444455,4.896944966982721,2.937691608345976,4.750083349972098,2.968214803608349,1.07787010634106,5.4823165846543125,1.8066658599943943,1.5762962333506816,3.711801109064782,3.6243324222355016,1.17743160986983,0.2836986673548142
441o030q_0.77164_447o0305_-0.77164.wav,8.167568784268706,5.605247462459862,3.2440062948435147,4.010436195546002,2.736955130941029,3.948942679291842,2.8737708736708014,1.2614024187141273,3.312778370827011,1.4853762408349511,1.2823569271403268,2.8327456086522678,2.0223462044933465,1.252541166157577,0.3226642105248252
421c0203_0.8_052c010c_-0.8.wav,6.389227238888872,7.410964472261167,3.4518143103817334,3.0725586449598343,3.7673236247531294,3.050377447792623,3.925778648315747,1.4489415214621857,3.4709823466866614,4.655880075317983,1.511434645323484,1.25081689666058,3.201079446406889,1.316041826438328,0.7363505587709369
441o0310_1.9574_420o0305_-1.9574.wav,6.956049925383632,5.285627930001996,3.7114843150394847,3.738722092074422,2.612668771235133,3.5951984470462675,2.5215591487036333,1.739020123134639,2.341195174088846,2.682504365162523,1.1747601624906268,4.089076683401435,3.4258083433593325,1.296538042950066,0.7455697370975727
441o030x_2.2753_446c020i_-2.2753.wav,7.844784036612069,6.151122207342088,3.919970212307434,3.9932782687804753,3.280287315665251,4.120514840371476,3.167544888647876,1.684044995118884,3.091433124951396,2.4830222568972906,1.3836524777242225,3.2995071836632146,2.9989030910311576,1.1721431341893012,0.6511443814196831
442c0202_0.37897_423a010v_-0.37897.wav,8.361703140575422,5.194644968294499,3.199612100383638,4.148776488696922,2.4350660829076785,4.305625752681121,2.369504597356976,1.7621889044111922,3.513972260370158,2.635396678901106,1.1310655432131187,3.5212384908416112,3.695185690637031,1.5663231006664786,0.1719697544553814
441c020r_0.48799_447o030i_-0.48799.wav,8.209556094680499,8.92389406266488,3.104022456995285,4.318625831823507,4.563342108941147,4.152919684592748,4.601308841351741,1.5607742560389457,3.264863415650403,3.3420779806777214,1.126529123098899,5.512923622421093,3.895881370831184,1.7047599574201804,0.709918445466692
22ga010n_1.158_420c020x_-1.158.wav,6.858261352453318,8.41170647514422,3.1841501643868435,3.1915983646813904,3.972519881491232,3.285727889781392,4.089308718733703,1.3284912393300423,4.523335964743645,4.297746384240258,1.1767032251580316,4.3801509813737445,5.539892578756261,1.081106391502268,0.5031970800135301
446o030j_0.59197_444c0209_-0.59197.wav,6.900656990880932,5.638008838558879,3.2045448696534127,3.606467817016233,2.904741888032629,3.607345557586607,3.0747396220513243,1.74171678915563,3.4773805531748145,3.9821027486265743,0.92368611299694,4.001691586274605,2.378971113528811,1.019398379814321,0.4280230213421445
440c020y_0.92554_441c020r_-0.92554.wav,5.073664859587338,6.593219642250324,3.323856057717646,2.562825902112816,3.387892059986504,2.511260768891772,3.5498829147774336,1.52169551609001,2.476482528283712,4.347349960147898,1.3627540054404603,3.464664786541951,4.852075649355786,1.6191841715027202,0.9070916929660704
22ha010h_0.32862_444c020f_-0.32862.wav,7.6116868486600975,9.6635912329267,3.382972806873343,4.009492518160641,4.851470467636898,3.860396640736092,4.835026035904433,1.1228559883853166,3.219786951048712,6.052778075151427,1.4173500649809143,4.026129721927663,6.310166568618254,1.2468904096443412,0.3176954477307346
422c0208_1.8436_447c020m_-1.8436.wav,9.504620079298777,9.415744077461513,3.5820014720645776,4.714798121368755,4.899086826554876,4.724869133826205,4.729385398428646,1.3247531213152643,3.885239914532523,4.710149029953808,1.687434734746025,5.160145290014409,3.883536470092534,1.57722308316778,0.1664571377188597
444c020x_0.76785_422a0114_-0.76785.wav,7.985771917120827,8.987910319264225,3.2597346596909444,3.9990619226676185,4.402307011777521,4.086069990402818,4.524493738343817,1.520585549015549,3.1678723808327347,4.195418387860967,1.110844450781585,4.978686654032795,5.92781536545875,1.78277090509704,0.5234013399416615
443c020s_1.3986_441o0306_-1.3986.wav,5.444582231431584,6.8996259925573575,3.662830109327852,2.984548518443961,3.5107768814852416,2.834548900320141,3.5104384103515884,1.073385279647459,3.813156690228943,3.850972425624873,1.0009282227520904,1.9845646948783058,2.675222595267951,1.5966977252691974,0.5545300048298828
444c020j_1.2791_22gc010i_-1.2791.wav,5.047086022328972,9.514590154934794,3.009334175799265,2.593142207297109,4.609692619796422,2.5045004967979745,4.754753459307945,0.9886409110864254,2.75577945769221,3.0829551251096055,1.01719857351423,3.808529560903746,3.6771365213816654,1.2124487893553564,0.831615947095196
445o030e_2.1804_440c020e_-2.1804.wav,9.20561255561288,7.7960133831467795,3.930321825612973,4.675863742087543,4.04092037150549,4.8216309022567465,3.974951174025105,1.547239384152621,4.584011903750121,3.1135452924162914,1.4118578534744328,4.367036820171747,3.1857495498388477,0.9938302400822062,0.8355111589512644
422c020x_2.3163_052c0107_-2.3163.wav,8.56904480055892,6.182935627700399,3.4255957451588843,4.396224372757758,2.9374201304064336,4.25205578223714,2.8960025314019253,1.3243153034814104,3.2591542794515784,3.719360472147169,1.2695687369878712,3.302559442649812,1.1831427755963864,1.6883054534882758,0.3545181319344448
445c020x_0.32119_423a010r_-0.32119.wav,7.135726776153515,6.445358816620735,3.796418522894824,3.5185142964766283,3.159147071982591,3.377892485937329,3.0828220669013637,1.3136916141674948,4.583824314752121,3.945613294457138,1.4803342164927369,4.875481760473393,2.000112041803176,1.0442076851527138,0.6750180475527989
422a010b_1.0602_421c020a_-1.0602.wav,8.924633036475365,5.827094663971522,3.831145595324303,4.309375275141656,2.957035178351431,4.333844786080267,3.105025863985444,1.353002457521356,4.805524393473302,4.666496002851231,1.5624674080429997,3.9556270747025537,4.242759112742419,1.40116736516689,0.5746838192432966
441c0211_0.80713_052c0101_-0.80713.wav,7.334993546893542,9.21446131821462,3.3191966207746724,3.629142782164722,4.784770775364373,3.750662188568149,4.665888338194878,1.0909322988021637,4.131297136369806,3.4952542304959904,1.3003601262169735,4.923577772348921,5.724469442383639,1.6604812043214616,0.8974640234222445
422c020k_0.014693_445o030p_-0.014693.wav,6.988886233713256,8.775212924966443,3.561983628207874,3.3323119378223125,4.132652719599477,3.279824565272485,4.273169891940851,1.5357980577720225,1.9496092089469519,4.474856519991247,1.705534909823867,3.339869410816755,2.4771379044586124,1.4462133617010489,0.3617551050306012
443o030d_2.1865_446c0202_-2.1865.wav,9.625976647756415,8.54108497126946,3.654746584200128,4.879984680623341,4.224304035334715,4.75673427298914,4.309798696091999,1.0698551771453917,5.629433317872439,2.9727747515227727,1.0843590131697998,5.262656152714787,3.3479450615230055,1.3275101913497895,0.528011691236991
442c020i_2.2764_440c020v_-2.2764.wav,6.982321617445606,7.308607214478105,3.621236665997954,3.561065169813692,3.5741762496692147,3.668656529627936,3.4425552054045463,1.0049450969780975,4.542438564525344,3.5181248803827776,1.1264485606611034,4.689960209647938,2.074064402919617,1.718697836088783,0.6059732967186109
22ho010y_0.93902_050a050d_-0.93902.wav,9.523009483202106,6.86697579802152,3.922591990990449,4.661881107293739,3.465917871530205,4.7827460900724095,3.3463701574662723,1.770351304220051,3.8947917581433447,2.3897596651111352,1.5348157253796262,3.984990560742438,4.069919180620974,1.3762431036763032,0.2589130864544642
422o0308_0.84384_420c020v_-0.84384.wav,5.535991544452196,9.057914788376417,3.4025926294232733,2.958359351757204,4.560408696591868,2.810252430729677,4.584164536794774,0.9030284250016352,2.7487160639356314,3.31244994293143,1.535542370128392,3.8482415364806806,5.391073900367411,1.328376429006069,0.5410088516862446
051o0205_0.57199_050c0101_-0.57199.wav,5.928867731947715,8.122990644576436,3.7244653436932,3.0389902688918635,4.03565916966088,2.983742109661809,3.885500450627684,1.399467335755622,1.9761078974708575,4.342481094362892,1.6438374986840447,1.9291130302141406,5.270190068942118,1.0691017383097334,0.629355428296632
445c0209_0.0057101_423c0207_-0.0057101.wav,5.040534456003253,7.926456936615596,3.3077827656921417,2.2880066991094203,3.9442374486336593,2.436063204507781,4.0277794812234,1.6156282298433269,3.1547449559322516,2.4460227460618853,1.1666329581372898,3.9389496818883925,3.294714030041557,0.9211540402671796,0.4997090891391395
443c0201_1.9056_440c020x_-1.9056.wav,7.627727720441264,8.748258304497377,3.0505893580114742,3.8980115934470687,4.368039249168781,4.0415052795365565,4.276882449902619,1.268877305582439,2.9062956815296834,5.5341882514814005,1.6766957166248864,4.059836763029616,5.087838745679784,1.077118328030909,0.7754976092317556
441o030i_0.8469_053c010k_-0.8469.wav,8.20375573663362,6.433233849524564,3.22765949843466,4.026044613966397,3.1157246605080267,4.188702027420506,3.165146981866084,1.0457480914724109,3.294984802063489,3.515894223389222,0.9497851354935308,3.7542396991075817,2.20732905972249,1.06835434901501,0.8281596083277337
447o030a_2.2879_22ho010v_-2.2879.wav,8.424375820071445,8.25118140083961,3.998402834380715,4.341924801086384,4.249983240874678,4.295504790950892,4.392619781280778,1.660413791603043,4.0574091703125,3.561941996768379,1.0700356727800917,5.846245527671424,4.699226414366054,1.2215934704184028,0.4220089169031025
447c020d_2.4499_052c010d_-2.4499.wav,6.405283277299416,8.364519068900478,3.7902383361200713,3.181323325075547,4.466738365574743,3.165025157520672,4.2975214345827375,1.4952215863485745,2.461454218797314,6.037379114723252,1.621012901021943,2.752875117447916,5.997854044287989,1.5012054099700745,0.8309013910047103
420a0108_1.6118_051o020d_-1.6118.wav,7.988363642668697,7.51081276284679,3.1667622138911904,4.2044451380538215,3.813024898526506,4.177271617600707,3.645210716211112,0.9286651438509312,4.354380560691296,2.9589209577142226,1.385062987748601,3.3249732711235964,3.435328965058093,1.0803876642093024,0.4538766839100441
440o030v_0.90148_443c020q_-0.90148.wav,5.685592997183854,7.581684268631285,3.73612274451039,2.915858733754082,3.883553168618732,3.019942726177337,3.775541490911015,0.9461617941032476,4.46001041953695,5.026696321412075,1.436332010868929,3.6169431419756184,3.802099213375933,1.6382445467530653,0.4574143891764166
442o0308_1.7837_447o030p_-1.7837.wav,6.374467502097104,7.107179971559535,3.946747434181453,2.998773813045843,3.447445147935026,2.9822232559775923,3.59652928210339,1.0001165225665507,1.3095122613859336,4.167936216751302,1.2230383221450245,1.869478370994089,4.665618982495258,1.2417470351582944,0.2533593345761415
443c020n_0.93783_441c020l_-0.93783.wav,7.486283543007736,9.43456149168177,3.2995557652543885,3.645718523969596,4.828124430907804,3.68301385196306,4.682834863113486,1.5311042612633543,4.62145062927338,4.133882375672474,1.5575989976886504,4.111286636272639,3.853251068613553,1.0312940666871295,0.5047315612324617
441c0204_1.2954_051a050i_-1.2954.wav,9.824254602186157,6.439602124147118,3.1461867384103805,4.858319358885482,3.1310938175581544,4.69222022171705,3.167302609748757,1.1799050649914218,5.657687928423769,2.2828722520703506,0.9037451787140368,5.621534886749717,4.231535636460322,1.6250857855047491,0.4545082868153763
421c020j_0.25025_050a0511_-0.25025.wav,9.317185502083849,8.90722225416077,3.3268849627768624,4.742695148861392,4.367516914911296,4.60880811652522,4.435150209760896,1.2976976841092385,5.514976548180721,5.5137822333849416,1.0538183289465568,3.6680417140579573,4.6695625203449795,1.362757720665538,0.5828560418108935
447o030h_1.3141_442c020n_-1.3141.wav,6.85016281662062,7.464165679590801,3.119306704028764,3.387778318558224,3.873968622946544,3.2325706564235235,3.943326979434286,1.0078916786382048,3.3329098338265726,2.5249103327302853,1.332913966379723,3.2320875453018365,3.20860674292827,1.2099345552617606,0.8374198895605344
050a050a_2.2408_422o030n_-2.2408.wav,6.3210394983534055,8.628587272560742,3.753805059256911,3.0728159646626616,4.351683566748689,3.095025030662509,4.203336819607357,1.5837188280858594,1.179671432218697,5.009571535835389,1.058104069707912,2.3942430912539647,3.145264710412233,1.6861437097606229,0.5219484117586217
440c020e_0.36384_421o0308_-0.36384.wav,6.047863884687319,8.623840752045059,3.862580192101448,2.991450656190576,4.445333002974718,3.0260558380218616,4.2993793069255135,1.577454987302252,3.64116425133446,4.207929927104907,0.9262571429377428,2.145597183632131,4.926874301128174,1.1314959651647116,0.4003291965739054
22gc0110_2.4468_441o030r_-2.4468.wav,7.329779317132132,7.659620079099194,3.396164090645588,3.656001793910363,3.616082321807455,3.724011781552127,3.7497784009607615,1.595492872933547,2.646038817689138,2.6614636399820553,1.6374874942108169,4.122260197185378,2.9848382083402933,1.0551785820534854,0.5056103120197415
053o0203_1.5766_441o0302_-1.5766.wav,5.333173100421487,5.189281181505524,3.1312096381932077,2.736119304303841,2.415631898125421,2.621255549858838,2.540956747675692,1.1015625523003232,1.872790308118117,3.2255831682808096,1.148111737183553,1.4371975589815182,3.537683682661336,0.9620948075160228,0.1082696382162411
422a010k_0.06831_053o020i_-0.06831.wav,6.014276282475684,9.91196396102959,3.635455506415292,2.86713101389959,4.801216695671744,2.91692713630789,4.963760062786792,1.6822488860316152,3.669842923311464,3.879795937155897,1.652815907761358,2.5578527771615684,3.8899290699753553,1.6669635915371632,0.8375613267586983
422a010f_0.049072_440c020o_-0.049072.wav,8.795118586319422,8.866716982128569,3.427567109585387,4.505316767435649,4.25166037129385,4.35875782483181,4.21971547588246,1.79454883061549,2.6500911853208553,5.121144083571858,1.732158090412486,4.936204023207653,4.678154464468063,1.7345840682129448,0.5631558863410988
441o030o_2.3431_445c020r_-2.3431.wav,8.528317589700151,5.043369482868059,3.8120463452777975,4.30178125853163,2.273922925628851,4.186586920673493,2.398943981957076,1.6427847844111425,3.562592418634826,3.18427974688566,1.0949691053225852,3.4702619406757567,0.9568894125280554,1.0593692356032758,0.4746149622031669
22ha010r_0.29298_446c020u_-0.29298.wav,8.100677171986955,8.340133732056213,3.1863374323070373,4.141084853587259,4.032494142666416,3.992774182017565,4.010045430040829,1.4890726139435566,2.8113392291206987,3.3996741883939405,1.083596196528609,3.307499044572414,2.7048163108491883,1.4274655623516057,0.4002124079973949
22go010o_0.78708_440o030r_-0.78708.wav,9.468356778407244,6.962859755760649,3.249539814279805,4.581989332823229,3.5657492011375824,4.527573254313271,3.705530782183149,1.06120959474706,4.518659805294594,2.9789748015433415,1.4359039529881474,4.662790311481372,4.768481829941411,1.159140229796407,0.4159198544272385
447o0302_2.1067_422o030k_-2.1067.wav,6.299031980391275,9.542960594739268,3.157021173033122,3.2024847235683174,4.517912643165574,3.29523191211947,4.648288864217792,1.2624270901956702,2.8023488120094977,6.2560239269426035,1.4359098365775362,4.171860682491726,4.518087988313496,1.7123775512923718,0.6720095485509947
22ha010b_2.2488_053o020o_-2.2488.wav,5.600146851111909,9.624931431726466,3.580492073439236,2.7617804803924297,4.857832194707788,2.7176379344210098,4.714474475574281,1.2750275756312526,2.3284880007015474,4.180234077028126,1.4224335448384102,0.9079082659985237,5.363726408960538,0.9435662286378405,0.5985295918283673
443o0302_0.1292_444c0203_-0.1292.wav,7.412998995418079,6.632643974420535,3.4637404487284904,3.464858997664398,3.174114275481125,3.5634869716370887,3.061098689166483,1.3095361139366253,3.4581189501653045,2.261530826621321,1.6017211177416693,2.5169130259617454,3.3788958209674806,1.1449070491519808,0.268676481261817
443o030t_1.5556_052o020v_-1.5556.wav,7.492120829054558,9.463692302572348,3.3214990810294145,3.846860104634677,4.481554839414493,3.9415703846586254,4.597873207945801,1.5206158537498258,3.305086995033295,5.430237411823606,1.6689364928570187,4.542711109848805,3.743496830442877,0.9530929676439138,0.4310956434236754
441c0214_1.5949_447c0217_-1.5949.wav,6.605430605625055,9.850129079095144,3.3026903722073127,3.071909962075113,4.838899825794764,3.2216645470145067,4.830322863067208,1.7717466186020214,4.111307315463637,5.229340773972874,1.6469441298972556,3.5601770235625025,3.77516737327815,1.7273204085839664,0.2185951188414478
440c020x_1.5802_420o030s_-1.5802.wav,9.802228389512283,9.20748589556029,3.3612133880598245,4.923621116037708,4.4763477020839,4.959716185339708,4.642471589505559,1.28955824578118,4.017780485454518,4.682084132355489,1.3870041781284663,5.255941861705549,5.66691357208415,0.952717364857156,0.8970228738173399
051o0202_0.6158_22ha0104_-0.6158.wav,5.796203017247622,8.457162096987851,3.023013662121414,2.6774952307599413,4.421507738918657,2.822628433599208,4.332984558713604,1.24946680818772,1.300059811132647,4.920440185472855,1.3513080929225834,3.662091917321882,2.692715902198952,1.6413834922796977,0.4411075029363855
445c0215_0.4339_421c0201_-0.4339.wav,6.220060017599383,6.553560340385316,3.960850465759992,2.9608013301148133,3.3848911237289467,2.881694977308182,3.5123359547172326,1.3629788241564325,2.0579087530817315,2.7047334098148355,1.459984119662436,2.5814073111818474,1.6498572221299397,1.615633305159622,0.3291220406426191
441c020y_1.4146_442c0211_-1.4146.wav,7.391728068360143,9.596504049855753,3.138587817459048,3.789597804663886,4.741639443936118,3.737903104532292,4.8824501607807695,1.625604624228868,4.332431248512659,3.599671624126031,1.70874249432841,4.1124697199465325,4.169107249304541,1.6183463927270352,0.3269672900313087
423c0215_2.3367_442o0308_-2.3367.wav,5.078557416516901,5.290755909034835,3.62212221771518,2.477563181412344,2.6659833982874086,2.416379355224382,2.8029379141421304,1.784403071255467,3.1286357440323393,3.873858730077798,1.637000888622388,3.7835360833335394,3.7870069225922265,1.2040554660675815,0.2749021414854879
443o030h_0.79787_423o0306_-0.79787.wav,9.990560768182744,9.198860524043296,3.809387167411834,4.944944016349316,4.501850260821762,4.814537948847967,4.392789463287388,1.3096689589712076,5.44096307589374,6.137821973441395,1.4542129938101518,4.958461441564112,3.460387964994019,0.9283997861297162,0.8797781829684113
444c020p_1.8863_441c020l_-1.8863.wav,9.952437208210188,7.1504460656124,3.165345139267732,4.872111772672277,3.5506151976268203,4.888836859768944,3.38143992915767,1.6449499707418704,5.5209917765510745,4.309158076344507,1.3203343129793936,5.93114499180545,2.721530906684163,1.244637487928886,0.9452668491540148
442o030u_0.87609_446c0211_-0.87609.wav,5.842506825881114,9.396083531122242,3.229053150085216,2.8466595326310147,4.584734545909571,2.948004606197527,4.460923496064259,1.6180464093094855,4.480590488638184,3.5855207175140476,1.2430554568685532,1.866756001677716,4.429598897037573,1.7728682356011431,0.738204108251368
420c020u_0.83448_446o0316_-0.83448.wav,7.586986505198208,6.985803607837656,3.2607308093361893,3.800870257654362,3.357827778615579,3.947382039711983,3.4440501522682463,1.0256255640077692,2.8091533590642426,4.8617502133346955,1.3737194489764215,4.563295710214606,1.7318546361810636,1.1351796726595562,0.4485693743214488
050a050m_1.6347_051c010x_-1.6347.wav,6.261015673612612,5.894536817773898,3.815868399656813,3.041238881925202,3.0919709059025977,2.9293187933185143,3.191840289430639,1.153673567372514,3.1364885956129456,4.374523264319535,1.792293561299274,1.3795565310227293,4.116091231013197,1.578556203697868,0.4676523790987297
445o030h_1.8406_442o030w_-1.8406.wav,8.118343684186359,5.253587288707048,3.590780972927233,4.134699670706951,2.73085975521813,4.208857760165946,2.883832229107362,1.4619442978903288,2.945965877755582,4.347788204417056,1.2679698639811872,3.2157522264946525,1.4991746748687225,1.278047489207065,0.4953184030073213
441o030m_1.5096_051c0105_-1.5096.wav,9.850368073820132,7.678393454668485,3.2856616740053157,5.048266331606318,3.5944168914899204,5.0527366041731065,3.764358106806213,1.1413584322152437,5.0926719215786935,2.0747837786477246,1.1479082940617826,4.66742036729399,4.774498637387901,1.2229351902907324,0.5620588075066799
420c020j_0.92895_053o020c_-0.92895.wav,6.102852612846219,5.355350118357432,3.8029225264342106,3.142583316344587,2.79951949729785,3.067287476269012,2.6697869398293665,1.2807848891902838,1.7058950233778152,4.178298408854919,1.3503377462996158,3.116801868070586,3.475089181918023,0.9053528972048172,0.3301813055592607
445o030d_0.24788_423o030j_-0.24788.wav,6.424981628699416,9.471202622478614,3.528538584238809,3.4129728910710657,4.848828989609997,3.2789668170716446,4.916226112184047,1.676710917705452,2.460061002804507,5.555809194987518,1.6199016413511491,1.7892370223530967,5.420670709293279,1.0975738855309745,0.3886200858328396
445c020a_0.48177_22ha010a_-0.48177.wav,5.78453052585251,8.842970797116598,3.9742264738775392,2.9595002118637765,4.222868619707367,3.109011490631492,4.234967277535511,1.598701936422141,3.815551768054887,3.196619745105992,1.2493958889175931,3.563487011716206,4.648400778906449,1.3614308283851555,0.343002620268472
440c0208_0.65627_441c020v_-0.65627.wav,7.9952611510798945,9.061765721025004,3.858763029270739,3.884763082568826,4.497599148496008,3.721048213377623,4.5433969825682325,1.0317141007248245,3.5924419963804355,3.622508867084854,1.5276505959873312,4.743771199506575,6.161983825958475,1.371990897972594,0.697489306623394
440c0214_2.3527_052c010u_-2.3527.wav,9.637188716794869,8.826931605086019,3.6013925270620453,4.888319821167951,4.332518666582085,4.872508486117132,4.501781780354432,0.969172926253538,6.245892479850641,5.741359014434718,1.3046792055361345,5.495648822970789,6.010628778178238,1.598118162282251,0.2738857110886589
421c020w_0.22385_423c0213_-0.22385.wav,5.647277971796819,7.344848078504074,3.3926153495402374,2.6748030170620525,3.50326271317257,2.728735042309724,3.643231769226702,1.161922741689673,4.190544684092748,4.26660050573279,1.7069837231654632,1.1159598924933594,3.666156925136535,1.572882421295836,0.2366115482150571
445o030k_0.6066_446c020u_-0.6066.wav,5.676075899065209,7.181111415842549,3.1747760796582605,2.8820854866897494,3.734401098527447,3.0293945895821355,3.762685868369899,1.551097036767576,2.2355017410790374,3.0932073519329117,1.1731805362659269,3.5991956991468137,4.892126495759618,1.4676126157603933,0.5804187555762607
446o0302_1.5394_421a010d_-1.5394.wav,9.173109736514824,7.688324759602891,3.419791553728357,4.764717120657339,4.115892709845945,4.801707508054204,3.949965884889189,1.6622257752975873,5.0087635374655815,2.8327579201722184,1.0681436205531258,5.416743327619457,5.716342942576703,1.5747767545758609,0.6547757379202981
442c0214_1.3722_422a010x_-1.3722.wav,6.097760157023417,6.249866950897066,3.072458167396517,3.0742305358459694,2.896327656980564,3.1325221664699523,3.0560213819643494,1.3562309235022434,1.810327618398867,4.514544495716168,1.022727964164064,2.4817877631283114,3.3446041040984764,1.0150987362855155,0.7493064974049164
053a0510_1.1749_445c020q_-1.1749.wav,9.157591803785134,7.939924435037702,3.1836695233326866,4.422390536578255,3.9340868308828414,4.565892279005815,3.890414758339234,1.639836200244206,3.9645541238817494,3.011426463692123,1.7716083484093654,3.8801029277035983,5.252700313229595,1.621162483717008,0.5259339684605602
22gc010k_2.3419_050c010o_-2.3419.wav,9.848219810151466,8.95127488576918,3.427289009505027,5.149015330820445,4.633239086627428,5.02696152768344,4.546044653664118,1.1121518710988598,5.967351202477376,3.3118250286243844,1.033793069385644,6.683998853206377,4.6878720861464895,0.9459017827017502,0.2803020853833752
444o030y_1.9651_446o030i_-1.9651.wav,6.413845913947476,7.978401147997671,3.69139936666374,3.2619895065285007,4.133934127699269,3.1174869595416066,4.1741710996815184,1.6237390693817386,2.8264868894091277,3.195122584904561,1.0024036209870422,3.7080786400820633,2.3427377982173185,1.060527547687402,0.3384670024177107
423o030r_0.55472_22go010c_-0.55472.wav,5.801613000873256,9.275829524703973,3.524454452894689,3.0056738850580613,4.660610727459689,3.1426707673549643,4.5995218230585735,1.4931444901013773,2.6095457233996697,3.4909047441438847,1.7624760424442965,4.138586800119941,3.1344701065577416,1.725037545192471,0.9883944485168978
446o030f_0.87757_22ho0112_-0.87757.wav,7.097690720876532,8.840366581770919,3.525761048864526,3.614711720704108,4.271577068155308,3.5142531997824933,4.382968654795599,1.7138409736212528,2.9120931442199174,3.274708687801656,1.714410746578125,3.336226715320311,5.021846525389754,1.6496669206351025,0.5563493960127968
445c0216_1.9292_051a0503_-1.9292.wav,6.408145292977581,6.849201686087735,3.318125482983806,3.3990599780537445,3.370817938973308,3.2290666834591533,3.3723278372734136,1.0762908465444616,3.6770647186142273,4.178152168765734,1.3039294136939197,2.4623870187880543,4.658202119015481,0.9437604738413896,0.4717367369863541
051c010w_1.3191_444o030n_-1.3191.wav,9.69865108207611,9.845388532398715,3.345214198245427,4.7429397192008,5.058799978154838,4.779170843137422,4.892705710769448,1.1012582096522645,6.241279800849067,4.224349121704936,0.9730428066426886,3.393811038767395,3.731010912034941,1.3814842121233464,0.5604770151861104
444c020m_2.478_053o020a_-2.478.wav,7.896084198065834,6.9328451355893925,3.638682471406389,4.146018110748971,3.308842911103973,3.987863579787634,3.3330739725004435,1.1934341412691143,3.726688537090007,2.610845719748228,1.746053067845141,4.779678533241712,3.0360572941222643,1.683844688592568,0.6970310371375055
422a010m_1.5013_421a0103_-1.5013.wav,7.682475351774791,6.177555861082466,3.212629298576547,3.8332237863731047,2.997179336315385,3.962940792838366,3.107058807708777,0.9944772660521723,3.1248985038411448,3.138696991856372,1.1597635560491133,3.2980243219398795,2.7358300127111983,1.5458301988510477,0.8436920761772669
445c0202_1.1886_422c020y_-1.1886.wav,7.381162279055221,7.333329314353167,3.308318951802974,3.5810966632975285,3.873761353975953,3.717153943681467,3.8106074431348462,1.1930842551310674,2.1976928413389847,4.981501318534077,1.6431387585861743,3.3051906809328955,2.397408316971654,1.7221131957381068,0.4025119261460606
423c020h_1.3146_446o030b_-1.3146.wav,7.283226323896357,8.431179453454543,3.4993504849227577,3.472956897385292,3.976636404323921,3.4635255626064763,4.146374584838176,1.3907958057774303,3.2084756903995193,2.3834873192987347,1.6441002179595816,3.4437394865817605,2.562509286727698,1.0301758137369486,0.5169531346557122
444o0304_0.82792_446c020v_-0.82792.wav,5.747163322214647,5.370925324306594,3.060553336842778,2.79875877554596,2.765440158576673,2.941868717380687,2.7205008155901425,1.0496985905549243,4.273085695655489,3.3433110563243527,1.726251546128445,4.41230122205581,3.7336282516187196,1.350403845349366,0.4181452650334512
050o020w_0.70897_22ho010d_-0.70897.wav,7.925092250160446,8.314731651279281,3.223581805572123,3.8898758454014506,4.110998350896267,3.790081809633641,3.985933765880471,1.064514387267891,2.9719204467124753,2.2758049565852954,1.2227367554605852,5.551450112983523,5.211030308637782,1.1267543047883606,0.5815489111286619
052c0104_1.2595_420c020e_-1.2595.wav,6.332634898493,6.563443327871461,3.724047075653844,3.2042881887607475,3.381463296557658,3.323483252915917,3.47252666285303,1.3225965150558887,2.6409612324089142,2.5222706815537532,0.9442893428711414,4.232038526405235,1.812964669624515,1.3406389769916098,0.562015614527529
444o030d_0.29195_420o0308_-0.29195.wav,6.92669101707879,5.719830209600061,3.719484338089079,3.567064396787548,3.1089198141080088,3.5509321118220987,2.9396869881498238,1.4864223266239924,2.9827742912799127,3.8221458293345867,1.5172421420869968,4.142940519793769,1.2867036302651245,1.5208772423701598,0.9382371459483124
422c020q_0.18018_445o030g_-0.18018.wav,9.058248182492044,5.103231013851028,3.431701052153984,4.623813697891611,2.437346893192524,4.758689638725263,2.502985910432556,0.9653410083174544,3.0208101025639094,2.02749368568554,0.9586711868372984,4.334698129208059,3.0690220435274473,1.1236256534492346,0.4552624671680707
446o0316_2.1104_440c020d_-2.1104.wav,5.353536034530317,7.031874707937712,3.299525811487942,2.7865157419579965,3.4418965578429868,2.61749669978506,3.4601328782762035,0.9350743251802672,2.352272748251676,4.3027365601756085,0.9425476902112658,1.439296286764994,2.006026917789143,1.4912082209523574,0.7815278344698703
441c020m_2.4506_447o030z_-2.4506.wav,8.29019913030978,9.78442253616534,3.771618520744633,4.051059255004036,4.748793771781481,4.134068411698985,4.885576372666219,1.0791761015938854,5.037404362835854,4.505390382580699,0.9298287869889096,5.022044999833781,5.3000513114563566,0.9179441348493744,0.6486741996284328
442c020x_1.8089_050c010j_-1.8089.wav,6.0883615972296745,6.188145008445009,3.356229972291749,3.2893556716027863,3.1845277309208946,3.125726534790612,3.138424525109338,1.5166591894507526,3.9568497599831782,3.2540096599557917,1.060011163139117,1.8940323532356231,4.243507251386809,1.7507967085543037,0.6980699121476266
446o030x_1.8788_22gc010s_-1.8788.wav,6.601226523689585,5.660770047686478,3.716940863861716,3.4365358122385588,2.735504692666668,3.4021656498312978,2.589495473998467,1.7934907806935607,3.529168614378367,4.331002851460745,0.996693351386573,4.302793602361104,2.370537856937611,1.7486551934075716,0.2230255115369008
445o030c_0.78651_440c020f_-0.78651.wav,8.306739074409574,9.340335809823788,3.5539521986477385,3.928783420447583,4.682521069418993,4.077479779771047,4.66278803305995,1.0410978454664304,3.334111560990155,4.231532869983989,1.1528124910056905,5.172715917645078,4.168651773107168,1.625248159780389,0.44890289526553
053o0210_0.18658_050c0116_-0.18658.wav,7.019117961946239,9.392333152149074,3.174817178947778,3.402045055143504,4.771855098071445,3.5404573342111,4.714044709702968,1.6287332282469384,3.656941379553425,3.7577094677247427,1.5880651543114723,4.249635302724464,5.496223364912581,1.4686025633734756,0.3382569513030747
423a010e_0.88002_051c0102_-0.88002.wav,5.653309361215667,6.17840284567049,3.719214383683024,2.829380725954269,2.997687621741789,2.722622039418121,3.103056416216607,1.0824140565530105,3.3532042968529057,3.2344760762127533,1.2603409104828012,1.7208744598811165,4.399124343254509,1.3055903268362543,0.9962631275881664
422a010f_1.4679_22go010t_-1.4679.wav,9.038346574515725,7.500911859464204,3.264581736585682,4.359783614793639,3.624208766145887,4.501933378604336,3.6720986883484072,0.938270113128362,3.6268907730860613,5.103790555094078,1.1394016423604525,4.1927702769779245,5.155608118416168,1.465967605158211,0.2887089751877404
442c020s_1.4121_22ha010q_-1.4121.wav,8.932916232267177,6.613152855534288,3.696868531379086,4.461591435537811,3.218709662757853,4.621166948917201,3.1600951975661977,1.298229639348337,3.7090495614364216,2.7353297672598824,1.688377821074722,4.17829339904256,4.967520007785772,1.121353182001614,0.5470245293587331
052c010t_1.5594_053c010z_-1.5594.wav,9.705331467224392,9.295679636182031,3.6065717833260074,4.977668607572755,4.478382626046914,5.099285147139974,4.597165694300328,1.6739027535364666,3.4664617720440063,4.073436417034193,1.1191971339920364,5.278094501386267,5.419680234337538,1.6698900759463426,0.428439299589771
422c020j_2.4859_22ha010w_-2.4859.wav,9.291217038620134,6.621211307527837,3.679693530696355,4.467177597669499,3.231144088206978,4.539001848670459,3.3852261344296037,0.9854846461340442,5.185520283640863,3.732146821381201,1.0862228547777688,4.647861581798458,1.6360466743973507,1.643559428626476,0.5075298558680014
421a010s_1.3482_443o030w_-1.3482.wav,9.239832394490175,5.449964164352237,3.5542969744173423,4.45690506516262,2.957249092665214,4.463296137480509,2.807385307197785,1.7360504805502672,4.702905486562563,2.173968004014085,0.9441042191657292,4.0410983406360375,1.4217829745911073,1.5337881165224565,0.4485597474830745
422c0215_0.49701_445c0216_-0.49701.wav,6.285475764151293,8.882912570999771,3.53126113333098,2.985966966722219,4.223064413904539,3.121415765422886,4.287513020798298,0.9071211357188916,2.9111137183846147,5.123855964810781,1.2691052505530025,3.7637755084865745,2.6194876343084887,0.956317568629047,0.4993463906255185
440o030p_2.3583_441o0302_-2.3583.wav,5.15534555984941,6.175869248537767,3.45557139595306,2.671131221052655,2.918607664699878,2.5011883089876,2.9230129613810085,1.2467473055537377,1.6625982881093144,3.0245983725162437,1.3268959572076768,2.4953472391293343,4.485129504278795,1.6676129401878348,0.7877569532684867
446c020l_0.67776_22ga0111_-0.67776.wav,6.573526995916993,8.800929858015053,3.367605228085642,3.038675359255019,4.42958398809412,3.1867965269005127,4.405917140071294,1.553216776581257,2.211730135205012,2.8031934410268438,1.637159745964063,4.10009568269968,6.154837628048353,1.7580270165910843,0.512874116479284
053a050d_2.1306_22gc010a_-2.1306.wav,7.488127871239412,5.189733064910497,3.7055458378462496,3.5094309274013327,2.7149063911284936,3.6191664109405375,2.612641423263556,0.9469037198155682,4.208177912689665,1.8536501161583292,1.3161188679022853,5.284868865078875,3.502034163686071,1.078561187278776,0.3424508372891008
440c020j_1.7413_422c0203_-1.7413.wav,7.207604117791363,7.509880024703499,3.767462721597384,3.44619838736387,3.496394397385445,3.533648173381969,3.642176889219646,1.459984672140486,2.827454137893534,3.2707704048256714,1.4482693911111943,2.5198126130023963,2.3285028980691207,1.5130329884018128,0.8864135297111706
422c0215_2.4587_421a010d_-2.4587.wav,5.242322738597195,6.156054085786757,3.349254971922216,2.745542933546253,3.150027281215029,2.826204991635353,3.000382259965304,1.145360516674025,1.517481169125835,3.4747117872879763,1.054320274941615,2.809048498705872,3.8504094647618508,1.7583497406122963,0.4165863584411459
420c0206_2.3578_441c020z_-2.3578.wav,9.219863183313617,8.86460983069956,3.124248139684464,4.480157684098909,4.5532317387347945,4.555847425528658,4.682734877856198,1.6478960432888612,5.660645602279351,5.9077823071205255,1.7077240251534975,2.9948291012590276,3.963661079754037,0.9838805723979636,0.5479775489189338
441c0213_2.122_443o030n_-2.122.wav,8.593218857037002,9.096943989590876,3.2522426490627208,4.298271727534044,4.480420774598143,4.4250733532517215,4.36718938444791,0.9672707568661956,4.669505692335488,5.140308664257601,1.0935904078040033,3.444137912821531,3.617087166507648,1.6916596857916268,0.8652526419299933
051o020x_0.64903_423o0302_-0.64903.wav,5.569399529006402,6.02583294069804,3.2760557893711297,2.661480408731028,3.188927290133337,2.6582150862664986,3.0189586528227954,1.4712702540819973,2.156617437979757,3.8064322071265213,1.7711421552450748,2.818035748588403,4.010524577811982,1.4049226900617533,0.5749859546172135
441c020x_1.0441_446o030d_-1.0441.wav,5.01543519469746,8.935099007752418,3.7660819837350017,2.2726501921088267,4.609701110093515,2.402433436111804,4.516125955399207,1.3118829999154404,2.1888552688134437,5.673396171319725,1.534612093178025,1.79746074046467,3.878683370839729,1.2040397467461146,0.918065481154777
445c0209_1.7601_051o020p_-1.7601.wav,7.78962261722886,5.85702568765621,3.1812952301100728,3.763867822609448,2.8979544471526624,3.8001690815873777,2.752413323766118,0.9904107823785222,2.311220850707653,2.970435890583649,1.6610876058723842,3.0049755784871373,3.053449493175582,1.0376307509035594,0.3634463545870964
22ho0103_2.3761_423o030x_-2.3761.wav,8.138442859726856,9.92367566638148,3.6284996438104233,4.1772706682558045,4.803649960322313,4.33196937772713,4.733163725581718,1.189836174626296,5.777330215375083,5.096874500729666,1.0275401929833996,4.895963890272637,3.92650447817148,1.286813902239438,0.8634091070805918
053c010n_1.7425_22ha010g_-1.7425.wav,5.987860340979298,9.534903213425691,3.28996488733374,2.9491654977633504,4.789034098310811,3.094586556738326,4.85576276985908,1.7623945174609323,3.92592108103738,5.642421332236265,1.670943719257238,4.205427863657138,4.739809939033012,1.133602731933426,0.5316062122407827
442o030z_1.8042_22go010c_-1.8042.wav,9.527238333694436,5.054114056412404,3.352235500959792,4.528834957024328,2.518488953822519,4.664782615488544,2.6205587052579804,1.1065093522536458,3.4080424048208777,3.565096068034305,0.9319278032093126,4.102267277957643,1.617604848584327,0.943099242561772,0.6786879819971627
421a010l_0.48629_052c010t_-0.48629.wav,9.416618954716576,7.687604471197873,3.109403068804465,4.719677118999411,3.83922993679706,4.576797189873726,3.884895304999225,0.9814823071320602,4.778929155271262,4.893878257170214,0.9723511995216414,5.39777028291413,3.8308949368306005,1.0730404406419205,0.4804954494055132
422a010j_0.85808_22ho0115_-0.85808.wav,8.655629709969297,9.800750430031483,3.707083725036564,4.368777753171089,4.771830819659677,4.258394170883155,4.64254251871453,1.5064046280588232,5.522250225304792,3.139730980974786,1.3984926051720847,3.943448166346029,4.065680703946341,1.1575868158239238,0.7025094514859809
443c020f_1.5092_442c0212_-1.5092.wav,5.048908761931435,8.624275835673519,3.901850271396265,2.368281486658704,4.252429419560295,2.371727717636217,4.402389825974954,1.4129606310874057,2.412616341031945,3.0971523334234634,1.3324055424064227,2.5500121655518444,2.5539732939963833,1.2375889119210957,0.8635746161187381
050a050x_2.1371_423a010f_-2.1371.wav,9.002527004224698,7.47136040394193,3.9028061806337617,4.412956721767393,3.7800931596329215,4.579604303712016,3.813687555475232,1.3601952905634076,3.8946867543744452,3.561877924151124,0.9489471685823884,5.96852734033607,4.618038643516019,1.7465892484616177,0.4018609585902237
422c020c_1.6944_447o030x_-1.6944.wav,8.461574615190523,6.139033944697631,3.027003780722201,4.1063079391254735,3.1410509903747608,3.9557812145346776,3.0868135016426432,1.4351796105016423,2.5457328498955203,2.6359978437356713,1.3012905629464764,4.1609653466476235,4.508685679908792,1.1573084520653654,0.979720858794906
052c010d_0.44869_444o030e_-0.44869.wav,9.8067402263458,8.994533700961448,3.324348820794968,5.053096618118563,4.622522462935319,4.9233025610024335,4.73231090830793,1.4435951898098591,6.382919899401007,4.665844800420526,1.4347682612104484,3.629681558846279,3.562309801442496,1.0979741202035045,0.7404224963210095
423a0105_1.2681_446o030n_-1.2681.wav,9.587563582642002,7.001772849240714,3.231266124746824,4.782901255222231,3.454013258563219,4.921269410956113,3.5119291758813813,0.97043954984366,3.889829934127654,1.7182473970313497,1.7613590642389247,5.214422553536716,4.847575058292704,1.3697559164585091,0.4583055907178883
443o030q_0.66062_420c020z_-0.66062.wav,5.665267395971801,5.203009071324422,3.241528357876583,2.6722054660718886,2.5591246719066523,2.829519241927966,2.494685740150268,1.0159678535624406,3.639760694130815,3.5387948398320184,1.7002759511693273,2.129645403073782,4.315846731744883,0.9437612094251792,0.4711443407723136
444o030z_1.4561_445c0202_-1.4561.wav,9.885811555197671,5.711852373531496,3.684537311141311,4.775322198575063,2.838475106437744,4.716101334266744,2.997826570913523,1.1576053932976915,5.030824411255502,2.2599519429983155,1.771120032556397,4.36873580755588,4.070353623008735,1.1446871168513155,0.4464756002257558
441o030w_0.042187_420o0308_-0.042187.wav,7.048786458609885,9.0592796969423,3.165804804898828,3.667189203494985,4.593391735449357,3.70765760513885,4.737829640683374,0.9636253690853804,4.211856913869666,5.369427500016805,0.9162446442257848,4.533366255124988,3.0916577665469727,1.05572464559463,0.6067259949198922
445o030k_0.5234_420o030b_-0.5234.wav,7.339616269175764,7.530557923158835,3.1301719103488286,3.625497829511501,3.69283621233087,3.545446632148916,3.5659827307041665,1.3571769660068682,3.2871157190285825,4.32965780601643,1.1647031213207608,2.1648448499247865,2.7034468737156736,1.4266442581304104,0.5383740243384869
22gc010e_0.78181_051a050x_-0.78181.wav,7.569993028118975,8.416232924088423,3.2581202943675045,3.764117074259145,4.382293693382271,3.7906227936807086,4.214372739246268,1.148500016500318,2.9750273703324224,4.8169081025454075,1.3585427197291655,5.108910418114523,4.0142868128688125,1.442201683524456,0.9299417380292004
22gc010e_2.2284_420o030k_-2.2284.wav,5.929600787786995,6.187789470251839,3.5686375267725303,2.7594942246776437,2.9223283557763007,2.9065941584939403,2.9516815408035,1.4739935833143003,2.3316835118100836,3.5283483250163634,1.3622315228924384,3.9030301198668784,2.9478131943912405,1.47396174694993,0.5059987978491427
420c020z_2.0914_447c0210_-2.0914.wav,7.884447407679439,5.026004236382934,3.505024804106347,3.8140057952725375,2.5968481212413894,3.677951812065532,2.6600091349564,1.3971835372316244,4.836680585684613,1.805813732271288,1.6711725893992266,2.9776114226542205,1.614515923321126,1.3622047877881247,0.3170601254462474
420a010m_0.61588_22hc010s_-0.61588.wav,7.225330892449354,8.897785438217571,3.212518869445619,3.887717578596689,4.503329639242788,3.73319220923635,4.574195076686232,1.7662867372030342,4.899347882051887,5.845666554430448,1.4951746929183989,4.162326594755514,5.291428444484644,1.1448532491451395,0.7530911359190509
422a0105_0.60067_423a0102_-0.60067.wav,9.01984643888832,7.140404832642284,3.732050920618337,4.520687850615962,3.592572212192807,4.690201634476104,3.5797239795743705,1.5853422861712632,3.894738633620169,4.274511319760013,0.9967302698909112,4.045374599101801,4.656625005532715,1.238235459388476,0.7182208234138099
446o030d_2.1543_420a010v_-2.1543.wav,5.13978078415326,7.396413873077072,3.362605000020049,2.672631195032849,3.691750744258179,2.72694031049469,3.551927570292801,1.2397695077597213,4.32129022230187,2.694478589441082,1.5776263793236145,2.142604917734366,5.406473931274602,1.1887451395704784,0.4997627600467638
421c020r_2.2021_447o0307_-2.2021.wav,5.859290618699981,9.527815213885027,3.139959763328518,2.716291724035224,4.683741139138898,2.755185726957809,4.538871347475287,1.189419406180198,3.812591371271258,4.385527292246699,1.1003181505458746,2.244722113299031,3.641618776322336,1.7450362113261095,0.5821351509151143
442c020d_0.15455_447o0312_-0.15455.wav,5.727245576238277,6.782334431070076,3.2877910478816337,2.997304013750678,3.232522815629823,2.8587654731123844,3.175015661659106,1.7538586042895026,2.0380982766214495,4.87972625304837,1.1896002415688234,1.960489928196984,4.727645677017108,0.9380548077617598,0.3021194237315906
422c020o_2.0288_22ga010m_-2.0288.wav,8.116461962470204,8.772421454239408,3.561911026074724,3.908593214672519,4.351756042374357,3.965058100968784,4.212789439855803,1.6529321785746238,3.4377778191607877,2.3826926599322387,1.1409622763070804,4.030848691086483,5.2740198891700025,1.5577584993770763,0.2290940634607938
051c010h_2.024_446o0308_-2.024.wav,9.472152856352482,8.88584193048364,3.6073251350696736,4.788229943463755,4.41334585246025,4.940102311376946,4.336960095512762,1.5465995013736848,5.104081457091684,3.2338635088951193,1.0431664098151991,4.7165934493521195,2.9118931966341135,1.5499698494105432,0.9952544278107768
050o0212_1.199_22ho010q_-1.199.wav,8.787441087464472,5.919986637385924,3.073818141993305,4.225669735960736,2.918472571398244,4.373056288859614,2.946350950558196,1.5510248478127706,5.410800943735339,1.5773614251772148,1.3435149621883895,4.766322348973151,3.3873381157499547,1.4249539980974488,0.7676389751642181
050c0114_2.1345_22ho010x_-2.1345.wav,5.061489778294936,7.272480945763018,3.1986409559319124,2.561656629087976,3.521052550840688,2.5014145268975128,3.3836811960258144,1.7053424491901517,1.363098838305339,2.910105588487219,1.3987670245669848,2.50319942208288,4.781103618018145,1.6895571208930047,0.5473843368528637
053o0213_2.4656_420a0107_-2.4656.wav,5.188013285000127,8.286255418966398,3.3088144346917185,2.8458427717599504,4.029328564904921,2.676219554522248,4.018016439820263,1.0444556092384922,3.3129120142616295,4.6245134021453165,1.5938378469373182,3.276875193197904,5.385072571050668,0.9288326752002593,0.5796512909248375
446o030g_2.237_050a050x_-2.237.wav,9.318146667377338,9.825098964666696,3.793215629292378,4.484884157123388,5.143626987925273,4.61619337822781,5.07111568913019,1.2908897980377445,3.908350938781781,3.6757710329735875,1.6430331680745902,4.547441612190831,3.414061043994662,0.9037599411712406,0.5875762034341241
441c0214_1.1102_440o030a_-1.1102.wav,5.294567948694782,7.088578830536374,3.322015045383477,2.6736735564078065,3.387829266579383,2.773368589347069,3.525527851928832,1.491124303079916,3.93275147899921,4.637410204644121,1.583598092693343,2.55750170344756,5.024151077089382,1.52488104735225,0.2595132798098765
421c0203_0.92149_050c010k_-0.92149.wav,5.490575073448426,9.253874854568505,3.317436401642892,2.511316720614189,4.679688608402546,2.65004233772988,4.777949501721662,1.06824891861534,2.137904023434617,3.5946238504537917,1.719666692779796,2.8585638358197847,5.56399310747654,0.9791569303237452,0.9192308632634912
420a0112_2.4608_421o030v_-2.4608.wav,8.080313237625052,7.104141474139892,3.1757322437786293,3.9572143380325713,3.626414985353832,3.91310107830084,3.483048251709514,0.973961386979243,4.91235201532557,4.133061316888483,1.2626888276385624,5.041820815963804,4.08810265310081,1.4748252303560865,0.4716578764713029
421c020i_1.0901_053o020u_-1.0901.wav,8.51985702748189,9.43410220679656,3.0898689097672314,4.46307092903115,4.60263586815527,4.334695894570902,4.714080251267788,1.2975710316058584,3.291269473946093,5.300737338131731,1.750497723560152,2.8058592264909077,4.8389999641244925,1.3852265515815407,0.8994197068273135
053a050l_2.0998_052c0110_-2.0998.wav,6.561143544641136,5.478156720151758,3.9052929499515634,3.311960054131222,2.5784008483337897,3.4543256210753444,2.625645375516088,1.722554066567309,2.12446493755838,3.27677862307987,1.5596621655184637,4.173972625461306,2.577418687914745,0.917120186651417,0.3978569923657437
441c020k_0.31137_447c020y_-0.31137.wav,6.779328443197373,5.499259188718638,3.97181959486048,3.42262681385373,2.9698980120223624,3.347018588912903,2.817637063905988,1.0477725408468437,4.9537403963534405,3.2901145976246613,1.308859940047143,4.16874490232119,3.873780524543095,1.4916714952588577,0.1277772687635468
422o0302_1.5219_22ho0107_-1.5219.wav,6.65667406966716,8.52415661116939,3.4777265490185822,3.3044269491395126,4.144613815650343,3.365222523122967,4.007486509164646,1.1537803588373494,4.686537606870606,5.087154580205328,1.3742670998968571,2.6622563534375328,5.872289306328627,1.0119025871141414,0.4917906043173024
443c020d_1.445_446o030h_-1.445.wav,7.458700262343843,8.57262372093209,3.70484197136296,3.8609660664385927,4.258584399645251,3.982585572536701,4.139804368762732,1.6632364597635307,5.3905849787266344,4.2443787074566615,1.7883924908927484,5.2904320786981565,5.073070256588527,1.0576629000383384,0.9079105181214118
052c0101_1.9551_440c020g_-1.9551.wav,8.351049580905752,7.9193625463507535,3.9881919911591,4.275105117219118,3.8488681232656057,4.315458551849412,3.993338190454413,1.7160391514461395,4.972548778771118,3.2717448397363755,1.662277167551581,4.8180169584585215,2.9579510227311303,1.6055813221552138,0.5641392373604925
421o030r_1.8202_444c020f_-1.8202.wav,7.54454062473262,7.555769368577414,3.6615328750859977,3.733407209869633,3.6495741278228553,3.709861326766101,3.797714572634105,1.6555540535109954,5.017827647180449,3.609590786870137,1.786299419990122,3.9471225263359524,5.0692862706793775,1.2299600086858022,0.5546808389259248
445c0203_0.37826_423o0306_-0.37826.wav,8.114085024267855,9.36928536794488,3.7714653007856622,4.130738443428195,4.694999657514583,4.161268588852906,4.8418598298566655,1.2031638018462238,3.2385836764770906,5.435633616888435,1.1099999280337067,5.10893369565643,3.24568193671589,1.5218439775963415,0.2948054371396
22ho010s_0.66486_441o0308_-0.66486.wav,8.14975174940767,5.908586235298843,3.785892145770563,4.169206521964315,2.9757189238359274,4.2910649717035225,3.0942538057363915,1.668647358406949,5.551035802961015,4.04009798410106,1.1164200838175766,5.450877364661215,4.486677335221177,1.205513882095466,0.8318132361905678
050a0511_2.4737_22ga010g_-2.4737.wav,8.55026048060598,5.916826198779895,3.0352317539241014,4.324549219883597,2.8171182130663697,4.256342234451667,2.9728352870765398,1.0501981915053706,4.691196096695027,3.6442025398731563,1.0312515220286913,2.703800563317256,2.3258115664902004,1.671361518721231,0.6719152299304489
22ho0103_2.4537_051c0105_-2.4537.wav,6.090773289737426,5.209144369952939,3.214712419957566,3.174577050595976,2.416553011356999,3.157768993132525,2.585720056623816,0.993440412131364,4.094185744650282,1.6497351068167678,1.3330011633411258,3.3722713153337223,1.502658791210629,1.5981391729094765,0.2830208149909748
444o0301_2.2772_22go010e_-2.2772.wav,9.589496230236469,6.005505311943722,3.7487195307456425,4.855514431961371,3.1505351137277557,4.732646473102982,3.064491725335776,0.9688978984258566,5.359193912320856,3.719665502634866,1.7728091997861697,6.025566647389687,3.5164367369373215,1.4997047572982811,0.2371909146355487
440c020k_0.62659_421a0109_-0.62659.wav,7.0284986469816655,5.47307246282326,3.214003990581033,3.605003385428697,2.6328806895992933,3.456477166311733,2.611905412847376,1.2996738126717673,3.561003065902193,4.66577317714763,1.4569079891588763,4.184335928070724,2.1750871263910763,1.1373014356814175,0.3938855755860783
445o030u_0.32399_446o0305_-0.32399.wav,5.097644781393623,9.262290688464397,3.2497288267938518,2.764036646201585,4.746663601725283,2.6808267388227307,4.894907020850729,1.6637778916989607,4.245942304965752,5.70497118778794,1.7675340838028497,4.050803219939989,5.452077229572969,1.2084600653552315,0.1702922838581098
052a0510_1.6586_22go010p_-1.6586.wav,5.960914388910097,5.493350575535436,3.628551497218932,3.045509934492296,2.929746534930647,3.191797631676053,2.962911420769035,1.704615054823705,1.9403603312335915,4.051483242873992,1.3262336360811935,3.7132089535654598,3.3256346484096664,1.6307821926056112,0.6459550586334428
423c020e_0.1021_440c020o_-0.1021.wav,6.677482811659354,7.811569262820816,3.888073147077372,3.353265943283984,3.686900000246256,3.214274542021376,3.784784577044935,1.5400004525036968,4.581336708179961,4.470440494722776,1.598098070966984,3.114340505842269,4.65770613829383,1.4299456382484776,0.5454455252227878
446o0307_0.55231_444o030a_-0.55231.wav,5.380492304933146,8.841986385050133,3.446887460710672,2.499722576254773,4.439483055470299,2.6415810850283603,4.488228962873216,1.0812225022555335,1.888914982854112,6.19564096047473,1.318194434114205,3.49074872429347,4.397569599984981,1.7521695852068302,0.9233057211483592
442c0210_0.90953_22gc010y_-0.90953.wav,7.402278245563904,8.95472807214021,3.342098999149519,3.941529468100085,4.591834220615492,3.7959725307467145,4.67965892094693,1.071237872274,4.392672833907158,6.220352994881988,1.2978376309530215,4.379479304359684,3.6245349530765307,1.5271777206246866,0.9915871234648622
423c020m_2.0279_052c010p_-2.0279.wav,5.246598838923788,9.06698596866872,3.802938084868935,2.595316738076012,4.6504257169727765,2.759504128930617,4.606351907466939,1.6416666937855635,2.188209699829583,5.477311574928873,1.5383532873439791,4.299934118605929,5.134861168511241,1.6033727482535105,0.9812695265723518
422o030d_1.0556_053o020l_-1.0556.wav,5.12321673727943,7.758579784577099,3.780586381388769,2.4761246631888256,3.731279301035209,2.548230937767339,3.8628113700009488,0.9677487552327289,3.275073870144018,4.28500132963719,1.1700320165248477,1.0662867195725303,2.359147259815792,1.0837036261609632,0.6197631182440584
443o030a_1.3628_446c020v_-1.3628.wav,6.4105658893891935,5.110951894062258,3.104321597253936,3.120889538967832,2.3755548364075283,3.2163098742781786,2.51624939781365,1.275190395194954,4.070061423698833,3.473412966867549,1.3998389890001273,4.972677534652285,1.8351156626472973,1.666244594249743,0.7753011595845154
22ha010i_0.81229_053c0104_-0.81229.wav,7.357338854156358,7.687559518203457,3.913616851979474,3.5861550615181783,3.9743113780756634,3.508545906167847,4.102673440250622,1.7562005580210116,3.9623828086026793,2.26977067124502,1.6973842620884845,3.8958621778901596,2.7279413228983738,1.4199224308577496,0.3842411095856601
22hc010u_0.98853_446c020z_-0.98853.wav,5.310814917890659,9.986743376019998,3.3774836974675533,2.453412881217559,5.15274821857392,2.594026292447047,5.229088696581376,1.7900935864058012,2.2005025866305306,3.3999731715765082,0.905207860016869,3.9489713191297957,4.5878744231680955,0.9774934829655922,0.8079733344475127
445c020t_1.3052_053a050q_-1.3052.wav,7.481805005277431,9.971260433990938,3.2367452530893592,3.841297378501864,4.964790587365154,3.977847711565391,5.066052655980406,0.9068521252433652,4.9844047038319665,5.415128286088447,1.4938920238002376,3.11837290263532,4.9083132450716,0.9653839358601614,0.4415471113879774
422o0305_0.44554_446c0208_-0.44554.wav,7.846332786635317,7.755082351381777,3.916482374982501,3.942244384843028,3.8967967727660735,3.921625385003888,4.065541718899679,0.9067113420225436,3.6402222436275045,4.6875205305742575,1.1260545140314038,2.667215244847725,3.6067686349969583,1.7369364157709706,0.9242990733069716
423c0201_0.29744_422a010s_-0.29744.wav,9.6744286025013,5.204257284469296,3.6031044682843727,4.923979533143786,2.841455351397208,4.811655993266129,2.742039948217658,1.6120167575636584,4.308481266679659,4.634403533561353,1.7344149937181417,5.078691909224971,3.6214798740423224,1.437650844164282,0.5314643232086436
441o030p_0.72083_440c0205_-0.72083.wav,8.84735726193808,6.434839587740721,3.905467561150171,4.484146633067455,2.989814482527184,4.399209617901114,3.13707514752172,1.3785633593334852,5.820752565681365,3.958809083848975,1.30253521235955,3.5115519193085665,1.8768714125610773,1.6608374493891236,0.4155007654631856
421c020p_0.81852_22go010a_-0.81852.wav,9.753229511875263,8.466323884258285,3.4826461051606525,4.682053211740865,4.227260233334352,4.694920750375211,4.376707302390569,1.331644752266964,5.738107373327678,2.905908240684322,1.67137763768726,3.8118126560202863,4.79806489222564,1.1253257322306405,0.2943738088279372
053o020y_1.705_445c020p_-1.705.wav,9.63104444519997,5.314676438397054,3.040299143830069,4.843180275962338,2.588338918528994,4.95605206433293,2.7154607474570915,1.7217359844954605,5.433949150351178,2.027594949386315,1.5588383274297346,4.211503970507844,2.956774052694425,1.0174832166491528,0.5717494497683122
420o030u_2.1887_441o030i_-2.1887.wav,7.531434941062827,8.878952115334826,3.20322145153521,3.7885317966845182,4.511356549242599,3.808389362163288,4.66003632962062,1.5852985889202296,5.031104751711985,3.1124725256867065,1.6025707447411195,3.2465093907957048,5.7327267339811705,1.186670496574652,0.3159735035955642
442o030u_1.5735_444o030y_-1.5735.wav,6.558619850508327,6.589860593987172,3.1116353750035,3.041580837093396,3.28197042860824,3.191057987156185,3.294483685942212,1.5031618400474294,4.558082075001975,3.5380454824101597,1.3787077069396707,3.013720323580382,1.7531713900763286,1.7960726648342145,0.4545797002301147
446c020q_0.085415_051o0213_-0.085415.wav,7.206718653408132,6.896665043243466,3.560106482012559,3.454918693505471,3.722798667865212,3.443728892575412,3.553167337164937,1.754234272675244,2.584406618387805,2.074879407480476,1.3573199825432982,2.0605070732899566,4.054339561152172,1.1198786170212989,0.7743056546699394
442o030f_1.1558_421c0211_-1.1558.wav,5.25529959633738,5.525308892562764,3.241358724878164,2.3777111573781124,2.813704621856137,2.5346484719577167,2.844860348336872,1.1410919317259969,1.6751197319715423,1.8894346605367394,1.705708623430134,3.315050530905071,2.7647378243107856,1.1936573341967966,0.9253803903893116
053c0106_0.80183_441c020q_-0.80183.wav,5.339266496976513,5.973143679985484,3.803954065218362,2.721088085959728,3.06098129989879,2.8487001062685944,2.98214493600059,0.9235480032100452,2.2698257676480504,1.6244683724467295,1.6755344304750022,2.379475401378456,3.5950383303130757,1.109152664285696,0.5217738129296985
445c020c_1.3742_421a0113_-1.3742.wav,9.76442240134277,6.056010754686843,3.563615815588417,4.796103152137116,3.2850172112508185,4.88922102381019,3.167420179081309,1.5533077981903096,4.165326791683113,3.1722097283804596,1.6124889091666748,5.105562842432897,2.3503035120344693,0.9992351485430504,0.3318046851751416
050o020t_2.454_422a010x_-2.454.wav,8.063994400387688,6.103501008639157,3.8329838286051303,4.08003054456839,3.261282586784389,4.034522122914281,3.097487032636689,1.6744305483095254,3.649583386095601,4.059361608466268,1.3280134385083475,5.039672760574393,3.801696845344586,1.784718476565613,0.5678590614655383
423o0305_1.3462_440o0303_-1.3462.wav,6.869522263312626,7.032156226119432,3.1593314854144654,3.483762989344243,3.5473230570393666,3.408476214536284,3.394902908964988,1.444054746175914,5.193048015716343,2.6818716265331988,1.7828842968361012,4.503218070929525,3.7158238147531493,0.9298786475557616,0.2600926572116276
444c0209_1.1692_051o0206_-1.1692.wav,5.97847070600937,8.322468430220649,3.6563819836194615,3.0134751590464948,4.067625631170226,2.8838746516826204,4.143148531611259,1.2194635919525898,3.977148755549372,4.362161993196076,1.3436703869071331,3.3731141585733435,4.699160378867251,1.1298260433659402,0.3183563057749459
420c020k_0.1332_421o0303_-0.1332.wav,6.393672980277419,5.745467345921012,3.510124407361693,3.175227701869727,2.8252389984781505,3.285554613769875,2.7236123655979005,1.0951879852355833,1.9673417680988057,2.91144059582342,1.0707624027062912,4.54941011636234,1.7376760317213549,1.0183089476612082,0.7436123037014525
423a010m_0.37515_052a050p_-0.37515.wav,5.292278498310046,8.702430602496937,3.715530443007751,2.756187186216894,4.332997870814356,2.5962265097847697,4.32945075996507,1.2421581930911187,4.089076138486073,5.616374326125462,1.0956846785533907,2.206648592470461,3.4766603452936913,1.284431285527083,0.7588147977360031
050c010c_1.3988_441o030o_-1.3988.wav,5.409634090601029,8.275132452276138,3.6011903269012104,2.916396440427422,3.964804332646157,2.818728063151139,4.103947740970869,1.030164441616532,4.247810736853691,3.143739870782391,1.4565597382496231,3.2557610526258913,3.0280354974363504,0.9773386094260464,0.8459750203305232
052a0503_2.196_22gc0110_-2.196.wav,6.570988602515499,9.559808430976313,3.588508189131979,3.276104012270106,4.958070389226322,3.326091539574054,4.816644623843782,1.2665968103643386,4.393383967667915,4.758371195378483,1.2575060454605396,3.687749201350338,3.9476589630448435,1.3673712531362383,0.369977073501415
051c0113_1.0098_053o0208_-1.0098.wav,7.176498641895037,9.751887098578088,3.9053459391803935,3.6465065332455375,4.937678189616413,3.683161594404314,4.792225769590322,1.4937032720458374,3.2586082542822816,3.7260277356060123,1.416740530480071,5.190030617464627,5.377642257594203,1.7792892091651833,0.3956188038375263
444c020x_0.7265_053c010k_-0.7265.wav,6.171726896531362,5.265311701514079,3.066011047777687,3.0914722632304823,2.563399836979822,2.933897669155572,2.6271983267905314,1.040795921758452,4.568688788744428,2.132641005782672,1.4222766113009198,3.901757618068884,1.1430569926783571,1.1460575869735283,0.7404385199335013
441o030i_1.601_22go0103_-1.601.wav,5.008621164834151,6.84887095466128,3.49502138301549,2.503838923497228,3.3665976051040074,2.6238045175782334,3.2765517488040565,1.6225155090954295,1.625099636721143,4.928103345629964,1.4008319753504832,4.2012836620213045,2.72265484909869,1.0645940217589058,0.4110876047280237
442o0303_1.5704_050c010f_-1.5704.wav,8.798445840960262,6.536384030664354,3.852377674150972,4.163946350078918,3.154264603613436,4.31564521166967,3.1033975672139182,1.2817546586599684,4.926528445052981,2.8393309527835346,1.0407100976397692,3.361331254044931,1.862408230482072,1.7893956065104013,0.8285969364344679
440o030o_0.36209_421o030p_-0.36209.wav,8.257739916213938,5.599134834781468,3.6360577228668367,3.9601290124802815,2.760733569837732,4.003809592609114,2.904232722865228,1.6577734198469125,3.404855746935763,1.5224027968248324,1.7421352540233277,2.7495062426798795,2.4742428426477234,1.5106746183982844,0.543739330586218
421c020w_2.4247_442c020x_-2.4247.wav,7.531682613096857,5.046351798743467,3.876371302950436,3.810186569200486,2.4803661145756304,3.658174725279142,2.4042583008661764,1.546555685040777,5.686715285342916,2.5237179808039003,1.4445861375660425,2.8354446476060033,2.9540709748967275,1.642235856903015,0.8226354494044371
422o030t_2.1346_445o0309_-2.1346.wav,5.769975954465591,5.668913573374798,3.985285322848848,2.937768674592593,3.0722293895355586,2.8276986405754414,2.970324592732548,1.3064690568481,1.5817587137692506,2.679191524613424,1.7753243760211732,3.7290508245034393,4.081216157635007,1.324889964852603,0.4428279582149917
052a0513_1.0689_22gc0106_-1.0689.wav,7.965756746517252,5.9112680976252046,3.5533700567438773,3.983576073049992,2.8406878714836656,3.8847141397754985,2.9789858040395414,1.6101496372015591,3.0384841636869386,2.2350992642280034,1.790943758414299,2.2738160191238324,3.431605689689734,1.0299830042797748,0.5110985272409375
050c010b_1.8302_445c020f_-1.8302.wav,6.631985254228524,8.346036513262886,3.003708007926034,3.20782139664167,4.032210609714711,3.2444142518568,4.187969920663382,1.0742423515349904,2.704197631450739,4.485827077128961,0.9138308013766224,4.512552908899327,5.240217854966989,1.6337794049497107,0.9997734885163952
422c020m_1.9739_22ho0102_-1.9739.wav,6.80572403542656,7.831254792078548,3.833718790533498,3.267249528402961,3.660412405201444,3.276070500703198,3.830183399330825,1.377072209317234,3.409558223274918,4.621586271354828,1.730566563271311,2.9165206474846235,3.0463246348415285,1.648058425897713,0.881828513603776
441o0306_1.4039_446o030t_-1.4039.wav,7.807429023421227,9.737539506360152,3.148442803177581,4.005589942995285,4.871768224597718,4.101472105266658,4.987122509122248,1.7792712115017406,3.2644431581599602,4.1152969945550915,1.5496251402435808,5.024974474834691,4.515309102118246,1.1314134471916002,0.3622251031580535
423a010q_0.23719_447o0307_-0.23719.wav,8.645622735723547,9.225073896693104,3.6682928098308265,4.387655246733476,4.729783791200776,4.325310387558731,4.866213694574198,1.726615801441978,3.9353867947492964,6.561447994274772,0.9758520211603292,5.311407621681225,5.355452387353448,1.793606228794884,0.2455393509124986
423c0206_0.78948_22ho0112_-0.78948.wav,5.47245570807932,5.376576580507166,3.6449104473843463,2.856184893630136,2.5577863752893624,2.9165623851852045,2.420474472988369,0.9697361961056052,2.563456496492261,1.7997797914457578,1.715573986658111,3.1344404878048002,0.935101292594563,1.6252712711415072,0.3039724191195589
050a0512_0.3958_441c020v_-0.3958.wav,9.749649181938995,6.088201674428225,3.407063191295878,5.113890162626345,3.1623266288525747,5.012274877423724,3.272663992484257,1.4199892627716355,6.383930666444712,3.5846859379951677,0.9842180703968952,6.745287456503758,2.5962704156575453,1.010123082809348,0.4404113612066871
445o030t_0.62985_053c010o_-0.62985.wav,6.282935372484412,8.342998046308617,3.222699563424823,3.1061807617737616,4.017496989916589,3.1861793200729487,4.16749775881479,1.0306577394044176,3.4772688168981274,5.36544339977611,1.76008518728678,3.6278165733257572,5.506494833366112,1.390669961752298,0.4266083474979705
443o030f_2.0594_052o0206_-2.0594.wav,5.008121265972585,9.355380035890882,3.199463963120106,2.6691690576946727,4.49351115876248,2.6865610159168294,4.6424994797450285,1.3506012623097576,1.4985264811961392,4.4954768401387595,1.3775899419110351,4.268551483270091,5.333307001649598,1.0570734406172442,0.5741730225729895
22ha010m_0.013147_053o020l_-0.013147.wav,8.448306961145805,6.526654975659171,3.541371551833861,4.269040315666579,3.228088620067713,4.297518084637528,3.0808167059956904,1.6605428918306115,4.1073048877022,1.5976815554051953,1.1802450412736616,4.429604385448217,4.439807090548936,1.1011360645486123,0.3105758972825402
421c0210_1.1555_422c020l_-1.1555.wav,7.024593254298605,7.648280530775078,3.6617143539272528,3.299877123374732,3.9406518267107296,3.3841433729040644,4.0647453365743,1.0161011995308304,4.024296517732824,2.214909508133004,1.5146105105669725,2.6036526255323755,3.517503309753952,1.182482435185839,0.2714575576482554
440o030z_0.47398_444o030q_-0.47398.wav,6.766721058385302,5.065193561010975,3.667763790150932,3.353578293301484,2.5069575557069466,3.465618445249182,2.634812959783335,1.5875153209172392,4.570532500834587,1.43513639328157,1.6409061802771805,3.229588061399271,1.8708649512924445,1.2318399754204026,0.5310784503192971
420a0101_1.8109_22ho010b_-1.8109.wav,5.044420558158206,7.553953479455521,3.257832284699581,2.667513051907725,3.798221916397542,2.656917389467978,3.648596611260132,1.6029152393625197,0.9950157404737925,3.165945049684346,0.9405369294382652,4.06176644177159,5.008665281794012,1.2490898251703832,0.8028989208927926
051o020a_1.401_421o030h_-1.401.wav,6.2649916288903,6.5162801876052105,3.0739432179661943,3.015271191728555,3.177103591442859,2.8832114680056256,3.105968302238248,1.0331987284918691,2.3346389372136542,1.818139360394094,1.7098122034443146,3.63413057852046,2.048050384775729,0.9453548983405596,0.5470456969883196
22ho0101_0.77144_443o0312_-0.77144.wav,5.115805259279759,8.688952290747245,3.0935547073450684,2.6925083215893664,4.331026660154537,2.731399617864025,4.486228036031417,1.294439077053322,2.7107965144696475,2.7018850161510746,1.5253569045650128,3.623299556120796,4.4907911645988445,1.032680137400415,0.6949540833782297
440o030j_1.501_444o0307_-1.501.wav,6.89756533903658,7.657319477954103,3.3437368400512937,3.3605471497604418,3.973829695978341,3.2741867590130145,3.827399224730203,0.995037288896245,2.5204478177117613,3.2763595901177065,1.2780343703370016,3.382625982828322,2.171739286138019,1.0495987315680844,0.7161057507736313
447o030w_1.9272_420c0203_-1.9272.wav,8.071888288528806,8.404182218659713,3.8682432999013416,4.204556063329966,4.140701215316195,4.245430832264623,3.975688327139125,1.6053377943862783,4.751959156288432,2.68479342775511,0.994019285847117,5.412628153450972,3.6261286048947103,1.3287724934282044,0.9164054098126796
447o030n_2.0002_444c0212_-2.0002.wav,7.10103966392599,7.075496976253248,3.533098905734469,3.4171346474527486,3.5019260616737267,3.508567399321325,3.6452440713087313,1.1546493099033877,3.4081713638355238,4.214123539863276,1.620676693326031,4.475518339730666,4.293709481936736,1.4312291097628824,0.928219956246944
423o0305_1.2812_052c010x_-1.2812.wav,7.552908065146002,8.559944095215792,3.075458271842738,3.931943847957299,4.29723761172544,3.832922601388986,4.435421520803369,0.966029377103385,2.672219992106858,3.629321856006332,1.7592797613643314,3.6390877349850594,5.530342778199847,1.7475535347888218,0.9302478818803028
052a050f_0.46969_445c0207_-0.46969.wav,5.48967678633973,9.478313949192188,3.091233733219241,2.603993047116969,4.739498660745961,2.7037745467024408,4.60186271943529,1.421314324963754,1.929563456445996,3.1709173092290395,0.914584938973366,2.252759249655428,5.223734371044912,1.1753052780680002,0.6940422213699755
052c010z_1.2608_444o030x_-1.2608.wav,9.009409825521882,7.173616702212913,3.466119725616835,4.431998938218423,3.661415961511985,4.340442332516767,3.7802325763113953,1.239617410908345,3.3144758058970334,3.112099970181666,1.7639483526141997,4.477656662891756,4.4161320397458015,1.0175976268046727,0.3727815996142569
447o030h_0.35911_423a0106_-0.35911.wav,7.049980289317924,5.638755047596748,3.457122067722884,3.341396592999194,2.88505755020315,3.4970397193095635,2.95343311040074,1.5026885787554052,4.301318652284261,1.6482093914877907,1.522076175454615,3.8960511315305792,2.145328175433848,1.1788197904763824,0.6245202642545046
444c020i_2.4042_447c0214_-2.4042.wav,9.239612401224475,7.933452121431776,3.6578219423998095,4.591291667826289,3.721968586251914,4.459719933219634,3.829620240454697,1.0580536414385668,5.298845015367849,5.09188551477885,1.2868676659733054,6.000176538070441,4.514861435627797,0.943802100099372,0.9154142705194608
420o030w_0.65044_442c020r_-0.65044.wav,7.757095458992953,7.317302566696663,3.196609117741047,3.7333674686453575,3.811354010160999,3.781738241959583,3.6483807967516046,0.9941725042775345,3.939434955193941,2.1767832394738718,0.9231273075048986,4.8664713968775715,3.809514261220001,1.674445091071782,0.5240623129591351
052o0209_2.4078_22go010q_-2.4078.wav,8.418488046339004,7.382575506694897,3.07164556103118,4.154163396433557,3.793501222914852,4.07689189783917,3.6649356151304304,1.130732496014261,5.773546209508914,3.192682389715494,1.3415748817259014,2.9659532832743465,3.9760599170315807,1.7372392836287174,0.4198966392766898
442o030w_0.36939_445c020p_-0.36939.wav,8.48174305621168,7.13457913687283,3.4323894093993603,4.406014956032412,3.538075247574686,4.369671583359767,3.7041449897397696,1.1866485221535077,5.564418391143308,2.133188230652897,1.5173441462632729,3.7536294883802683,5.4973459079042275,1.0416064270841452,0.4788833982228829
053o020l_2.413_443o0311_-2.413.wav,9.326747031050775,5.1441244280859975,3.8794880673469008,4.776294717030368,2.683399934794766,4.626689197125545,2.672528485305031,1.3225673795229076,3.1725936901804377,2.219410665571913,1.2362712961040927,5.125049420354082,3.2536643307988253,1.050295359298362,0.4759979287851617
446c0208_1.9695_445c0213_-1.9695.wav,6.371873003466745,8.23783491501242,3.5079457343431426,3.1458581165120347,4.149197214118742,3.0055762168653506,4.096084234240771,1.1207207178544685,1.3619509558857141,5.007276478680539,1.4825506611802184,2.143494459259654,2.547025224600669,1.6668802921308918,0.2973221611891111
423c020u_1.0981_420c020c_-1.0981.wav,6.739038899003334,8.513604114045393,3.993738039349168,3.2360423853076363,4.229392811916162,3.319326933875804,4.377594309782399,1.5563463471922496,2.4017842010287165,2.614342847402741,1.0253429497420006,3.2186005558584694,5.988975748820437,1.261899369417209,0.4567543461521006
420a010m_1.9168_423o030j_-1.9168.wav,6.186905157913596,7.439435041778909,3.303456890976822,2.9228467952556394,3.645334374650535,2.972042460246876,3.7975834683951946,1.3701463121091615,2.0259094082464952,3.8759485395884883,0.9868814352786964,3.110363728968942,5.149947251333751,1.7657701289435572,0.7485092373157662
051o020i_0.62753_442o030g_-0.62753.wav,5.598264974086133,5.803760421723184,3.634031203370332,2.6892670156553384,2.954679265021588,2.6101198917839774,3.1051310273339365,0.9703015597590544,0.7803934611401133,2.6011515974016444,1.1610758234205236,2.921433800959357,5.020737827511348,1.339272919388358,0.9647205501577468
051c0110_2.3888_053a050p_-2.3888.wav,8.633885758637737,9.224686219184724,3.924435093033656,4.341890316624601,4.704359761567999,4.328502499223229,4.873831783876189,1.0589775895969435,5.374023873966411,4.701493268473709,1.4439344862967085,4.40308482577807,3.744852888915809,1.525603495325556,0.4254527757171014
053a050o_1.0213_441c020i_-1.0213.wav,8.269091104618177,5.478241598946662,3.245428767028587,4.07463147985893,2.8278283954779946,3.922378791379709,2.90345325151653,1.1332450840306685,2.9256355117360253,1.3269019022061515,1.3990191917395751,3.582521837561475,3.7977483958573797,1.5961398875426471,0.4691999347676055
050o020y_2.2243_444o0311_-2.2243.wav,5.442177058939,9.951066525391091,3.0878273327821733,2.5430499173204395,4.839282843216107,2.712164594704848,4.856609871038768,1.3902884636948585,1.1832197528052535,5.17259360099199,1.3202284559019626,3.1984006125898095,3.628516206641886,0.9388180835506424,0.4844039768413789
053a050r_0.31637_444o030x_-0.31637.wav,9.633761734617725,8.98193027237284,3.213569341093996,4.776513053424372,4.293567602485107,4.919342809372601,4.339389658481858,1.6205816000100008,4.750425802769994,3.151235018947181,1.3497731541149278,5.537625014600368,5.193862007112437,1.6182568954126109,0.5271443680019234
051c010u_0.23405_22ga010t_-0.23405.wav,7.8692944173555315,8.21528723926196,3.189080751241649,3.7761058878832734,4.133200802314948,3.941535453372014,4.172355097892914,1.0084147812138562,5.349749948030888,3.605698735572181,1.1796624946843668,5.4147161865833455,4.763013021394791,0.9283139462929832,0.4684559915388188
420o030c_0.86009_446o030t_-0.86009.wav,8.611962000586916,6.590157419656637,3.3533823959402698,4.400359037972256,3.503811683454046,4.50586775083222,3.39719127494501,1.7337877742728225,4.739623247966859,2.7491176966985673,1.438637776999587,5.852229920966739,2.7288957508939395,1.3113736001321794,0.4092723922231422
421c0202_1.6945_420o0304_-1.6945.wav,5.494813415231844,8.963922272599397,3.847706325885094,2.6099827042417187,4.558499090643673,2.7588358392226,4.539985738533275,1.7689998190208365,2.3070296622996125,2.6175098878096583,1.4889294534518371,3.437975333808113,4.966988169075474,1.5290664046941371,0.5276220984186326
446o030d_1.4883_440c020e_-1.4883.wav,5.102282169138689,8.944984877604705,3.982106479799478,2.727666005746997,4.500371429057894,2.567714130911128,4.5042954240235344,1.4631270539344994,2.8014959845372953,5.15544306327081,1.0267691712461806,1.8011671272175918,3.9807884105876425,1.6724132257702613,0.9328975272444496
053c0113_2.1097_421o0307_-2.1097.wav,6.097776195713639,6.46264485575203,3.3659632375509494,3.022545950439093,3.0975616346352304,3.1466783603798145,3.013352699228656,1.1829825960913158,3.0890595395742464,4.146480320915251,1.1007079260719466,3.643274898608864,3.674530469990253,1.1766251991573962,0.3308016729930307
446c020t_1.1582_22ga010k_-1.1582.wav,5.643332627604666,7.490720825507284,3.325747660567743,2.890435362667801,3.7313064483716136,2.81609820525476,3.589623749965108,1.1935753829640936,3.787084164515735,4.70285808521116,0.9718380063038706,4.08180500877685,4.227781374376434,1.4361996696029808,0.4535501559405683
423a0104_2.0665_422o030v_-2.0665.wav,7.557658411377254,6.084373047094512,3.024660694909842,3.791753767848967,3.1336614923558903,3.890339866692019,3.2467136091645026,0.9807762615108933,4.554205773771143,3.337143574255178,1.3318346978482465,2.8125597921893997,2.3057194578887255,1.4940085105651686,0.3004003239892366
447c0212_1.8772_446c020u_-1.8772.wav,7.913059834265036,5.000352631722906,3.6449595304582183,3.844758983919261,2.343583573801874,3.746402246638433,2.4568352944575462,1.257590623477301,3.6440420568852048,0.40219648917856354,1.4168735298872748,4.8000451426256845,1.1573716497983568,1.129839771037272,0.2376890053940565
053o020e_1.7231_420o030w_-1.7231.wav,6.564339640055518,5.94619830240609,3.47005919058394,3.2373540437295927,2.968091654494728,3.383871058689398,3.0002283053356007,1.7125572108706784,1.9109662340916238,2.192909047661932,1.688711332130381,3.4364121252462634,3.8284118644066467,1.4749767715570306,0.8814389631403698
442o030y_2.016_444c020b_-2.016.wav,6.835724131177229,9.184214443674245,3.5636845630627554,3.3109794779830093,4.643560582867661,3.14108740800214,4.64961736069214,1.5813497780683512,4.129336713671335,4.006759991052716,1.2749025579251223,2.176223600616065,3.8144660174099174,1.511072568910052,0.6564097978329981
22ha010o_0.955_446o030b_-0.955.wav,7.101812816557395,5.026627531855057,3.132136898470999,3.404271712721904,2.3838833176064638,3.535990648842161,2.455647667163521,1.7898052664985629,2.377608490077215,0.8141086171286304,1.2843338422484587,2.7296531974270617,0.5981897016249731,1.6988376879829374,0.472686027046549
420a010f_0.12968_051o020w_-0.12968.wav,9.3261832685371,8.86870391229056,3.952003849336284,4.8954997745299496,4.482769057541586,4.793889350090848,4.346477745840121,1.710511041056327,5.364306733563461,3.2929343885553215,1.2954111641121124,3.0315314375761733,5.101368877558733,1.6062051082350322,0.4720915351462918
053c010s_0.92157_422o030z_-0.92157.wav,9.492288607091968,7.968757692380542,3.394274700250436,4.674725623725163,4.090418348524138,4.8209392485762645,4.123908285936754,0.9870949939196074,5.0347105322734516,5.389488288470239,1.2334719821084077,2.9464150506680276,4.883242125352363,1.180015610066352,0.4037819826912427
443o0306_1.952_421a0113_-1.952.wav,8.751090637960353,7.043655678653153,3.264419569829209,4.218363795441487,3.4658906022905347,4.238705302388253,3.2971119807321907,1.0110808072774546,3.2990139242044516,2.3178296279515043,1.6900558824507863,3.532303435185688,2.933738011852576,1.0631039881069888,0.9642433560421596
444o0301_0.54604_053o0212_-0.54604.wav,8.396338814478607,5.952739257339484,3.376250318372953,4.2455729131066455,2.8635538038141948,4.140168446122097,2.7568303371365084,1.7047855251342896,4.628857309184703,3.805680273526754,1.1735244468758037,3.950210271630827,1.339657503792848,1.268687663613437,0.3691439355790568
422c0208_2.3543_441c0214_-2.3543.wav,6.349547733814127,7.426351476470764,3.2035749538143947,3.0592988413020104,3.593601337804313,3.0542688832755456,3.763526908341098,1.2368416794518924,2.496724609494615,2.7719762511199444,1.4784996410483464,3.509256245479407,4.317247671143814,1.1641591274051175,0.9445683698877236
420a010h_0.012105_440o030u_-0.012105.wav,7.86531338248075,8.69239693812094,3.4432271862981154,3.734416867082216,4.3935054255679455,3.884416716896677,4.393717688703855,1.458359941009375,3.122352522553617,3.8556843900507447,1.010908674630099,3.2112523399901254,2.482650158674586,1.0161870993740083,0.405625247577027
22hc010f_0.88872_422a010y_-0.88872.wav,9.412006177522802,9.601867247007924,3.2194271713637344,4.84542307120112,4.9643959230020345,4.688512651034882,5.029810906325847,1.0921827041477843,3.183067406400894,4.689642407492757,1.2415700057449237,5.7516470218146525,3.6699159858641224,1.3009692902978165,0.647086636097502
422o030x_0.92855_442c020n_-0.92855.wav,8.274341134907797,9.135747036373113,3.994985913635893,4.407337781154767,4.444554324237181,4.250159300539724,4.3797860817757215,1.7654235174304087,4.392094598150619,3.5049479414943803,1.7562419615600833,3.607132178061944,4.869852441561027,1.1758310420356684,0.972050512032324
421c020t_0.66164_420o030y_-0.66164.wav,8.619077525551795,5.004186421196721,3.512342955133421,4.288522497759554,2.7100850752144825,4.333960750951619,2.5671327574758265,1.1714822984636388,4.892581795581709,1.7602952571581372,1.4057410099659506,5.868368818626454,3.172290220039572,1.4358332340589453,0.3012621181364937
447o030u_1.9412_442c0209_-1.9412.wav,9.176336102085545,8.722678257971339,3.766665225326199,4.362020468256069,4.126171662760913,4.484596376077964,4.243964475876306,1.2666406387946096,4.038079296633406,3.230220703413099,1.1285896492467375,3.621974234281302,4.904164409877648,1.085972564059437,0.9557965927094184
420o0307_1.0732_444c020r_-1.0732.wav,6.275625279809182,6.99999218343657,3.736045249510227,3.163545191957972,3.3090311299627126,3.128018126540691,3.475277416004946,1.650314390952628,1.9568294225287963,2.0583244747013674,1.494999787809838,3.7610168695802995,3.590667357376173,1.7417939961161688,0.9544875340764688
446o0313_0.58676_422o030y_-0.58676.wav,6.887112024236551,6.826525478476108,3.3396328013223373,3.501924375937149,3.4296119128996985,3.47221525635768,3.5969958076262003,1.7423382414715285,3.672341026198864,5.029894190904553,1.7159402275238342,2.363137490028531,2.255528288495152,1.0064944660345598,0.7418332186161811
052c0113_1.1351_443c020h_-1.1351.wav,7.167433580935088,5.328982683519099,3.633607192721056,3.684697495064907,2.703868813560584,3.780255426568413,2.563267669444431,1.0911052696956514,2.919557775507699,3.1238912026019783,1.4874499393697322,2.7913201227395352,1.919753369706582,1.6621259051171149,0.2330098798546474
446c0203_0.85185_442c020y_-0.85185.wav,8.524220749560516,8.499084306175536,3.0426547467620586,4.209981889816465,4.248280807858048,4.297033811029982,4.394301227707588,1.1486449590062833,4.11974011598409,3.4626831611040263,1.5011906953544425,5.333551645091511,5.45891526070761,1.1180410556232134,0.5055959848674287
053a050d_1.8083_441o030k_-1.8083.wav,5.298622154718438,9.337647381663553,3.5796127700688603,2.563133032097153,4.403994930751671,2.4845142519992858,4.554723452989246,0.9130085358470312,3.452033618640716,3.1105136542484875,1.38088233171076,3.508403266894288,5.454166339623226,1.5879803460756086,0.8209236685308565
22ha010i_1.6291_447o0306_-1.6291.wav,5.846008127373974,7.418558653497427,3.0081570762808223,3.002552820971434,3.544520745966456,2.903142346995733,3.656848648394688,1.6202266991165293,3.044729621645844,2.860968555228104,1.042872722850099,3.325962517449567,2.537982689873316,1.0461928865832857,0.2085273457301874
051a0514_1.3731_440o030l_-1.3731.wav,7.971691392290867,6.035031194316763,3.488434829177888,4.043921963872172,2.8855027189451543,4.213917304906528,2.886761300135585,1.4707288269686811,4.608475290093392,4.39101142416319,1.7994130952833944,3.8951409166971254,3.588189628689486,1.6587578766399715,0.1421007491002529
446c0201_1.3315_443c020l_-1.3315.wav,9.537742603842958,6.28602936735812,3.592945672941604,4.69670796252888,3.2058454306169017,4.570340950502652,3.0921292124615154,1.5697735353926716,5.7438106208286195,3.8367938091845586,1.3686768166309058,4.625745374299912,3.8880758697459523,1.0971468156024735,0.2042712760524904
051a050z_0.21989_053o0206_-0.21989.wav,9.29910910185788,8.000204822007321,3.5030588429827314,4.416289384762426,4.197450376016247,4.533273372273803,4.074102304827686,1.0112745077805922,3.6557867225246703,3.2756467301702763,1.63517226132628,4.758650395335038,5.055079298212284,1.2551845100951082,0.29127722428884
421o030u_1.6277_440c0207_-1.6277.wav,8.206644871563043,8.711710068467212,3.3385617743327445,4.05587560849884,4.2820743463369215,4.146503292385776,4.162547684402064,1.5151973012698337,3.987424932633587,5.0510858976737065,1.5933862337975628,3.8041583663322123,5.278764642276777,1.3053398210958376,0.4428653750866466
420a010o_1.6861_052a0510_-1.6861.wav,7.887127134456637,9.67517959620582,3.8765446861753032,4.023067233943988,4.694195200205167,4.108505263102972,4.841165752267234,1.6324661070269948,5.329573706199686,4.996016749575236,1.1652147062873734,2.6117367940723315,4.643073573622688,1.635635036179019,0.4146558052924257
22ho0107_0.009742_443c020w_-0.009742.wav,9.122306550955829,8.722099567592796,3.0962583897802083,4.553188722927304,4.461010560833478,4.665843467946173,4.574627938134372,1.6604222283023915,3.0654254337311615,4.517581378387198,1.4882687864259436,5.904712146241505,5.616537184726433,1.7028496084261069,0.4459985376112458
422o030f_1.5957_420a0101_-1.5957.wav,5.0055556712469285,6.536982388775874,3.907900185920684,2.381761351564185,3.1949893458487355,2.526560706413976,3.234144764823436,1.3705491890140529,2.7731274375759263,2.057038691388336,1.4498125945339408,4.001479446057329,2.0789228387329177,1.512535714949701,0.2204989870681928
422a010g_1.7351_440o030m_-1.7351.wav,5.850447886229343,9.096094708036365,3.104471044063816,3.196597491291751,4.693979177003949,3.0516366379691338,4.605174047625186,1.709357378546747,2.4496369731443464,5.231730510684642,1.305751061709293,1.7925874865490132,5.3220498732609975,0.9518055644382782,0.5450562621169635
447o030q_1.7774_422c020i_-1.7774.wav,9.938802849613616,9.320225787566146,3.0510511321172284,5.000143315509411,4.663589061191625,5.015505727216927,4.514377813939521,1.175160095249703,3.32936923425289,5.094265859696362,1.6702124311527284,5.052216083345181,5.656346361076711,1.2524383389549234,0.4432009251874964
052o0204_0.2928_050o020y_-0.2928.wav,7.433541011085643,6.014496520992353,3.2662884262456924,3.95136710299988,2.962046836297583,3.829537103313232,2.843482713661976,1.15948040104974,3.5829240829805156,3.8304144035158942,1.3013648109494271,3.7938660258820787,1.1830625582343253,1.296341699996172,0.8346289897930359
22gc010z_0.38501_447c020z_-0.38501.wav,7.752993253475338,5.038382150880239,3.1791286971897987,3.827727487899721,2.478853532689444,3.864412619438024,2.624298371456646,1.4450974921017885,2.1383022661297137,3.384991942904585,1.409182218411884,3.7264595281068655,1.451721457590222,1.1221040302412189,0.5342499369660068
440o030x_1.0265_051o020n_-1.0265.wav,7.466701778582698,9.954170161409984,3.977544156026041,3.666528077013858,4.830142216042624,3.6169668363897474,4.971717932278846,1.1696128362587903,4.694679554283218,4.8849961102957655,1.6223290480220354,4.580833442307945,3.7668394600088635,0.975693198676764,0.5461440490693156
447o0301_1.537_052c0112_-1.537.wav,7.908902644378015,5.217280062413591,3.728549021972505,4.065069927856955,2.6940486066240994,4.167678698909688,2.5846345302762725,1.259925251834353,5.29844956596361,1.8015201360266604,1.243210897578854,5.477822838578245,2.752268069637243,1.634676710569492,0.5232790923938533
051c010n_0.35943_443c020g_-0.35943.wav,7.699266239553813,6.523604275766542,3.949009891081357,3.813063167796616,3.4460741988999697,3.970186028667055,3.4158681301076115,1.5825756911838411,4.560080013650673,4.20832006319876,1.2877991092226957,2.8826906601030573,4.131401563205341,1.4885975525190829,0.6855284685101736
440o030z_2.3934_441c020e_-2.3934.wav,5.494367780965989,6.4695671316557855,3.532945266986319,2.5194430919679536,3.3759643133648867,2.664508567983621,3.414121981904092,1.2651090611999978,2.195531589750125,4.028533322005039,1.198015599357321,1.0176091228762467,3.8635907179253373,1.2160968064438638,0.5671953070212015
420a010v_1.255_050o020m_-1.255.wav,6.8393763610941525,6.815438108421553,3.013446158443508,3.444407915225996,3.3982043366132437,3.51373276339659,3.2429817048029173,1.5354378658645962,2.7470360060054175,1.6807876920749976,1.7068257005103598,2.9313797408562827,3.8306732689735328,1.205383602203692,0.4366843651047724
22ha010s_2.0446_440c0213_-2.0446.wav,9.457027217386235,5.515911078773704,3.0855956806209424,4.600599864865187,2.82802673913933,4.739582653178018,2.925923544770519,1.4649732303009135,6.225412499838857,1.7349630147687234,1.0416041276049026,3.983499112800528,2.046488292034869,1.2884406883840194,0.8352768153975645
22go010c_1.7728_053c010k_-1.7728.wav,5.65718909794737,6.286778896592804,3.877337583191256,2.981501245973156,2.880529784129552,2.966996928563984,3.029826886500944,1.573615479698023,1.3783144978676907,3.7606065664976347,1.2223357308572635,1.7211806585447886,3.3269208554286283,1.738050371743431,0.368238979501517
442c020m_2.0333_423c0207_-2.0333.wav,8.615415361021581,7.718399548783212,3.699582487363277,4.258192602784936,3.757760881758518,4.391062273493549,3.863806393713455,1.6419964835798098,2.9935108678454005,5.069590129339331,1.7111926661860966,5.892015723212961,4.289062465847531,1.146980070130106,0.9632837217371464
053o020u_1.9133_440o030k_-1.9133.wav,9.649125277378428,7.725880786859109,3.0755557847682544,4.897668768040809,3.9637742765933783,4.86595614250075,4.110383653446825,1.0234102008891317,4.815462605299869,5.09812610880631,1.7718558182236386,4.564198151783415,5.174170048441357,1.264369774208863,0.4278161067464265
444o030k_1.187_443o0305_-1.187.wav,9.364321658243584,9.902637910660246,3.5146583065383106,4.561788480840932,5.087632776730902,4.713798992519367,5.163743251300834,1.702832652044314,5.485871245702846,4.555509832339757,0.9115959469426288,5.304668567002631,4.029364454206408,1.247585565325095,0.9449661489030378
447c020v_1.0709_421o030y_-1.0709.wav,5.591883515828552,8.297688343635517,3.3014459619912437,2.823364511552201,4.376027919674503,2.924307098194609,4.239241245608862,0.9719909100044176,2.4952269587795244,2.580100605631827,1.0384734115964969,4.238555240185872,4.720871166898398,1.3448275920272912,0.8236264191327275
22go010e_2.3378_445c020s_-2.3378.wav,9.8457062612676,5.809180279666478,3.1602532086671857,4.967664699296464,2.976750207079479,5.089600520763703,2.889390860452404,1.5976476736200336,6.736709975686465,1.9880257306392641,1.4158429748644688,4.482739674020502,2.4430420347277697,1.100874242975326,0.5058672997128459
441c0214_2.1968_423a0105_-2.1968.wav,6.680933541582865,9.742909778180804,3.875994411494727,3.2795735807112094,4.881396508970648,3.4430953350981413,4.834913868746366,1.227638501402562,1.7343230058128023,4.9659634651259195,1.5635071841002937,2.821954486661818,3.4650022190042464,1.2804603452472498,0.9717329021333212
423c020q_0.39296_440c020q_-0.39296.wav,9.437569343625016,8.602577176395927,3.4556671605334226,4.652090468471213,4.178769258355512,4.821658751275004,4.166661514264497,1.6535195019632196,3.1485148348956855,3.728719551204446,0.9716107353740346,6.400255983401879,3.2320950224415914,1.391896185328618,0.8551184864746988
422a010i_1.5527_443c020f_-1.5527.wav,6.061960614928079,5.238317871888931,3.2072960056564623,2.893214918992771,2.458161644392267,3.031113921864371,2.39913736966552,1.240207775465172,1.0016786218412586,2.2161882045978674,1.1568532674779128,2.8418305911581276,1.4563101075424385,0.985303410610299,0.5393143380776015
444c020d_0.038759_421c020y_-0.038759.wav,6.805918898880516,5.276156564911239,3.5150035638261987,3.406597451936874,2.6738454599061456,3.284278239954172,2.760667175968033,1.638180661904982,3.5445795746946893,2.0011434282292235,0.9517964803192442,2.1844605563590274,2.381806128062042,1.0047327604101066,0.74721407339542
052a0510_0.40971_441c020n_-0.40971.wav,7.162487556229624,6.389195638327161,3.8443406467392025,3.6598091830359034,3.44832633974696,3.7033396472513256,3.304781577790315,1.04924652668499,4.928240781186185,4.186017043794219,1.4680264119034172,3.1017445281640112,3.0733044037473563,1.162555601673189,0.2895300028392348
420o030z_2.2502_423a010q_-2.2502.wav,9.500460179595528,6.564515370764031,3.225876584377029,4.77352652705263,3.308501227624304,4.74669564435657,3.16092038966168,0.9953255541035264,3.7904281056771048,4.197426278199778,1.2656760492335342,4.368673740899499,2.290904712229263,1.1578406678275677,0.3109501859115798
445c0203_2.3536_441c020v_-2.3536.wav,5.842543356981257,5.66113280051452,3.551253996747393,3.1168916963231523,2.933304501778404,3.049435215203881,2.799328298089072,1.173551262730801,2.953744803487648,3.781863663127195,1.3141393258603489,3.2445004875975494,1.0359077273449455,1.0744098776745388,0.3450726118624226
440o030r_2.0374_421c020c_-2.0374.wav,5.048427339948865,9.6985577950912,3.1518688208700434,2.3143053747507234,4.6474831438807405,2.357563878837682,4.791110097563393,1.4698344431656798,1.373501874324931,4.192313084724131,1.141379551612275,3.0164099222856287,4.147455930991599,1.0575767547232944,0.4102243636260442
22gc010j_1.6561_22hc0110_-1.6561.wav,5.173821942278961,8.371403014539837,3.3108359729078165,2.331202317201877,4.342167640634397,2.486431071227447,4.4114787791596655,1.233527930903206,1.6568647258070335,2.5346823346528584,1.5778179781325004,1.1844355219974434,4.982276452898715,1.248075461025285,0.6767006687188792
422a010w_2.3121_22ho0108_-2.3121.wav,9.410334042045443,5.066222808041883,3.8721053125712586,4.951026767965907,2.5675438146079905,4.848741992987065,2.431757862434992,1.6164650570448296,3.4255663458812524,1.8153511107656983,1.1746563403738275,3.861788465663338,3.259175937558435,1.452009874945145,0.9888698472573876
052a0509_0.03838_421o030d_-0.03838.wav,6.641945369187438,5.176562119614896,3.609886975143687,3.2411644891179296,2.787708357176972,3.117756884088225,2.7024407606303797,1.2781464918367362,1.9352413447135164,3.0654346941723265,1.3872531236504513,2.641652360252912,3.771911236971789,1.0792170113141242,0.3184856939661372
053a050r_1.4189_050c0114_-1.4189.wav,6.308461787784358,6.068672668963865,3.4880235811896743,3.2951260117760324,2.946406098480532,3.267618834685642,3.0938623808442136,1.2702964059582271,3.897293862184908,2.3299326457371077,1.0154752482769631,2.6143194206121536,4.792956698197925,0.9315735397976144,0.3962443389901036
051c010i_2.1013_440o0312_-2.1013.wav,8.47637370892951,7.016923938262561,3.0535077047346384,4.294374778414914,3.527928656602417,4.392328640445482,3.3889860752484773,0.9097221874253392,4.422178797909213,4.229157334979472,1.2193289379095436,4.027474080834495,4.219142098611469,1.5151596820003876,0.4284254983407677
22ha010b_0.31199_440c020r_-0.31199.wav,6.2256508406796485,5.325249128120828,3.942250952555611,2.9391352452443225,2.392324250851173,2.990958521898626,2.5330876977996315,1.3985933509419055,4.9001659856716815,2.8763330229775654,1.4064485007165906,4.124480846271557,2.8223598628142,1.46519742166093,0.9436466596205676
440c0202_0.25838_445c020v_-0.25838.wav,5.046452889291356,6.773621506611328,3.6297524292233057,2.630671560162745,3.1462582291658547,2.7327123262564297,3.2694965432366585,1.4938611224676874,2.424966555005193,2.288012998326546,0.9392249291992611,0.9435448071997384,2.44665776530109,0.9459040965815668,0.6993839080688073
440o030u_0.47115_441c020f_-0.47115.wav,7.07633100158346,6.289573023426751,3.388949139458797,3.640528273036276,3.1443556533482897,3.8014961084051766,3.0896806501324643,1.7641426693052686,5.007036756112084,2.4696682299216937,1.4092064495606853,4.920020836550834,3.7133084184605347,1.670936108581103,0.94753720954329
441o030p_1.3585_052a0514_-1.3585.wav,5.657999152566167,9.692893403724304,3.970416818702372,2.803345394893707,4.912406598682448,2.8906026488854155,4.766508786410205,1.5314473943975169,1.5126015064800387,4.7513710319273885,1.6145883045791942,3.90123139083862,4.437905454819557,1.2541984008638103,0.6586878263258891
441o030s_2.4776_447c020o_-2.4776.wav,7.000439243438531,9.142892286857016,3.229350645024622,3.550424255773652,4.428995108308401,3.4043513298298897,4.39489671675941,1.006655742497154,3.5373492789965293,3.5983438074896688,1.2693002707287016,4.254874850556145,4.306854894432218,1.7976589380122308,0.2294610363404767
441o030q_1.1184_051o020c_-1.1184.wav,7.720186351784839,8.994094806875164,3.699123009175415,4.09252268746259,4.501417546221377,3.944592136476598,4.476587079351401,0.9680268365878232,3.173047711844607,3.8955488397858957,0.906526260752378,2.9752960701811944,3.631800324183715,1.704932641994002,0.5977960765048989
052a050t_0.83905_422c020i_-0.83905.wav,8.666106775936743,7.0692703752948525,3.6765183412168154,4.434278679572592,3.584567843147808,4.344206634729077,3.7287449104564057,1.7689515148504782,4.5653793727369765,3.074369439321301,1.2453612485559065,4.672917614664733,2.9527996321890777,1.2591659246513736,0.5230744489816099
051o020z_1.0039_423a0107_-1.0039.wav,6.001827890796852,7.51921829056057,3.356758261442311,2.8486726073923414,3.977130360464152,2.869330522556657,3.828559668397836,1.7785518956009467,3.506809960333467,4.182858526730017,1.1196293564261883,1.8044797900286265,4.998287178726868,1.274449029665712,0.2959439009584307
443c020q_2.1417_445c020z_-2.1417.wav,9.329464857726736,9.452631863057672,3.144217973018665,4.698775284891414,4.694534397033919,4.768388965535709,4.539441084904884,1.0439147337045451,5.69053309033277,5.925320751480337,1.7033349559012745,6.002156896738273,3.8925222522223,1.3765569042138368,0.4760713134902847
420o0314_1.6646_423o0304_-1.6646.wav,6.34134948898059,6.385743225279295,3.688745710055114,2.983712653334837,3.09171484885412,3.106607332516676,2.9742546520690256,1.5882336120306586,2.347531561727194,2.417429687629077,1.651580119162524,2.7262203977469217,2.2877789524390875,1.0679766699727775,0.4368880847882867
421o0305_1.0538_441o0305_-1.0538.wav,8.1276909935248,6.981504691210871,3.0477467034793624,4.30508212410931,3.5449856687571377,4.136525165293969,3.567088872934894,1.2993604888558656,4.240545354373071,4.930223652511002,1.2319089054555343,2.95988759870772,4.627708240396881,1.08376026327571,0.8084006997388286
443c020k_0.47609_447o030o_-0.47609.wav,5.552225935803905,6.469282032520233,3.604420755945694,2.8284665790846497,3.042297023256872,2.81167386548322,3.2114655923526123,1.3229475962695014,3.2092850849037973,4.456690415206801,1.102251319856672,1.8735227059312005,3.1439599553145103,1.5806538561074963,0.7064410657060592
444o030y_1.1605_051a050u_-1.1605.wav,6.578945739640925,6.483213300277932,3.272150095914516,3.1631031257960345,3.2998704950851483,3.0544514742646074,3.4032862512323305,1.2743698583236314,3.512845846450522,2.497259704778422,1.2663424443035085,2.704182843901526,5.2327383517118555,1.7862742935867415,0.5237173671993918
051a050m_1.0204_423a0107_-1.0204.wav,7.688715045022326,9.793981662473149,3.308131125274804,3.844458725631274,4.994462965257305,3.862164001523014,5.16353846083723,1.2646975458095049,4.01294835613934,5.862353527384551,1.0814824643565752,4.56241850615328,4.666756838682341,0.9337772966177628,0.9709188736433358
053a050g_0.41191_052c010p_-0.41191.wav,8.674988210742708,8.30333805118047,3.34580989829998,4.484977680941908,4.182023564956492,4.410561612228937,4.334870706628512,1.7024901306303204,5.511653031444789,3.9401964995018885,1.5414206704616145,6.0860939451565255,4.620543291209689,1.0210986568138032,0.7752588254674085
420a010g_1.1584_442c0203_-1.1584.wav,6.1141040311516335,7.54691828455504,3.1426877724322013,3.0127193712001485,3.5407792003826875,2.8926762843790828,3.6307217226203368,1.508759749077625,1.7538302187038577,2.8113587356321896,1.4628007614156493,4.065420093678393,4.712850440268721,1.2280227046486956,0.7207903939054934
051c010s_1.2038_447c020b_-1.2038.wav,7.939167797871563,6.801129728822598,3.1039389020056083,4.15825083170227,3.474959106901194,4.008311840757632,3.3948448198201517,1.7079592086328923,4.355146728091336,2.35037908393081,1.303956993950936,3.3698407001074915,3.2818101190386813,1.1231306763762727,0.5646766821854157
050c010l_1.3772_444c0214_-1.3772.wav,7.960606465901618,8.901046543970951,3.017934696113667,4.235090159397744,4.417602696677783,4.113735412561628,4.536653212931775,1.6563141139841049,4.215050500062688,3.1348478940451225,1.7769053969037638,3.8554701900666912,6.09258560052587,1.5698785122893977,0.6016640009657774
440o0310_1.4131_22hc0103_-1.4131.wav,5.269178003810488,9.656491864004463,3.664743138397343,2.791609353138841,4.811295342089577,2.643095456177428,4.790232996319592,1.4125624118186515,2.5489727193199694,3.7395713862767193,1.6871925343306096,2.65592205559362,4.005816549783803,1.619009270183783,0.220838110551124
051o020j_0.2467_423c0205_-0.2467.wav,5.54572784656292,9.316142276641802,3.3331599416181064,2.82235712154695,4.817839094122167,2.9500135157260643,4.705572246721937,1.3359204214729057,3.072727598954579,6.1787277209375615,1.2224929726920906,2.5627865507587377,3.943262705116788,1.5261811590032592,0.639928735664548
422o030t_1.6626_443o030a_-1.6626.wav,9.535248744819976,8.293226235884822,3.215856080322577,4.936279126639593,3.97556145494518,4.766280309490393,3.974927287874904,1.7936996932781888,5.205478359446224,2.6972650840671792,1.2404445601605985,6.757410640163606,3.7303042991096276,1.5963029661781964,0.8770780405321991
420o0308_0.063438_053c0113_-0.063438.wav,5.885924323950018,5.155417027106941,3.2700325748187096,2.935918115452496,2.62163539464956,3.067528541113688,2.693598550898294,1.1270762621348542,3.18565506171646,4.47513731664272,0.961843462459884,3.6393084142560226,2.904773389605701,1.11114104820451,0.5577852160826102
22ho0114_2.0372_420o0307_-2.0372.wav,5.13357433695274,7.675647547717197,3.669151644772502,2.5055946470980395,3.742899829741386,2.452179436055438,3.883066927268852,1.6571607498221763,0.7907861585590498,4.245146131709218,1.3490154992643648,1.5701947731699277,3.438748840815959,1.5537463541168286,0.3114237334658331
441c020t_0.41609_442c020n_-0.41609.wav,5.793706531420656,9.724394954902436,3.3418678299446163,2.8702077444210112,5.027112489820668,2.720533976167925,5.037000012104922,1.7712122639532024,3.540116948164404,3.415036902156191,1.1910841503322702,2.3925771689053867,3.9528187878549117,0.9711842673553102,0.5126477322906462
421a0101_0.48717_050o020k_-0.48717.wav,9.932491100686931,6.387081956902834,3.441012562756906,5.013990918029624,3.068038950048602,5.000993435058961,3.2174747738540983,1.5936153873441208,4.299169905329876,4.951828672228705,1.452162714009356,4.509419545272489,3.814556925495886,1.7825764672334563,0.4683385072476789
22ga0110_0.20986_22ha010x_-0.20986.wav,8.756008620326583,5.451342052551638,3.101036822258837,4.529576231978184,2.949869485503039,4.528969714789988,2.799870711718383,1.0758990279333824,3.7106378114110283,1.9488934740639778,1.517907230433773,3.2325132214434134,2.537615054072453,1.1162798382920085,0.4774735500126952
443o030h_0.14903_447o030h_-0.14903.wav,6.990351768137693,9.269481212589604,3.0477413182660777,3.298674318844419,4.747488621198152,3.4482604143180877,4.758624151762189,1.601200679217824,3.986957480876648,5.499025421240383,1.4450652953790062,2.421458124337046,3.4310032287188332,1.2570857118340035,0.3745071103870132
446c020s_1.5939_051a050q_-1.5939.wav,7.037940764389632,6.165408625612908,3.9669073213835295,3.291462778324475,3.0275306120234577,3.402423057839905,3.1284653254270123,1.6339855603680011,3.1004947200069033,2.1685957490772587,1.42528363858019,4.331213817680127,4.013953637199674,1.2817904008590155,0.5399562882574757
442c020l_2.034_22go0106_-2.034.wav,8.73547798543029,5.51137085015098,3.573874707519724,4.561277415895841,2.807923814776334,4.420951660458144,2.860920818095762,1.6553809159905222,4.930765620316746,2.184508097235403,1.113978305445256,3.5132053480044076,2.2109460800790046,1.3311606301550405,0.4653295930708082
442o030q_1.7945_446o0303_-1.7945.wav,5.692102794839508,6.555914249256952,3.083083095848753,3.0026436060089696,3.360697548536324,2.9889180081290294,3.530142548352896,1.4299951193375895,3.9348460818559285,1.9867694575951704,1.6055563401365478,1.2546352869223367,3.0839282807588724,1.6295988184830346,0.904226340381694
444o030m_0.97384_422o030f_-0.97384.wav,9.306744946681304,7.056176117250628,3.1417311518088,4.531904957204183,3.484036893554864,4.405858319751346,3.369965664987652,1.46295833291372,4.393022661866283,4.213677595663154,1.4089007597653564,2.653056210164131,3.2137682099579137,1.2439666797762334,0.5511151468535179
441c020z_1.7935_050a050f_-1.7935.wav,7.36219120405584,8.523293226152205,3.706840487615158,3.686397130527187,4.36824570004783,3.536635628066867,4.359790383328311,1.1263173674249582,2.147885173367893,4.40431573330005,1.6866738174638574,5.294242185784294,5.3197973954727145,1.5235134551940437,0.2881165164748674
442o030r_2.1587_440o0307_-2.1587.wav,8.257130168069668,8.00695115899016,3.6306740437736855,4.2741781755220005,4.218369540381564,4.33379259129864,4.059164887712083,1.3449313145445243,5.61014603640522,5.489440651564654,1.1213646977948757,4.2669100798125275,5.323874801858589,1.2455745419102164,0.1123748407352974
22ha010l_1.7804_441c020f_-1.7804.wav,7.135965015995561,5.049001932640823,3.3592932611865183,3.591553166327981,2.3908124068631924,3.735408098961624,2.3483181912924787,0.9148337546254524,3.2688231121768228,3.6320959658967182,1.6638754967860188,4.770762020353699,1.4626711407862372,1.5254252385922729,0.3287903531228335
051c010l_0.82489_445o030o_-0.82489.wav,5.177709339339889,9.91998109874334,3.0097663538362767,2.6031433702018507,4.839306026012106,2.7494298166650566,4.904115559116176,1.209922245019572,1.9221915641017302,5.622134266957512,0.9816136514691488,4.248475983678098,5.921342656117856,1.0809970614650304,0.4683573278356385
442o030b_2.2126_423o0301_-2.2126.wav,7.617484844384212,7.071373078677355,3.2937540256630324,3.888701006564708,3.535794374439187,4.0545592188310176,3.498497545836423,1.1431055564470345,4.010206416925756,4.9059377971170255,1.406667364423173,4.231068776949121,4.412538293879841,1.390071182659357,0.8629259962440397
22gc010u_2.4934_051c0107_-2.4934.wav,6.695203973769083,6.37349471426458,3.60638795658788,3.436636992604192,3.346710832897588,3.467562874542075,3.179547470205985,1.0226312210188202,1.852985571980076,3.669204062341587,1.6265472589879488,4.699556402646535,1.842868720206233,1.0207873086956116,0.7244525483698119
051o020i_1.5838_22go010j_-1.5838.wav,8.811526020552709,7.085932877684225,3.472476516426374,4.433179061001695,3.7089433816920128,4.595060871203341,3.6570369319401914,1.56220064362824,5.291317359412493,3.5761524372333167,1.6706038346695802,5.435062467346024,3.6686070574213017,1.5933941412235186,0.4293201103677829
050a0508_1.4465_22gc0102_-1.4465.wav,9.373298883088465,5.906175221177128,3.160503762475803,4.6337754367534965,3.165955316833554,4.687880480209505,3.026053049973352,1.7356822975403825,3.8743366150546716,3.4464257789397013,0.9654416665699738,5.297963965286148,2.503947837972624,1.258010472244718,0.5175986419936893
052a050c_1.5291_050c010v_-1.5291.wav,6.072058506049657,8.247420574091247,3.067029623572144,3.154592701425546,4.099503547621694,3.2715637626591576,3.976143218366772,1.3900456117233728,4.221566175803582,3.037591771273302,1.1851865707716749,2.21911662265473,4.747233865585562,1.1038600843085806,0.7721758010006314
22ga0101_2.439_446c020n_-2.439.wav,6.887488638057083,6.522561550754594,3.160073520763525,3.4219015828045065,3.373562725649688,3.2914178478237948,3.4475491764733586,1.3029096498706023,4.988756886607015,3.05823377431973,1.0514138364043877,2.5726268003961428,2.302724203446682,1.3023806849484467,0.2241593699555227
420c020f_0.84955_442c020d_-0.84955.wav,7.78725145659478,9.97110721235267,3.775451499679289,3.870752157167422,4.889172797109088,3.868305678493677,5.059155192497842,1.7326111136753355,3.23136602728062,6.144411845733994,0.9150744267428192,2.5257289823848685,3.712410614074977,1.7946969161020738,0.7323411848553358
420o030u_0.82288_422o0304_-0.82288.wav,5.827364275452139,5.47312629647357,3.066762048015173,2.696897633960076,2.89741582094443,2.85482587317126,2.8717512293900147,1.450802937538684,2.6024689388594675,4.067367028998632,1.5903616253505295,2.2436206040111535,1.5581009299835014,1.2326466379982186,0.7037691426200237
446c020j_1.22_420a010s_-1.22.wav,9.472618909290542,8.256323818853794,3.3791098300911475,4.845727137396844,4.223341428973923,4.968815608823388,4.137613789312745,1.7986559437398242,3.7681686874996383,5.210115050475375,1.1835131183430827,4.269640455094082,3.8515800870351216,0.9101548294894342,0.23244996224577
444o0305_1.3406_445o030l_-1.3406.wav,7.772645187681698,8.721835621280679,3.120977854150202,3.8315208725030905,4.458951064919934,3.9805335543964793,4.476133050688168,1.430283921689113,3.5891648193952443,5.613797921114135,1.2693440733993202,3.2214820859885016,5.8971357662407415,1.765805333802186,0.4547755162365406
444c020n_1.5543_442c020k_-1.5543.wav,9.014913451531337,7.112201515202027,3.342054753255403,4.5468285863089015,3.4431948535118786,4.70535791081422,3.3818071245109818,1.7013435665840155,4.870139774452875,4.038293185119414,1.666537745160233,4.274874244425326,4.058920156119428,0.931202306238445,0.4947477126446126
420c020r_0.2882_443c020q_-0.2882.wav,9.77595142523861,9.443790197380237,3.228016596358127,4.706428753349392,4.513192649421407,4.808391848628729,4.649220320139745,1.6755887850462772,3.1474908419243315,4.294815499518087,1.7732774532055438,4.237587527475449,2.8245485436220865,1.137546243912102,0.8894741456890755
446c0206_2.0536_441c020h_-2.0536.wav,8.164500058858632,5.69648200841281,3.876334384437445,3.836550668359928,2.994958931812305,3.9851463148339135,3.0775381897950336,1.6912735280897913,3.2439770069519804,4.804947956873708,1.3625542478338977,3.5098384301685,1.2199408284809254,1.5337254658263255,0.6809091906382713
444c0214_2.2869_22ha010l_-2.2869.wav,8.63599495987632,8.861128768036057,3.945283722319939,4.231278909655253,4.472098093617621,4.362536984568687,4.399494252327926,1.2604897592764075,3.896100986408382,3.2004578431559727,1.7059098484675592,3.7951205598029842,5.7247095852570595,1.7802174166144116,0.734282417576124
446o030z_1.5011_420a010z_-1.5011.wav,6.160325465457179,6.033359369418095,3.857066281615093,2.877213678511672,3.095375527206174,3.032594613142778,3.0264062213291107,1.1891404696069774,2.065712509714754,3.255829958562441,1.151736740257831,3.5073893594125685,4.520471808622622,1.7368083061342316,0.7603944250257606
442c0209_1.1273_050a0508_-1.1273.wav,8.175058847642457,7.214845546722348,3.452377945727517,4.107550680133137,3.529344869944488,4.266013557808819,3.551469887430176,1.1766029704525731,3.396136819536455,3.6875536142264593,1.047563766278777,4.244673749232008,1.8005671821436386,1.617515275599541,0.4617872013687758
052c010m_0.50605_423o0306_-0.50605.wav,8.57374441256225,9.218474669784412,3.9431040914000888,4.289157628698235,4.544225236155778,4.330962215248692,4.688282087930851,1.4618127430435974,2.5014436347610824,5.2640625181854634,0.979827529286588,5.028160814562696,4.017373259351736,1.6559510617401982,0.4565183459163237
050c0104_0.0019449_22hc010i_-0.0019449.wav,8.133637317058394,5.358816636366142,3.415672439639227,4.098761797744648,2.5214071078011737,3.950565435994773,2.544598450239682,1.1615498704340654,2.557670850380421,2.294208531575782,1.0232228934307674,3.4515448046999353,4.478809501214087,1.2254259770305571,0.2492480475033412
447o030d_0.27767_22ho010x_-0.27767.wav,6.658053662110117,6.767465842914692,3.004607914300484,3.405361138570753,3.259822419108989,3.235869747196019,3.272962748247048,1.4323040501350284,3.0155102039603188,1.502929582993802,1.3406988909416082,3.297504561131942,4.131132960668186,1.6285897645281702,0.8056687947956302
422c0206_0.83994_444o030u_-0.83994.wav,8.25476147911874,6.999449573269966,3.278585104398516,4.034760119141654,3.457005741306904,4.059276912192575,3.288782892506575,1.621300872920711,4.094723614801742,2.512010404482442,1.7328244169411815,5.095448721836687,4.963781710560447,0.9850710163599078,0.8028668850938141
050a050o_0.037607_444o0311_-0.037607.wav,5.881835963301255,8.59489096243564,3.362519436020289,3.0870962202078105,4.47647234303748,3.088907328895275,4.316482593724213,1.1507197107590732,3.5285131268556755,3.5970351565349477,1.685397314684821,1.799533524847008,3.5517589821417626,1.5223898385461003,0.9075166015047236
444c020t_0.078167_421a010f_-0.078167.wav,5.216387215589483,7.691017161247408,3.6141640261297554,2.3672716596151187,3.806225612440511,2.4921148078370354,3.7230740138867806,1.7730537592080515,3.2338279969611055,2.837585763341521,1.1347929587456482,2.8046612617996827,2.9283698188922207,1.1210645736590623,0.439168546408781
440c0212_0.19733_051c0101_-0.19733.wav,6.991484572013071,9.066459137134768,3.928939358249378,3.5515911569007903,4.473155072099258,3.4964436916436075,4.612649721013501,1.6890903274793343,2.9403007143426803,3.225104689310684,1.337761680939337,4.184526286955456,2.8247936530973705,1.0992532314359709,0.4476127702405778
22go0111_0.21391_441o030e_-0.21391.wav,6.1789564932680445,7.606236855428964,3.2501246072357186,3.004509846880277,3.7250072256421967,3.136339519161059,3.634337839924957,0.952753664897551,3.417708268684532,1.753585608650217,0.9007394897833814,2.3535198252293834,4.906716911603333,1.501925592729462,0.4323826902938416
422a010h_0.16143_421o030g_-0.16143.wav,6.628705523494609,7.3610731838604515,3.952168515577348,3.3361064918225174,3.596946515668343,3.208471587662229,3.67574582556376,1.0404167216693738,3.5736015305569735,2.5374209760650026,1.3833679318359668,3.880643246507164,2.901810989087522,1.3440079449831583,0.5242818050807603
22go0108_0.40771_050c010q_-0.40771.wav,8.229179421313372,5.052124288125323,3.114458402662907,4.094949388571091,2.346705842388769,3.9268751851365176,2.372221761730109,0.9931372679300908,5.321930797178676,2.0138167405856837,0.9133104088938424,5.250811573074987,3.1098120515662435,1.7830855299188249,0.5377573216172871
052o020i_2.2664_422c020e_-2.2664.wav,6.14017280022353,7.556159264391267,3.306272337184535,2.978799800928409,3.7383345284420377,2.9085673349058667,3.8708765999378176,1.3087751192074322,2.3897648618353977,3.021197891263734,0.9448639676411436,1.098534630150022,3.1595545998397396,1.123018639179865,0.3862868927815186
051o020k_1.8795_441c020p_-1.8795.wav,9.97114520043556,7.31100296604485,3.545239276762913,4.95128150408403,3.5546796788706287,4.969748669186237,3.7035385510049017,1.1654617493539008,5.003233453626932,4.539751537822183,1.324248373764614,4.816585669594264,1.9114599199694977,1.6412390049815428,0.3664209020631517
050o020s_1.7697_22go010r_-1.7697.wav,7.665463808154079,5.034517684219894,3.926983430402847,3.700479988071256,2.473595915926494,3.842851571524738,2.3806963345229804,1.6992427892916075,4.44313736880184,2.2091785429146853,1.1897127382626205,4.632291827644573,2.0554091518284667,1.116001176205609,0.5850622861307508
050o020y_0.27221_442c020d_-0.27221.wav,8.796477084083904,7.337728444358153,3.961237884237812,4.489354582045881,3.7311687499022033,4.428648833256097,3.889960475328536,1.4471025239561373,5.383204685258441,3.309800712204359,1.5097569529214312,5.111859936587531,3.7386374586103006,1.0206121490637552,0.4250401130355674
050a050a_1.7521_422c020j_-1.7521.wav,9.217566683140271,8.130673874018699,3.7309004886480888,4.531885862608752,4.230452997478839,4.364791879837474,4.199154420488309,1.0574890749206225,4.479284122091562,2.281836463896332,1.395644492367838,4.7477689932131035,4.941800235273514,1.7975673204247269,0.198401294684348
421c020y_1.8549_050c010d_-1.8549.wav,6.092439254798432,6.095352951983159,3.2999385690116814,3.01448310886154,3.124384718593903,2.9946107424170254,2.975706915772181,1.2098242210231973,2.5402022754599347,3.7678468433406054,1.13231230839753,4.0194334363517,2.376949365965535,1.6149471653844794,0.3739893420213528
420c020b_1.3877_422o030x_-1.3877.wav,7.820743666699085,7.9021311510450545,3.4641778250511863,3.8248965879803736,3.850112259801828,3.706309922440784,3.941966507151646,1.3884428067181362,2.6386704542842256,5.279431582748255,1.0396301281883704,4.4231188736165805,3.6264842768932115,0.923404001627246,0.5004171650569731
441o030p_1.5346_447c020f_-1.5346.wav,8.402146377723223,6.342810535314221,3.2420206118329933,4.03380043158002,3.2908585699396498,4.190802593225512,3.356053057733041,1.6457164344444952,2.8762770538282996,4.483315675298243,1.1720128062783717,3.0880833963081806,4.04119466237878,1.3366069258591848,0.6144944769761665
445c020x_0.68714_440o030o_-0.68714.wav,9.589032265378888,8.69068837273938,3.724752877947288,4.943832951312111,4.318984644673299,4.983125536215373,4.153587870909056,1.4207219002705036,5.366202533009989,5.67198121489776,1.0039709564502493,6.167824908453924,3.3697265179776834,1.614611731638476,0.4558208189679227
22hc010f_0.85424_420a010e_-0.85424.wav,7.919612863314258,6.925547136198535,3.4554825277858803,4.044676732557853,3.519317594107452,3.918094966394176,3.438837432111566,1.0898957504811464,5.8689209757585115,3.993948068638581,1.352712186765551,4.862408611638361,4.220006269303522,1.3538563083689434,0.3409990726856921
442c0215_0.6585_052a050w_-0.6585.wav,6.6128095277164185,9.00455975517038,3.2767786588791736,3.201340614347528,4.669689440944289,3.0665757232298207,4.566063073054487,1.4373344310970482,3.872857969417893,5.9896123714969445,1.5833839318460003,3.8448714441849225,4.44265242943821,1.6806228817578654,0.7416582918767483
22ho010j_2.1587_050c010t_-2.1587.wav,9.205056852392303,9.479587073035272,3.9061840012976248,4.689300191498453,4.814913528309851,4.545276710731012,4.724596104810115,1.079573769384764,5.321765923017695,3.964218559672267,1.2575151045934916,4.595617329764039,5.484217224255197,1.00230763527748,0.7667511538593266
445c0213_2.2629_444c0212_-2.2629.wav,8.380371013412807,6.5241265401873285,3.944668290612027,4.096994998875292,3.3960229810960363,3.930316716316733,3.362581238866762,1.3238644513524394,5.003673004190315,3.651728252221698,1.0466001157045044,4.660432137623922,3.8985352581794075,1.2719058921196391,0.645430380583801
22ga0102_0.98726_050a050e_-0.98726.wav,5.813779650580224,8.035563678235839,3.705088725252141,2.942343654121879,3.9994713572614855,3.106378149304041,3.9548318636450337,1.6436088900517638,3.5478260296190864,5.080643465591087,1.735189064425205,2.260558442272848,2.7473102407104273,0.9739874622361464,0.9621703490452396
443o030n_2.332_446c0210_-2.332.wav,6.331583784686687,9.1065254228911,3.093438572700026,3.0843835714169336,4.64417221059596,2.9374704186071434,4.674446383276435,1.1009676439321328,3.576876846203878,4.279142608074411,1.6403027756536943,2.2690729101284757,6.38033369254325,1.3523198524818274,0.2923608435376345
22ha0113_1.1321_420a010b_-1.1321.wav,8.592168599674078,5.012836638006459,3.872145145486373,4.164874794139578,2.278675203232116,4.308747343992938,2.369232861100971,1.5791436069513929,3.2318231175100585,1.9406287830422644,1.3268162158592764,2.6460296844646307,3.0606343856246156,1.3962074741242103,0.6514977621345537
445c020w_1.5059_442c0201_-1.5059.wav,6.329184888478407,5.389627684052011,3.3616425148191347,3.063831831667812,2.724529924414313,3.108691803169553,2.581395082545316,1.327044061101627,2.161368664984396,2.8314245388264303,1.4033158647335136,2.7632376513101713,3.707787188173528,0.952819305972848,0.5614301784923366
447c020f_0.70166_443c020g_-0.70166.wav,6.728017423775382,7.366216835119284,3.072529379283952,3.1691360438309286,3.5269202602492555,3.301596726615432,3.4565344128347144,1.1643230157807296,1.8371465058341387,4.078458053557366,1.2499478630877257,2.571398431123458,3.1033970884764384,1.6461003987218206,0.2036136903773148
443c020k_1.9218_442o030r_-1.9218.wav,9.02706615558244,5.382130462459519,3.673434219720809,4.238096386333766,2.597422980384078,4.408094304232333,2.596581606417238,1.3863529201838831,2.879227547045719,2.9011617009775676,1.5493975653343417,3.1585484891493896,1.3208659893186054,0.9687669030657332,0.7983382426688452
051c0115_0.33147_446c020a_-0.33147.wav,6.328729428742138,9.289620531465951,3.803197359016412,3.249443404778376,4.67776139684924,3.092773443066719,4.710234818246869,1.7360425679656917,2.0389635179833183,6.262301403591533,1.218326428014457,3.822393297266434,3.6078560297853994,1.6599319342857388,0.755587719355844
447c020g_1.8208_421o030r_-1.8208.wav,8.616065194729332,5.301266900174033,3.822532800754893,4.2232149558685785,2.6663287960975564,4.337205691515279,2.763828089360246,1.1381011256907616,5.400087123207307,1.6346299143351901,1.7439921522075783,5.091284456164882,1.9999799314767643,0.9051728058211737,0.5878327333804667
442o0309_2.3508_052c010d_-2.3508.wav,9.959974543250452,9.480342911076768,3.3485311116293355,5.0990053948423455,4.753774227832752,5.166797833926383,4.597876231684511,0.9689923449341852,6.967533875341343,4.33468901154782,1.2452441015505675,6.300378861565385,4.043724967084199,1.3309084934591606,0.5991719402415154
421o0302_1.8784_423a0109_-1.8784.wav,9.490668906281154,7.761914633498438,3.1479672260343463,4.862566495088437,3.813237836058589,4.778307467806135,3.689139422203132,1.6758590499126662,3.775074427408118,5.402928927490294,1.7636262643641576,5.459987043005217,3.535576469232533,1.3346298109009522,0.499725783418508
445c0208_0.57506_421a0110_-0.57506.wav,8.100871118280963,5.4586258844448645,3.182588026842667,4.245887071055773,2.900508937314901,4.079889398677887,2.9371800808084427,1.5309455555451177,2.6742886007373783,2.5600703783155923,1.725856219604121,3.4035028091044373,1.3311545872351105,1.4821561689225908,0.8717976997772198
22ha010n_0.61615_447c020f_-0.61615.wav,8.689868884306964,8.507816248738564,3.816056538451811,4.376737040054041,4.137194474362354,4.23003078830808,4.168455883458086,1.783626303021085,4.321360741637731,5.099052030815066,1.294459483387195,5.119776671365984,3.141447825177366,1.5483466455723764,0.5026952324290341
423o0307_0.83211_441c020f_-0.83211.wav,9.68180415654908,7.96300220177261,3.636051190274411,4.882070446204699,4.067902696653054,4.968976890089802,4.190161724995525,1.6954728647748971,5.886662473331534,2.5112395287920184,1.0136519173697915,5.727955673314776,4.4191000202784725,1.2773290509075623,0.4420325427413631
423o030y_1.6975_22ha0102_-1.6975.wav,6.3920756244637404,8.473780378048733,3.180991240289139,3.0334869743663586,4.346192083671049,3.0162846970892603,4.197181742900746,1.2457618554640415,1.6446840310031257,5.519559492069587,0.9065347278831438,4.021450233832995,4.339275733874058,1.104527939460834,0.3667399156294231
22ha010k_1.1064_053c010o_-1.1064.wav,8.306014542480616,7.055412250489113,3.0138009474378222,4.021048799957802,3.4272207205843603,4.088586339186408,3.5832293126392347,0.954239184014132,4.148560540318993,4.986938512144669,1.297209917353125,3.728156291026267,2.404868190460013,1.503562007659439,0.7060943427382029
445c0213_2.1913_051a0502_-2.1913.wav,8.554684977768485,7.999412358891163,3.25623386005623,4.262966357397305,4.000566007348192,4.413529041105521,4.079501919799873,1.1595333869664564,2.9956023117402077,4.949750006900547,1.2268387844051256,5.607441813363006,4.791487126107062,1.6296387972813005,0.2452249012920581
445o030o_0.20522_421c020u_-0.20522.wav,6.684611262770202,8.186738891394604,3.0861762713065426,3.29006451589156,4.259770952823027,3.438085921310473,4.235487964172334,1.2542106179137733,2.229677739310188,5.784489881778758,1.577194018753555,2.2361114195351335,5.66309820249155,1.3513490161813382,0.3342687691621415
440o030n_2.3866_050c010o_-2.3866.wav,6.735711863411434,7.733504368822856,3.732016941857787,3.271394347772951,3.786910126306423,3.3491404382039534,3.938090632399948,1.352637230710389,1.6822055129385167,3.8455882486618664,1.7274811111029766,2.5672233121046544,4.060087469209794,1.5773453509325068,0.8573467405721789
443c020d_1.803_423o030u_-1.803.wav,9.133791952876042,8.572610192280944,3.728345079863845,4.684405992196008,4.277412032847861,4.553337204361809,4.204467034008504,1.1160476630447165,4.103290824867191,4.734480173706156,1.3564592882821247,2.9863130088980094,3.9863113209315366,1.4948476288432475,0.5558252584374686
052o020g_1.8323_442o0313_-1.8323.wav,8.503951574252877,8.049292059937283,3.941094321650938,4.051834556944566,4.062768006564187,4.122990287140816,3.930719295626751,1.2619244872925213,5.0479371815069625,4.3011084754726765,0.9517964055471196,2.9681060190254116,4.367386621073429,1.1615884048602911,0.2402572625098797
420o030g_0.74624_447c020l_-0.74624.wav,6.481871531885765,9.040245550682528,3.394432016118419,3.1857726453486497,4.59220192052466,3.1434443549129187,4.427555888599235,1.6370735395234568,3.2640025356550932,3.580723465095828,1.3205406353695015,3.2390346620687898,3.3284751662547376,1.7117404413467303,0.9820226929167584
422c020g_1.3764_052o020l_-1.3764.wav,9.735157723712998,8.707980630221972,3.583178114569904,4.796892415400295,4.319181816689646,4.667158314450182,4.429041104192642,1.0211913222586846,3.4530250596797054,4.600061287703711,1.119616076095404,6.206545580987982,3.1887867422231353,0.98465966519149,0.8353487023356947
22go010s_2.0826_446c020m_-2.0826.wav,6.187302352368773,9.147806451351885,3.849510971512171,3.0716604577946,4.550215720397338,3.2028286221773943,4.442072700962664,1.105898873345819,3.7243542275684636,4.96014135087749,0.9902015020822964,4.269103971894709,4.079587590116522,1.5819547262497935,0.5912906624721417
422c0202_0.13695_051a050x_-0.13695.wav,7.8931521525139905,8.263210602417717,3.786489293850569,3.780766370338433,4.37090259248417,3.9176506585151647,4.270092416160797,1.6479270412066669,4.551206330483062,4.0299728763459255,1.07288362350439,5.226688399324451,3.943446603972234,1.736498665780248,0.9159228123411568
423o030e_0.30776_441c020r_-0.30776.wav,6.541731125298069,5.333135980031527,3.10758615352505,3.2063408819782224,2.7231244340664,3.3451632813135617,2.779942929671084,0.944244418097248,2.6166545143114157,2.3366543995582774,1.5468239680286768,4.95783140877216,3.356893066581366,0.9270921284726944,0.6317915894728481
050o0210_0.36092_442c020k_-0.36092.wav,9.096818570954984,7.272788658753034,3.6384054423807295,4.453465419246285,3.3902533494289697,4.31127721055614,3.483433354309242,1.7782768418271446,4.520583205264168,4.57550464502563,1.5144617853756854,5.277070857906665,4.131029972342357,1.3389568984740607,0.8037609164885716
421c020e_2.224_053c010j_-2.224.wav,6.64955574451136,9.040907267605183,3.638759135300441,3.112254201137212,4.255764612442123,3.2022898163279248,4.399964432127273,1.1039270056772472,3.3694641210883294,3.182537001007728,0.9049662364846826,1.5311452955090497,3.846031462401828,1.5464516563065631,0.7969136698311579
443c020e_0.48782_446o0313_-0.48782.wav,9.999902707634668,6.187463875971007,3.295975487752939,4.82946419131492,3.1822674287997663,4.859103530168254,3.014871163631342,1.3484433742765094,6.532587203912924,2.5680613868670585,1.5164876014786577,5.434398282809213,3.876833340701299,0.9557840428753692,0.9875454171028316
440c020y_1.6004_423o0306_-1.6004.wav,9.52084944696636,6.572989533310155,3.7332707537960776,4.568735077407128,3.4548670001104185,4.616519243094059,3.312681650972036,1.7212521629629762,2.7649074678588184,3.328044111859263,1.4821544176610573,5.124675986183274,5.197952637954749,1.587742072091336,0.5075470869190153
053o020m_2.3139_051a0511_-2.3139.wav,5.8560202791076765,6.648775680888029,3.485436174162361,2.866977208725102,3.157217529183615,2.69743573512075,3.169695058108236,1.4445060249714063,3.3085062989155225,1.4192304981575334,1.4829383823348614,1.4569060756890275,3.180946840133521,0.9598808853461024,0.774317348983445
442o030b_0.71589_22hc010e_-0.71589.wav,8.18737551320929,9.575912707235492,3.136318297281011,4.0481216130601005,4.714607943041341,3.8830673496944,4.673900570922696,1.2306439868641623,4.309410232950978,5.354998012660402,1.0062288462081357,4.011921524000939,3.5719567787522872,1.7737466327925386,0.9118542886092792
423o030b_0.52189_444c0213_-0.52189.wav,6.86339140683542,8.814065269410138,3.2969476489468863,3.6450952177530422,4.534200013946518,3.514812549337102,4.459860076426891,0.9168757208793412,2.969811064601108,4.083777459414499,1.3873152508574638,2.291929603616699,5.047896609662289,1.6247066844087643,0.3878577114520585
423o0306_0.27802_443o030i_-0.27802.wav,7.341361255024248,8.479419113587996,3.687747761415438,3.624240394592239,4.247658919347479,3.597203204911568,4.395202100735747,1.6110785143913566,2.0565910468674042,3.7977143215603655,1.109991307717945,3.264516117990931,4.896392599909745,1.7298221347415312,0.6528934656410941
446o030x_0.8001_22go010e_-0.8001.wav,9.013528596597997,9.495523441027292,3.361400571541725,4.453081112515591,4.710771871053997,4.525433210936697,4.556936979517446,1.0685106402580693,3.052834341541858,4.850317511444496,1.49921609212782,3.3117745278523927,4.663458229541955,0.995069072151728,0.5828765862856026
441o0307_0.66315_052a050s_-0.66315.wav,7.909933488077485,6.008037180919287,3.4774829516337817,3.866005051537178,3.0036995829414472,3.700006272681703,3.0403657174321586,1.469873004923623,4.510779774826676,3.6906867662081386,1.594841398381369,3.9025176164890607,2.372715548435045,1.3967017651478235,0.2059785494972095
420c020y_2.0796_440o0311_-2.0796.wav,5.091014092044588,5.589023754857924,3.398567854124713,2.7835776567955635,2.874316512439003,2.642175493840458,2.92437076612056,1.2650217948985651,2.8000459037717675,2.002791752812917,1.4637782139775202,3.3261541758844975,1.268422665469477,1.020807343451857,0.805563098863058
422o030k_0.14351_443c020a_-0.14351.wav,8.941494951981666,7.719035413506022,3.084747386105613,4.633036231464211,3.6138170194252615,4.673639220355418,3.7788969918419673,1.1520134812935277,4.200421187353508,5.311437878445086,1.4608666472889733,5.603748662511873,2.4858917022903815,1.7454154653232428,0.7076405648297854
445o0311_0.93414_421o0307_-0.93414.wav,8.020487631995161,6.722978836681147,3.2873742710506777,4.02211208308751,3.4476710363793925,3.854430054651565,3.475648479786664,1.012464166862438,3.2244868878349426,2.1198787656387745,0.9926952211790974,4.670933458719098,4.68776126087004,1.6104240886062398,0.5692370398808193
22go010o_0.058767_422a010w_-0.058767.wav,7.190230082053079,6.847706302310219,3.683717153969792,3.71893671246864,3.4412652859035293,3.6727318248513705,3.2985589147763945,1.7438779635525938,3.9475476094880992,5.162831374315976,1.1022136501745587,2.768119545994885,4.153773978045526,1.4763517660663763,0.4438057103554577
422o0305_0.012185_441o0311_-0.012185.wav,5.328972188738087,5.7854018306706845,3.139439270724729,2.8220097842759886,2.9774785158074075,2.81731771142744,2.827551918926188,1.143316917957939,3.7237328133254106,2.460274148197274,0.9153218536998826,4.250222629286052,2.27469417975636,1.4043487802242265,0.5940165678886299
445o0302_0.63059_052a0513_-0.63059.wav,8.112616675323412,9.37798193204181,3.030220457568727,3.989435339320551,4.802492330346719,3.925594154753288,4.938228483058693,1.7532102761711523,5.293313842700919,6.091814497571145,1.2692029168968368,2.86846746444654,4.790356690625401,1.0336022185405431,0.2878805505881338
420c020h_0.83307_050c010z_-0.83307.wav,9.282052300542237,9.995482561654924,3.4115644376957093,4.417455942970151,5.249771017426422,4.475317733084814,5.089921046376293,1.3226408982544215,5.507928627524252,5.096706031451392,1.028830735874401,4.168026088903484,6.698272468442115,1.2930599286098234,0.7868064128899264
443o030d_2.0372_22ga0108_-2.0372.wav,5.322364012126966,5.021709112039863,3.728732018316712,2.8065687209342576,2.572685048737123,2.8573162377439587,2.734933899388365,1.696335871708818,2.056607465037753,4.313272118580131,1.5338193327182483,4.592790553397287,2.5224953454964525,0.9024466011864192,0.6742114935394503
421c020o_0.04534_441c020j_-0.04534.wav,9.46220393051177,8.897661240055069,3.478694546074649,4.842564994859307,4.694003052534027,4.813691825596475,4.546808147402363,0.9995117653685306,4.142927226596662,4.348929719191946,1.1685570319635077,3.6504130186160753,3.6846307128616895,1.6049398203035583,0.5641703029013407
444o030s_1.9959_445c020f_-1.9959.wav,7.130255387475918,7.491706875891441,3.525100362708823,3.6773451823512864,3.720781942694294,3.5674298071838453,3.837051501486786,1.136324238220371,4.643776626967725,2.2671034283423626,1.6426231145007983,3.1679956380081062,3.2308110621083945,1.4490668985561586,0.4094133859819658
446c020i_1.851_423o030b_-1.851.wav,8.857721776497476,7.08721183612193,3.631930551849956,4.169036784341137,3.512233894213068,4.318720324676726,3.592824450437752,0.9905438709839052,5.082915724203165,3.328375833575595,1.675678811914418,3.6520851440422764,2.9921525458344975,1.0878411604201996,0.9750033799180492
22ho0113_0.055789_447o030d_-0.055789.wav,8.387491262277454,8.980174836575985,3.908075827724821,4.045186329729321,4.393116017379458,4.157570673846078,4.492462679112232,1.7710044883480816,5.540645376271211,4.215160977939401,1.0488081934077762,5.009000436766028,4.031700545463603,1.5795538588292837,0.442783164634761
421o030m_1.8146_422o030q_-1.8146.wav,7.783609857120957,7.803441174827782,3.932473585859448,3.859985837799316,3.739617715641936,3.695696445044103,3.695925663411311,1.49344421742059,3.7665071046133902,2.199029817476453,0.9863946685824758,4.043533157321386,1.9528623599863315,0.995842830761489,0.2106348115317131
420a0110_1.0946_053c010o_-1.0946.wav,9.836915944174466,9.584802555289292,3.8937138459149,5.028467063436979,4.928373332771789,4.87872919443088,4.937237337820996,1.3316566540855552,4.155192283298344,3.404849786130646,1.0925609092847934,6.2870030152650855,5.176514583795449,1.4585033776249945,0.2489834220190066
423a010u_1.1207_422o030b_-1.1207.wav,5.4372004522745945,5.8934806788576815,3.258974118733003,2.902356634770809,2.774869381032821,2.754597395474041,2.749039026748754,1.73863891784307,2.2960071605023367,1.2802031048175666,1.3174391221260402,2.2442050021223974,1.663296406060907,1.4314546984401253,0.5753506088687579
051c010u_1.6001_444c020o_-1.6001.wav,9.254802835476356,8.656402435842248,3.3666922988191352,4.840989298647696,4.452582661539355,4.684727048874286,4.486964477892655,1.5748269381408764,6.597119446762883,4.152399607745607,1.3536506135925408,5.05183079730898,6.189699672345178,1.6076759600817756,0.4700788090724302
440c020i_0.57948_442o0311_-0.57948.wav,7.646205704231171,6.030076236849187,3.0625497203494514,3.883001788148868,2.981999634781004,3.88871111699953,2.832108328948827,1.6732832818604142,4.051191432784467,3.824356760460211,0.9795906903423472,4.156158129891882,2.072156078474731,1.05656716325863,0.3272218622302168
440o0310_2.2395_444c0208_-2.2395.wav,6.919211201181029,5.9289963596766,3.613227047711486,3.53652050798274,3.0451707590792374,3.4033512683079907,2.9395016831655667,1.0871276034431647,2.464226612133961,3.5787384640943203,1.141807126533058,3.9997132861824163,1.7627218513864982,1.6987775116174193,0.6394979861050525
440o0304_1.6465_446o030y_-1.6465.wav,9.905850856309142,9.724442955223626,3.786707052454851,4.9071975371621175,4.897385657158482,5.051277572834353,4.855661044270079,1.0840170133455802,4.624058792532428,5.997863674022321,1.1383064335126836,6.1048790304109675,4.660089600485321,1.375175556658339,0.5793967213944394
441c020p_0.059507_22ga0110_-0.059507.wav,6.322642723634567,8.786673069452956,3.1812857258658167,3.0310478085876453,4.62390529487274,2.926974255561889,4.515883558353671,1.6467440240354223,3.2283720200989396,5.992238077945873,1.3707574011814234,4.269309839056885,3.605908744389894,1.6158289889866877,0.5440432764616785
442c0213_1.3588_443c020f_-1.3588.wav,8.234917518587038,7.872906941859997,3.817614749055759,3.913978009539903,4.009474661324969,4.058883406368111,3.970713521377083,1.0741442281823017,3.7637994122014584,2.6376703634794363,1.130293478083024,3.3703539635183706,4.37560493232555,1.046276426654489,0.3352291296896852
423a010n_2.2638_053c010f_-2.2638.wav,9.47963293942462,9.358402785481736,3.124747869583561,4.893328385069308,4.757809914656799,4.765251859924259,4.679730444200284,1.0681801566080962,5.573465367705412,3.492094051150952,1.4263384997006596,5.393203227119657,5.118939202204215,1.6179265362517337,0.3736866123252861
422c020p_1.5828_051o020r_-1.5828.wav,5.207601434533323,8.840795091660102,3.729535775298844,2.5584268626024578,4.478886032855184,2.711166830266291,4.404250235290937,1.5716752522127284,1.3687142561043444,4.7238052404111155,1.3614728412508768,1.9977883587087437,4.605285903287036,1.2980046937380234,0.1165327688252136
445o0310_0.061773_441c020p_-0.061773.wav,8.23025542472019,6.246700587762417,3.692122318561069,4.0403819191305015,3.132067869785319,3.8807844173326167,3.0735133019030925,1.0584243225025052,4.63671692889356,3.8293617124436543,1.3454648097739834,5.317527521110991,2.4902966727544156,1.4240161077666518,0.1051819433932757
446o0302_1.1703_22go010i_-1.1703.wav,9.897836088116255,8.67157258554539,3.248365314873749,4.911884667751229,4.526279931251014,4.752841931970078,4.466234879870847,1.1528426304824324,3.7248405368774113,4.644401920566773,1.1037566324771362,4.349888280884624,5.310346176581657,1.2151262969733605,0.8317205760158127
443o030u_2.08_051c0107_-2.08.wav,8.578506186884082,6.992787774568271,3.962582876248894,4.49924490717518,3.316029618194741,4.367341823727266,3.3874549398736287,1.7117185368907402,5.786827629646131,2.853510073722306,1.4035988367696213,5.033520453484606,5.1232493613480115,1.5102978413007753,0.5788619418231754
422c0216_0.35256_440o030w_-0.35256.wav,7.266434230229185,9.189176593570824,3.525111021104094,3.5088135983170416,4.505735065584196,3.50776116268918,4.655731373469587,1.037223996121868,2.9750082926227894,2.8744048166251543,1.0058584325146926,4.756950692890175,3.047624868673301,1.250584398728141,0.3354820170019788
441c020o_0.46254_051c0101_-0.46254.wav,5.07585304617287,9.911665797100952,3.689062334170143,2.780598143215569,4.890347533187229,2.631434654071211,4.8745281303451184,1.2735177441737071,3.643268702260819,3.759578657178103,1.156372978057889,1.6993833342456681,5.485982373157228,1.3492468676011349,0.7370606818753744
442o0307_1.9214_053o020v_-1.9214.wav,5.596451705701635,8.146654022385126,3.138549087186758,2.558571964330931,4.32271144990089,2.6763731023180246,4.200143542645582,1.019481844010136,1.3587037996730915,3.963385662802136,1.042459665122918,1.9244696348428971,4.160902235262417,1.585036672077096,0.8326307626679497
445o030f_1.7431_051a0504_-1.7431.wav,7.070532025066831,7.531185641369118,3.972490351301452,3.553680469330778,3.7065344367752777,3.4199862726535764,3.811538540384793,1.2468774544467076,2.9341963024173108,2.5361173627037292,1.143792122638703,2.4671025317148882,4.996649638343081,1.218885803358038,0.7439622041737395
442c0205_0.52377_423a010e_-0.52377.wav,9.235234361139748,8.678506136939385,3.3526057218137444,4.576739134770599,4.343138523351157,4.538683187314835,4.177452842427173,1.417092718127499,3.9035300050835535,5.7381704066588295,1.3110522125234592,4.850473409585503,3.262835245261291,1.538672025920654,0.5051390646931363
052o020s_0.1667_420c020b_-0.1667.wav,7.370022900972642,9.785140411409287,3.2238868384328705,3.5130988092165567,4.956183578972764,3.662993424091789,4.961805360843831,0.9948838194109446,5.366457264177738,4.857625445686482,1.088731491761927,4.485781040217492,5.429192287579145,1.554930306339009,0.9618459692785768
421c0210_0.10984_441o030k_-0.10984.wav,6.939606416548829,8.783165442953006,3.0771204736807856,3.284673248307145,4.487917753368775,3.385291352648929,4.350892218964905,1.2913884038522037,2.450891976462405,5.084942030458335,1.0659800414451497,4.350481715623062,4.793681542702644,1.6444743145158314,0.7494984861185898
050c010c_0.31509_443c020s_-0.31509.wav,5.719064390245356,6.973653080837689,3.7413291178856753,2.820087775486129,3.444889435782912,2.6716999127163583,3.466822109642239,1.626959176777657,4.6223220654434165,3.1787099885530834,1.1814313512793742,2.2668460156906014,5.005351698330267,1.607015323009334,0.2132300594959288
051c0108_2.4584_447c0211_-2.4584.wav,5.758883743044061,6.923040886983696,3.1448517099476003,2.9432223874435404,3.326278536684235,3.092342813403296,3.310058223444932,1.7393740271427764,3.3143319843455847,3.9842476560485043,1.507785717573884,4.184282557841384,3.3780133925426643,1.7293355272878752,0.5573416019197952
447c020i_1.1546_052c010n_-1.1546.wav,9.734877854201402,5.547237880531971,3.557967555648716,4.795418896546001,2.8432231186447394,4.798377122073856,2.673248859117815,1.605650331733972,3.738685853667406,1.7649054707094227,0.9879774035704308,3.8452009521609964,3.7223894663039783,1.5601401192790565,0.7167603640689055
052o020p_2.1148_420c020l_-2.1148.wav,6.394828316040525,5.374381538905695,3.3325274442382296,3.2813591221265064,2.647120701445736,3.344263771336263,2.510947998205338,1.2269811592006623,2.9663338756234423,1.2538904935537383,1.4569021894888523,2.1505460321783807,1.0486182011355138,1.3776603071582976,0.3766958950129573
446o0305_0.49843_443c020d_-0.49843.wav,8.268180511790296,7.592240272109194,3.928399193308543,3.9661805433758497,3.753536244594969,4.061827836209926,3.612995875399807,1.5663140723362985,4.872295635113213,4.5045688395659305,1.08619306390975,4.62185104838333,2.647239734924957,1.517238139494293,0.6653692014639517
446o030z_1.8895_444c0214_-1.8895.wav,5.366510790350651,7.52993396275404,3.5860136123034416,2.801316174734973,3.586387703657361,2.818901291124917,3.74541840409458,1.0641229424496916,3.692456653063588,2.0568922610381355,1.2156042196871608,2.0644181738114216,4.5622817970572545,1.5830831021279046,0.9831347638086522
443o0305_2.3513_421o0311_-2.3513.wav,8.447728161134881,5.93263193177961,3.97121198521864,4.060024736740955,2.738731910374587,4.096534463024712,2.904765159715449,1.676787353314293,3.423105407968612,3.3457086033672643,1.2359517742394088,2.9630253538296953,2.821354704031729,1.1737686427690708,0.7913569228383238
441o030d_2.0351_22gc010p_-2.0351.wav,8.605988257076946,5.249571500197404,3.710104636047544,4.076322658339911,2.424476417385477,4.158682685676356,2.549843182906248,1.2845634971992124,4.388608010370016,3.3621186612593927,1.764000545616344,3.093186334841403,4.226787644067598,1.015208157818531,0.3620916540369225
441c020w_1.8831_422a010d_-1.8831.wav,5.27698345982534,7.983704169701458,3.95037073106319,2.6986963014830705,4.163793166892893,2.536436548877856,4.214505815063688,1.0692762823961923,1.896325672969484,3.0487084623791096,1.4940473767168787,1.6183980145318115,4.009297837091424,1.5974795366319128,0.665224091396374
447o0310_0.27001_445o030u_-0.27001.wav,6.0982674561931365,5.33455570586509,3.243977759203064,3.2891580591594995,2.5913339664911166,3.147735645407893,2.496995740470753,1.3439777330472429,4.208152337438771,2.2378148568574208,1.081173171057709,3.0739789574585648,4.079234825428613,1.1302087106333545,0.9842157220971564
441c020r_2.1946_444o030x_-2.1946.wav,5.219220611024775,6.54243789868858,3.2874141444979763,2.5350701648646754,3.2383969595180764,2.6857264620090384,3.3171540552666468,1.16005315725487,1.646394438278351,3.7578011415962567,1.4712842667859998,2.9538679333293674,5.023663578299915,0.9341532666303728,0.7707238749182339
421c020c_1.7004_422c020t_-1.7004.wav,7.489448280807396,9.344269780689938,3.5599021381953886,3.72690230342924,4.592813602733097,3.882692093357662,4.524772869682531,1.1725921272218716,4.068305425605502,3.3393652010318498,0.9866524215759394,3.0552747583390496,3.3527170776023874,1.6650146650811122,0.8279324272913288
443o0313_2.0711_423a0113_-2.0711.wav,8.646464404810946,8.46088800210124,3.885689818444744,4.306666854860992,4.193827406570109,4.18957060893234,4.287574242193593,1.2115879731880608,3.711844181914794,2.835700133233428,1.5086447680603436,5.705118143366365,3.627976711308846,1.6730843641060855,0.5689673152317855
050c010n_0.001892_051c010s_-0.001892.wav,9.804940547634803,5.275097610306384,3.0142844090319256,4.940779560868454,2.708242931887011,4.855633066366614,2.855382574655532,1.5559690018391366,5.466958035600267,3.378735982070978,1.3212001752731024,4.146673958146279,2.927818750812481,0.9712486044698824,0.66393362278067
052a050s_1.1528_22ho0111_-1.1528.wav,5.703757359775248,6.031972747343787,3.616060530071934,2.918165954973816,3.080984842558918,2.9319901999474136,3.250421822734174,0.9847781814465004,4.028132013057434,3.986866272505209,1.5449249813115165,3.1100756381289503,3.8232469174096386,1.4486182708717974,0.6783367978774144
441c0203_2.0046_445o030c_-2.0046.wav,8.844958279705137,5.667673741452572,3.636648576779769,4.252159676346739,2.622596355552361,4.414101506135593,2.674315247309997,1.6868540479738448,2.6707707983700515,3.7207967876716825,1.7135461494407664,3.6138710577129634,3.046774836971751,1.5476010501003676,0.8126790156424054
443o030e_1.8522_22hc010v_-1.8522.wav,8.423143439831263,5.183347572286154,3.3570561903649767,4.071224805842576,2.6038806072440845,4.041577121482602,2.4364858199534067,1.182973016359564,3.3308891483497516,0.7357855386008727,1.758109420828716,2.8870926508394708,2.3847597989660003,1.3378947167688746,0.4379281313553422
22ga0101_1.6313_443o0305_-1.6313.wav,9.650758310059762,6.6466536671601375,3.961831954899477,4.751818542849955,3.441674423736933,4.640904052770894,3.542659451788133,1.3240612169264812,6.098143460093863,3.559213838165153,1.7930929244626377,4.156532768683572,4.088481627094808,1.314512027922253,0.2561212021193111
440c020p_0.38085_447o0301_-0.38085.wav,7.425555679292317,8.980822951125745,3.853806020138413,3.8896660303324033,4.620104909232269,3.843413255077381,4.456517988052094,1.7829167860810564,4.099649900827874,5.328936885559017,0.9669730462190408,4.909673920256844,3.804918506254414,1.513355057184349,0.5145056605979919
441o0303_1.4936_440o030c_-1.4936.wav,7.743413897515189,5.958954681695515,3.248146418542976,3.906097686232625,3.215957394635332,3.846759003793145,3.078193390750622,1.3566972293162576,4.588771590969895,4.165057361879477,1.6833007723425824,3.1345130395533527,1.820264084767661,1.0991754809488268,0.2241599431378706
440c020q_1.4784_053a050j_-1.4784.wav,7.029332574781154,8.931566044270497,3.1733505416629715,3.516813435079964,4.406197376027728,3.684221995185081,4.435767191778447,1.700962937692029,3.018712562800261,5.063730214926498,1.4863138673356144,5.190659663782008,4.684215052381791,1.502599481675014,0.9838732863955136
420a010z_0.87139_444o030n_-0.87139.wav,5.818695337004963,9.980057734689858,3.0810420647433547,3.050623696772825,4.796287297370605,3.1062422866846844,4.935594771887289,1.361642995778612,4.216811729313324,4.990053158672618,1.028368030712384,3.328757924568295,6.789743529610847,1.3426366521715158,0.6533082786591247
421o0314_1.4919_22go010z_-1.4919.wav,6.603452819945444,9.501047666658309,3.250345476874004,3.3844250959608453,4.763842703855341,3.4206632482220365,4.909399552958002,1.0218135762496694,2.5165510749340725,4.031823424126477,1.3923783667879193,4.989681090034258,5.6026143702957585,1.5049794416521587,0.7213862724870649
444c020j_0.9602_423o0307_-0.9602.wav,6.722091255858622,5.009408068284654,3.241193293850723,3.308993757957025,2.5921828606515214,3.337824321852972,2.759720314927996,1.1347564850264549,3.120801988651973,1.5554540033447521,1.554100575110553,4.842316607207547,3.876458878753567,1.1027766739542182,0.9931934625536966
442o030l_1.9359_446o0316_-1.9359.wav,7.207982054922779,7.609948182972006,3.264603474062099,3.681916446631313,3.900382188997287,3.544347063605266,3.9601706900140616,0.9787588072760188,3.403833006637124,4.7064982480033315,1.2470630086004082,2.214719750967424,3.711018785983145,1.6434207404439096,0.3730947813679474
053o020q_2.3969_052c010b_-2.3969.wav,9.61535302756992,5.71262644961842,3.705037050804937,4.6219243084477055,2.7266260154102198,4.742683665317439,2.8462804249754683,0.977957699577994,5.813739100287398,2.4375593272659786,1.7283833505830837,3.243192744640661,3.5490288425061327,1.211634122494765,0.596647961123017
444o030y_2.0746_442c0213_-2.0746.wav,7.983822954054209,9.69539970174073,3.43631268816654,4.027563602587866,4.954784720037549,3.928801615614936,4.81641539565834,1.3154341391372557,3.2410434813588482,5.571064545089898,1.7752100847874326,4.838739154136074,5.448198985439711,1.7662326031030893,0.4917472914428287
445c020j_0.52313_440c0212_-0.52313.wav,7.593213989421443,5.833653022639152,3.703591175657918,3.968539596190414,2.8845112073740515,3.8124956826206233,2.951967096945116,0.9629523078721448,2.488027619065859,3.9548168267941533,1.2020955155192967,2.802447775075019,2.058147294588483,1.0246185641770476,0.6601633893637253
420a010t_1.2193_447o030y_-1.2193.wav,9.68210418522061,8.001398787303568,3.682729473399532,4.970202925833981,3.742040790220984,5.042888612840148,3.873253559814653,1.716503697779122,4.140596676924384,4.938572720122687,1.5801015437890775,3.6995998484428343,5.308640752428888,1.1462794370079596,0.2032779194805738
421o030p_1.3071_446o030t_-1.3071.wav,6.889748895577982,9.68152115805512,3.0086215486144594,3.4368874228080477,5.04288232372234,3.4448846816847687,4.893095662599066,1.2997085786554503,3.2990803555433286,6.864741834968847,1.6943910962305329,4.6798536903658965,4.886263077659536,1.0770369379783262,0.4527644898570696
441c020n_0.17059_423o030n_-0.17059.wav,9.445211999672756,6.263312433487265,3.362482344823665,4.873991370905209,3.0933917054382127,4.969826190953455,2.952979144510352,1.1244028562212534,6.1743354421140415,3.067816862850695,1.2777412788433984,3.987610606842781,1.3389103902482256,1.547857619734223,0.8219279201717247
051a050h_0.046987_442o030u_-0.046987.wav,8.039096101858483,7.622643045272123,3.584599052106561,3.8725324927083897,3.9452304156978615,3.8078892941467646,3.798870390828629,1.7718424629184713,4.867496439910536,2.885761372540557,1.568381400163672,2.901758349060133,2.074359476555277,1.042036658517432,0.6883667490408609
440c020t_0.52025_420a010x_-0.52025.wav,5.727271809620359,7.863093253243054,3.788738817173981,2.816058276001788,3.998835065835192,2.72867205132299,3.876918505285008,0.9827047349088844,3.9292293574373085,4.531316885769865,1.2106357093180558,3.50701134311147,4.619213589518039,1.152371240718487,0.5024716202646147
441o030o_0.57101_446c020m_-0.57101.wav,8.702939667800877,9.743295932405328,3.1677811541673635,4.34491168248313,4.732061395116158,4.5071719962925245,4.681350542604326,1.1964901866445734,5.865298788465167,4.354393483077125,1.1206530645919968,3.3862206927636413,4.570113447305498,1.3774067365495168,0.8073738701881277
053a050w_1.1764_050o020x_-1.1764.wav,7.62811099545043,6.056237850406713,3.701886388483486,3.6366702590512903,3.2020203379068604,3.667579565371141,3.045034304187852,1.5732621672331129,2.9481370438450876,1.7513218825508288,1.1743703299597608,3.8190669302460245,1.8111109015095455,1.4559139176193288,0.5118122993625208
22gc0101_1.5394_441c0215_-1.5394.wav,6.793597718635749,9.078949880284046,3.908192158406636,3.328739664677668,4.353326644166385,3.498448209669124,4.343376279505568,1.4803915530478986,2.5276635563493266,4.679835854685174,1.3201533324297092,4.132007014907094,5.532135740478503,1.291258627250858,0.4417780989933103
445c020r_0.3853_441c020f_-0.3853.wav,8.585801573856466,6.575876552318068,3.6754174177545296,4.093902966522159,3.271190783221307,4.098105353994247,3.101242732513056,1.6992749039212731,5.812484613555937,3.75411810066867,1.640602091954375,2.6976601567847447,3.8000679585597292,1.7232424419247527,0.5170559695471645
051o020t_2.0153_423c020a_-2.0153.wav,7.718768599336823,6.207673085918474,3.508036522405149,3.918098361507187,3.1111746412838133,3.7597991290326944,3.1344416350300333,0.968122976078768,4.859826354749136,3.1828562761543466,0.9189979979514744,2.3069637823166373,2.252269652373034,1.137189696213211,0.8786356431179677
445c0215_0.049708_053c010k_-0.049708.wav,8.719159653578398,6.885160932521944,3.4325187195478524,4.376630487050908,3.555577230274874,4.368147948095641,3.395802243080781,0.9039664826774196,5.834099818790465,4.4352396880299905,1.5361907046125611,4.819727839637015,3.0007206618241296,1.6778265085988735,0.6007238774311942
444o0302_0.11076_441c020n_-0.11076.wav,5.561003524336016,9.697893340006496,3.1225345075924427,2.8996013953342805,5.006194806674509,2.9001404776007265,4.83619566141104,1.3085063327489443,3.674927090851342,6.397208853492138,1.1095384129468473,2.5992573067125484,5.867116330325765,1.3778501453413845,0.7932528607113309
446c020z_0.41606_442o030v_-0.41606.wav,9.837351281685422,8.165356274933046,3.9923351543070553,4.804283370652539,4.054148439446555,4.822788287927188,3.9052942556401926,1.4777824688424954,4.1881968189920755,3.694309000471536,1.2472076847010842,6.417669815515174,4.397920471109592,1.2055812122097636,0.2231553279397495
051a0506_0.53957_050a050u_-0.53957.wav,5.458303183233252,7.498892092614776,3.320770566889319,2.815433809859264,3.6572000981697537,2.852376078933044,3.80257983800884,1.381300636311669,4.10779239146822,4.403854504863978,1.26637665509341,1.2959696758210175,3.8298271128490358,1.0251894293730854,0.5818166251799841
052o020z_1.5755_422c020r_-1.5755.wav,9.204713789123009,6.325397636233658,3.895453325657544,4.726813792740657,3.006721710769376,4.561126988691475,3.044772768099865,1.5963372558147912,3.0011297856702233,3.2020730435787197,1.5168845854247774,5.599097729088192,3.0563476986154483,1.445152011447077,0.5609240640217117
22gc010x_0.61956_052c010a_-0.61956.wav,6.865781073388709,8.182654081948701,3.4588866710544046,3.4960505636956274,4.063206101132178,3.374422997112309,3.944434323983647,1.0934808765183452,3.87347051168843,2.598583409248222,1.0051486099907814,2.5100160676817693,3.049605080720407,1.613393954908513,0.6837500996077582
445o030s_1.6181_443o0306_-1.6181.wav,6.424155909743897,7.58367188297998,3.642603463365396,3.090246629944717,3.916695163970204,3.2149809643044525,3.8333804243869007,1.1864287700800444,2.2806642543811675,5.44710319410194,0.9607855770256712,3.8213846481835594,4.563425418538274,1.3812261718814025,0.4712276005662428
22ho010c_0.67041_052c010k_-0.67041.wav,7.272476806672441,9.112674497224926,3.0061309088851385,3.693108313653554,4.584161724345551,3.839282560940998,4.550500330584312,1.0116948707104048,4.887914510048904,4.788804444337919,1.3413144408476263,4.937616084174414,5.464138728949108,1.3407369034763137,0.5176567684765323
420c020o_0.65367_053c010k_-0.65367.wav,7.514571397887479,6.037804819218114,3.197595652867366,3.951305679010859,3.1677103265916267,3.944175384095624,3.0178798927858685,1.444771522849988,4.568144440161541,3.8940000144669473,1.206554776757124,4.635772585411928,4.362283133194288,1.3724817965397107,0.389016883964134
441o0304_0.99287_052o020r_-0.99287.wav,9.66909766032509,9.0819127337712,3.542320572550448,4.722478593322518,4.608677238264771,4.62264023227782,4.471082537553193,1.7736905838946555,6.123336193683814,5.535760367132938,0.9291866216946746,5.077013710355116,5.1198837837189135,1.7419859214689848,0.8063633772286947
443o0314_2.0868_051o020d_-2.0868.wav,5.349304321956491,6.240202858550189,3.975767476433033,2.5431165609934108,3.0951311348425783,2.434138052924097,2.964656291370794,1.3443454542238056,1.601470551469462,2.789577049229933,1.2768177037460136,4.325112649423405,2.880815538467609,1.3997655816579209,0.6592654925784727
051o020p_1.7183_442o030n_-1.7183.wav,5.8125962169652325,9.264850782772788,3.139785774170007,3.058788817257987,4.413366921276603,3.072550476560599,4.562734309729501,1.6394000705238163,3.9349367356838143,5.6665047951011935,1.0908384931093658,1.704633805340811,3.8477739481238937,1.154683233697016,0.9796430175029506
441o030g_2.323_423o030f_-2.323.wav,6.511444061271076,6.139587448823169,3.600047369071697,3.289038734754445,2.982105218384702,3.3459674888723296,2.8219205844319246,1.062070605596154,2.001140650110463,4.159378537863585,0.911733347506375,2.740760815503546,3.4312020509728445,1.016004149350454,0.9175270857294036
420c020i_1.3724_22hc010r_-1.3724.wav,5.081161018085718,5.7035105906847,3.239248772629665,2.601834233037763,3.1102257646259144,2.685333671829784,2.9856149957436964,1.5776720411284024,4.301116259845555,2.7720383798197252,1.0627442435794678,2.7935258196271104,3.7787606115724275,0.9963969054374604,0.5566792841538595
441o030p_0.86352_442o030o_-0.86352.wav,9.435136346495169,7.357961702700437,3.0340141735266197,4.763750016932375,3.7482156476756265,4.604902157629288,3.7290490727383374,1.220182991748398,3.4673837352996038,2.5231750192907256,1.416239780826522,3.4306503372749297,4.06009075304191,1.6195527677652035,0.5236574276961667
445c020m_0.9341_053a050t_-0.9341.wav,6.890872790304235,5.650002066510895,3.010810815106689,3.581467931969173,2.6264364674505605,3.43767866091458,2.6691523372133177,1.217576386680522,2.765161894785416,2.037139471466508,1.6811902410925814,2.5719288917490797,4.009947959491702,1.6735752251258091,0.5943542303959699
441o0307_2.23_446o0305_-2.23.wav,9.53181769914465,6.631324460710183,3.4824346371577715,4.7100266106274935,3.473140786812497,4.860279758410388,3.39361725833613,1.7994810698699073,3.8572922676462382,4.83215367024924,1.1387562415553227,4.580468414742111,4.166620579951126,1.789915643994854,0.6362793249911394
22ho010q_0.78827_052c0107_-0.78827.wav,7.492059300827496,6.297716153590102,3.737413935452131,3.835894080315617,3.0134630767257047,3.671047143071453,2.971924091648807,1.0651863117093352,2.710728615812438,2.6655533680292427,1.6339598070006534,4.964547855795772,2.6216864895781886,1.459369265874733,0.7171695004278246
053o020p_0.7956_447c0203_-0.7956.wav,5.999997907902979,6.849979400976614,3.756443425826277,2.819694964392009,3.280407050434232,2.9633686205890664,3.3712799315097755,1.5508411041243575,2.32163683366403,5.072349484480216,1.470682778333697,2.1242961318341975,2.4185963506188886,1.4319444331959992,0.2186670284700836
423a0110_1.8808_051a0512_-1.8808.wav,5.577485818570865,6.181713289778196,3.971309394438613,2.789890195478658,3.120301148214497,2.848239872227218,3.279973673162713,1.2519997158680816,1.9088464803323701,2.495863445812212,1.5899197684293864,3.8210895764111186,3.4651706307618793,1.0254655845245804,0.991264689512158
422c020m_1.9828_22go010r_-1.9828.wav,5.494410205975358,7.40494305227943,3.48563030881431,2.8336168775539083,3.5744397372046723,2.7535886805290315,3.70130773033512,0.9127137179718924,1.841327387393121,2.9265466937798186,1.555028723914811,3.7075909062322396,2.8410069668860043,0.9460614850496828,0.4157878828426513
420c0201_1.968_440c020x_-1.968.wav,8.627877288504607,5.98888674539307,3.669559598619367,4.117308004196041,2.9112615214802813,4.233883843801958,2.7875276392160626,1.5693961387706463,5.486434090663201,3.881654816175931,1.271205204361156,2.6177192903642466,1.7772050088397442,1.5244346529183792,0.4419148241892789
051c010v_2.3426_423a010y_-2.3426.wav,6.984675558614185,5.511744831015426,3.7094046656704895,3.294109426311007,2.72922485311676,3.4115062933266853,2.6062696758573085,1.287675918933996,4.7585464068532355,3.892682315843055,1.0600294718338843,3.631146659567885,1.1037102986123914,1.006289594807611,0.651591227575212
445c020p_1.7632_053a0510_-1.7632.wav,8.978475998022915,9.460751425750626,3.780613414522688,4.534659112994061,4.865963917236051,4.399154114645486,4.801633555644088,1.3458446769221295,3.2968769293475555,6.040213849305469,1.0073126586799035,2.574907700864187,4.290125972787535,0.9568098273656156,0.4808761296189209
447c020r_1.6432_441o030q_-1.6432.wav,8.20170298762745,5.201690909364593,3.9817116561989065,4.081671949336681,2.506323111317898,4.16699720697443,2.64167302971112,1.0593169331394012,4.690807527912987,1.3670220424416433,1.19016721840117,3.427737346892614,1.8369638265573394,1.0045540926304943,0.5049264600771872
441c020u_0.12483_420o030n_-0.12483.wav,7.838843030979271,7.417680841320686,3.880483080988232,3.9261966094438425,3.8969452901131176,3.782192876284784,3.854958091632453,1.7045602958779358,5.602707066614076,4.349716157862848,1.6168111071061553,3.888463647219111,5.022716667018781,1.0679282882186114,0.5245554184658723
447c020k_0.31404_22hc010k_-0.31404.wav,8.693232315106826,9.743411140997292,3.1637460734574807,4.179912761912814,4.9594807623189485,4.340525972637188,4.903772625204093,1.4939361783631455,5.985366248767563,4.719734614717407,1.413090447142198,4.321145359636697,3.814261324345828,1.075359525346998,0.4902216608947439
440c020j_0.74441_22go0102_-0.74441.wav,5.973898418138071,7.354236037326531,3.9181000707103415,2.947795508470705,3.451708629580198,3.0397573865681906,3.5946876944001334,1.4232891477658354,4.3369747726513,2.7792133561955086,1.1039754183512691,3.4016865078842655,2.4549813691436704,1.191519848461638,0.7791959354923008
050o0213_0.094956_440o0310_-0.094956.wav,9.051395766758134,5.590465097582741,3.399121763478779,4.286102798694772,2.658318393001839,4.453431542217251,2.688336580675126,1.4019208074279632,2.831194396587757,1.4704959242012692,1.7635081508955708,3.83935565534281,4.464535200528706,1.7237970642058078,0.4528247689097385
447c0208_1.0785_423o030n_-1.0785.wav,5.413632082422419,6.414173349642981,3.2562637561661885,2.6880562276653324,3.031733430804492,2.5414702702673084,3.0635541330862552,1.2195132407874405,1.2172369117508557,2.499976150817113,0.9247687475569756,1.1012212273002182,3.609695466929405,1.62865226466237,0.5409333613034791
050o020t_0.022501_22ga010b_-0.022501.wav,9.591853371694322,6.250081418581399,3.723317062160503,4.932014935817451,3.219890422896385,4.922923029644526,3.3696146268252845,1.080987699981968,4.281574496989244,3.839039631184334,1.5399546174133838,3.6101739339077024,3.9948518069184096,1.7369102547176056,0.7392935490266048
446o030i_0.60557_442c020c_-0.60557.wav,7.429870258680446,8.078807221018078,3.4864487565609226,3.616610892318801,3.927293058670684,3.4818819177701577,3.861352908404924,1.783198938802136,2.3203165073267376,2.683094533530626,1.0856192614075688,2.675055100018385,3.9542363617394853,1.1259967645008582,0.525927073090114
445c020y_2.0221_052o020u_-2.0221.wav,5.630546052727566,6.420422469929862,3.4008354688753064,2.7855269317897764,2.9520673916897326,2.714235934568228,3.1063968889193845,1.133248918669337,2.4006613333040616,4.382743231346125,1.6755946884657122,2.654715720553183,3.8188782101850465,1.6495693294079563,0.8812491812759679
441c020f_0.89013_447o0303_-0.89013.wav,9.07211843635753,6.439600048615108,3.5788195589699603,4.46443072658592,3.051231162936857,4.327648266046406,3.1127986745704788,0.9403137794454662,4.434816688663523,1.4163542581799546,1.165230948942865,3.8637633472804302,2.1751600789664987,1.7570447005451937,0.86214053332901
441o030u_0.73446_443o0309_-0.73446.wav,7.595889235047234,9.70923551911884,3.224259942833895,3.793369766302051,4.9750669752102405,3.75597587386029,4.829802744210128,1.7441772150932204,4.0478872633019805,5.587061064505428,1.4460478014120848,2.7282981789509386,3.586833167374237,1.3141442769645515,0.440077950281503
420o0309_0.76577_050c010r_-0.76577.wav,9.159522624877592,5.3834588635776,3.5404484850816056,4.7792139043443775,2.648272315912908,4.629276700479704,2.652612234949363,0.9401919313706936,5.379238613146908,3.268636280456053,1.2496408507819512,3.8058136231036412,1.6434526275754866,1.4372666969028982,0.5850790824919884
446o030h_2.163_22hc010o_-2.163.wav,6.520866016325718,9.183942340460971,3.87486505934176,3.121541829242707,4.41064062525312,3.165183529869034,4.57494340053839,0.9510693041313928,1.8741119556269932,4.060103596170246,1.7436010613079111,3.0375125703935604,5.122265521982108,1.0207704117468217,0.8797006960286191
052a050b_0.92476_442o030h_-0.92476.wav,6.73485060055235,7.696464198857378,3.8063493084315247,3.242332106376966,3.95669576959886,3.333323517400287,3.813097151499711,1.319894544464367,4.0901889356627965,3.6680655881152457,1.3834343427368267,4.25402863045971,4.850099035533984,1.542420311264692,0.8789990725295425
421a010k_2.2602_052c010c_-2.2602.wav,8.729271957752275,5.908723472544267,3.1196661525754803,4.566183429676776,2.906310017623344,4.44379861118214,2.993039229553552,1.0550353181737362,4.58846599411523,1.7413105033968281,1.247997656202808,5.6857921451586835,2.3728536230058754,1.4668548435189446,0.4993653004028553
442c020l_0.45466_445o0308_-0.45466.wav,6.515050476427833,9.776488409474371,3.047688962998325,3.485803960771757,4.907779694083639,3.3515788251175835,4.9747394802139615,1.35071074469679,4.133580847263771,4.622863781622019,1.429764062256336,2.169700816504389,4.549001629245131,1.4847242201940043,0.459113368077702
441c020b_2.1737_052o0211_-2.1737.wav,8.467362328181439,8.695023181141979,3.827071556644477,4.211958299574822,4.217473944119413,4.041966841340067,4.215769794119697,1.4726592433850023,5.197659477664292,4.035380866666473,1.5257164480404866,5.107248146346294,2.9772909267253382,1.739901045367252,0.816400857252771
051o0209_1.0109_050a0506_-1.0109.wav,7.905200617318335,9.051465275630395,3.9946969372094263,3.9028582431896175,4.619551624313776,3.991630107231308,4.740462980912581,1.2712615964213565,3.0085233819489177,5.2781863690863435,1.5807762667764147,4.179679252912386,5.365834987658364,1.0758260032095204,0.5080517980831747
446c0214_0.29673_22ho0114_-0.29673.wav,7.100231092557845,8.705743979671748,3.406740412075667,3.58713035848256,4.524856557858652,3.732665421338077,4.5611821064386895,1.2295303478501074,3.3948816947605884,5.510646326903518,0.928295854543479,2.8260091272313272,5.313923722393095,1.6362498384902406,0.2598091289983403
421c0210_0.99749_443c020x_-0.99749.wav,8.912972879552925,7.763504263369757,3.1379807629164063,4.407528170271415,3.861540249702527,4.376905008528419,4.028759333436598,1.1339313059733482,3.0246257326903683,3.4691263094188978,1.195948431583563,3.430946249756625,3.097032048320363,1.2989504840824453,0.8487587441768286
421c020j_1.394_444c020x_-1.394.wav,7.652910693505964,9.150470355796852,3.2583143608300533,3.775072065390464,4.693693753079904,3.9243277504761536,4.678769260807085,1.594985198512981,3.180608267124045,3.6795540676278145,1.3310412973986372,4.50266113447529,6.208563933784338,1.526897752501225,0.3351522081772581
442o030y_0.69644_422o030s_-0.69644.wav,6.603575993783197,8.266798554823957,3.625789988993908,3.365577844462905,4.090502058107267,3.50677353017454,4.141135824868405,0.9955524206283716,2.3245571682921926,4.352803986134985,1.1077109066167916,2.806668309186664,3.51976400875388,1.350313983163472,0.5732002115111745
447c020m_1.4389_22go010h_-1.4389.wav,8.690281922810986,7.491787788491547,3.7783257023147288,4.368571446375106,3.7137364109137376,4.2620050463555375,3.819299673400595,1.1567439842636476,2.887366667315726,3.410392687561708,1.109139331139703,3.896471357584928,4.38742898874543,1.4930205774431524,0.5162474380406099
422c0211_0.73621_446o030i_-0.73621.wav,5.020996201290068,9.06042875648738,3.175349610387284,2.515323626141983,4.555515800997067,2.606709573274167,4.412167942042864,1.3874826809795815,3.316653747500536,5.664750099727099,1.7721810876367896,3.5347391066853433,3.4272727956743703,1.3097403936859486,0.6725944744163079
445c0202_0.23195_050o020c_-0.23195.wav,5.971749779521696,8.592473101612088,3.4804183748392954,2.9242403902713647,4.285128865863186,2.9091494513124365,4.115800003700418,1.2896118112465005,2.8557078973141934,2.292486622497831,1.0034543078639224,3.865843609565641,5.015808917452969,1.3802903918989862,0.2779951730462694
444o030e_2.4241_22ha0110_-2.4241.wav,6.954268938076817,7.5757079769428834,3.4176485374709507,3.417707893123759,3.691866092544241,3.58654951681858,3.6720543256342335,1.5112230985715038,3.7169222411203067,4.831531671063502,1.7402113003795412,3.321102861998036,5.324971456667225,1.117747320818553,0.5499032904410679
442c0214_1.9833_446o0312_-1.9833.wav,8.918499389537889,7.5663787563238785,3.893706854845738,4.521520837499345,3.549283373430606,4.6507694998736255,3.625406847303384,0.9205992869999984,4.6955607620626205,2.5597816547067747,1.48410873442567,5.49072228818202,3.8002911862146664,1.1998450333113184,0.3065905303339936
440c020x_1.1225_422c020z_-1.1225.wav,6.867207073789509,6.524805101664866,3.7514511371081465,3.3187509792416887,3.169146066680554,3.2796770274491283,3.003697505818537,1.2197716916407673,4.4845341195418325,2.2397219170824743,0.9023226259299728,2.6876342360681584,2.776476836001451,0.937388382778162,0.5981775223839922
446c020u_1.3923_051a050s_-1.3923.wav,7.244399603261431,5.64953534778329,3.2008378406741933,3.626469902260904,2.905598393404883,3.6310689722605938,3.0555278720111194,1.2885365088537264,2.8244536613820443,1.8011127816911696,1.4781787810915423,4.355957706391598,2.397332825557211,1.30871704557482,0.2654906182277938
052a050m_0.53926_22ga010j_-0.53926.wav,7.442023184502785,5.74723248286071,3.654628053170761,3.809714347835892,2.975957025990722,3.661894755760859,2.8919965102778527,1.166415310680312,4.2890919579807765,2.107977716108379,1.2635915413595202,4.520857835093805,2.7404838898630435,1.7592934995351928,0.5036074558310931
444o030h_1.2972_442c020y_-1.2972.wav,6.328395058672231,7.948277157872601,3.140168383387558,3.1779449180996022,3.756346379802877,3.292625091408819,3.853033803234097,1.6567579495170277,4.270730799160012,5.070240623230237,1.62348037304659,3.1161542743847144,2.665575879591061,1.0896029145421229,0.3879820260504215
052c010a_0.89427_441o030d_-0.89427.wav,8.884827493470453,9.767806903894366,3.788512435714097,4.301984860609605,4.985126725157904,4.2581324789630655,5.149373395212204,1.569119476976925,5.560284422965628,5.151786529309162,1.0881214782710744,5.565388293176806,4.167037042574471,1.4632309847238407,0.4916193109702362
446o0304_1.7862_053a0504_-1.7862.wav,7.46144990489787,5.568711224190415,3.299171545014413,3.955040516146742,2.8949218892578683,3.874075056350866,3.0211937955555177,1.619528896214906,2.2718228777035456,2.588190521243202,1.1218029407824173,3.5471948245854708,4.023695307227704,1.1090629689720002,0.519520498959917
423o030o_1.3581_440o030e_-1.3581.wav,5.382213404941034,8.97677016368514,3.2216209435858785,2.788131220587708,4.673280153824102,2.6444042910436334,4.602976741930847,1.0922587957777206,2.277476356084954,5.411117360706743,1.4683527466884403,1.480212976119244,4.791042546100257,1.4369426401790704,0.7420731848109394
050a050p_2.3137_22ha010b_-2.3137.wav,7.845421900136646,7.405808428551599,3.4858779783591314,3.9405058343356303,3.5961295938398505,3.979441248323296,3.4306483757587367,0.9843810853326166,3.9843274053690334,4.596491074210813,1.6047356725117408,3.7938278032154864,4.735882963330556,1.7187846579403303,0.7007998127497802
442o0305_0.68876_443o030p_-0.68876.wav,6.868444581092164,6.8890208543124505,3.12380089468184,3.67660685326808,3.2362194060058136,3.576686334028245,3.373754455483544,1.394485929868547,3.1016156338677137,3.810314809991347,1.66244967432222,2.2647666082277063,3.954608657880228,1.6397392535546196,0.279424498669054
423a010z_1.8128_422o030i_-1.8128.wav,6.159228918178158,7.44977928634372,3.890828974511386,2.971653670665203,3.9277362553421087,3.078960325406134,3.8229255600466834,1.1605151436370709,4.018756190202205,2.6081256136108415,1.2084520803213492,1.8576673486016853,4.902065962612837,1.024591280704437,0.5628223984572356
446o0302_1.51_052a0501_-1.51.wav,9.55094243308443,5.923496264457241,3.454870408358268,4.96545857471002,3.1816347161032,4.929695625505111,3.015439013799659,1.564321426316173,4.260804068453705,2.558445011602593,1.4418269881282173,3.8125848451825934,2.115311905598685,1.1480913690975167,0.1643259160663067
447c020e_0.50024_446o030u_-0.50024.wav,8.641320264343543,9.370541963627552,3.0112974697062134,4.112130589146132,4.785972292683003,4.235895823833522,4.669429739584252,1.7224545408562777,4.7968978915178795,5.241338537200465,1.0918410109881065,3.220564170627982,3.2344082568485866,1.223649321527079,0.8201897544556136
052a050c_1.1209_421c0205_-1.1209.wav,6.208253680356727,7.604741151338059,3.707036645521404,3.3129647259996533,3.952640759641645,3.146992215876203,3.98942561907214,1.2976871123650562,1.865077336824862,4.382182464582957,1.049366877238631,4.408289826324788,3.534462844164086,1.697049865469474,0.4158470311783862
442c0204_2.0254_422a0113_-2.0254.wav,8.716728345235392,6.432743988616447,3.891790929917428,4.3946642596833625,3.276484747432932,4.333016844892456,3.1397382803868035,1.396599575471286,3.5265239274517004,2.5309295250549044,1.7455109099973187,4.435763676584446,3.842992251603228,1.1198562218064672,0.5741444923659296
443o030t_0.47778_420a010a_-0.47778.wav,6.29618410696915,5.277276044159954,3.645192387308541,3.1991536047271536,2.6636200687476483,3.3621981499032163,2.711749854622208,1.0269986076840052,3.95275047797645,2.1837736499298863,1.3918080785093505,3.3472815371352773,1.8126337746549264,0.9206442153610824,0.218040708733651
22gc0111_0.61533_423a010t_-0.61533.wav,5.097234123918709,9.663679619042233,3.256617485381724,2.574164049256634,4.790757563388087,2.5875841033772664,4.960227036000116,1.2070160312651408,3.4818240167319576,5.140964710570834,1.6713053438761651,3.251615342064439,5.441072996128385,0.9409938865878912,0.8546088153751121
443o030o_1.1491_442c020i_-1.1491.wav,9.9344879131574,8.594971653244558,3.6130838305079753,5.157345957502666,4.360397236723904,5.134089635449887,4.50858341517715,0.95923033090559,3.733925694543696,4.081455365169325,1.6763286013414818,3.9694127959761327,4.271326281498486,0.9785964433353564,0.3533216101758394
447o030r_0.25387_442c020t_-0.25387.wav,7.448019382860992,6.71819841601407,3.678663683704924,3.7377959059380026,3.378846708570615,3.8864855589704415,3.359063203292408,1.4587798681101525,5.052862668886461,1.8295172989106423,1.74527709775137,4.845304965718921,2.3497639926535165,0.9992044927761816,0.2298007005821006
447o030m_0.94219_443c0203_-0.94219.wav,5.774722595085974,7.984888571081217,3.5872657261433494,2.9827063361125203,4.172023711619686,2.9614267113445,4.003360800552279,1.4799426150287716,1.9953743837043378,4.769675387554222,1.6425887068858904,4.029315912411315,4.721383420605239,1.361314100945753,0.8443615629176611
442c020c_2.2089_440o0310_-2.2089.wav,5.6640428873831725,9.951093069212323,3.883520696797312,2.9151094709905303,4.990942290032124,2.7458790612234747,4.974784678510788,1.5326223864262571,1.6443806871462434,3.823354745741547,1.684684722907819,4.489595973135414,5.239085120018571,1.7597485366429106,0.4595963583687374
053c010s_1.5133_050c0116_-1.5133.wav,9.45710565464083,7.656375159571508,3.797970725202367,4.5795505760781205,4.0217457894435125,4.725137371339268,3.985628133849759,1.4546889658592377,4.586378013701258,5.0697014929448345,1.103880111541513,3.6776368476788024,2.8825314548912826,1.4527365095452809,0.5031245703891671
444o030r_1.5585_446o030f_-1.5585.wav,6.51823681512829,7.322854220477408,3.5664887905347937,3.122217626622561,3.792334184410208,3.2884031838298524,3.828144246902503,1.0305300356780267,2.874807090056009,2.7928355009534847,1.3576007564176495,4.5744524657150905,2.966048125609271,1.5116460884536238,0.6275063545426969
423o030r_1.1867_446o0308_-1.1867.wav,9.620812550643258,5.3918299724437055,3.44170755161426,4.908353318223378,2.758251119191488,5.057038279707642,2.8406694559159265,1.1292216786020728,4.970916216456752,4.032156126590622,1.7795966097779607,4.918831422590576,4.011276133538061,0.9539642554521728,0.9594201395016828
440o0307_1.3043_447c020l_-1.3043.wav,9.587983282564837,7.6748171703846,3.1865465933104904,4.634828701925538,3.90492115240517,4.801726629051378,3.937248879221292,1.3753973362470906,5.959726224871881,2.7456668847834864,1.5156245827617507,5.3635061350566335,3.4435825954871744,1.059578343612996,0.22888185386062
051c0103_2.0728_442c0214_-2.0728.wav,6.258208954862741,6.619773687819759,3.3835027430519187,3.009867605478643,3.2860084018708524,2.977214158481681,3.119173895850016,0.939568570987212,3.7472327737288906,4.3056735339027625,1.3915244248577514,4.059534071545758,3.381374664094802,0.9011553384444784,0.4735585106130727
053o020o_1.6913_445o030b_-1.6913.wav,9.62319531463566,9.182398573312518,3.384684066487911,4.73712691492476,4.688738252260455,4.574096096983741,4.73691451614094,1.262216673296163,5.796166863104768,3.051833771874454,1.2119935865313232,5.205165420277977,5.416895203874342,1.152588428873963,0.4156204743629135
22ga010n_1.4349_421a010k_-1.4349.wav,8.79878001510365,9.694780048402016,3.55697753732154,4.183886673859788,4.986562445167042,4.310800585876852,5.0996679664139055,1.655662090033108,4.0276736848836086,3.472709265601656,1.7054963645455368,6.129142161122906,4.4634608248411025,1.0283853043902884,0.4683777453425719
22hc010d_0.8031_423o030y_-0.8031.wav,9.0934444483458,5.04848182688943,3.598679542911857,4.470617788725356,2.4568347957325067,4.300689061269239,2.4519126432415037,1.3453608946226234,5.8320699510308,2.6851204669378337,1.369474493492496,4.381945088307345,1.5398181941454854,1.2956481416011028,0.8435728031287333
052o0204_1.1732_422o030a_-1.1732.wav,6.704857383521956,8.322461062861759,3.20520722301416,3.429159086997066,4.093607991145984,3.5904333888890685,4.039843694914681,1.2696477128309582,3.1770171070441697,5.019716656061423,1.075136282221087,2.7593230117947645,3.9030759697470923,1.252512306284608,0.5636257593592605
440o0303_2.2122_442c0202_-2.2122.wav,6.040938080374698,8.560683973345085,3.6070990812094967,3.120094760710813,4.359769833258169,3.0071512560427363,4.2610593234160445,1.3637854593634229,2.435339008395682,3.668159640206903,1.026592757458154,4.556813920138133,5.401729619432133,1.377003002609258,0.3369264371613213
446c0210_2.1483_443o0305_-2.1483.wav,7.264996872439603,5.639089012314495,3.3087902466853025,3.4543113451144545,2.7651299085707093,3.47260148579452,2.9140106351739314,1.271825384699156,2.61800238366129,2.3006043165785393,1.071070233187443,2.578706238359615,1.3896733037569793,1.2915193163551022,0.5871862037811533
421a010t_2.4045_442c0202_-2.4045.wav,5.359786124929214,8.082565678738565,3.501231932609321,2.890841563357524,4.032013172172806,2.806915413403784,3.8841740658648254,1.2379570385441248,3.473670981663362,3.1327541583039973,1.3449213380969027,3.9646410165660395,2.856683661951231,1.464899499646327,0.8451944720805444
444c0212_1.2944_420c020u_-1.2944.wav,9.970732648437307,6.715164678357196,3.83166031379655,4.839305243653119,3.2695294792818403,4.895375268969521,3.4300167132321397,1.7187296230977491,4.66887684200815,2.489389859209732,1.6238090230573146,5.759870756512775,4.255757487666491,1.0123741120137422,0.5281178077999724
447o030v_0.1232_050c0109_-0.1232.wav,7.030549096486391,8.027106501795581,3.790990162874033,3.4919933814058237,4.019718659068017,3.608956359099218,4.113631713800011,1.0347062269008884,3.426357688671026,5.3451950762107225,1.5590496331424644,2.3684448160402707,3.7951065428752586,1.4484621470436383,0.6923270527168449
420c020o_1.3696_447o030l_-1.3696.wav,8.665008010518424,8.228804831790843,3.874895896202268,4.484014923057846,4.31614151826468,4.341086326850715,4.224101220643155,1.438576053499971,4.5949972196197875,6.306225908757401,0.912520670005079,6.010390410965567,3.639452390548938,1.0355037807752747,0.5315597681248885
447c0217_1.1813_442c020i_-1.1813.wav,9.954945960334085,8.99092031928825,3.5950165251568897,4.812821740952251,4.440504009344406,4.891826375946644,4.2899773749922,1.4870503037244127,3.8803437485515784,3.127839599483246,1.0180633800098209,6.269950183694188,3.2273614465032368,1.17184482529067,0.7988664543124109
22ho010t_1.3747_442c020q_-1.3747.wav,9.865903899933532,8.990891770318719,3.3255398944379486,4.992855326015046,4.713124162253146,4.988695378824567,4.543175067405975,1.09095556668482,3.654519400374314,5.529465424295536,1.474977159189072,6.522125050771219,4.149077675836503,1.2664745177000425,0.7250200054660686
441c0205_0.9852_443c020a_-0.9852.wav,8.648173183336342,8.506204556599544,3.1004585083146536,4.196090251585788,4.054222467318369,4.166121804450914,4.22156012648786,1.64088416999483,3.701549545479613,2.251432224890663,1.2244708563017062,5.245102263451994,5.022652756871945,1.778270658857844,0.7724624981554152
443o030w_0.5097_22hc010g_-0.5097.wav,5.806198772550462,7.248042169304648,3.37900699698748,2.886852524163499,3.4230878126592583,2.963680062220868,3.574737175981507,0.951768100762514,2.7912343516357567,4.855506826308957,1.644940420404021,2.0492188628648345,2.4076027948143164,1.4571396341636125,0.522641999821584
446o0307_2.3177_440c020y_-2.3177.wav,5.399351699424807,9.745155077847407,3.6732523887178528,2.9396643440611654,5.0316009776799016,2.76987541658785,5.040069750168359,1.7664107047834237,3.5096529578202373,5.231722408880855,1.484969775241006,1.9692399783800256,5.123161083851564,1.0183046361212629,0.8780978729796322
423c020s_0.79231_422a010u_-0.79231.wav,6.946291129113089,5.465554212727089,3.083674403116433,3.59201358869917,2.703002905606513,3.47990457189892,2.802660159994145,1.500403557116223,3.8769914965149375,3.9266413018789934,1.2996647133778354,2.561972203835697,1.1401148582142193,1.2678238746713042,0.2581171869375883
441o030g_2.1973_440c020r_-2.1973.wav,5.45770642000977,9.522094003940447,3.358863886970516,2.6647892217452203,4.561928690190505,2.741656572278859,4.702254776225634,1.081184559358192,1.7625420189899297,4.505058385700432,1.579297942450784,4.067072233848323,4.154445297683721,0.9240545107210651,0.9060055212344368
423o0308_2.4208_443o030p_-2.4208.wav,9.904883033190409,9.94032059779322,3.111780443570109,4.983592814523889,4.927132947528825,4.814924975647863,4.948373477863323,1.095175662662105,3.4333092849600875,6.086333321684843,1.2955139976572303,5.502169437359965,3.878179472467131,1.7624042115203755,0.8347228014606145
053a050n_2.2579_423a010p_-2.2579.wav,6.026084444870987,9.78917967488016,3.5283436249615634,3.1060517796699214,4.6763877711268,3.234225880188413,4.754306959753707,1.1762241246038692,2.647979307499179,5.203102529103753,1.5078431440178983,3.5787640724474525,3.811516459738066,0.9465320604638964,0.3854431851514618
22ho0114_2.3863_22ga0110_-2.3863.wav,9.286299808362443,7.640158757054204,3.1381870451399005,4.5501005206653655,3.866193960197996,4.571760477250653,3.697579470071188,0.9704035488436668,6.490598365291258,3.6890948591521844,1.6388103378744738,5.153806288382133,4.60055942043846,1.6461182330555677,0.1083663325554727
22ho010a_1.0382_444c020b_-1.0382.wav,9.381017456647765,8.598706768464186,3.861402963476287,4.785049534091235,4.357967169799953,4.953495256313285,4.380902702605884,1.7681838343521736,4.776576990290366,5.37199938560581,1.0926987647524873,6.3605363395018255,5.5584212251551595,1.6953049626510817,0.8409188707142059
445o030x_0.92607_051c010q_-0.92607.wav,5.136285886339912,6.644334450111742,3.33869819589079,2.445387872140415,3.3884864889879545,2.52248521564918,3.236974114496986,1.3733410083693898,1.4793866782192244,2.8802616086842288,0.9665441534792528,3.102533941274745,4.357544823544795,1.3031438454698976,0.8906188149513976
440c020y_0.35498_443o030l_-0.35498.wav,6.971756380445433,6.18586912093169,3.32456741701108,3.594156447718527,2.8636422894985887,3.4925944865262606,2.9999697190158376,1.2716982462216215,4.5247619623672355,3.742958665553661,1.1520611624839006,3.9624614565560434,2.3927253684850034,1.491109196560044,0.8117569609918411
444c020q_0.27721_441o030z_-0.27721.wav,9.502911680531632,5.564209986947161,3.751992388395553,4.613449331491893,3.0182144822021257,4.5612229810628,2.877600086350003,1.600357810076316,5.721555573872262,1.505393611312033,1.443948125645073,5.988498095324431,1.7772873172383146,1.5174194547545865,0.3230529781062342
445o0303_2.3068_444o030c_-2.3068.wav,5.946657380823808,8.668457023727292,3.009209670087471,3.006139358184482,4.400331854374845,2.975224576325468,4.233166438505983,1.271811443263945,3.7023467223638433,4.438673164972594,1.586873456150539,1.470834911416584,5.576363589147463,1.0305339616105176,0.8070553038233665
420o0301_0.64377_447c020o_-0.64377.wav,8.367623202004035,7.213849305565994,3.925518077567208,4.277798315577754,3.77249832968425,4.139538629133885,3.714323944389317,0.9138823179452104,3.716311152785664,5.500739014140663,1.1996988876598618,4.254875231353696,4.696215356699475,1.0618117023235678,0.4163003925605048
446c020l_0.2558_441c020x_-0.2558.wav,6.433034649606874,5.708953662260917,3.4310806077458627,3.1601661109435857,2.8653639243204285,3.258925664496688,2.752463301726964,1.7752420465888004,3.503917390805647,1.4278335546451877,1.153894417525366,2.6056921856206405,1.4327071815086685,1.7332991793097867,0.477295743282023
446o0315_0.52691_447c020j_-0.52691.wav,7.618394524126887,8.354099968567029,3.652627718011324,3.8545127136600543,4.226437196901023,3.8925643401088337,4.081343869264628,1.5253644898089924,4.484924989655873,2.400369540147742,1.7301376550757073,3.108817962256147,4.020864949275132,1.2601274014164303,0.3749707200362134
440o030g_1.7353_446c020h_-1.7353.wav,5.899658416651657,5.8332025772147365,3.4063736568170944,2.9524691767411047,3.026013868108774,2.823652329968928,2.949161932624537,1.6009670004509684,3.310563803031366,2.395887862241485,0.9399053619783516,3.1027628807194327,1.1426641155554305,1.79662581794184,0.2824896529933647
050a0508_0.25679_052a050a_-0.25679.wav,6.784500254749922,9.987152281599595,3.948634013241068,3.1737815817275665,4.867742388252457,3.3032418652660738,4.757560561320202,1.1681213833781687,3.7863161245755546,5.511554208000853,1.4792457804092043,2.9796357001920186,6.088655034576825,1.7993360373642364,0.7851241419033541
421o030k_1.9058_22hc010x_-1.9058.wav,8.73197300720019,7.192960846409419,3.866891857266456,4.324768111649412,3.426017981877932,4.474475783134942,3.416657795000492,1.394717952800966,5.486751724995838,2.0700995422022688,1.1560377700370033,4.436444688597628,2.6216461403628544,1.2232148853733085,0.2152190237007347
22go0116_1.3939_445c020l_-1.3939.wav,6.625474532898813,8.0706038981439,3.941285977189013,3.1267936731022057,3.847672486016788,3.275559046379905,3.8284666610267832,1.3353152276861429,2.5730412905464126,3.484580585672865,1.046913108722712,5.059156199544787,3.5655990938573248,0.937051686903662,0.7033326222831007
22hc010j_0.51971_442c0207_-0.51971.wav,8.02862862542872,8.555213524398535,3.648963593019357,4.181955873462226,4.399145078959561,4.036624342006095,4.436276547616426,1.1159443896015762,6.014026184621981,4.401978679962548,1.3333296935443086,3.457537801525671,3.0272955237550416,1.1752700427482137,0.8798051540353686
422o030g_0.55232_444o030u_-0.55232.wav,6.759746908891628,7.800778332201026,3.2189369099745644,3.534146719944805,3.82731664713108,3.5965117307598806,3.669169230376852,1.1606638005333203,4.471691671751624,3.3694764738268876,1.773152972552596,3.3808234429472224,2.8030445306878606,1.100119679319428,0.894966924582157
447o0312_1.901_420c020i_-1.901.wav,7.826073917343181,8.893931449013595,3.7279181401045225,4.077044273180041,4.596060289090352,3.9277054860033225,4.677287911513926,1.0952985462052516,5.0076405667041275,3.5124654271119518,1.091272122900536,3.449913283480191,5.463609036155479,1.7174702509957078,0.7263220185432238
443c020u_0.67519_421o030t_-0.67519.wav,8.065559822942431,9.698012477044012,3.679112785780496,3.854440597011843,4.953317659169587,3.87859778623046,5.101359647163047,0.9341734533552476,2.7518985482310216,4.551830699813697,1.759994971634186,2.6666288921450927,5.9291332060859885,1.3623187286813927,0.4114381985817192
445c0207_2.0183_446o030w_-2.0183.wav,7.143663465081902,6.215947654352579,3.345097334694936,3.478706758381671,2.972322472071574,3.6026212494621674,3.0568517504327515,1.656174375184692,3.3214132083176278,4.020436236135507,1.5261515489272846,3.293989796582049,4.824552119531347,1.524514768991618,0.5054090597137524
420o0310_0.42361_446o0308_-0.42361.wav,6.56438872919594,8.795753968684808,3.861589080079824,3.351242776639115,4.564870948547605,3.185678617290737,4.526289746657759,1.521643603972462,2.0519435235858463,5.175032839903563,1.1147388240745495,2.6296037334058178,4.047414881527628,1.2864662449066948,0.7212665535990139
444c0208_2.3006_422a010d_-2.3006.wav,6.743313832708889,5.600835837603744,3.675381092512534,3.2573040155324327,2.7066430988353685,3.0994651930038204,2.7697850508386224,1.156739779193818,3.8322613604011546,3.4480480851434043,1.6186725487989304,2.1647099671236587,3.959405562417712,1.0018366932317038,0.562716441262208
443c0210_1.7293_447c020z_-1.7293.wav,7.686023710486968,8.096737661325712,3.6099813913704697,3.852676378717348,4.192414965385601,3.873823273862166,4.023735361325911,0.9635284723096428,2.0095365760991553,3.4417461374426277,1.4802309338498971,4.172301332421787,5.8775237888573075,1.546528934404182,0.9404619886011034
442o0301_0.22461_22gc0112_-0.22461.wav,8.06935169730907,8.758629344276274,3.929592422916057,3.802030326180454,4.321345401364096,3.935397162896213,4.215925826026154,1.490586578236366,5.512810547800679,4.2651200334396435,1.1996393150568665,2.722132665608559,2.8375532235288037,1.5127415434194802,0.2509879805908679
420o030x_1.6229_052c010k_-1.6229.wav,7.639738745688973,8.461511668326075,3.771310717730049,4.088711519595591,4.402256135204352,3.936480907571972,4.326586849738488,1.1561056938394154,2.218803903461252,3.940251626459436,1.0829776097941175,3.212670248934793,4.266613306677055,1.5724742739789184,0.7118210034476598
22hc010f_1.1651_420o030e_-1.1651.wav,7.460472464221679,7.866108431837599,3.944090343451757,3.6266780174650615,3.814038663813152,3.757982372892072,3.7415185545613214,1.3778304191120616,2.424143209976867,4.083894993640933,1.1007284630919931,4.457742095663132,3.5259790412880387,1.7955879277355566,0.6729419625628468
446c020g_1.0439_421c020s_-1.0439.wav,5.784693506561048,7.157999798514734,3.655414150267224,2.692250045285336,3.5784164009467463,2.730927507642876,3.743958099335947,1.1922485931444586,3.315615438245322,2.1849686896621354,0.9035015535490052,4.335992223433716,4.306909174789273,1.420251173201035,0.9165880024134452
053o0206_0.66993_423a0105_-0.66993.wav,5.690549193851568,6.259173489321533,3.988742001493495,2.8249330782924806,3.142236697692427,2.9684886690217382,3.098741958121141,1.5446193131150738,3.1226075473015724,2.3677781707023082,1.327792135183952,2.5458884246092457,1.5771716469091994,1.3710877153230467,0.4736612991435527
444o030x_0.90065_423o030r_-0.90065.wav,8.904356498801764,9.457587855506212,3.2779907206651195,4.537821637006698,4.737195951251096,4.695725860367038,4.800174171652819,1.5096625309036993,3.9026956935655606,4.782003800028423,1.7431511814759573,3.315851959044335,5.087044800926258,1.4758775189276057,0.59182539616148
443c020d_1.6478_22gc0107_-1.6478.wav,8.827789691428553,5.339419240556796,3.8632589353028486,4.28642729417122,2.580900596603743,4.428569120113207,2.5329871191899924,1.0350529267479454,3.7505007637421675,2.3788547549159706,1.0929946373303314,3.662893065907306,1.35625908289335,1.7187795231129883,0.212873284309381
443o030o_1.2866_052c010c_-1.2866.wav,8.628811977823439,7.168635881216303,3.982400545349825,4.402988611361419,3.3155266285871927,4.355874845217773,3.457935522409741,1.2402934173325884,5.07821201896865,3.778780087856215,1.5182233300171593,2.6480907066484534,3.184986811976249,1.0718651454085888,0.2554546864582014
050c010p_0.55307_052c0102_-0.55307.wav,8.130835529681697,6.263611820909595,3.52036420434292,3.930695307018002,3.185938922993777,3.8409412358733297,3.306122976482404,0.9209333642838846,4.775756139917166,4.361402796764932,1.3594285475565449,4.28014420214639,1.431788442456368,1.439797096588581,0.4288207180925707
443o030j_0.82778_440o030r_-0.82778.wav,6.076499998254945,9.642275809088448,3.458391463502193,3.236560458755367,4.758048085242107,3.1169695778649125,4.637225814083825,1.5208994454596287,2.3908198220466392,4.265903376221774,1.147763026702015,3.560874464379814,3.8809368273355616,1.5671761914118498,0.7054983574525727
421o030z_1.8806_440o030x_-1.8806.wav,9.124211266740003,5.908902130373771,3.5033824331053447,4.667882739116531,2.8355633705483805,4.735902422846334,2.9913623520126307,0.9689739133822702,5.269992061115295,1.7834950098812525,1.7640984909477608,3.097616543261038,3.4772419682487077,1.5449141648383995,0.2071426269515866
441o030r_0.7666_444o030k_-0.7666.wav,5.404967488701998,7.907709362618538,3.309261019157553,2.9024765509696686,3.980159277296079,2.836963349357777,4.11509637528829,1.1023109106019786,3.647211307851626,4.506294349506368,1.4887773844764145,2.2003507269567355,3.9779713184097996,1.4310089392289642,0.312126010284237
051a050o_2.4304_053o020p_-2.4304.wav,9.689596213472813,5.128187683780886,3.405523413399824,5.012088024796658,2.6536159833621493,5.0087131710521975,2.803578013097024,1.1178263438708231,5.745765469163371,4.446367282936129,1.6732173907559136,4.212871523700556,2.6121309902056398,1.4167990794215246,0.4664986157989469
421o030m_1.5552_422c020c_-1.5552.wav,7.150841771034929,7.9152877179200996,3.6524549850346286,3.629466779122036,4.064614817097397,3.5583219115571376,4.207927090888489,0.9748872641023546,2.183267902405669,4.359575158358834,1.397856826692243,5.09184191775366,4.164615917561391,1.7892688316963787,0.8603189531602314
440o030y_1.2178_447o0303_-1.2178.wav,9.703110692406398,6.585466028044048,3.853380863436516,5.028859028732925,3.4170586528440143,5.03752029702149,3.24727943611937,1.300117713084495,5.982765338119217,3.7368156877882424,1.7404347474537292,5.84857834439028,3.9096855278857863,1.5958436825835949,0.8088392805310215
053c010o_2.4622_445o030s_-2.4622.wav,5.586355446621697,8.327660186231038,3.091787867520198,2.6273157223250894,4.160366314702711,2.7446175114520783,4.253855834262967,1.265437581847232,0.9639516731071307,3.282376230400404,1.155970921236745,2.4113608027626703,5.428401436447487,1.3975263247463845,0.4409313358582163
421o0301_2.4131_053o020x_-2.4131.wav,8.400284184172744,8.913821014054982,3.537916188679051,3.963166556276645,4.443793589096205,4.133152710293755,4.44162392495828,1.239615943136836,4.859403647039048,4.2660362368114555,1.0194489378451377,4.5238726038055965,3.8537439495870442,1.7350916526715532,0.608521844600366
440c020n_2.2714_420c0208_-2.2714.wav,5.33215474653645,9.776491452091983,3.621088099642322,2.640653711626082,5.113133203284471,2.6091877082150274,4.966470697410149,1.4922658882486324,4.404822971622925,4.697930570112607,1.4585733156005811,1.08788320981275,4.083862222772311,1.7012615419377817,0.578678702161251
421a010z_1.0551_445o030f_-1.0551.wav,9.569421548940417,5.527476052325945,3.67866207220966,4.836944756068849,2.9186134292730848,4.769802041205917,2.7844797055462203,1.5263044896339406,4.962649817421986,4.253210562608221,1.1704031823047063,5.439260544707894,4.542937236081052,0.9807819006952369,0.513428873488511
052o020x_1.407_22go010o_-1.407.wav,8.38920286363893,5.204358324706116,3.977019811282973,4.030471939530225,2.686755894203131,4.125609345741951,2.827641925942637,1.7598249129556476,4.4597222777674945,0.7189904430784753,1.5524851128992627,2.887840080448121,2.27178291133339,1.4369226164628963,0.7428866517444579
053a050b_0.016911_443o030x_-0.016911.wav,9.348074252238304,5.182180893527336,3.890671423916277,4.767125644603607,2.4428604400395666,4.782143583071583,2.5921067516327585,0.9370417900337326,4.546301577456069,1.9242061322364887,1.2063437863367037,3.961240056063361,2.3287043595654064,1.4438600875584964,0.4817367587300796
443o030s_0.14688_423a010a_-0.14688.wav,8.48876043800713,9.23699768674546,3.3866791092520767,4.179481653791072,4.650918055135182,4.199347341608307,4.482082767213645,1.7126023946122126,3.4709664871435337,5.040475649544081,0.9818388845007456,5.418454433567271,5.711490465720234,1.0830985537152409,0.118760804194403
053c010j_1.6904_442o030v_-1.6904.wav,7.437604692633588,5.063154520335195,3.461154435988982,3.814102293163078,2.614899016220148,3.668359484834947,2.650381882798675,1.3524378671036712,3.8473773666925966,1.8663317422726713,1.1139816199395054,2.0941287604924548,2.689069162039042,1.2144558670505765,0.5301917421500153
445c020g_0.93124_422c020z_-0.93124.wav,9.53117370424091,6.510718854519963,3.542231230691543,5.013881578647284,3.1895739359681747,4.859461940700749,3.2606694732153243,1.2002105229091191,5.146107119643172,4.08542426662031,1.4364900778422238,6.124342050269826,2.703425543703229,1.7033585991044649,0.6981941820553752
22hc010x_1.516_420o030x_-1.516.wav,7.903922449596485,9.856135331771217,3.514906842107662,3.9270183462588526,4.895822183746817,3.916065619343619,5.045421775233961,1.6496720158689089,5.569695563503434,5.382638365304909,1.3453588142137285,3.117961742012904,3.711107814984747,1.216889594336058,0.414856064391128
050a0506_1.7744_447c0213_-1.7744.wav,7.599951550447393,5.383049071915518,3.979295653925112,3.7481059261401217,2.8840626175178348,3.6707259690360248,2.732694383602762,0.9468282545154496,3.992257678445651,2.0893100316695716,1.3574449728352431,2.751874699133551,2.418312089795629,1.147672069639782,0.4232246805188924
444c0211_1.8314_053c010l_-1.8314.wav,5.218681775833778,6.73863993869171,3.7906759367607386,2.499604468845032,3.253106825832557,2.660232672570362,3.197441934132546,1.149781526938766,3.1714294124036546,3.8016387956649527,1.665043749655795,3.0973998988043436,4.027442861727279,1.5602743106147456,0.9223581717322792
443o0313_1.2703_052a0510_-1.2703.wav,7.469499448496457,5.174276695316872,3.082918694418634,3.818663070457065,2.5409401708153365,3.653499471903547,2.5812016376645777,1.1436545647026397,4.280986941719213,2.074891243922411,1.7229103707111002,2.002183838017775,1.7118961492176428,1.5257212714458177,0.7462174879666417
446o0301_0.83552_441o0305_-0.83552.wav,7.399950018076847,5.61937996506835,3.781003289051572,3.7283744722614487,2.837188012004023,3.687218247715885,2.6722450970875125,1.3104546063849505,3.0671115828892757,4.390553056669006,1.58962350992434,4.208152865410807,3.337147899436678,1.234204804274504,0.9100579356585916
445o0307_1.6532_052o020t_-1.6532.wav,8.755494087679821,6.207931087727723,3.124590281347571,4.501878843145115,3.3140223047640363,4.357728575365615,3.2725409800612426,1.61212733238591,3.6153943836041753,2.525786161683995,1.7119794388230978,5.030034845857478,4.6271506737227375,1.334417819937331,0.4971791743992505
444o030i_0.17834_443o030j_-0.17834.wav,8.484341482170397,7.443540675432985,3.470660983192283,4.424724690556313,3.787746432511749,4.26501429313912,3.797368748077269,1.4237363144518498,5.153595284119201,3.029913392254845,1.2020103714277717,5.1583940602926655,3.537594877406572,1.5380868458964845,0.8170481684970401
441c020o_0.20978_421a010r_-0.20978.wav,5.315822516244918,7.067279877229116,3.5723831729004254,2.391472755086516,3.61417619371036,2.528420041025533,3.71490077300428,1.1285163830091036,4.365633164113463,3.9058967943801726,1.2468992821396163,2.9794441687961117,4.30235667531631,1.2276551888653588,0.4701943472140952
440c0212_1.5085_446o030a_-1.5085.wav,9.414195623528611,9.415898402245697,3.818699225123236,4.822661174705408,4.864023838977492,4.687075565573207,4.76147364348158,1.5584359559164218,4.93913103072377,2.8220015757981582,1.383025816305646,4.144752972301613,3.8582236287705154,1.433396627520662,0.4643381861591823
422a010c_1.066_22ho0103_-1.066.wav,6.281189596229799,9.253658927922483,3.5845204505426995,2.972834062353216,4.708899578903226,2.9184371207654336,4.869961594120642,1.6142643784533748,1.5022741294509925,5.4243838502240385,1.2745784918942238,2.593290517389832,3.3929020651051665,1.0255629704896796,0.7769701312267567
442o030e_2.3352_052c010n_-2.3352.wav,6.706280338433825,6.193968529609231,3.061621921829671,3.1334664930818765,3.2240175458398794,3.2821711327983354,3.141634719190157,1.1965210152540076,1.594211958755472,3.683900435298571,1.7020473996285703,2.8612329334179543,2.473529271527941,1.4751908852364757,0.5125372008914173
443c020v_2.3192_440o030k_-2.3192.wav,7.218874236449802,6.177413353260781,3.501542806330024,3.570372744579389,3.0475870509679224,3.576245965263284,2.877688536322272,1.7663578525997634,5.160146719627026,4.058511868901064,1.589354207040909,2.75499019782997,4.465177679060372,1.687175740379508,0.9059974711838824
447c020s_0.57637_22gc010t_-0.57637.wav,7.029303415906693,8.073143552005838,3.758238312959896,3.3656346219518323,4.1632583238714345,3.3689607534545774,4.01329520557488,1.7884849938631209,2.5089334349977372,4.144343391311483,1.1643759752382956,4.308812880832871,4.9632988943347405,1.6841086955109656,0.2694338231540487
051c010f_1.692_050o0203_-1.692.wav,8.218790791022334,6.231106806993879,3.8885811578998353,4.234160535975592,3.099953904265032,4.307889194095097,3.2305834758477987,1.2702029045826393,5.117748354700006,3.2103081303597536,1.4937872382177484,4.447395024434542,4.118857066746704,1.0471136320940309,0.3888033018563174
423a0109_1.2058_447o030y_-1.2058.wav,9.007141897568808,7.360834176063155,3.387890735940005,4.400504774049889,3.611154411470448,4.4900355495705,3.4785488300091925,1.6155617274085134,5.558497324201297,4.043706758441058,1.3195031886767186,5.952637221589919,2.368822932168418,1.5367074610740152,0.7045823252709619
441c0201_1.3679_444c0212_-1.3679.wav,7.317104720913232,8.838717506513833,3.9881439827575846,3.741159463537437,4.237020013966981,3.8922112406964366,4.315015915251007,1.7868056112148372,3.3023635502029323,6.060723282508306,1.5068750577251784,3.2066014184330047,3.1297284766240603,1.2106131986262318,0.2443658039913487
050a0507_0.75154_423a010l_-0.75154.wav,6.576454415406765,6.568040256712947,3.4141424384558263,3.1375764691592245,3.4361678554680117,3.0589620184654924,3.308419007558832,0.991070966485098,2.234234970203392,1.5594161293392732,0.9679565082372196,2.7930723233484698,2.533775654713342,1.5950335960449429,0.5349527642392364
446o0315_2.0726_22gc010o_-2.0726.wav,6.7515446844539975,8.957988946669879,3.652445080440734,3.421857763423217,4.3538628579760745,3.28402870982185,4.413050288933598,1.6607466001842297,4.622697840585448,5.505074524715308,1.1527399459499672,3.4091261614013053,5.313726031267943,1.6241444338862163,0.5694996016014435
050a050x_0.63237_22ga010f_-0.63237.wav,8.785219024897984,6.289714927430119,3.405849247038743,4.3163708880717495,3.2053596343469466,4.440032155712113,3.3220124992306626,1.3297061169611657,4.708306216671228,2.5329168754926155,1.3439686909345925,4.066020927582333,4.847797683456709,1.762303389085596,0.5767513150039065
420c0201_0.028158_423o030c_-0.028158.wav,6.01690991043043,5.908179085411946,3.87101713416133,3.046976308526732,2.973621985095788,3.207525464917863,3.029514456700614,1.0678715423058,3.8174630901116493,4.2932665803479315,1.0762249819073753,2.791476267166422,4.842642251686372,1.2060683824259253,0.9401076082613268
440o0307_0.89645_445c0203_-0.89645.wav,9.829257766905098,8.527626731196527,3.988187989945307,5.165670371136878,4.27269054774644,5.006932566851804,4.211843941507854,1.2061179085638951,4.1630604362973225,3.3484844552012705,1.6836757000402622,5.957502824986316,4.909723793160323,1.7695616159674157,0.5502562145100419
053a050c_0.76629_440c0205_-0.76629.wav,7.546230155120366,6.126224480904863,3.4916273428937576,3.681957414629062,2.8674566285711967,3.552495406951637,2.943216700958506,1.2326449541608662,2.9433805998304283,2.6808716608322785,1.566290054004445,3.013745780447172,2.41604852464219,1.2944194121343549,0.3202390625612449
443o0314_2.4474_445o0306_-2.4474.wav,6.795210414473913,6.999683130155612,3.745243855684025,3.422006958420891,3.56751023943273,3.320846299280231,3.678264566852597,0.978104793976008,3.4994185699510063,4.447969783745632,1.6662161302185008,4.934973992891536,3.3412355323697414,1.3828559277457568,0.5738326075994007
442c020o_0.58767_441o030t_-0.58767.wav,8.11540127840444,9.664065576626818,3.3335731132762403,4.16442966849531,4.716088354147972,4.310943423180247,4.683936842704155,1.775944823520094,4.8158350310920515,5.9310095839179615,1.4699533601298236,5.054400748577658,4.291604719172391,1.5847385396249662,0.4550951589101189
051c010g_1.0325_053a050d_-1.0325.wav,5.67776038000304,7.542213752468556,3.2895036525692967,2.801537043929489,3.8569890102614304,2.652355731406234,3.841338579154313,1.0179970231476505,4.039222561871393,3.179937711876875,1.3943783819946522,1.3606911051274226,2.633922996676986,1.7252741803748963,0.2837629198237977
22hc0108_0.72005_053c010d_-0.72005.wav,6.975050370013504,7.659052735552143,3.207463264725377,3.387351191085735,3.7139469146149686,3.4813687398587247,3.572311112210638,1.3162507114937776,4.7497866754192755,3.9865767084757664,1.4673179282600786,4.202963733001744,3.164446171792148,1.1736271298224363,0.6416282045396672
421a010f_1.5724_423a0103_-1.5724.wav,8.746052643895627,9.964892054625691,3.052213068964792,4.558095586860549,5.083265404061748,4.465700944258781,4.965099292090119,1.48687297515841,4.998157313215751,3.7546400650933305,1.6840379931825589,5.767413162856706,4.438539560867525,1.5319179572168942,0.5416076738896335
420o0304_1.6486_444o030q_-1.6486.wav,7.230453670652485,7.289544837940381,3.6680892196744974,3.5152567470202154,3.535537442615992,3.6389980285377135,3.418969457095063,1.1066844840403172,5.06440500462081,4.2057559680416094,1.752946267686159,3.605783133816059,2.4170332933691006,1.7455964486412314,0.4403857333745212
22hc0110_2.1334_422c0204_-2.1334.wav,7.07716052612145,9.1931689395129,3.79409484358286,3.4659859645649447,4.502897585597781,3.634336292022185,4.47927202221741,1.7482347721223164,3.408290533616664,5.250478164123893,1.2923550328482727,4.250971078807332,6.108373797535126,1.1412848430484692,0.4502437516574764
421c020v_0.41731_052c0111_-0.41731.wav,6.089108620126131,7.3484584075306945,3.82431489880982,2.784867531421858,3.7738405765639857,2.944569069198174,3.7640723202262425,1.2017913324869378,2.031024155249977,3.000135576569991,1.1407290303009991,1.853581739500398,3.4889400256875325,1.0545238452864445,0.4777713833236146
421a0112_0.11501_051o0203_-0.11501.wav,8.003296003537926,9.441199692505808,3.840393339540941,4.010624619869819,4.797082150695477,4.177783291070254,4.828033380759964,1.587530514307603,2.8298534326118903,5.883233416808975,1.5155659016157568,4.727591570486147,4.757006505040935,1.3996790019110692,0.4716438763654667
443o030d_2.323_442c0209_-2.323.wav,5.856979794298544,6.34994418493505,3.0699809002869047,2.8039614421082004,3.106701084415135,2.854558109703644,3.247910068648562,1.6088588289190795,2.8692712064433765,1.663799489911021,1.254724772512006,1.4290822523093563,3.858246717123634,1.0657497659258963,0.4828172828033883
053c010l_1.9813_440o030a_-1.9813.wav,8.387722568180687,9.444494147118927,3.257533396802735,4.1039983875867465,4.804273613130444,3.9964956325057313,4.699664064570138,1.3622835637602193,4.880417924746089,6.400282522102295,1.7468668373216567,3.2645067874429556,4.640969569026304,1.1911314595410225,0.2654164820629426
442c0202_2.1834_050o020k_-2.1834.wav,8.704006181061981,8.341803262440608,3.3043884964643357,4.317168609263194,4.208100297158084,4.431562744091843,4.11107462057294,1.7047400471868444,5.137863480685293,5.275011636700817,1.446374857695488,3.7996527529516824,3.8231198157691795,1.659759641339104,0.2988051717288663
440c020a_0.94803_422a010q_-0.94803.wav,6.994328159790815,6.061551719407499,3.479282840820782,3.5005462447529143,3.237738025402113,3.6537288782174175,3.1640150248874885,1.519974797133941,4.63962560690927,3.0518278630265856,1.4768918690178257,2.681661172574807,4.221463851966355,0.925671998819804,0.144840620319558
421a0104_0.61686_420a0110_-0.61686.wav,7.588881798525535,8.315206566066655,3.3384903046895245,3.678658496706478,3.975218313141095,3.779274371488343,4.086467788384262,1.7216711290919062,3.958233003169299,4.896394195338213,0.9842852770884746,4.6905485635641275,4.449474078127547,1.5406596472597869,0.3233984802909194
052c010u_0.76634_446o030v_-0.76634.wav,9.3615416367277,6.459101835436001,3.834379373567314,4.6681003368263205,3.3220975818556697,4.803191955424509,3.236363956104033,1.1117784513878357,4.264286196311225,1.9192007634627086,1.3108412018875222,4.880377667569284,2.4430671503948997,1.72521777602705,0.7427183313548678
420c0212_1.1462_440c020t_-1.1462.wav,5.584497160887516,8.920031744625451,3.9450548277235047,2.55951838376454,4.365217831853012,2.6610213010913157,4.228846435386767,1.6831443563897035,3.8557773271005904,5.578228518463481,1.0634801852102211,3.475455460996924,4.579242615369899,1.4893103821392346,0.719207379297959
053a050e_1.4961_050c0116_-1.4961.wav,9.194164219976017,6.117320624548638,3.750665120042047,4.526632683129751,3.1465131577884318,4.41611539015608,3.275687179765653,1.7500398324799884,5.205400751367154,1.7263496844464379,1.3592361321439588,5.617221067068522,2.4627802932007503,1.3333775075474588,0.5565467428997914
422a010c_0.35299_050a0503_-0.35299.wav,8.50067997758635,5.288163706367699,3.990271895445467,4.151833511867916,2.518400754605952,4.321429502167676,2.5301139981466605,1.5015825306342565,5.770808977450049,3.7755337898505807,1.6436068944569384,3.0970167858846285,2.1146379223009943,1.2064654286312475,0.5619402743093966
22ha010x_1.2749_052c010v_-1.2749.wav,7.9376125649504,7.307518466161316,3.6813565220112663,3.923834601994582,3.7872339402785946,3.9089323994967375,3.6379760280571207,1.3532911774985206,4.528868220852507,4.210149868858853,1.7085034376620984,4.242396569696581,2.7134667072941845,1.26492778157005,0.3296515111296677
440o0309_1.1742_420a0107_-1.1742.wav,8.116186962560619,5.328578699415043,3.970704194078587,4.1891982360104345,2.5122039870154675,4.092882894909585,2.6271968349175308,0.9357456204706458,4.947468116447513,2.766222094786452,1.3851596638326715,5.269971247483206,3.6375400001687375,1.774751466708135,0.5466537830217699
22go010z_0.19373_446c020f_-0.19373.wav,6.784311503510976,5.775675223470073,3.6536560733084023,3.20968035289683,2.8923369628537383,3.276291988525501,3.0378116685550154,0.9857921995519012,1.7030795042184868,2.565620233564935,1.699456343423388,4.347893993664226,1.521652687925413,1.5308556415478338,0.4817403769352923
443o030k_1.8305_442c020j_-1.8305.wav,9.765204966518294,8.236520987367175,3.099595389492173,4.829443062151483,4.116064092334467,4.973602201180962,4.157514576460461,1.2244286532129682,4.649785914922358,5.98182172772449,1.7724871224492071,5.5430943928935585,3.5542631778949523,1.057862475159941,0.4529127683657653
440o0302_1.8748_422o030f_-1.8748.wav,6.033865529885562,7.831921045490077,3.404768617934624,2.9573136972636247,3.871604476630738,2.874649065081196,4.020152645876084,1.4593859796486344,3.862627694880561,4.014905257791146,1.1534511711739446,1.5313860938481636,4.930163086623286,1.5978943554634513,0.506223156223591
053c010f_0.86185_22ga010l_-0.86185.wav,5.498490349163084,6.2274280548433385,3.347868785794805,2.609110064430556,3.2773247785124746,2.530826086868466,3.126422098426737,1.7694443588004969,4.144690413441158,2.2951075626711113,1.5355757484210688,3.5338600543383762,3.8039700898961653,1.6373352003424455,0.5581729900029699
050o020k_2.0055_444c0205_-2.0055.wav,8.394415868483778,5.61220553590918,3.334219325707004,4.197056268753387,2.690034043164583,4.027056423730318,2.6902635908338377,1.4688431554128365,4.581108436980178,2.0709560155381586,1.7182969743930818,4.854732184121508,1.377136162569506,1.453594215399764,0.1547808913333201
443c0213_1.9323_050a050h_-1.9323.wav,7.626225488329695,5.764687049173279,3.021127489525968,3.8501995719834823,2.968835006004099,3.70096038495084,2.953746432385767,1.500836620201598,5.63951497981001,3.6945526993413234,0.971953354337773,4.189442145490336,1.4054583595179384,1.1737734884557938,0.533958172499247
053o020h_1.1815_442o030p_-1.1815.wav,8.305021344571129,9.618718577512247,3.017487121680972,4.020586533973813,4.989433539813132,4.051893716571091,4.8325263687921085,1.3434324030683866,3.105728875539236,4.65263194696039,1.2800899337160363,4.072108155123229,3.9063381331271434,1.1228859348600224,0.8947477199105514
447o0303_0.91066_052c010t_-0.91066.wav,6.669578938404435,7.652011603513991,3.0171775581959523,3.116512140026916,3.802557459990664,3.26626773563657,3.7939981619120937,1.3918308700382005,1.6131879771012025,4.630279009473214,0.9143506171245546,2.0188523766713202,2.276333932158149,1.565904602927152,0.3333792418814187
22ga0112_1.3421_445o0308_-1.3421.wav,6.86886215712402,8.29905623629232,3.5872563388553127,3.28726400609419,4.048436660937485,3.4171847450436226,4.123407332475315,1.278133244755571,4.816709022659336,4.463465569025771,0.9719042570873068,4.115327068406067,2.920663938323186,1.003738641015494,0.5222392416288616
444c0202_0.52554_422c020i_-0.52554.wav,5.608971348967606,8.272875623890565,3.1274134213071414,2.922279453632392,4.207528010831575,3.0674853081838576,4.24514794974671,1.0823182778029157,2.650156112836844,3.514300040042131,1.2974007715538347,4.150743905957607,4.0667982046533435,1.4879486912811255,0.7733228937072125
423a010k_1.3304_422o030l_-1.3304.wav,6.500049608643051,6.334455394238392,3.873674505131067,3.0886586707463723,3.006704374752753,3.229657382044263,2.955524657946833,1.2178494100770432,3.6714942034201927,1.7214921119390505,1.3924794283789033,2.1709364395935995,4.491740727967571,1.1548789498491043,0.4683149369116893
420o0304_0.3309_444o030p_-0.3309.wav,9.1439735399813,5.270825757900849,3.957779333951594,4.438083418740786,2.892662791343972,4.480349226385765,2.74874058491245,0.9294030066725456,3.636619610064818,1.287166014350799,1.2285108854393034,3.730697099049191,2.330793267344456,1.7952689511535405,0.5318483298119572
422o030d_1.0797_423c020c_-1.0797.wav,5.509989291872736,9.6961944107405,3.805700129903509,2.517635111868416,4.686546630723662,2.6737857677519883,4.619338203669237,1.2633034882066334,4.0447581358939,5.839425160974623,1.330937992098511,3.2369927713987554,2.846261544104725,0.9481880631923872,0.8241435646222259
420o030e_0.3113_421a0106_-0.3113.wav,7.399693393019466,9.984543599490037,3.3959472661866847,3.768584517639372,5.029322311898466,3.6454098564426114,5.146488872140982,1.2385407827521593,5.429645199320264,4.6232686368046,1.396951455146338,4.4069795563407785,6.90565614673665,1.284709213009368,0.8794874515102815
22gc0111_0.88866_447o0307_-0.88866.wav,7.449365139293084,9.140640983565422,3.2477825819446897,3.9388989747098178,4.459757285712767,3.82736634572455,4.560059193329893,0.9286198086567452,2.533983360448819,5.285244766020082,1.0820979419579688,4.538393927688696,4.157440519276627,1.2188525226894105,0.5049157323344413
445o0307_1.9812_423o030k_-1.9812.wav,8.196256480949948,7.944343088580238,3.1217097180734035,3.9696045347365616,4.182715770299895,4.068586082978799,4.070009722957396,1.066298003362811,4.854682322053719,3.9188096703308015,0.9248163626996372,4.93016711722052,4.628571921651355,1.116552154473243,0.8206172333151522
423a010x_0.16837_053o020p_-0.16837.wav,8.84252144695363,9.647717660664584,3.923934348118973,4.432415164544832,4.82485951636988,4.288788532105476,4.781599945704762,0.900558066107814,3.9023788510021924,5.237435325204877,1.3096999024263094,6.117173167341841,5.460809349040881,1.4168827493184908,0.5602955682657556
050o020w_0.16702_420o030x_-0.16702.wav,8.901948552516998,7.105433297826181,3.2878029752482085,4.485639587581764,3.394453193404684,4.611589622281137,3.3129879323468168,1.3281161111182067,3.5421579826854015,3.6313200177377074,1.2019851445656016,2.8917647131637314,2.685378137291172,1.601989141648679,0.5263995964106514
423a010k_1.1249_445o030k_-1.1249.wav,7.338529552640256,9.816721744481544,3.976355526551208,3.4542732102753,5.130575790496648,3.544053527967325,4.986216881678663,1.4398041816288103,4.295612709331306,4.651211794381575,0.9827405937343532,4.653609323191117,4.190277932180223,0.994316383131479,0.8222578164509584
22ga010i_0.28655_051o020s_-0.28655.wav,5.601669068123072,9.747880479632782,3.392249992628268,2.678407196248964,4.860727535908908,2.635053711147697,5.025106595796639,1.6505365706664104,4.013331143444336,4.642157986343628,1.167877570612627,1.6317995857765215,3.307902708661735,1.1188013416338347,0.7461359961057958
22ga0108_1.1293_440o030w_-1.1293.wav,8.423392442380301,9.101391305740306,3.014595465828562,4.042900870794954,4.668557628656466,3.9967983417882023,4.504928301153169,1.4038457353510698,4.937050878574876,3.226333271737483,1.271353819093207,4.084618968856092,2.9175066813905204,1.1647726308454251,0.8680937940839015
420a010x_1.6849_442c0206_-1.6849.wav,6.019547701439009,7.150603997203401,3.2770690692129367,3.0546332410168278,3.5395632101316217,2.908303333969117,3.572541359009453,1.7080882522263665,2.1613578834144263,3.7997933169751406,1.7356189111247953,3.3980547308076408,1.7566885067086395,1.3493644467585186,0.5295200820403876
445o030x_0.29226_051c0107_-0.29226.wav,7.225184289754607,7.073124707652296,3.343269839146394,3.506657052793728,3.597659426729113,3.565410678667015,3.735673960191144,1.7516588960066164,2.0801100759514104,3.513537866225914,1.3624519555139798,1.8395490337193972,4.150803487724251,1.2290596437744663,0.4033161165995788
420c020c_0.23927_440c0203_-0.23927.wav,9.834714529989451,6.987346818492383,3.841778264443176,5.005488483858284,3.660488792610248,4.997885529553414,3.5106815995725364,1.399327950207787,5.124869171398185,1.9180560176083854,1.765027285712378,5.906430953116931,4.041679586029333,1.4934412172760718,0.2407743976253367
442o030w_1.8412_447c020o_-1.8412.wav,6.0265107146561245,6.695766120492402,3.5079163084447136,3.085335817447868,3.1512413233064698,2.977674095617773,3.255687259812297,1.0629133358654974,4.546965132075424,3.842950815392161,1.7632639082429196,3.3096945371129083,2.3440537077536496,1.2108096167338709,0.5972627950357348
444c020y_1.59_421a010g_-1.59.wav,8.832204530063853,8.464713577751098,3.6436538196539,4.414191480333976,4.179871109069226,4.58373187556859,4.192363281966304,1.1088048805598758,3.6891839886961106,4.337931058403654,0.9874151207967876,4.195924867762382,3.0330514241678714,1.2225944500870072,0.7000877098942628
050c010z_1.7211_447c0208_-1.7211.wav,6.202176993147882,5.839032154828479,3.8927827698993895,3.074498866265135,2.7598900243949744,3.175204954267448,2.8968509087352503,1.3364388804389482,2.272523699361992,1.3988422790766009,1.6425449901281264,4.455596832082393,3.11163014598541,1.7371661028212482,0.8664602648551176
22go0112_2.2165_445c020i_-2.2165.wav,7.566360142445209,8.846620829356604,3.329650414125884,3.687193906709847,4.212085013461206,3.576271948102938,4.340911715269515,1.0384278358019614,4.922975691193672,2.854217874888915,1.4035342325037168,4.855862235550764,4.533336597714711,1.0805448683223255,0.6041627625595932
421a010w_0.24219_422o0308_-0.24219.wav,9.129029210863765,7.022739266387288,3.833746837106734,4.47831620469868,3.762559203601816,4.448071307448822,3.5952712895424157,1.644287973169572,4.017183682142293,3.2374339807494863,1.008356907062288,5.361308399691088,4.493364141338265,1.204484127443298,0.9369190265101772
447c020p_1.61_22go0104_-1.61.wav,7.677499368287385,6.18864044133702,3.712820461113388,3.9325706228545343,2.987756329035012,3.8555574577071674,3.12800244268521,0.9615389103053954,3.997265719138339,4.764401471561816,1.0028486656444844,3.23754730791575,2.556544103172376,0.9780211380901236,0.4745845400262866
22ha010o_0.10676_052a050z_-0.10676.wav,9.99381898974993,9.541555955855864,3.425378014815666,5.041120546424129,4.568409399186718,4.968242761657908,4.699515571762872,1.7216060519976804,6.2407562854698675,3.8017405309473498,1.769715646055746,4.910987446565307,3.5983671855543196,1.6079957844859665,0.266497152724741
420c020q_0.45423_22ha010l_-0.45423.wav,9.5268802038329,8.288185647180043,3.5677029518861376,4.851708215391086,4.099689244056632,4.92398634682483,4.231126954461394,1.1987650952260975,5.276285744942068,2.640664101612078,0.9373320834109096,5.191472918414807,3.003686541995661,1.1700600560853616,0.9688406654942702
444c020w_0.70842_440c020v_-0.70842.wav,5.452561382141644,6.837488446668114,3.905732581366312,2.618844113607944,3.3963627870521638,2.781578554813493,3.445530882861517,1.3531852961097548,1.790372336363436,3.5640590467232762,1.4254217242161271,1.433426408180309,2.630075463805223,1.71494308555358,0.8587249841812763
447o0302_0.62948_441c0212_-0.62948.wav,7.467183416859868,9.523212927315994,3.4512966311877853,3.801302710287949,5.004648144015876,3.7438484768706575,4.866087647977389,1.2305113056296353,3.847370738633202,4.055909254286356,1.5843355310611815,3.3933874089557996,6.293468837690294,1.261714598329851,0.5081242103591821
442c0213_1.2076_422a010u_-1.2076.wav,6.197526812790021,7.764461310006727,3.7905550357896014,2.838264669098816,3.7796268550384062,2.9950746794062337,3.747836594464021,1.5828326707405864,2.3126392849297117,2.3133510989110215,1.5930354953104144,2.039130916171165,3.740118707530812,1.051853983906728,0.647547349911326
446c0213_1.4967_22ha0111_-1.4967.wav,7.230975060523127,6.765967566009277,3.367680894058417,3.732212560081174,3.46651985732016,3.648438612553589,3.3420934705862946,1.0431597907455354,2.183393164432934,3.984619746848466,1.3963540581026974,5.384442463934594,3.594239664946388,1.2344921368949244,0.5118304404123477
22ho010w_0.81296_050o0205_-0.81296.wav,7.1861675633366495,7.562635023937885,3.364625415897017,3.7145608176237,3.7654126693995833,3.710711604107528,3.6154620656818697,1.2083810458686517,2.4037320502937525,3.6379709521617705,1.653917702396975,2.791049848076556,2.991234180137272,1.0947188600077713,0.2739948240882138
444o0306_2.4456_441o030l_-2.4456.wav,6.414735338635646,9.861044204227948,3.1688929866321387,3.323986226432932,4.787995689808401,3.3910357283373145,4.92217603223744,1.0061650399444433,3.8696404433596547,5.237684455413591,1.1372712162775982,1.508027706935355,4.542625591826914,1.6676892358231972,0.8769888909635659
422o030k_1.012_443o030u_-1.012.wav,7.975788899422906,5.5719291026964655,3.6286517864984154,3.756635996178181,2.9026107896429867,3.859793350419635,3.011507806433637,1.2891338087079498,4.738616925144302,2.8376774491268137,1.7946980882860442,2.6285520943696623,2.6092893377886517,1.3488439341466345,0.202699799283699
443o030c_0.12299_422a010f_-0.12299.wav,6.508461646929788,8.18037682919661,3.192390481878486,3.2541865690151432,4.23074893419795,3.14527243550216,4.333888216341642,1.1025814042372408,4.370559664862386,2.6413136710561607,1.403114625476845,3.4824272443376785,2.8482275275407196,1.3247797291346923,0.5501011305290566
423c020h_0.40964_420o030o_-0.40964.wav,8.04551955238724,6.470982876793332,3.483417384866576,3.928905791731692,3.244537319515416,3.972073684659135,3.100883106141061,1.348889877273761,3.6647185749854603,3.8484005416612637,1.6046320264929077,5.804252744513518,3.1133600735498455,1.6646677932817802,0.335366924629309
051a050e_1.0099_442o030s_-1.0099.wav,9.57339167581203,9.774835763424218,3.5695032052358373,4.983399730809921,4.857410015536182,4.827872721122319,4.788770746472242,1.3874509172986191,4.300777755945479,3.9406734509712242,1.155547004383502,3.102146934951092,4.9688790975241295,1.5965305982069575,0.5294038073770649
440o0311_0.50963_423c0205_-0.50963.wav,7.478833100270666,8.707004150635246,3.077672498395989,3.9390420891950746,4.4409691948444925,3.9085144953502025,4.294108492088301,1.066004874644258,4.470240849835965,5.729894316787996,0.9940536514360616,5.430718230160887,4.462506546008787,1.775442488367335,0.5626347297688803
442o030l_0.18772_22ga0110_-0.18772.wav,6.060981214303545,9.614837854718266,3.819129320074035,2.954844829864536,4.69526656441583,3.027243885036343,4.563895422949258,1.5602628380838683,3.990270423366153,3.7607663250023875,0.9497510872475566,4.96268006308544,4.724405723566778,1.56747185724393,0.3021104674973093
445o0301_2.2839_051c010m_-2.2839.wav,9.174672959758144,9.563460172661385,3.867258974190917,4.489966539793047,4.7725356533059164,4.349138689522409,4.67731214471612,1.463049024753377,4.459887853969829,5.554694268240122,1.2048149152649708,5.2071571965050385,4.050421425060082,1.3571708149076818,0.959641010377538
444o030b_1.4725_22ga010h_-1.4725.wav,9.819932541401538,9.661320572886202,3.9455082505032975,4.693329469374975,4.966173727711223,4.826409996983259,5.054996997024511,1.5173563454620516,5.419725020512172,3.455913982483794,1.1720556975534084,5.708471239839855,4.039867889977725,0.982403913157236,0.8278113040858917
442c0211_2.4425_445c0208_-2.4425.wav,8.433462113981593,9.979203992222155,3.238020348555961,4.158376291712443,5.0689698025244185,4.1222649825547855,5.235090160551121,1.172894898380367,3.1597176559576052,4.2231763128616695,1.574145543483807,3.520176434626392,6.870349877389421,1.7233361633193498,0.7612990980347888
444c020o_1.8409_22hc0112_-1.8409.wav,6.333345053515792,7.403337835721006,3.7045742921406974,3.2145076147247185,3.663611729604172,3.36687016094171,3.739015008778722,1.5375225735117193,1.6892221971456498,4.491402850560634,1.5371288049750866,1.7016470027420947,4.068874883917746,1.1403655908354842,0.9092478920743504
444c020t_0.75669_22ho010g_-0.75669.wav,7.696789882737954,6.563772886738437,3.6461609857687263,3.82625465655775,3.391976943087188,3.841379923634812,3.2226511438247964,1.6695286514574843,4.398830292854295,2.4994101563613356,0.9243835498648943,2.2553421571267167,2.3366435147765077,1.2653134456178434,0.6420195269275897
445o0306_0.34037_447c0216_-0.34037.wav,5.02366017479771,6.028669950015825,3.481861612268963,2.6923680659354097,3.215786104348795,2.5246435806306056,3.1880643253792105,1.1260521371939038,1.8227854521753126,4.3671494367616805,1.0358927080639415,0.9821055522007583,3.81951280300411,1.4911468116438795,0.9393016616308932
423c020r_2.4662_442o0307_-2.4662.wav,7.440243937239646,7.535171975334379,3.405216213388694,3.5580991425602404,3.8843923722366567,3.67638165660029,3.976637951384741,1.369630325615814,2.439580898006996,5.052869650207248,1.209943602294477,5.412986610164616,4.870492146720325,1.7887408970593013,0.5288314372273937
445o0305_1.8062_22ha010s_-1.8062.wav,7.55040752948325,5.450103523397908,3.028199968063188,3.7834205844027498,2.7672002573944243,3.734443361530926,2.9089790697740026,1.3021348116790288,2.7373494040847643,2.5179391517895806,1.0942195323416852,2.422539575061612,3.1491204918233455,1.474193380250142,0.7339228330435346
444c020x_2.084_445o030k_-2.084.wav,6.686073369115951,7.918084083517691,3.800520932940023,3.5367906734933747,3.696774333022368,3.4292583927457203,3.828443648343773,1.5518892035538103,4.222600418115729,4.863072498420287,1.3215147218385714,3.13846188442356,3.0714880638846056,1.7299605035025474,0.7583681788100001
441o030p_2.1924_444c0210_-2.1924.wav,6.105462509923028,8.676374515215738,3.467032783484601,3.1481036844069337,4.23393697509625,3.2918455678627465,4.143172053785341,1.7653751370496202,3.264000697916772,3.1121942943018683,1.307265199364887,2.1945061988688153,4.4937082646088236,0.9288220582065294,0.9598667161169544
445o0304_0.26078_423c0209_-0.26078.wav,8.773508801061727,6.083514373593681,3.910458031213509,4.477435435166976,3.1812041363901256,4.309902800392491,3.152345579851047,1.412718567194467,3.598311409662878,4.050493911076632,1.337806541360301,3.5790060540474333,3.562099835472822,0.932382742377472,0.7772213325849493
421c020c_1.3498_445c020z_-1.3498.wav,5.725554329625041,9.130354756966415,3.717128188967583,2.923834355433056,4.776308821969677,3.065150173139095,4.681810993073593,1.5730640807250933,2.364922225691778,5.399192137026218,1.1351831760216755,1.8098586682154547,5.647457987451493,1.4765787878196353,0.7343093149179853
22ha0104_0.060972_423c020l_-0.060972.wav,7.970048983586531,9.349097262053371,3.6458720366149935,3.8543614313348926,4.498836144767915,4.024351499680686,4.5006737148461005,1.028979245690682,4.020660798726183,5.342925010135793,1.0037428413105072,4.653813341919488,3.708411304161614,1.6285381442149878,0.4114519534892487
22hc0105_1.767_051o0207_-1.767.wav,8.96918686791035,9.408530291788528,3.0126595539150216,4.2349736933218125,4.551774026306736,4.384726953309828,4.543173961018519,0.9809999700064598,5.702875100771958,4.430758678103453,1.0892972369998333,3.4728434675551245,5.367503751414605,1.7590466883006568,0.4862447271524274
442c0215_1.6024_053o020k_-1.6024.wav,6.315266914032214,8.329260307893527,3.2122217142185128,3.4133878995659224,4.00058955046136,3.243639473120105,3.991344458835592,1.713733710151187,2.5549828495666427,5.386739538371035,1.7947829829850814,2.9117475489593736,4.8719115356183,1.6854967286974407,0.8554697914962184
052o020y_0.29703_445o030u_-0.29703.wav,9.944132828361392,8.493725889973467,3.363477451877107,5.021439553986797,4.239780342554053,4.85905690744532,4.290098093916623,1.2186523199718893,5.055675296480448,5.449207551730561,1.290927261941929,6.344477892394398,4.828297211009454,1.781058351069173,0.4824751771383257
442o030s_2.4013_050o020r_-2.4013.wav,9.958818810422432,5.755855151718388,3.5400946234553867,5.035931666159343,2.716090830860107,5.078050466056225,2.88079057796145,1.7600320161009666,5.8622724661269086,3.906293770173782,1.315599170791904,4.4323865166103085,1.8711007757697935,1.7359721100203147,0.9299709826223648
441c020p_1.4355_423c020h_-1.4355.wav,6.6967052892408905,8.952028350509948,3.8298056375668503,3.5364916216242483,4.47182609584066,3.4570956063707547,4.344561518043587,0.9336407765152556,2.1899807051557114,3.569623065510162,1.665986005107294,4.41063332375145,4.155266285454248,1.699510588207702,0.364229439014585
22gc010n_0.74637_443o030z_-0.74637.wav,6.858289744222082,9.642592447808711,3.4577354696707667,3.33780641929284,4.906443675095118,3.4875027180248104,4.89690333202221,1.2576834429454689,2.5126349266022565,4.530928094556129,1.0865934379894333,3.5014797380873146,4.11035936987403,1.471162662435688,0.5905288729817324
441o030b_2.401_22ga0113_-2.401.wav,5.199197793273324,9.067077145411572,3.6527685466980686,2.5777821967965733,4.462844629472572,2.7470189925107174,4.478935216050104,1.5473708524805367,4.43734006197606,4.847957493806052,0.996610169755623,2.185103923522492,5.478174596524227,1.0979148220270691,0.7051412300452091
050o0212_0.67194_440o030e_-0.67194.wav,8.02795426083033,9.95290288695343,3.232155743801645,4.024311106567394,5.127907247896816,3.94234790250668,5.002280685498167,1.5318091238209253,3.8515679030472687,6.732134029091969,1.5865211389467917,3.3564425427181637,6.556322411227877,1.492365657256392,0.5426397690609972
051a050o_2.0825_422a0102_-2.0825.wav,7.160793568529568,7.738606930319046,3.9809929411428255,3.3546349506633457,3.828405845549694,3.5169156952404097,3.879051279100151,0.9289016979716336,2.3194302354643894,4.122622290546512,1.69381455626426,4.666323453616468,5.014651708002571,1.1122726790135986,0.1907037990441521
443c020i_0.75055_442o030n_-0.75055.wav,7.900223050372532,5.216132900241418,3.7913279296624505,3.895002334438656,2.715436998110696,3.9841140739896432,2.5706644251757758,1.2896999353869545,3.204211331635967,2.542733109985267,1.446616857571042,2.771733264353273,2.1647831968766473,1.206395579241761,0.609539239606838
052o020g_1.652_423a010d_-1.652.wav,7.590392686314857,7.750087831076319,3.7078413329502937,3.989470898213299,3.872719472075855,3.992474026951093,4.0226894064553305,1.0946235669757656,3.471092105974183,3.3634145314385755,1.3748654766700936,4.512438479894773,4.807845411038732,1.1456170037298643,0.2555607827870927
442c0211_1.5624_446c0211_-1.5624.wav,5.171278115435102,7.124905705812541,3.3784019222101453,2.3697222170853127,3.45220216831129,2.528546826786749,3.391582506870578,1.2307023663592296,3.50448324139555,5.021525531067781,1.3533361010039258,3.0649566070766983,4.531332000732365,1.4188158311333436,0.5892056089741865
443c020a_0.62355_440c020q_-0.62355.wav,8.779958516191844,6.813291062898095,3.664062212298279,4.397080857263798,3.605250258990166,4.328594307692081,3.4496559386318677,1.2163464934438903,3.7205614724972476,4.043939577864693,1.2463712551450374,3.4099536053847563,5.258092102650355,1.485841299608288,0.5567107993453766
421a010d_1.6753_445o030y_-1.6753.wav,9.256304631576292,6.307720839927022,3.1828006666871205,4.681665584221935,3.2794711503738068,4.513950164812498,3.25169457584928,1.3327974845476862,4.5837018443299336,2.4299742585793602,1.2947110814489349,4.6899475565401545,4.294746936172826,1.6745546222010053,0.6788801289258515
422c020y_1.6255_052c010o_-1.6255.wav,5.333364808005974,6.361662176713461,3.3497482847483497,2.515621781104985,3.384495804917996,2.6669494603777606,3.307036567341603,1.295235977292602,4.094409416709732,2.0465138459827235,1.239931601073328,1.2521602120134145,3.456129422780968,1.151233681565608,0.6224987427547973
052c010r_1.5365_053o0206_-1.5365.wav,6.67363655526306,5.475960045643299,3.907847208086464,3.308674295964637,2.6756327961694573,3.3140247667358342,2.505717015670628,1.682049841862891,1.439714831494454,2.7220380277377147,1.0223878161043196,3.315182408948806,0.7960777849789648,1.4725312440176768,0.9434893368867284
420a0108_0.37852_421a010q_-0.37852.wav,8.074557917004581,8.75759093924171,3.436832803316693,3.917251136087507,4.368146013987392,3.84147727202578,4.238692078067487,1.0832184066011268,2.574996620101648,3.676321874952424,1.181801320837478,3.2358222792766744,2.6817073136469145,1.6705781782149074,0.2593676805470261
420a010t_1.8743_050a050j_-1.8743.wav,7.995864267523887,9.957292021528316,3.551854085730311,3.859400315105016,5.125172372173254,3.918102165762128,4.965628983938486,1.0339983631044594,3.618606735882289,6.659059931390511,1.2856837868559778,5.062062189860398,5.6355921817651025,1.6114501897988942,0.4496718473088471
447c0202_0.85094_050c010h_-0.85094.wav,9.866699178056953,6.594255152632563,3.6580391180837575,5.0707987293917824,3.1567740417425383,5.1605058962255175,3.276993109359388,1.5088321161966385,5.5919396303897075,4.404065157597727,0.907059569110192,4.393248473672679,1.910810489923391,1.3557997896904126,0.5215714588698979
051c010b_2.3239_445c020p_-2.3239.wav,8.752833749349085,8.572289501194405,3.8944873760413024,4.60576635205056,4.469971313957226,4.501149869997407,4.335973583816665,1.5079210112087147,4.500801511177922,5.601124433897704,1.255437390873038,3.9662720985349424,4.630042125087433,1.3669604970861675,0.4740265988830653
441c020h_0.62048_053o0207_-0.62048.wav,7.309689060497236,7.104081950606432,3.4446984155777765,3.5620896848658004,3.3638910334784216,3.699624082877628,3.4237599683572397,1.0790953841881294,2.0048800194875653,2.8186884873554146,1.0975793052005287,3.146106662442353,2.244138844430192,1.2488511540294294,0.7396574124577502
441o030n_1.8475_440o030j_-1.8475.wav,6.469730705366065,9.084899560335565,3.524536837937131,3.097968946890959,4.448407891798652,3.250779904371367,4.400986258824652,1.028193070899069,4.236814230479056,3.8608873756648237,0.9838809340566332,3.2226652516897607,5.133806555433146,0.9820384448438932,0.484421930879463
444c0202_0.21093_050c010w_-0.21093.wav,8.397315188991737,6.953359752487213,3.384466915219124,4.264796027951962,3.428679034739936,4.407044847046795,3.501927061785895,1.1524318369281854,4.260361457065701,4.950048089535533,1.426793491921508,4.96853535379353,4.164059594655426,1.615953431709526,0.6783031639413211
22ga0109_0.22164_440o030c_-0.22164.wav,5.464500479556456,7.813005842447778,3.916073487072849,2.8413360318604157,3.9066033083429614,2.740601240779451,3.7954614986317896,1.7449498418973763,1.9637791186480744,5.618823205784827,1.4091055225850844,4.6194164752790865,4.029868089300555,1.26387299600891,0.5726459515756657
441c0202_2.1933_422o0309_-2.1933.wav,7.5518781510160755,6.765057466164254,3.3590625302935164,3.921681694890521,3.379457450663509,3.908122326711484,3.5489158335620403,1.120857377951315,2.64078354325569,4.9326647900928675,1.7758868630984592,4.027902837334102,2.119073086047005,1.201163851879938,0.5225460178279391
421o0314_2.2793_22hc0104_-2.2793.wav,8.798612222544781,8.178149246009035,3.339702289935789,4.135078873504094,4.299030587162726,4.302460634897495,4.269309450696516,1.3956948558468367,4.980082315320166,4.050604426659148,1.7500796743310123,3.1568637704628197,4.4754725575928775,1.6877451949811766,0.7711603735792765
441o0311_1.4539_422c020b_-1.4539.wav,5.690091045271862,5.2126895078674975,3.2899661794517248,2.9795399699918668,2.8521790191299408,3.026801734245294,2.709819173528544,1.4390699845574977,3.326921447744697,4.609864328857265,1.3261347755127004,3.6734443953056393,1.3633077810521255,1.796014068481516,0.5259578911105378
447o030e_0.43596_053a0505_-0.43596.wav,5.683595949316031,9.102992909678294,3.546844490878752,2.878290934529291,4.445381328510165,2.7282910580897823,4.445573859370453,1.403488030834374,1.838163512209851,5.63035194892761,1.2514064309501507,2.538862513103515,2.7789616124038092,1.7632808362911327,0.3371061236960467
443c020p_1.6886_420c020s_-1.6886.wav,9.897796053225598,5.237843858065153,3.416019010099004,4.817448180442944,2.3672344244354946,4.918467027238205,2.503964788993466,1.6619863236609254,5.433794667620676,1.6200624412872022,1.435994519103831,3.342498064088353,1.9496111814206774,1.6941065350070583,0.6360828820968366
446o030l_0.77656_440o0301_-0.77656.wav,5.771713559512822,7.676922249944802,3.158441704942929,3.0937190532482464,3.739395283397536,2.947474908828854,3.706038871374661,1.6882763538689525,2.9299771481098422,5.14464218546275,1.4331802837997842,2.4033668351877076,3.1136646429262993,1.2998426072910922,0.4433316756849271
443c020z_2.0497_420a010m_-2.0497.wav,6.27120728873641,6.411764638933176,3.87317569005696,2.997372249618322,3.101825405994692,2.8828657909671263,2.9900744734385736,1.5560558614555906,2.8230369043182355,2.3500790481519003,1.3806663709133455,2.6105211613816732,2.530309857211674,1.2538074245159128,0.6677926285773585
441c0208_2.1987_446c020h_-2.1987.wav,5.432165437221493,6.06522861893948,3.750473483608377,2.714507621427991,3.283873985768364,2.775886830074404,3.1361154234244504,1.3850469378783226,2.880400650162005,2.1571242866928713,1.5202848492685928,3.4667519566581793,2.677771327945403,1.4313619526108932,0.5440600432186145
442o030w_0.16214_422a010k_-0.16214.wav,9.38052786808746,8.037396562964664,3.8165154551693634,4.810461908507732,3.98441121595148,4.838986237080545,3.837148312681613,0.9049410474831914,4.624588612300433,4.703023905221537,1.517688548510526,3.673874310032322,5.161013643998663,0.9166696907784788,0.238144284340057
447c020g_0.68419_445o030a_-0.68419.wav,5.011268538475461,7.531302062073414,3.714770539344836,2.4999963599416053,3.582354229984133,2.435750663806521,3.739747020569085,0.9922978923530816,3.117192287212286,2.9805285042004974,1.0700576471714809,3.6008767143328404,4.288147539239718,1.3109542261973388,0.8877377566217028
052a050v_0.14042_050c0116_-0.14042.wav,6.885696950388605,5.756978941818439,3.201363921092356,3.622730836529568,2.761710817071208,3.4638495387245216,2.8221817456880576,1.5544747866493287,4.879221781735825,2.991563137620808,1.2693217446377965,3.855938635712375,4.192479593270237,1.5707511518154456,0.5794619714339428
446o030n_2.2386_420o030y_-2.2386.wav,6.135336303383693,8.131606655999313,3.4300111170388483,3.0852738136755398,4.050519332038936,2.93528667444009,4.048555136537956,1.5211687153404505,4.958882267457053,4.348582560599001,1.694111682908014,3.5665682961594185,4.427495163143756,1.686255313950526,0.2804935006153491
444o030l_2.2959_423o0311_-2.2959.wav,8.147314464478924,9.536487229941812,3.932989774849276,4.30125604265238,4.7847028055856855,4.140214513589269,4.839160366282209,1.4293096130471243,3.752739278106146,5.945562694887688,1.2041722006783888,5.058373885364422,3.6797177803922994,1.129500436207443,0.7841711615487208
422o030f_1.4574_050a050x_-1.4574.wav,5.873676157485955,6.477805183656185,3.911372754076607,3.0386125074826094,3.161511271476808,2.9006478346740403,3.10264065863114,1.092817349121144,1.9271890497753166,2.25685424354345,1.439154148316261,4.257095952838916,3.7221268025080327,1.6439796031677834,0.3712017941290387
053a050f_0.86588_441o030h_-0.86588.wav,6.224347600129831,6.892696433813191,3.936928625727726,3.0274295455745373,3.430867700936174,2.8869074604257783,3.483341919229016,1.3515385226138632,3.927974481307277,4.9639253294195615,1.2519707808322154,4.0131848612148895,3.002307465804074,1.437445015653824,0.4884419260706414
423a010r_0.40689_441o030m_-0.40689.wav,8.966381924137192,8.280566736791249,3.8124643185645857,4.461304174063749,4.094149262362309,4.610345431445018,4.077216938298242,1.3535344471061834,5.0074750113901585,4.968206942422502,1.663548983903766,3.2131515856596673,2.9735158946207103,1.4037423653964534,0.4651139340607191
421c020a_1.378_444o0309_-1.378.wav,5.401476998730546,8.907353453961079,3.1084711091299786,2.8371617075268416,4.334812723639488,2.779181864270618,4.494619913014634,1.1542392242146695,2.406080024349341,3.702563708130068,1.4990198196591278,3.7391200414735315,3.9336308734783723,1.5391679051801916,0.9056897369587632
051c010z_0.75476_22gc0105_-0.75476.wav,6.726605138203116,6.414833947707233,3.0993500104618708,3.4685652221458296,3.0879144441217594,3.3347120938104142,3.020214074589365,0.9911598736623968,3.0797755292823514,2.3792991806293484,1.458299143613084,1.8825374278414917,4.0283444553293934,1.5533247125524716,0.7945875544699932
22ga010o_0.80384_421c0213_-0.80384.wav,5.579464288373905,6.901510235449027,3.954355032597532,2.663282422141426,3.512595682523228,2.794897382247872,3.584550545292735,1.7242399898925729,2.5851542136364363,1.9753604047996542,1.378399858412957,1.9464497663603648,3.325999687403508,1.2139368434175863,0.5026302577057935
050c0102_0.99246_421c020q_-0.99246.wav,6.61591910873878,9.433178834813424,3.892501892776072,3.42479514583787,4.626099183356766,3.5829826568283587,4.563835940856604,1.2763363774710066,2.3518443689716473,5.858515207382675,0.9528212759398094,2.6689500308401546,4.448155606162582,0.9384764223579288,0.4121733175969919
440c020u_1.1231_423a010j_-1.1231.wav,5.29526604555722,6.775882718734818,3.2649789126103723,2.7287156250163944,3.297065009910782,2.60131957777675,3.3762499020791386,1.663470231761254,2.56095687013101,4.296765882496029,1.4371375897379122,3.3253943077469112,3.6883249526482667,1.4930552724646111,0.7814703031192098
447c020g_0.068144_444c020i_-0.068144.wav,6.041852139939325,9.776879473905076,3.362625360670973,3.086276918920265,4.723450550051826,3.1887942561509326,4.859061005279783,1.7220759447634877,4.154800077110683,4.275740720777279,1.5019018219958424,3.280774644045381,6.47792836303222,1.6831673550557062,0.2671039766651654
442o030z_1.9601_440o030u_-1.9601.wav,5.528019434871564,8.990319330347644,3.7068164454374815,2.8283069265050296,4.526368822958613,2.982772307071982,4.455372723021316,1.0052253820155042,3.767495780973953,3.2849974328454588,0.9510156949685048,1.6178347133745778,4.794828968061513,0.9547571207643866,0.7226711327259154
052o020c_2.3087_22ha010t_-2.3087.wav,7.338048740465344,8.374967702730542,3.425789367417162,3.5069578194839592,4.43324850641788,3.6125324792516618,4.300004402552328,1.2892161248897405,2.6819420023149254,4.341897174985772,1.4853596232705009,3.5714653514368715,3.724606115533475,1.72322887230484,0.7180977416203813
051a050o_1.2715_443o030c_-1.2715.wav,5.3874776655606125,9.391042986221656,3.733628229307471,2.67477281477237,4.655192932360246,2.822488716895728,4.62911588766798,1.2968255014596142,3.583840306888906,4.7306300678061595,1.17505789648421,2.5375900654372616,3.499338247864159,1.2825505037993523,0.3793802111968921
443c020b_1.3681_420c0214_-1.3681.wav,8.919141419704825,8.893748987166344,3.211697608833347,4.50038665475037,4.305719128664974,4.510069822975767,4.455406256545492,1.0381358305202273,3.84053585138514,3.920450442962586,1.2743573043349854,3.4655486189865803,3.59752186621139,1.6224502439547468,0.7776532832836673
22go0101_1.8859_443o030h_-1.8859.wav,7.84480100472897,8.015047696024423,3.672651664160728,3.950182058642724,3.8129337028113466,4.120163822442374,3.810443727799347,1.19648232560339,4.4439169349661585,4.470072718363974,0.9143194025930148,4.39883051553137,5.781628852758318,1.5453276048020603,0.8867217757661128
052a0501_1.965_444c020w_-1.965.wav,6.733808464012398,7.378554552950286,3.722031226619358,3.2685650391869028,3.8032708356994887,3.343170494745744,3.933401639127646,1.5574626512882217,2.175628669419399,4.650901617640874,1.500047388090385,3.9554819931897853,3.495675000441709,1.2341519617655643,0.5356777050864334
052o020g_1.8826_422c020v_-1.8826.wav,7.671718656138919,6.076229410169232,3.440070747390593,3.864660390139453,3.163299283302645,3.93842246523458,3.032688578237322,1.796698474086775,5.525069815002257,4.207220694244855,1.57142027104783,2.260656995534378,3.4165920389012396,0.9376321018760332,0.337718088074798
422c020a_1.7856_440c020s_-1.7856.wav,8.446989440481916,6.868723545022718,3.3357192080050644,3.970429020560036,3.618989777657752,4.117527532254614,3.5337722450882163,0.9904809607125123,3.6884964951065404,4.910942708111254,1.6851938335517342,2.877685891750144,3.4772379049379607,0.9516277080889072,0.268224979654091
051o020v_1.7657_421a010f_-1.7657.wav,5.637748792160534,9.411007112275442,3.744049281052861,2.6079408843539977,4.823593024917988,2.713688639014316,4.929976352485332,1.2564101478167804,3.4895625968675534,4.322371768161605,1.1523005069546937,4.4504368895968645,4.948534213316803,1.4571136715071666,0.4246289007921923
051a050g_0.28855_050a050m_-0.28855.wav,9.056098308388906,7.521566225896452,3.8268991200403937,4.554083047155982,3.5997041248808026,4.615799042336177,3.7581059428593786,1.1174881837605553,3.3909505390792094,3.890075929742816,1.3344987187496538,4.525698069193673,2.932982652358323,1.152126146703544,0.4440315813239388
447c020s_0.4216_052o020u_-0.4216.wav,7.14909892737292,6.134882316414635,3.827479383915428,3.4927903531811717,2.983583969319428,3.614647860969534,2.896115416138247,1.4627321626852874,4.758276402961351,4.123550798835006,1.481973915861229,2.92154885908484,4.471464145279674,1.2838280462752625,0.4759875617408245
22ho010k_0.30178_447c0216_-0.30178.wav,9.061978366229464,5.458156520173443,3.2635464682545683,4.313837303699167,2.9248755297619806,4.480131503840489,2.889573419352581,1.0354530033567129,3.6916595936841676,2.2703872483401693,1.0402458658311682,3.312021546779551,3.4313029803651514,1.6410498024540183,0.4528638092476596
444c020u_0.69995_051a050t_-0.69995.wav,6.257950390663467,9.625498082511363,3.316783786743248,3.1917599699326256,4.652569972302597,3.3406485368739847,4.634343764958546,1.7480775742837031,4.671071666884659,5.509392456117878,1.014872978115978,3.653101368322481,3.7717114252067194,1.537929574878004,0.2064818560307943
447o030d_2.1006_050a0506_-2.1006.wav,8.264326688480745,7.12860444852677,3.440327235166733,4.063575993528279,3.419631396171297,4.232967632958427,3.405262245494713,1.3042824458130169,5.501920947666077,2.3555072677015043,1.556790222788172,4.5311638793077575,2.642681316313423,1.6448281303488703,0.6857122104879891
22go0101_2.2216_052o0208_-2.2216.wav,8.015921393364808,5.751846024446574,3.250541443552338,3.7698593709064503,3.0089977604940854,3.9125161792633225,3.1014587524281483,1.343696503393793,4.268995164065708,1.1433117008907911,1.401055405216966,3.0724149704195116,1.3621787261792855,0.9001268064936974,0.4637433076665336
22ga010f_1.4801_423o030y_-1.4801.wav,6.96062398427404,5.560923646477939,3.7768964523906874,3.306742737063259,2.8046399495801317,3.454080040453872,2.8894439531977825,1.0944267934313174,4.447861925444818,2.731331052636027,1.1835603683436235,3.7617253009873712,1.1528307268182911,1.6369009661679594,0.2106214828249571
422o0305_1.8423_420o030u_-1.8423.wav,7.98345928878456,7.713492454448236,3.810235859187725,4.071866776576661,4.01829395480169,4.118979121767939,3.854952512018244,1.4947609537730668,5.095270468116105,3.5795356615012275,0.9501564505379718,4.869750615642276,5.290045071602936,1.4000268212848703,0.6545804702209441
051c0106_1.1076_446c020k_-1.1076.wav,7.603148165051396,6.652561152205666,3.149832998578616,4.00485781814276,3.2307743043953296,3.859184155940918,3.266539988237578,1.5950795562005506,5.240694026711661,2.1013953508516425,1.3902557534747848,2.657366721325408,2.8055345818494577,1.4045076264297691,0.6384744747255093
052c010s_1.6936_444c020s_-1.6936.wav,9.376155380040174,9.67862182380496,3.7637760072344726,4.627911174361313,4.620616325821959,4.7398106965068125,4.720508752680099,1.2138539067200071,5.554193550049924,6.0590696938673885,0.9155743969243204,5.753485327122271,4.33267988533295,1.0806017733732365,0.5859951569202522
446c020r_0.33562_421c0206_-0.33562.wav,8.432103691678183,7.692153106828034,3.9166761241463934,4.166916998970544,4.0840555622271815,4.24635649858091,3.9337579710899497,1.358910191870378,5.9641247871741365,3.8747204452378994,1.6156694388128705,5.317076784973482,3.7259759008627027,1.5047734967902728,0.1834310203292562
051c0112_1.3401_421c020b_-1.3401.wav,6.539354198390278,7.73762610316569,3.1441709929876995,3.2602413858781887,4.074773879224377,3.0972388761414638,4.026501922359872,0.9925323099453944,3.987167310395969,4.839463431184732,1.551145996979447,2.091559376970871,3.3352199270345535,0.9465928924467066,0.4410497389167221
421a010y_2.2626_446c020x_-2.2626.wav,8.903998209817457,9.730124126033305,3.959293426004885,4.245460889888601,4.608353830429513,4.291203818567062,4.772084049008482,1.4749870930016922,4.392252668150497,3.0099759607379166,1.279186807248374,3.569806660273123,5.4011205570394045,0.9712553551282912,0.1267470590896353
22gc010y_0.072628_443o0301_-0.072628.wav,5.341051615030956,7.90976823550861,3.5877736212521416,2.7370193780043186,4.019205562150771,2.7683552041526864,4.186292563439319,1.0076853480611596,1.3994142908665979,5.570742272863552,1.121543221708412,2.4590055788646565,3.318883532738016,1.2893994612345805,0.7193745890630027
053c010w_1.7562_441c020v_-1.7562.wav,6.624516632681644,6.401419140479803,3.709057426727785,3.1716676954666267,3.142909464040022,3.2054168727867447,3.3095257688550523,1.409285024705966,2.5628514679480765,3.6300941370624877,0.992657560597682,4.4167279771449826,4.220074353517267,1.2787944125033337,0.4335327953309471
445c0210_0.81269_052c0111_-0.81269.wav,9.580605598969282,5.994273589534511,3.7690969139663286,4.8721624242758494,3.1643480964146256,4.769874472831738,3.0546340362884643,1.5822535648947995,4.278834957557497,3.554258608908066,1.4201241947819263,4.0421204729392155,2.1867919448346234,0.9333675978866754,0.367790953301477
051a0514_2.095_445c020p_-2.095.wav,6.321114813488789,7.107896081636056,3.335022313927406,3.284302548225124,3.3042328472930915,3.281641002975227,3.474212011242332,1.7533187480596837,2.1864834508306368,3.934919745216699,1.1100960439739609,2.3545563556510447,2.4003761943112556,1.2123390651629686,0.4457805415971416
443c020s_1.3536_421a010w_-1.3536.wav,5.070792586533491,6.637290858757874,3.497727388870218,2.604221489112684,3.050101816062712,2.657768582677472,3.1902185844052764,1.1209257227700893,3.081283550022043,1.3684033712645909,1.6031801055046793,3.3115461350391664,2.638192582868887,1.757085515575461,0.2133001209030329
446c020h_0.63239_440c020p_-0.63239.wav,8.141502481792052,7.5258580822046355,3.0884873450711314,3.867665212213754,3.6763535771782023,4.017354519284473,3.6860029993727146,1.4264886462111417,3.818653421789717,5.190115798270799,1.2773052313985471,5.444248578025414,4.393167465978438,1.392731748445445,0.5318323554971879
445c0204_2.4737_442o030x_-2.4737.wav,9.275050797780352,7.617525200221157,3.0704794266996283,4.725366037108624,3.914158446201677,4.595947256401115,3.838324554041365,1.4057130222983747,3.1010048219098203,4.6018273948324975,1.613868391568949,4.2001236449052675,2.24795940573765,1.3233336816767918,0.315414948337375
442c020m_0.81659_421a010c_-0.81659.wav,7.490950142442729,8.939347440149927,3.0122737941651327,3.9704368816972666,4.370098485425996,3.850115031273903,4.28052922557253,0.9783925793380612,3.7984151515259907,3.59520013642477,1.0953376824798753,5.208629651679656,4.330745493950812,1.1016869505004545,0.2357567249069822
052a050r_1.7215_053c010s_-1.7215.wav,7.762259562801651,8.423347408250413,3.181623285654429,3.9283504017274273,4.199805287084963,3.889933775174071,4.034202863176798,1.4420952884716054,5.799320753106785,3.443517362071104,1.3367419418655773,3.5513221279404372,2.317270477787485,1.1973989168516266,0.8072409798766347
440c0211_0.82218_422a010f_-0.82218.wav,7.2786713834627665,7.561269558094571,3.628198923812271,3.8182845281835434,3.822842838363334,3.686814743863176,3.7506230639884697,1.4313516440836629,4.557784989438722,4.6238479446417635,1.5976794963655268,3.9489623043621056,4.394451500193507,1.0475201239454757,0.2274833652152491
447c0208_2.4533_446c0214_-2.4533.wav,5.8290460995935,6.435855128135555,3.5549033594429087,3.1460286922614435,3.4036888886033245,3.021511655342518,3.2879499257734683,1.1875981443879362,2.797555985887039,2.475434830689041,1.1673696791445385,4.365076293103138,4.248552802540746,1.093556516865437,0.8132095417319538
053o020l_2.4055_446c020d_-2.4055.wav,9.904057592250146,6.392428640102578,3.9617474619749657,4.959374287963568,2.9938875740299853,5.108935626167089,3.0053508246497875,1.2307198679086992,4.6516094527709795,1.8608407488903698,1.025768507040403,4.909206594477804,2.166428248761681,1.3910765394217586,0.3008090988523156
441o0302_0.64701_446o030n_-0.64701.wav,9.884153007796062,9.137897032061703,3.945921281532987,4.8777046413971945,4.38476080334519,5.021037968992783,4.42898248581404,1.622777284500791,5.3556605402297075,6.133700146055858,1.3974888022623992,6.26752976211082,5.026794307248851,0.9346526626871324,0.5702786931787365
447c020u_1.9191_446o030k_-1.9191.wav,5.271352772551239,6.128710912244486,3.094231210162818,2.865603350457309,3.229837524897853,2.71686274031162,3.1475196599262207,1.1018408720740631,2.5440368184359876,4.7788356059378225,1.173341903102034,2.0111619620702577,3.3986429511609515,1.529551278345462,0.2322356227372549
443c020v_2.2768_421o030i_-2.2768.wav,9.815846077009931,6.248324892822333,3.896374730710046,5.049373221427121,3.22535012163296,4.890813182094089,3.164041770434227,0.9770146769876188,6.202753786234806,4.161091463113255,1.2363558432029336,3.746255699860908,4.379489031084383,1.0767521144593748,0.9549473164543152
052o020d_0.25565_051o020x_-0.25565.wav,8.083034182107122,9.56751224384188,3.01556482549629,3.88697705184274,4.74623320163446,4.056530158836971,4.758551639384564,1.7219793146988789,4.412950147799253,5.244442340095496,1.2530831251871188,3.2672882604658366,4.421832654319905,1.3267071576168643,0.9671074729564124
051a0511_1.5823_052o020v_-1.5823.wav,6.097945873581159,9.902646437483584,3.4133010858923827,3.000649916099572,4.862772253153381,2.862839026815009,4.922001965246199,1.0269668781238943,2.2725465282384936,5.573765587755644,1.4989608117451363,3.311218680549097,3.4595200196276004,1.7421213695452715,0.5179238745295492
053c010n_1.0505_444c020a_-1.0505.wav,8.263113646442452,9.942686116598573,3.834474673733392,4.057955355069393,4.92742191928486,4.132478772002281,4.774627088453948,1.286866959010692,4.349044458099245,5.464252916219803,1.637686812502671,3.886646401992471,3.587315161230652,1.0864288475406727,0.8299770562366093
420o030v_2.3353_440c020k_-2.3353.wav,7.823147871924112,8.834351156316528,3.533294683056386,3.9680700471491455,4.351213846929113,4.113221623176507,4.313385022247749,1.7246228780648138,4.287669331181556,3.761854830978635,1.367978161061628,3.6964171211294445,5.266492627354955,1.1094938920891302,0.4736361197516146
050o020s_0.13113_444o0313_-0.13113.wav,5.082998095236048,9.23100584038842,3.2857601578124305,2.7199951330936805,4.386385347241927,2.7567141781952773,4.531821627883406,1.0214549565001498,1.563536103360108,4.138235208972086,1.7519562623943274,4.676860497581486,4.018868610738876,1.650153012146421,0.7805158111827116
423c020y_2.3007_443c020d_-2.3007.wav,9.56220720078054,9.569113088125167,3.454610856014801,4.60059902938791,4.82035584163238,4.757524645267651,4.789141244393849,1.5903069436540438,4.293175054464614,3.5436533651385203,1.5493875763925065,3.378135425401571,4.911110314817644,1.5308662183794288,0.501899635793396
423c020j_1.8215_440c020v_-1.8215.wav,7.948670575495521,6.649136248450112,3.072231941211333,3.8707394023473527,3.400544889696773,3.719397410847549,3.4779761599231707,1.2616515695371464,3.8796716085197493,4.5869270993919375,1.4578368307483849,2.344490081759284,2.2794300206819043,1.1216210334611936,0.4899074678157351
050a0510_1.6168_420a0113_-1.6168.wav,9.308162486026312,8.297870074326118,3.367658465267898,4.535698172494798,4.099124665618593,4.5359824408541884,4.2491243962566845,1.4301171288570036,4.980646567657506,5.831342737784735,1.5678060015203437,3.294978502821949,5.37141762082132,1.3111934532185507,0.3947773851101648
440c020p_0.68383_052a050r_-0.68383.wav,6.43699642404953,8.598994231919757,3.360240121352232,3.0220727866798414,4.21145242424517,3.1825376708594155,4.155318468877356,1.3596861050990272,4.374822682027753,3.5320545930618796,1.7068192551189962,2.6291918328375155,2.609281015287492,0.9424620230995356,0.8621357321664369
422a010m_1.2976_441o030t_-1.2976.wav,6.411963314448668,6.826461544153428,3.6493206282111927,3.2700770357623097,3.640287164240601,3.3081036123933667,3.4745947399426798,1.1559217166844378,3.9133435382043458,1.7691727848612129,1.2159182582178911,4.500695742871068,3.0998470771670736,0.9484481570358252,0.7449616331423508
422c0216_1.1537_446o0303_-1.1537.wav,7.7326930592964445,8.738310161360168,3.216666726396918,3.961085487722044,4.409230377907281,3.8503991356937375,4.5104654087743965,1.0837546699783691,4.772370928621533,3.894981132051394,1.5591410369674776,5.0588084607095665,3.1815890060350496,1.5646813299640363,0.5665580088308079
050a050t_0.089726_422a010e_-0.089726.wav,5.968465451393769,8.024041149840086,3.757492230304647,3.0867692437038388,3.8803544139668578,3.2556929580828067,3.899453595111943,1.4040835673237253,2.2446620858708,4.372433068797918,0.9429524883717308,3.771214486458877,4.7087223720711044,1.1541277221653043,0.6559058753937077
420c0209_0.69592_443c020w_-0.69592.wav,6.148213112150112,5.81605089817304,3.3510133089384446,3.0490247868828844,2.9241267729802787,2.903718132536093,2.886898071652648,1.3810022041710712,2.4093468994804654,1.0824497669359625,1.2999827734257596,3.433777527024058,2.323569230155159,1.1606308139474948,0.2465665671477934
423c020s_1.8035_052c010g_-1.8035.wav,5.890577052243225,5.014970908746854,3.216690239391241,2.961385321662418,2.2740466709043163,2.9456197022852115,2.4433140488767213,0.9898728621870412,2.5662810032964374,3.0638490286457127,0.9249378720762468,4.34601230651654,3.1198409871259947,0.956718549848866,0.7801757870008221
445o030h_0.55918_444o030g_-0.55918.wav,6.991366459513497,8.63480776372425,3.705181244247669,3.598528592383321,4.223715371440306,3.6575483231861674,4.064289302756544,1.1649194327930532,2.6264764635263376,3.938490468862511,1.0351793539596506,2.87962999496447,5.159497877119052,1.2117421363447292,0.866103131416702
443c020u_0.38985_22ho0103_-0.38985.wav,9.82593118962266,6.785357228203979,3.456037463072434,5.050790199435442,3.1381937240226683,5.093072201739956,3.302851649070693,1.3137812560821078,4.245075213979903,2.164895890132958,0.9757485427738994,6.138222182855636,4.631085919733328,1.5477214965761044,0.761706544760492
053a050c_0.49408_445o030l_-0.49408.wav,7.762356127241759,7.479131616358857,3.7980328647684463,3.975650319061693,3.765744220952564,4.089106288716303,3.639143498404342,0.914824363579718,1.9717990406615185,3.680411282012042,1.288214988109737,4.74551479550472,4.016979606896578,1.340361566924519,0.6788186898240067
444o0313_1.8066_443o0308_-1.8066.wav,6.311413178680348,5.867296328682895,3.3755524583847283,3.2565449410529883,2.7759557688535828,3.4065103801575987,2.7727359747357387,1.608544900192454,1.820900210193381,2.134339498644251,1.3768576785322852,4.268583711281447,3.844525613279814,0.944417682376115,0.2933558404363895
421c0207_1.8409_420o0303_-1.8409.wav,9.34503491394051,7.21154313097232,3.3981856500518943,4.717131108949761,3.646088067502524,4.75868655578638,3.481245279251994,1.5681865748932298,4.877172010694112,5.071711142505445,1.180412842660836,3.8373529418172536,2.807223694177342,1.7100523172521902,0.4734912523828133
447o030u_1.5869_051a050h_-1.5869.wav,9.884338980085811,6.127801142863738,3.772096888969352,4.969760569621575,3.1659404366389805,5.109991386586972,3.112692732714613,1.6674114583004662,5.798922662817631,3.6791857851955014,1.2040592516693365,4.648030771376688,4.234315838118089,1.3402922478707333,0.2825062648545592
22hc010h_0.30143_440c020a_-0.30143.wav,8.86272456907669,5.117381214502859,3.2105965614608563,4.383863312445644,2.7703236391399533,4.441925420185074,2.6105463202087145,1.781979631475675,3.4652573449416137,3.3854082654224698,1.5217298627990927,2.928747258504568,3.0304114132909907,1.7092390627446905,0.6680168687693315
440c0201_1.2438_442c020o_-1.2438.wav,9.339313688665168,8.476535214724876,3.542472402660512,4.687486508316156,4.147091380903644,4.818564044529926,4.03883853105604,1.5233387819483106,4.120121545741938,3.3715229974306014,1.44324688808866,5.6045204476042905,4.374149049703605,1.4943574521135554,0.565202278609504
447o0303_2.069_442c0214_-2.069.wav,9.161086795573407,7.093289399973299,3.3409670852862026,4.779117683794558,3.6544016863951225,4.654346968914046,3.769867130178993,1.2950452398955332,4.273796793666592,2.971207245546783,1.6263555423670355,4.783536712118073,2.871197246289938,1.4914115443592622,0.7395133020775899
22ho010b_0.57263_420c0209_-0.57263.wav,9.150572986321563,9.642993043408897,3.759757531255392,4.414883864588795,4.954995997754361,4.582494623667385,4.9265947048067,1.7968367539757284,3.324749031796135,3.999361050876308,0.9689214782624738,5.359739909787199,3.532881058661928,1.2766981713091663,0.9007225482530624
441c020b_0.071563_423a010k_-0.071563.wav,9.463437990710332,5.851056032896027,3.5450018427297336,4.90746399748936,2.896864720186572,4.757469649254095,2.898166832884661,0.9430093461173352,3.323774363052235,1.6245932995425558,1.1407145751035068,5.915844764450355,1.4600129499408259,1.3203464980947262,0.7635643008124453
446c020i_2.0121_447o030x_-2.0121.wav,8.679662306190924,9.270575916023304,3.3603240919373443,4.438048168779748,4.796587021501404,4.310590332026953,4.684094800213451,0.9413915086889966,4.049896423926166,6.349261483810788,1.4563349237721686,4.477234798519285,6.688571073256481,1.289653530402762,0.7201422873034491
420a010s_1.4282_444c0205_-1.4282.wav,9.231831375823605,6.483409642893356,3.5747073773380413,4.513972681061244,3.170407495754648,4.416755994115242,3.30986686539055,1.6559528604243852,4.639746885617321,4.335071039836261,0.9677706179756684,6.337407518303482,2.718879797192609,1.3968641901895271,0.6417539447066374
053o020p_1.3479_440o030p_-1.3479.wav,9.04004705882246,6.14847618913347,3.4266812423212283,4.625086966934523,3.188660699354713,4.475746605948599,3.1746087749102183,1.1752918395392316,3.736324659129092,2.2184367328978714,1.1121287434886638,4.803286981198401,1.583242957315,1.4332245752194424,0.3690953297748521
441o030a_0.84357_447c020l_-0.84357.wav,8.001823282214087,6.732676582600257,3.289824162414177,4.1091213474217545,3.432890052086974,3.98602112478227,3.3471792873831787,1.7158524870352525,3.3004070352992234,3.3462365209216447,1.46944194939078,4.134194669516364,4.96088776191371,1.6712799516693502,0.487800571554262
050a050a_0.032494_446o030v_-0.032494.wav,5.465151477173963,8.728229750215464,3.877536228224733,2.835247474578688,4.272678708806202,2.9851102118894897,4.266263105505367,1.343595429840703,4.26933999252411,5.778382280843162,1.5777146278539211,2.0096906880224306,4.178150189128,1.5070887565150262,0.2387498140158615
442o030y_1.456_22ho010o_-1.456.wav,7.749018220795945,9.61357527017075,3.611104129467892,4.01834745481228,4.968900926806637,3.88291078244718,4.904426840704789,1.624872212597,3.770122359162174,4.228448462357955,1.497864590192811,3.504675350177493,3.1630158054988455,0.971416805395698,0.3250180011169197
051c010g_1.425_420c020a_-1.425.wav,6.203121914098676,9.143669606328654,3.100200812563749,3.020633463984929,4.744317834926892,3.077709853275781,4.60560126855676,1.097595514768844,1.1988085830626596,4.6228028817732065,1.396430547287178,2.8803889122883484,4.052809686728596,1.0833524196330648,0.4755338166799748
446o0303_2.1257_443c020v_-2.1257.wav,9.739089296950864,9.9385087985893,3.955644199724534,5.014511186400759,4.895292598053158,5.024152851461516,5.055001828515446,1.2190962711582678,4.974486786274138,6.402458003285804,1.3374705492901129,5.033775558098951,5.904576036675559,1.0004881009204414,0.8396801909752818
22gc0106_0.36814_447o030w_-0.36814.wav,7.352419713197133,5.934640252277065,3.1535339782851186,3.590129560550372,2.722972009498009,3.5971031231444965,2.892828918173358,1.0213796530283463,4.269559972327239,2.960200155699667,0.930250958824055,4.201085699472784,4.453207785207362,1.3800261305623125,0.6046522322763588
440c020z_1.8919_053a050d_-1.8919.wav,6.523045217700396,6.204052955267767,3.5969932751218967,3.236404222618438,3.060094816242109,3.1456098692979686,3.191838451401906,1.2030947150969065,2.33371270604209,2.7600522282801436,1.2718034523065906,2.7940411212504976,3.84479364292513,1.3900386325627645,0.4591133351720388
446c020c_1.1539_421a010g_-1.1539.wav,8.008182300781808,6.532322097152755,3.360428653458587,3.996461154517871,3.277064418843772,4.029379368809605,3.4234078203617204,1.1298363157237126,5.639390833863756,2.5091658076569043,1.5680660941330269,2.5365168439346553,4.377885108362258,1.2589720968338312,0.4925227800546279
053o0207_0.41254_446o030t_-0.41254.wav,5.386808459284683,5.985844922682056,3.002476970353739,2.6393427978109933,2.9324456801718184,2.500358604597997,2.8760241059565206,1.1193108457990355,3.376967091616403,2.2265725238798098,1.323486291985502,3.6976214460377426,2.4944145195800624,1.114176105334434,0.5772721154018841
443o030r_0.35037_22gc0112_-0.35037.wav,8.038750664616074,6.416166312795829,3.8135260114878218,3.865323051765303,3.2417075035620115,3.9989536389954745,3.309846084091104,1.6696707334901606,5.52450837164188,3.6211384611889255,1.5599095432606034,3.2764385821922652,3.5386650958461705,1.0290433459856274,0.2890613873678183
423a010x_2.4313_445o030r_-2.4313.wav,7.290638072479779,9.928907404347632,3.528948659620584,3.5861464102454024,4.844870706785065,3.549495619423179,4.6994172106699645,1.2715604728295569,5.157769671866368,3.842723187296782,1.618748864635497,3.5640679026976074,4.109250018250211,1.4244184640633732,0.5842024560106425
423c0216_1.4277_052c010v_-1.4277.wav,6.2673523295976015,7.86704078896932,3.820589599224709,3.146787953149151,4.077569508153342,3.011083242675516,4.01366151526304,1.4310126040381814,2.7089323352472365,2.3400020378670354,1.5925233972760642,2.2374937490490585,4.409929492502304,1.665651302751736,0.727086769766788
442c020f_2.2411_421c0210_-2.2411.wav,9.896933115462405,7.529465789343043,3.1737441874526966,5.074097394428876,3.8643735267538086,4.934812504181775,3.808698403504255,1.6099905802123486,5.297770366370466,5.002580751497308,0.9567309265554036,3.207172517802908,4.506722139448398,1.2589249104776774,0.5240221138815233
440o030c_2.3203_447c020g_-2.3203.wav,9.361710290324517,7.5098705621010575,3.432328965261334,4.655306222788404,3.642350320418809,4.515241619786956,3.738692974451415,1.023512182201329,4.370806138226147,3.1128708792758593,1.0137796682937592,6.010190990670906,2.8389496128599783,1.332833679936359,0.4784215610131423
050a050x_1.2094_446c020i_-1.2094.wav,6.337594528651105,8.413383647296174,3.107679798779042,3.2552405267635702,4.062796991012578,3.1184033072883235,4.163671047966203,1.4112833622139664,2.7771946728378123,2.4960385843282946,0.9853441552850328,3.3790826309416278,3.289134899468684,0.9423093152333628,0.92477964009471
050a0514_2.1666_443c020s_-2.1666.wav,6.699273203142886,7.086642170350768,3.345519574860398,3.454212310721776,3.79895606961335,3.3370125758185174,3.675812973426004,1.1048211511339394,4.7144979357361505,3.144697913613641,0.957213572564396,4.880269863469346,3.0351452640404326,1.7538656610893848,0.4508970051855203
22go0115_1.7724_445c020v_-1.7724.wav,9.09509807975746,8.00769760540362,3.538819249853306,4.488085409211191,4.223483065419192,4.540564804935908,4.061786086398653,1.4334952585477918,6.047525025698496,3.753283802835482,1.7420305124415918,6.0020854634839145,4.013397066465617,1.0050188959656845,0.7696092504816563
423c020b_0.06503_050c010r_-0.06503.wav,6.696109582319604,7.78321953734468,3.769494291244989,3.264035177195825,4.022714332473884,3.1384590195645456,4.104754741020917,1.448912578559772,3.429935319405508,3.053731641842166,1.131309616017627,2.694718161108391,3.393589365948682,1.7826208556087717,0.4261619513804223
446o031a_1.2602_442c0202_-1.2602.wav,7.673159281233701,6.67285110195504,3.3223069941183034,3.7007400174880254,3.4682758287564583,3.623676407475212,3.316746293642696,1.7444753083901432,4.9406537679937435,2.075159311151233,1.1246045356416912,3.3028067968192785,4.109160166147072,1.7613564985279475,0.2885178247579149
053c010k_0.75182_442o030w_-0.75182.wav,7.545912362822184,7.32048855560681,3.4916089994485806,3.765125791587106,3.7964175862814593,3.623077882783493,3.703023841284695,1.1330075313247483,3.5677825106424574,2.2118344997695893,1.005196801151024,2.808409027080486,4.466267683885811,1.7097917055063605,0.6973805790000205
421c020t_0.43472_050a0506_-0.43472.wav,6.0277269276679615,6.3918357096703495,3.2020123074042277,3.1938918036407014,3.272644841032038,3.089466557835608,3.393869294169785,1.1221027010461493,4.162535339087801,3.7738226642354498,1.7918482990056832,3.3285379897314162,4.579510503899588,1.3810308035508754,0.6250504834775603
050c010s_2.3259_445o030w_-2.3259.wav,5.369046410353392,7.682015321475738,3.327404893280816,2.528649246211584,3.7236715233914186,2.6780283874534985,3.642518136759509,1.1932193828140143,4.218954893534479,2.735353175172609,1.4907799577297358,3.908925210984332,2.743758362922001,1.734391910018286,0.1299938014191178
22go0104_2.1458_444c020s_-2.1458.wav,8.860974938348182,9.054479296100752,3.887899449273635,4.351283773959968,4.580902900739265,4.2465631878931225,4.473508306583802,0.9153485019439112,5.373069065608133,4.429511041232603,1.5677602931958377,5.6875623575408545,3.5105308078170756,1.4479420874146878,0.4775118548224485
051a050s_1.137_421o030i_-1.137.wav,7.052936713076464,6.532839682366139,3.408986884573393,3.693020329589956,3.341368206243136,3.610356522049042,3.192819578101241,1.0686220346455608,3.1190617318691705,3.841186718935004,1.3684305571748965,4.24062479780996,1.7009110589204317,1.7319633112927204,0.5216830129760001
446c0208_0.40744_441c0214_-0.40744.wav,5.933383674723099,5.151464039217643,3.3546073656574174,2.9514653594090525,2.4900731776177345,3.112710401432161,2.436221191368703,0.9387969867850064,2.2716196489408027,1.9281884046616207,1.4800997113391876,1.2893621442325582,1.7797712479573833,1.2865444804460535,0.265468641271062
440o030f_2.3005_22ho010o_-2.3005.wav,7.048232929213814,5.961983119350288,3.5748160991989915,3.453977705648365,3.225956581155437,3.457019376073639,3.055983794389366,1.4482386739274768,5.311459634520401,3.1486882372409175,1.53422571053587,3.708248510023674,4.03642147778744,1.1736649282249272,0.4823107549577399
421a010z_1.6848_444c020d_-1.6848.wav,6.531067379360708,8.40637139909199,3.765711713304269,3.434516089433136,4.125957239539701,3.337574860931068,4.240422947140318,1.641372332769604,2.723149061541968,4.670624690860649,1.4225580686163384,4.928073864473615,4.64391779080944,1.4717217274954544,0.4017071183437727
423o030a_0.87174_421a0114_-0.87174.wav,7.446887460255417,8.043085597442209,3.7668827265612057,3.696144520945365,4.077246686767785,3.8094125359278617,3.978908714539733,1.140840028940162,4.262879955217064,5.057004918713848,1.0621221757588348,5.042524508291396,3.49419739183274,1.4563691216361985,0.5267970367117178
22gc010o_1.7437_420o030m_-1.7437.wav,7.612736498846834,6.618737072125912,3.431187899742511,3.6723956696953226,3.31266802388243,3.8266759416229976,3.241270561084915,0.9784211924546714,2.7827984661183485,3.2841038385830768,1.5883023863900407,3.5886096822958518,4.588760000887986,1.6157432518788428,0.5676173686464789
22ga0110_0.50934_051c010a_-0.50934.wav,8.924456719766532,7.101283542218016,3.830030982937639,4.421515496747499,3.528584561484207,4.300509143684279,3.439942232327425,1.755424030172605,4.935197240647732,2.696676621492643,1.5368421257377998,4.84965078832828,4.663927037098368,1.1567386133948372,0.3078317335626263
420o0308_0.45776_445o0303_-0.45776.wav,7.572724675140054,6.32568848741991,3.827112439626317,3.703818975889101,3.222474374961524,3.618010888830375,3.099441971931582,1.794702645482062,3.720990559346779,4.051241022840027,1.1264349434924363,1.9120802352986603,3.2908634249495226,1.1137309637227506,0.4430377335341989
441o030x_2.2922_050o0203_-2.2922.wav,8.133773545332453,5.239557533671163,3.491077604575629,4.052254718840998,2.694300999524821,3.957409761750315,2.810509579735004,1.190123664019041,3.0553768580919676,3.895020313540403,1.6681876022411717,2.8713879716911945,3.0050450649818314,1.249279424577418,0.5996923455481747
421c0201_0.098252_422o0312_-0.098252.wav,9.117167367336004,8.797962679837937,3.5662705130023222,4.609740498452636,4.451487079107572,4.746462789417437,4.513188093307797,1.206536548303265,6.420887076488373,4.847513774374941,1.310719384884441,5.552597593514048,4.014718446315699,1.7925299298956192,0.4938407181632837
422a010k_1.1008_441c020m_-1.1008.wav,5.079586205403265,7.150349699078571,3.520925287679188,2.436851181468578,3.5510172129813724,2.3110108471980477,3.66531598931201,1.408146799567998,2.5367803491902206,2.7257593245151583,1.6750574782670866,2.0791459216510737,5.554994314777511,1.5108258246557793,0.5958232611149199
421c020d_0.32813_443o030o_-0.32813.wav,8.583606338383468,7.803026471950496,3.4746947781200643,4.273304021551878,4.074857974533747,4.283763463462025,3.925223085303567,1.6211125729330556,4.280978150134224,5.123813313571599,1.7292729277543673,4.098560942228303,4.78010031520117,1.069389179687434,0.5926288863276543
22gc010n_0.06892_053c0107_-0.06892.wav,8.397692367997061,8.571321725236768,3.7744916694410016,4.337977469608731,4.4918691021770885,4.453320307896128,4.395973170794117,1.2680253019289387,4.081462169586897,3.6344072830343577,1.3281497017447768,6.155716755781924,5.30072975847619,1.388003545921208,0.4341359654944167
22ha0104_2.162_445o0302_-2.162.wav,6.505248434838126,9.031345111105528,3.8856303977591375,3.1930728305872016,4.404844275152625,3.303460150166389,4.275559165120098,1.4779034940385958,2.1369211756931317,3.806850211780129,1.4942726623698055,4.3850215460885735,2.815740052295788,1.149632486713145,0.5203912762608858
053o020s_1.3208_442c0204_-1.3208.wav,6.204742449278536,9.8338742978561,3.6701488266905296,3.0738221702745934,4.7062480827504025,2.936753884508205,4.767176606752413,1.3540068303440689,3.639181281579186,5.861982294004569,1.766265256026096,3.4505359596700838,3.947238033490163,1.3755096590159674,0.5461248527512683
423a010w_0.4823_447o030g_-0.4823.wav,9.42182798606924,5.748503077372085,3.37610432415969,4.788586906234874,2.9810539492934782,4.907445230945525,2.859510958352093,1.221439120510594,5.270320759190167,4.2497055109512,1.1768423951673992,4.301755705773203,3.6482777807248445,1.468986338139025,0.6362115834926213
053o020f_1.9264_052c010x_-1.9264.wav,6.803026292523814,6.75381601421687,3.167660933814258,3.341167056310401,3.3284279217581707,3.4664299919826456,3.2134966512232497,1.131438060787573,4.8528006485236075,3.751594794614045,1.209823188614798,4.232012433651328,2.6560393118546575,1.2154279154471517,0.5323326083892705
422o030x_1.239_050o0212_-1.239.wav,7.550066765454817,5.697836393955444,3.286619932754756,3.723381846365564,2.932919296583367,3.635943171649872,3.0787084531210303,1.4801040684668345,3.347145335392281,3.759112890118604,1.6482004051688923,2.7400455697412727,4.165527864336723,1.573478512340328,0.2434603868282472
422c0208_0.9755_050o020p_-0.9755.wav,8.075366688481047,7.174376576352544,3.079817059015507,4.031453865527992,3.572097839085102,4.179839304514553,3.5940469050507677,1.14939904201541,5.490409487712468,4.8181772959106794,0.9397528394668244,4.758034543391778,3.871418755393197,1.6672293925124535,0.2740763222959032
444c0215_1.0299_052c010d_-1.0299.wav,5.04062491523276,6.752563060296909,3.035344546698048,2.4956399171762205,3.178986796071986,2.351730899257585,3.269486489782484,1.082345014565928,3.1060956814420844,3.7142728549691966,1.6574779776242172,4.124155904213712,3.6541304707341253,0.9167626017592284,0.6359055860407059
443c020b_2.1907_420o030e_-2.1907.wav,7.82970754828045,9.637911871392369,3.53476769698334,3.9799960873769855,4.935166001500745,3.866189997731121,5.061452081333469,1.2993450495161498,2.780942910402479,5.293234739738595,1.0856251275661393,4.760510579727075,3.43868887122321,1.4247312546690294,0.817310319982314
22gc0111_1.5882_051o020t_-1.5882.wav,6.015865308723679,5.84146597029274,3.669606228328472,2.8948034453140044,2.8679232995641395,2.770280919448592,2.951554277987794,1.5004951854187922,3.6065774338913497,2.73175219622086,0.9503321276452265,2.312683725418595,2.3767046229306334,1.1495230219686985,0.537510336722292
443o030o_0.87962_051a0502_-0.87962.wav,8.367758044051683,9.370757221506054,3.1177881728867,4.381866831147608,4.691268341104709,4.231960329367869,4.696563690400196,1.192565890987224,2.908625544201306,3.4490186589138774,1.2613524503164586,3.050986768507361,6.156428870435352,1.5862075718209132,0.9061336352294302
421o030x_1.0885_050o0209_-1.0885.wav,5.932770252956418,7.322431627779098,3.845117863424574,3.206795518470948,3.462742311544284,3.115372196803146,3.606066336938583,1.4644310446807691,2.0734011423565826,2.954126771080733,1.6631535403860276,3.262097894097427,4.287196271277306,1.402966445755589,0.9798692749579656
421a010d_2.3751_22go0103_-2.3751.wav,8.318762736100183,8.398371298992522,3.998436062997631,4.21744799528143,4.086520618272695,4.051810365960081,4.124785167829737,1.2534690069885168,3.0488032393635,4.025542916734555,1.4215403958760398,4.588662858421479,4.876105977241834,1.322593690251479,0.5132829393437923
052o0205_1.2573_445o0307_-1.2573.wav,7.638480198100613,8.067591575652697,3.4821479814792498,3.6263108913699313,3.9984410276811184,3.657723184575327,4.15532718970817,1.7022055798772464,4.160062586416642,3.5521239384894874,1.3719545697332212,5.19528626304792,5.232634439647293,1.3684293242891767,0.4700247993248424
443c020n_2.2455_442o0306_-2.2455.wav,9.805030551704965,6.753233755318355,3.7331654945031385,4.656239527905256,3.2615828269354328,4.79157915088459,3.3644574421318527,1.5631604687945528,5.223110396509334,3.945317319285934,0.954784323853451,5.826145185417517,3.214584342627063,1.2917613471780964,0.1661707890863479
445o030q_0.90189_447c020q_-0.90189.wav,5.002782469314961,9.545003841657229,3.2712019070134213,2.650675592215527,4.592582431522226,2.532673396060741,4.685186328322779,1.042157151153199,3.5678950829650953,3.9044884126886332,1.1229784141390953,1.2892588908764695,4.7785835515621535,1.010454335618221,0.4619046398418596
421a0105_1.3435_444o030b_-1.3435.wav,6.449678392545648,9.953112402070747,3.820823508871041,3.176711633330142,5.035733825523169,3.2953518286301198,5.127518922675066,1.1984416496621004,3.985091216964615,6.3028086128927,1.5890063815458215,2.1520440187950354,3.823614899786107,1.6110456856736262,0.4622441736971364
444c020a_1.7351_22ho010i_-1.7351.wav,7.138897398568454,6.9561943887934765,3.4445375223293038,3.4693425373104074,3.338622899939602,3.320832091873776,3.359709568624181,1.6010455389694092,2.3739142779709335,1.9263606115643082,1.4578749423160708,2.56799080091049,2.1163564333360854,1.435232499850617,0.38021329467889
444c020l_0.6052_422c020v_-0.6052.wav,9.560225525308455,6.932635554678878,3.079761330108492,4.930919922800944,3.4553574678044425,4.781434761903745,3.4429402752256517,1.4805271224913807,3.985619635359129,3.6712847595302174,0.9504452012362036,4.887478683785282,2.195061687571322,1.0107018438631945,0.5680874176899252
050a050j_0.72455_052c0101_-0.72455.wav,8.804744462491326,6.17422561972157,3.850956179741938,4.31432908305281,3.124874689179263,4.323204831130964,3.274611862573358,1.6705057175147482,5.868914076882457,2.3986489821509993,1.769910177737494,5.252296554043081,4.13896047058339,1.4139911532509537,0.3398459960774583
447o0308_1.9385_445o030s_-1.9385.wav,8.87333545252896,9.936047061733786,3.7545672826572702,4.5735990401929625,4.892056740722144,4.538251248258569,5.037832368333082,1.4525988205318692,6.188750521927451,5.474404916844831,1.0898960738045338,5.728689770001847,5.83797317607224,1.5570553431289706,0.2734184689355869
052c010d_1.5157_443o0313_-1.5157.wav,7.585259820559054,8.187814961219665,3.755059795031871,3.5668282084652185,3.856649391424503,3.657827732336319,3.9758932032355694,1.7378626280206464,2.434510802784779,3.054813537662835,1.6871595325546171,4.642612448454814,3.8579304588427754,1.744916264766462,0.5545769246024393
447o0303_0.63491_446o0313_-0.63491.wav,6.59049294512958,5.622567560238603,3.862210613987353,3.418297490225905,2.8761413795595425,3.2692174002423613,2.859554433773824,1.6003930535402564,1.6622817548409847,3.131944809743194,1.5116806884574894,1.8067937645871883,3.682290640820365,1.6649117307654668,0.3300430811499535
051o020y_1.0317_22ho010t_-1.0317.wav,9.017240787317892,8.87337782273491,3.5161601640993845,4.321437088508578,4.545920713372654,4.385852678036043,4.410456209439598,1.3509900050274988,3.31884252184529,5.447404589528917,1.4272409964442287,4.471814601605084,5.111493913486656,1.0348856796429036,0.4575211655817323
420c020i_0.29372_442c0214_-0.29372.wav,7.013864910829373,6.465210113932864,3.25605474375715,3.4794617342188587,3.456842036706198,3.588090890212716,3.32607619075221,1.6778937465494996,4.390098995927084,1.6498954747727712,1.2636547950504444,2.3649056740202803,4.244997225573118,1.6971271097352227,0.4950218198208334
051o020d_0.59081_053c0114_-0.59081.wav,8.915430184198955,8.404162056653218,3.1423193104585736,4.558662602576368,4.2429255312693765,4.391600838723695,4.274395629115332,1.6349052688519805,4.19152336267074,3.526499023699177,1.16887894456239,3.6863454260460764,3.767131312223126,1.276009274417453,0.856020774712298
440c020d_0.78777_447c0205_-0.78777.wav,5.379448940713566,7.699923730107843,3.773090792406768,2.551552718005329,3.6591426768978814,2.463495804797137,3.804559251043489,0.9658464159211008,3.273993699293249,2.02828192414979,1.0787574894377354,2.184745777163533,2.7987572612322733,1.0115354827698042,0.861327369705741
052c010m_0.87479_22ga010m_-0.87479.wav,8.661502952961838,7.513583484072821,3.113295867867625,4.2407978337789,3.5749530859558325,4.079637189364239,3.629057121774348,1.3561311039322248,3.835010873057645,1.9578073218284888,1.400864362086898,3.023660072181139,4.4042753110352555,1.01895732823175,0.8218487107183355
22ho0109_0.84568_421o030r_-0.84568.wav,7.285575809460635,5.7941955314037,3.486333614288881,3.8466361871543024,2.9389019221824526,3.740016194586556,2.8333927890002792,0.905206646307791,2.506161348256773,2.899408093817459,1.6995813858327975,5.317660231886712,3.8029134875828863,1.1863210785804434,0.3879445047911635
445o0308_0.10304_422o0303_-0.10304.wav,6.504541019935413,8.415617145521729,3.033314735892609,3.3663635664795803,4.138772913037549,3.375684061329432,3.969028610111784,1.393810209305149,4.975954617070817,3.944766140131163,1.4792164443651457,2.8014873167172065,4.869757986019454,1.297747160131584,0.7176075578383225
053o0211_1.6486_444c0215_-1.6486.wav,8.879779919990565,5.370475944917211,3.216370984678641,4.581171507939602,2.4039844061976128,4.608971166260253,2.5716960008989185,1.7176753921593235,4.699354938695271,1.2056641981250074,1.6720987481128524,4.757668959771088,1.4507763419874269,1.461010018039662,0.675483260893349
440c020b_0.36449_447o030q_-0.36449.wav,7.601891625605608,8.073394910832612,3.9477682584668727,4.057456827737675,4.0705052731001095,3.942595180803389,3.945178491989513,1.587977226808878,3.5514714120620656,4.589510335404558,1.3115702635640127,3.5776984855165472,3.523396263428744,1.2505550559483367,0.1745560729741786
446c020u_1.2468_442o0302_-1.2468.wav,5.829650653062133,5.265862619702627,3.327837784339009,2.691192801202942,2.5816399832124146,2.79406623957977,2.6908052509330997,1.795830197507808,2.116193394377446,1.0063102897152503,1.0260700550154989,2.6071903209857306,3.5844182813333716,1.6228599189491857,0.4992643166600057
445o030c_2.1823_447o0310_-2.1823.wav,6.597059193553355,7.74246492588059,3.684758524970768,3.2176456718634867,3.955452048466503,3.0707289690139428,4.040982641962741,1.14112705311351,2.916503329704561,3.4341085187501807,1.7665355794286135,4.335974963362419,5.224248595214721,1.0644348817862486,0.8003925144405427
22hc0109_0.77308_22gc0110_-0.77308.wav,8.712390526347125,8.845348172355475,3.24546587007869,4.601305488108288,4.536731898033764,4.433177816911236,4.511570694210104,1.0835147118930526,3.7653326441195,4.091197474430593,1.058462906280908,3.955795454629234,3.3719111148771375,0.9678540840337708,0.2693650782114702
420c020x_1.9752_050c010f_-1.9752.wav,6.777011105792557,9.186719050871204,3.1833029657603658,3.635002448606218,4.581287598891129,3.5187630580981386,4.486480404573871,1.3119188733896925,4.959359117792088,5.00032409743724,1.0287621597435743,2.3380976059224117,5.4551560102992145,0.9610742056482428,0.2134389034495172
423c0216_0.54572_052a0513_-0.54572.wav,9.343595987148444,6.76154834183632,3.449492589008309,4.702884948028204,3.405272707969305,4.715499220736985,3.574804062367329,1.7355101752016848,3.4456587662873157,3.6690913827614215,0.9311245924578566,4.991728019324531,2.572889366176392,1.3353196648425611,0.4087408646386146
422o0304_0.82888_444c020i_-0.82888.wav,5.499921076120642,6.616678638595574,3.6047294683178186,2.6369222041759937,3.4072808231540983,2.798686784254895,3.4595514710542044,1.225600840539602,4.0391859662230765,2.8436634644655583,1.2259027238152604,3.3167192120216895,4.037020528231262,1.6797236651111722,0.1531649303126296
421o0310_2.2765_050c010a_-2.2765.wav,5.690814875649341,6.528308489753138,3.183674234517153,2.643946153781782,3.3615322547558946,2.7709483738209824,3.4413472665338465,1.7273588077604836,3.197375138538297,4.2953385861116775,1.744723172184883,1.6975979861629584,3.2895273697407266,1.291315901641895,0.5693486477354528
423c020o_0.94621_421a010f_-0.94621.wav,9.225506483480302,9.28938411046592,3.7109667950341407,4.672122414101772,4.713165352998377,4.737315773829788,4.870167983063524,1.2351951391297369,4.404419445304045,6.470028398739929,1.5048403177149252,5.54558845507899,4.345041136397822,1.0976771651232111,0.2881888700940596
053o020g_0.95419_051c010m_-0.95419.wav,6.393001774626338,7.303062074803742,3.950048296584194,3.3011118565390483,3.793027474156724,3.3926683527710333,3.6742107750032686,1.5584300492307115,3.948567786299556,5.030101886161553,1.2771697564595172,4.4178171806194255,5.345092565860294,1.3474401576764798,0.4776176447367633
420o030k_1.791_446o0315_-1.791.wav,6.629827391624128,7.6389387693732225,3.852126113336815,3.2862059953967906,3.961810955742826,3.126301211800347,3.956291881275635,1.164210830006599,3.549955207122691,2.762587791292616,1.400751900453712,3.3110871507683335,3.1520049375814305,1.2660079205750736,0.758864509531405
440c0211_0.29333_052a050n_-0.29333.wav,9.754122026690114,8.47738894363002,3.479453395649047,4.814564443650545,4.264779293786469,4.840863327618601,4.117102725902343,1.050034191070615,4.19660004818517,4.3470445826667055,1.041016785466165,6.112179576390008,5.0766773236870515,1.7444994276838457,0.6887509910824441
423c020k_2.1641_421c020o_-2.1641.wav,7.864891658030233,8.414739716701334,3.0634708218368947,3.6841165523496975,4.299337579600022,3.822196664364409,4.380170015329777,1.2063243830200585,3.585951499136609,5.642123431521862,1.703739694944579,2.1478354671556104,5.5380363527739425,1.7650176374034636,0.6171458543756324
441o0304_0.344_053c0107_-0.344.wav,8.338229274001213,5.308370990141003,3.793267723222564,4.231270269916517,2.936098564054347,4.2369659763482845,2.766194005762808,1.630770985108828,3.389484396085598,3.8927716568417643,1.577022722447415,4.995977575222575,2.4732034856402425,1.4250445743913276,0.4356723226252553
442o030o_0.88054_447o0304_-0.88054.wav,7.559693475470927,8.299822985035195,3.1523877584821984,4.005003594968342,4.02094638309943,3.869706931738065,4.085713758519104,1.7444765060405705,2.216838050521286,4.2389385701472655,1.747309370897261,4.11038903193961,5.209440322456124,1.1119450950509042,0.6838133658735397
443o030t_0.34411_423o030a_-0.34411.wav,7.410684191894557,5.870719634924477,3.534257593504019,3.716755652699248,2.968800045774524,3.5694840574817026,2.9972794636421614,1.1178476053406987,4.292245307892115,3.6099493247071006,1.2097623814211953,3.0149403036999827,1.79218213360004,1.698227772941932,0.57191930660428
441o0314_1.7799_443o0310_-1.7799.wav,8.569329452219753,6.6840648752918135,3.13133857378163,4.448029541849934,3.29717687251443,4.327943230008206,3.207292070082365,1.252626005830498,6.067167028285576,3.8869317666824115,1.2399260512124932,5.816129675243309,2.9180327178814793,1.1203468176821492,0.5826600299000351
445c0204_1.3352_22hc010t_-1.3352.wav,7.828655816878856,8.353447321858074,3.6506987299557223,3.873764429572686,4.335506881460438,4.040532167156541,4.302514129208429,1.0132307406047316,4.796113471385722,5.277606621628356,1.3987553598589917,4.714772793417959,5.356676361704229,1.1176196466038677,0.296818953716227
441c0203_1.4084_447o030b_-1.4084.wav,5.420952113245508,5.160420613606865,3.1907308041618423,2.749733033591254,2.71382720731216,2.6326997738347035,2.807652662870637,1.5073679269218734,3.4516410773523214,2.7602867693702318,0.9595954719835424,2.4900338711934165,1.5226535680268476,1.1502474621056682,0.863368901473804
444o030g_1.0793_440o0303_-1.0793.wav,8.153815898967288,6.69343599668067,3.960675951244944,4.223840817369704,3.3144023403719496,4.273597204087198,3.476957875438644,1.7292542081144449,3.2699804804055574,3.254080782413944,1.511945330861289,4.3030470990777845,4.373157789010902,1.122639411719654,0.7409258586341032
422c0215_0.86279_445c0209_-0.86279.wav,6.582104549582728,9.719285265264624,3.859378151068827,3.022740156796476,4.896170331282252,3.168397288726477,4.932003275871362,0.985830731454353,2.8396823742529698,3.9418740826362066,1.206171347491357,2.177647050711329,5.796790783741273,1.0335643629802964,0.4935018286257617
22go010x_0.78493_420c020b_-0.78493.wav,9.544468999439994,5.328464185574978,3.8203941888611377,4.703580333162879,2.7016091190797478,4.565099445848798,2.759254967574716,1.153280676313322,5.252216525501308,1.2983022667182373,1.47046701754137,6.0357169863997235,2.123624363659105,1.090978796535544,0.3779668924543599
441c0211_0.80667_422c0205_-0.80667.wav,5.636875572886892,6.512357129925087,3.220681108126333,2.770166261397061,3.23399645664522,2.9172248814828703,3.1487101021771235,1.2009298544728784,2.6351961854981165,4.067778111096757,1.4742101803094707,2.0545034571665,4.478768305333781,1.5148135039201396,0.7029405954951305
22ho010s_2.4769_441o0301_-2.4769.wav,5.72465184811818,9.433612949944983,3.735789118422805,2.6501687447275897,4.711393943310448,2.8199120438390617,4.7207327016194185,0.931836155676173,3.558839748447422,5.732897991126626,0.9496875418789914,1.6281680288129428,5.236477638429725,1.4017027839204892,0.4341797409840811
422c020b_1.5462_420c020o_-1.5462.wav,6.663379964896487,5.481165908606372,3.899023475092018,3.2526218158258624,2.6737583966302805,3.179894431267827,2.520100570486125,1.304758618355567,3.13632166970977,3.7947006745314265,0.9518342420999945,5.132734722977,2.4295608302265026,0.941111751028608,0.8302811175784379
446c0211_2.2807_444o030w_-2.2807.wav,8.223876160150088,9.914057878992674,3.566600614716277,4.169827148031468,4.886183803799313,4.042236856799336,4.807312277991199,1.580272480052742,5.339975005954027,4.975309949744442,1.6112100094020336,3.070540328281813,5.508309737006127,1.1449474582704768,0.5978963535963784
441c020s_1.4292_052o020y_-1.4292.wav,5.379535084129875,7.553398253126972,3.906651486223344,2.583015546466907,4.01039876283217,2.4901906766868622,3.8925703131677634,1.044965377230677,0.6982420590369635,3.5776120057127136,0.945776126614318,2.892107436365398,5.025024352954217,1.4108240845213589,0.2363248121542128
440c0205_0.63556_444o030l_-0.63556.wav,7.525058614792391,8.674433014375392,3.6416770726651664,3.689644845109593,4.207272162837297,3.531976597232574,4.270838849170557,1.667679814378248,2.374925989265673,4.979546344288504,1.478155390108304,3.0198094814488425,5.14552426005587,1.0237970620171335,0.7136881019015624
440c020v_0.15008_053o0213_-0.15008.wav,5.112762690835452,5.762708952628177,3.3281722156079767,2.468720477374309,2.8785547116988908,2.3241790193158014,2.9186516804411853,1.1932356454913156,2.401224380658741,4.6099437104786745,1.5043133794985,1.5606146471884785,3.144012671377193,0.92774456074026,0.7150135699814864
423c0203_1.0111_441o0306_-1.0111.wav,5.732745567875359,9.980710191893488,3.492460602108473,2.6526769910954813,5.074535837169712,2.7614607668073003,4.943898590789207,1.259574510438492,3.399288518692775,5.098095761594453,1.0569716751443246,2.2762249269528967,4.10365446970637,1.2777013626629812,0.7497118358658119
423o030i_1.0332_440c0201_-1.0332.wav,7.460829823053058,9.090430921260747,3.233263525009437,3.703431444877314,4.437782982137345,3.543215041186359,4.494622264225852,1.6860506196410574,4.504906610753793,3.9526357769157627,0.9656923180908312,1.8726526763486921,4.713347806642814,1.0138760403702958,0.173368560156078
445c020r_0.35358_051o020g_-0.35358.wav,8.592106504486605,9.9161386382642,3.484195354420363,4.079245995551063,4.746796293399354,4.152443361426161,4.900230792873714,1.2425733535133725,3.5837209757618878,4.0749120313588225,1.1604088462404132,4.730290198441698,3.1780833295085444,1.1948012097360878,0.8571074308461242
423c020l_0.97849_22gc010o_-0.97849.wav,7.450112129062051,8.751396421260779,3.782273282061775,3.707926609326252,4.496332644673753,3.615783778001042,4.353470128122442,1.4960167427067037,2.76794522136509,4.535529867937527,1.0657168191510218,3.392358773949858,2.6579014628309565,1.3190509365403076,0.7083646331771905
441o030y_1.3829_051a050x_-1.3829.wav,9.944085861288666,7.012100832279718,3.4951558415948027,4.914510546948055,3.471507557082849,4.888106103553799,3.6394444659773497,1.352626694514068,4.551485109610257,4.502444407253564,1.751041987377234,4.502156177515709,2.3531089294481404,1.4970943969088957,0.6454080413749298
447o030x_0.70879_420o0307_-0.70879.wav,6.507295847791321,8.465605660462694,3.420721777313881,3.4777302973993915,4.185170801108601,3.407961430121188,4.052384110665935,1.6685109179142774,2.4769475247393786,3.905628185404075,1.5668611839495283,3.182884507070149,3.103189199025366,1.3820718331194957,0.8801134749011146
441c020y_1.0339_440c0203_-1.0339.wav,8.767396350752133,5.35420489119761,3.47566012706774,4.248187574506711,2.465578670544227,4.212655823619799,2.6318239552259604,1.6944110068843634,5.96616350269145,2.8703426952066944,0.9530138448070016,2.98387136410542,1.8033645768143516,1.192308656055264,0.2499997467127162
420a010n_2.4734_444o030v_-2.4734.wav,7.192660960008018,9.929544793427649,3.183534083718929,3.615047429129007,4.997621723735775,3.736725138592407,5.085340222467459,1.7146114532295236,2.520862064242456,4.66436616247136,0.9390493131474176,3.4008348666619916,3.4216015519073664,1.7611602108130398,0.5208781377901655
447o030z_2.1498_443c0212_-2.1498.wav,5.979586636069911,7.770441592475718,3.180467366818351,2.8435568253249803,3.9564524397868985,2.8094036136345704,4.102512557995909,1.1012785303159511,2.597592174861175,2.9992972759321557,1.247874997212424,2.86159696088727,5.068283732812835,1.192302934891025,0.3694642583684214
445c020x_1.514_446c020k_-1.514.wav,5.508308184043191,9.150000441304725,3.471217326587655,2.748710059676352,4.744393790750266,2.909056867952067,4.68792343502453,0.9055035091789376,2.1544635221804316,4.351140285598127,1.2244827671206406,3.324671157222074,5.339692428865437,1.7150514120958398,0.4918691577288205
22ho0110_1.3474_421a010l_-1.3474.wav,9.12325934007221,5.1451847371718005,3.102021087854032,4.494316393432494,2.364023882170041,4.597871777066506,2.472542463622311,0.9985791530397888,5.4605781996749965,2.9169762860559167,1.6509430890622616,3.8574689388895957,3.3575823979808006,1.2306172375944056,0.4715526509415665
446c020v_2.1838_050c0112_-2.1838.wav,5.340653291801432,9.509482368907378,3.3318322860991865,2.545463293919932,4.723219572440248,2.50760745111796,4.557488057133857,1.253900150049453,3.755737915781499,4.33726995829062,1.4478863989212074,3.843975693086323,3.360588813826904,1.551250133110862,0.4981934480092143
053o020r_0.68538_422c020p_-0.68538.wav,7.252081338824187,8.771741135156145,3.409186567191089,3.825857835780256,4.499911683890591,3.6775634112866906,4.416792710941436,1.5433542585707525,3.01300964374152,4.251527155500839,1.1598289809989448,2.785924247032411,4.566788821001502,1.3205198506164049,0.8653622008989839
053o0202_1.1658_422o030l_-1.1658.wav,8.326762585408268,8.28184803678181,3.1549607822523944,4.232526318403313,4.3332738792699725,4.243445744946971,4.163624929600493,1.5253659827949608,5.850594587766318,4.580824769279002,1.443791002055653,5.349041435671374,3.4363905026206303,1.018880354269548,0.9372969708071068
440o030h_2.1946_051c010f_-2.1946.wav,8.032623598559328,6.528901132108041,3.98730091460781,4.27129414749742,3.3813447286613108,4.123322348771017,3.3567612630457213,1.602221971329202,4.472444590499302,2.362742541715264,1.2310091670071408,4.501793781850563,2.6186236552961035,1.315724025730564,0.5936136746739467
053a050x_2.3552_447c020k_-2.3552.wav,6.354020065745408,5.326230679971938,3.4952602261631163,3.0873754239286804,2.8094324113463385,2.996271577756878,2.690268284140604,0.9045900345706632,2.9393467845744463,1.3541594650381483,1.6546229704161766,3.8070193808884873,2.164671767992081,1.5742958686469484,0.2151645601683382
051o0208_1.2047_447o030z_-1.2047.wav,7.660744927380321,8.130707342708355,3.3707574825421447,3.750226759508021,3.90992917937525,3.5802274682611417,3.9094382867613193,1.2886119312874331,5.124512313271134,5.017782080557268,1.191228138469456,3.547479539482894,2.421990170952596,1.7946505815424292,0.9326922144128132
447o0309_2.0967_443o0305_-2.0967.wav,7.647394742694711,8.502061514395127,3.834977437441802,3.706034337705828,4.139696257329429,3.65004248038814,3.979181734889509,1.2672029196470302,4.592215022723256,5.875010110149046,1.3110538403840108,4.613798109533955,5.803223100527485,1.5599280424487891,0.5984899699585713
22ho010p_2.3181_422o030n_-2.3181.wav,7.516445106836733,8.411182745726148,3.943066553388878,3.857678387564268,3.9651144203680646,3.877659753368639,4.133936057075544,1.1062180038347873,3.0886417087715285,4.855659170106146,1.50654886585661,2.3384881558175414,3.063883905879667,1.521810018835872,0.8109902320020852
051c010n_2.1656_050o020i_-2.1656.wav,9.244285272748922,8.638451319954708,3.734865301281012,4.635902292441022,4.419661083531943,4.487033217440597,4.438045819279776,1.3312893886881918,5.48863634268494,3.7646071629173394,0.9854938902735184,4.506858147463529,3.1187409618950555,1.1344481065291216,0.5745655729626296
050a0505_1.5097_440o030d_-1.5097.wav,5.078507220423472,5.102193502567758,3.7245014574208746,2.53311549862576,2.6600505086037427,2.5706546349186525,2.504516546889963,1.301565125522162,1.5943396996633499,1.3621307575619586,0.9922368540650977,1.7219174758539704,2.017875783609928,0.9564619194765788,0.9268954047790308
052o020x_0.81524_442c020d_-0.81524.wav,6.45985614187509,8.556041358216504,3.935958275736153,3.2710405685667228,4.218057028037897,3.126909289347469,4.308202323814335,1.6103463948486818,2.5517979016312364,3.071683856775356,1.212602046881799,3.9871570547186925,2.5100875393792506,1.2535994190442108,0.9279463458705828
421o030s_1.6639_053a050k_-1.6639.wav,5.269894844237274,6.344444244282638,3.4719731697934417,2.703240114559448,3.2988139728331616,2.5833277325343063,3.178310775211454,1.3338842885809292,2.676342091030235,4.048000601020617,1.4812679387717298,4.139626133322127,2.5473984822856397,1.6530664482992117,0.4177839852340038
423c0206_0.63481_444c0203_-0.63481.wav,6.687973825163443,5.702185124198029,3.1809037840546317,3.345991705156472,2.914984623865445,3.327360569672233,3.0638230624173466,1.329081066779073,3.710511405642153,1.3244901546941674,1.7355068003312328,3.674049482992916,4.507358324656512,1.7430920141180843,0.4854408443269479
446o030i_1.3338_442c0203_-1.3338.wav,8.334604697458623,6.243474355694804,3.2673836774348715,4.393083414420215,3.0142732412989326,4.248101942276596,2.946594790259708,1.094147285000468,5.301194545548479,3.0308558792858946,1.3125345417321277,4.073936718600065,4.232797448587183,1.0665419502148834,0.4711788969951062
447c020t_1.2106_422a0112_-1.2106.wav,6.324587444743062,9.88830452191987,3.645337465465312,3.3106881793042207,4.817400672522723,3.3339981845496225,4.9857949825675085,1.605125292698634,2.5246660261318574,3.48518544841428,1.554042946654694,2.083079128467387,6.123101406526667,1.4258148900514669,0.4562243076900473
440o030i_1.6439_445c0203_-1.6439.wav,5.6733474763387175,7.490609238100054,3.236567084180157,3.05170883668646,3.618947745021874,2.9953088229246934,3.4799548011445944,1.7696169818171437,3.0558495270037813,2.8960509270773653,1.7443898767459634,2.5229493212776988,2.8809250457101414,1.5630079647602022,0.2626939092655401
051o020q_2.2883_443c020i_-2.2883.wav,7.0395749668904966,8.575191858495716,3.267786819868818,3.2789648981139723,4.404378445616074,3.3693041296174653,4.524123271188448,1.6869596618901332,4.300242055329509,2.9285432967108043,1.7870208651238113,3.3340165830994604,5.452894323118132,0.9234808790360974,0.5815620616923725
445o0303_2.4578_441c0216_-2.4578.wav,7.571046785951341,7.329819363275585,3.482322075852585,3.757349283286495,3.5248571258284582,3.881595985886723,3.440816915851505,1.5400012255381748,2.171643301587249,2.7443789867461943,1.3537424142859502,4.23735852512694,2.6369856677888563,1.0694113117265267,0.8231363138615568
050o0210_0.73403_420o0308_-0.73403.wav,6.181531799107341,5.722209258102047,3.52201676341813,3.1411098080822017,2.753977572418125,3.2944748349492623,2.8273203875677075,1.3017759632901085,2.6676100797720075,2.043500633548027,1.5824941176087917,2.5163412137593877,2.3372401290367906,1.129130056655769,0.4116327203936928
051c010b_2.2181_22ha0113_-2.2181.wav,5.982710104754474,7.813010267049898,3.801086373982449,3.116759687024097,4.018255417617286,2.9733054888829265,3.97442742387272,1.2129756624695174,4.2412119692598935,3.1507920134213534,1.7187802336039706,3.6655828795065992,3.5674597937854378,1.5989149124790976,0.5478421165835627
22ga010t_1.2091_444c020e_-1.2091.wav,8.154442667553502,7.966820374690871,3.343049340677748,3.9770981349090224,4.035125199321528,3.90003898902216,3.906432200152237,1.069366112134042,4.987709561838128,4.451997822721532,1.4702163752928477,5.80808151081434,3.0425696786078626,0.9889692551155854,0.5323026006811276
445c020i_1.134_444o030s_-1.134.wav,9.030140185013009,5.116179250297398,3.879383842769829,4.6167474174558,2.4649193760026726,4.776583870268148,2.407020253795455,1.37129456695112,5.571071530094204,3.0656588945945327,1.1711361179295876,2.9774790659362864,1.5153053911638452,1.3566015386899042,0.5155031392706662
423a010q_1.6435_422o030a_-1.6435.wav,5.369589698699938,6.064146973076642,3.5525687083378026,2.5345687670499006,3.1190668429934054,2.435682370783827,2.980786401015847,1.103125156493117,0.6086055461471377,3.3995798745641355,1.540380702359331,1.5236069753796853,1.3869489338498724,1.2396159817889356,0.8627842666181338
445c020d_0.78414_444o030m_-0.78414.wav,5.964794139154244,6.696647798174872,3.603221027938633,2.8405836477379016,3.1916927384556613,2.985237620195613,3.2809968719109697,1.4040371930906284,3.416762001663734,3.9951183384072078,1.6966442838655382,4.8731992259491905,3.424036134768545,1.7635473464906637,0.1212583170294099
22hc010v_2.0527_447o0302_-2.0527.wav,7.739416113733172,9.685599216833152,3.6389734744760087,3.711789081978907,4.654451552329423,3.859096050624637,4.716906792208924,1.069716297273799,2.5030874080709737,3.431122205897078,1.6353108582391904,2.7112870751463536,5.414949966163663,1.6885103496519187,0.4787020699316237
22ga010m_1.4547_052a050o_-1.4547.wav,8.74990642304665,6.974575343118882,3.532558107257465,4.428557074540974,3.6191759194675,4.45497752774159,3.4715210527929665,1.410604915720318,4.479673077670393,1.890907834251982,1.0225407268175657,4.413599419866283,5.1964634640779215,0.9801107680328628,0.2881654726739332
447o030b_1.628_22ha010e_-1.628.wav,7.841764538966865,6.338796212155712,3.421458245168624,3.8455937627948,3.3836469691054005,4.008045749423998,3.333553536000581,1.718347865391611,4.199971142555383,2.791137132950597,1.6456349073616758,3.595100033794429,2.6041447061782796,1.79704505497782,0.6522012166975087
051o0204_0.31973_22go010c_-0.31973.wav,8.962798987081747,8.7854901613398,3.13851970705677,4.610949090939301,4.448950567349205,4.443534524703353,4.419414775299056,0.942701452351978,4.9211965078148,5.1897296153403545,0.97778464373041,3.284620066009205,4.109996579927563,1.749009090862113,0.2957471056709682
22ga010d_2.2995_446o0314_-2.2995.wav,7.391337714896919,5.915316646663265,3.3283763607688392,3.846086618485735,2.957472901586783,3.937611307253926,3.0763141038101107,0.9767982000338352,3.345395287445116,4.279282912271379,1.1631604798657946,3.0431297828917363,3.488586535596525,1.723797003488014,0.4860912875476796
445c0206_0.35718_442o030b_-0.35718.wav,6.689612423126222,5.5102283946980695,3.522989543717819,3.3541159933613005,2.7675860797886145,3.460677985960868,2.635130269296172,1.3444956955448937,5.008902955146492,2.5106866808977233,1.6537203620587024,1.915002816658498,3.562399461259086,1.694457372747546,0.4004197566752132
050o0212_0.03441_446o030t_-0.03441.wav,9.426178165077747,8.445074655187465,3.4614495746962746,4.8885816729665015,4.048182283062538,4.862964111363966,4.195978563589282,0.92575335355566,5.723347102577501,4.467406321098813,1.441761545850226,3.4994159599970307,5.482860528716711,1.6205299623343796,0.4271526076019396
422a010v_2.1792_421o0313_-2.1792.wav,6.329396041539667,5.3680562402139245,3.8231315826829433,3.2890245963458877,2.474886674212079,3.386243664508631,2.614344383879088,1.1266463952279513,3.692111258018007,1.5756072387540054,1.5479646394668798,3.5033789060328533,1.2316014746458164,1.3251996816671745,0.7326290598158698
446o030t_0.73358_445c0206_-0.73358.wav,9.771122175067342,5.30072666057694,3.461851453954769,4.878584906978398,2.69031572287292,4.757243710221951,2.7784991338395715,0.9825283678894544,5.478524758387846,4.097129255442023,1.3519478308462318,6.503171146373578,2.479765524078535,1.519917583207905,0.4661551725828331
442o030x_2.1186_053a050n_-2.1186.wav,9.687132113158874,5.944340670405653,3.2609128025761005,4.61321766129418,2.826162414983378,4.755642192549852,2.873228888152736,1.5607394893892603,5.124046207332599,3.9056111971007916,1.424677901505286,5.575265447059423,2.476394380459352,1.5957550246439114,0.2833144404726563
050a0501_1.7783_442o030z_-1.7783.wav,6.868857177318533,9.715856948514968,3.773430038713319,3.4860809200940417,4.706342936969966,3.443135244550797,4.8604716784562125,1.245651374151988,4.321369610586621,4.551520648655523,1.5217910321522012,4.743069304282865,4.667478015534015,1.43601248516069,0.9336402970483816
440o030s_0.43818_050o020h_-0.43818.wav,7.023165235965572,8.975235817179945,3.939823340346748,3.402753808384764,4.519151823932308,3.4458241118150674,4.3546983382215405,1.560991921453019,2.703415390040022,3.9614941006374216,1.2327444134831052,4.263518840590549,6.217120749020971,1.027537216507016,0.7766509519726459
22go0114_0.2207_446o0316_-0.2207.wav,5.823284570612881,9.336105756120965,3.793887192649336,2.9142836502408054,4.64757583802592,2.744446026152577,4.655004259396945,1.3923255769339078,1.9800514409364893,5.630625946558565,1.0821886121208206,2.6139497305358157,6.03204734005148,1.1365250032486798,0.4998337041216467
446c020u_1.6897_22ha0104_-1.6897.wav,9.263867005902412,8.486866878132211,3.218170531114656,4.676628104403741,3.975927147663283,4.6557110365097385,4.134553993659532,1.799441699607348,3.9642762812301986,4.249892673700172,1.7549225945268578,2.7191200127302353,3.697062726493468,1.5250661421439418,0.5297302182789747
422a010y_1.7024_447c020f_-1.7024.wav,7.73612168383176,7.595291232602715,3.0878471651231107,3.815787175442041,4.024545022069078,3.771017243277982,3.881381992015836,1.3228026745927075,4.5279608521982,4.333413925532906,1.1470766984638494,4.678263340778545,5.270014347719504,1.0389651495842378,0.4620363438938946
423a0101_1.9736_052c010y_-1.9736.wav,6.636751310170004,5.406882932049047,3.770109760290751,3.1013007539280206,2.4283440040798774,3.140335892337852,2.5938017266839477,1.1314614315276124,3.6434833706328518,0.6516462179233583,1.2714942774767284,2.544584588537737,1.5739739005535287,1.7540233906086755,0.834186317848133
445c0206_0.77253_421a010c_-0.77253.wav,8.399007300348922,7.219746516549588,3.519543845458997,4.093871486085941,3.403911594198706,4.213735690142702,3.494092371451063,1.350776410308196,3.5260737497044663,3.025154430522376,1.5045245456005112,5.268332108172208,3.104019644200312,1.4851960898513537,0.4172923916470074
051a0506_0.35956_423a010l_-0.35956.wav,8.926063118873369,6.877917692501775,3.6679910361798713,4.474418458692238,3.378599060838804,4.59608772732215,3.2598700034389307,1.2034793959544272,6.535600749509661,3.4815543995968627,0.9504698901924914,3.640899253469128,2.6365407267464396,1.4288435662665,0.5842221959401135
446o030v_2.2923_422o030f_-2.2923.wav,7.920005826746857,9.470024398571397,3.0618792118150764,4.038630332203139,4.66958558713597,3.9418277416703273,4.809332710419909,0.9914146734981594,2.1592374638372185,4.547319510838578,1.0278820777977302,4.154839900083152,2.903151595190669,1.1049658476604067,0.1769123462127661
422a010r_0.88757_447c020h_-0.88757.wav,5.9676906768016025,5.586987951336492,3.315975943618226,2.9105758264397337,2.9709630647124627,2.814788338078744,2.830518210504509,1.467816623192045,2.8006296185092494,3.633741769820915,1.5296555253948587,2.06763247491354,2.27223590902544,1.6180442137384268,0.6132869140498665
421a0108_1.3094_423c020f_-1.3094.wav,7.535241115787145,7.144465912935464,3.921000332587631,3.747162284953349,3.726103080272787,3.5989403604753782,3.74913047925849,1.0507404325918133,3.93154700175564,5.125145979171828,1.5311263983751262,4.575134206643899,3.270735530547813,1.4424463863235335,0.506615330172084
446o030l_2.3838_421c0203_-2.3838.wav,7.821417077219317,6.63703868979638,3.3673241736467547,4.112610880717729,3.4593940412206723,3.9723610257841946,3.3633212657266616,1.440531874237974,4.633450143058576,4.406783323922557,1.4906289507095614,4.003253372855299,4.159651822909784,0.900874718516496,0.9991503644575364
053c010p_1.0692_446o030j_-1.0692.wav,5.401700113876192,7.299264277957041,3.103931964625077,2.542282899098787,3.73757027777549,2.6480344603279264,3.870674024145002,1.693923202902481,2.924872466262298,2.8276066662806154,1.2389158829652065,1.7650900803108998,3.0660707736921284,1.1532453994059986,0.7920953884996212
440o030f_0.44838_445c020a_-0.44838.wav,7.68476551769308,8.511129721635013,3.539337839531801,4.084476630190059,4.357207568371335,3.965346522252704,4.448355894646884,1.3131451197974426,3.323517653591679,5.294299184985032,1.5516334530126046,3.0008705478611737,5.002546352229328,1.0383554982100325,0.2509719752020893
442c020s_0.5317_22ho010x_-0.5317.wav,5.526541550421641,5.500415163472577,3.9853737466532135,2.6970562742125725,2.598244161188905,2.818561386563207,2.5102867415322336,1.2481941354839892,1.2504795748889246,2.6241071752737257,1.014531870154417,3.6401495088561298,1.8987015975054793,1.4152249871351676,0.3484967866941925
053o020v_2.4685_051a050h_-2.4685.wav,8.846724537570202,6.747047066230049,3.448865285661238,4.452077128362425,3.355517573714232,4.591880684738901,3.258796502460397,1.0047802709362528,5.522950339931589,4.6753028544839905,1.403317251085709,4.804797239998704,4.085662339108556,1.0337433587317912,0.5933900586214719
441o0307_2.4043_444o0314_-2.4043.wav,5.839206501768894,7.549909922733309,3.874258409818462,2.950729036131849,3.794514835254708,2.8169836654797105,3.726601833339596,1.163170601615497,4.277168521073976,3.199802874996052,1.2573451413843326,3.5857859116632462,2.7232263304217064,1.4535649353578637,0.4120918832211293
051o0203_0.33641_422o030n_-0.33641.wav,7.163020519232802,8.62091393523686,3.25565678407861,3.390556956910576,4.410209182668678,3.503691725354667,4.508700421716127,1.6869585402272822,4.386819916089584,5.583399387097425,1.2582579949257262,2.1769986126840815,4.399248825625788,1.7530199702526903,0.232355125419928
22gc0107_0.9228_446c0204_-0.9228.wav,6.661111587196352,5.750373424986791,3.1466912452156874,3.383045710412334,2.944412533287992,3.243321721309812,2.9989763204483246,0.9178560521194148,4.613834084521769,1.9005757776085122,1.3749083530472637,2.1696887729325747,4.5077194554160105,1.05766328375478,0.4486941232434983
050o0204_1.7517_420o0309_-1.7517.wav,5.069171586104378,6.9280623862511845,3.605875973390937,2.604738476497793,3.354807507141767,2.742142621800593,3.454907960954958,1.7996849085876172,2.2994341708943837,2.903037804632998,1.1240235487277814,1.9538389209468714,3.2505620081250903,1.5950023095244514,0.7570875823303063
051o020t_0.32723_442c020u_-0.32723.wav,9.361562357490794,9.976633747297251,3.2597503024816783,4.804087907158826,5.145411693878415,4.700777124572389,5.010404722942178,1.3072411946170632,4.56875459214076,5.856610066588615,1.1685477075207855,6.590432624564395,5.433219930750253,1.3651165878634894,0.2229194754943084
053o020v_0.86845_445c020x_-0.86845.wav,8.07614648944013,8.948949180535362,3.5466225662708446,4.182411077622678,4.520189981910513,4.293028203463491,4.649278523116608,1.490723592869442,3.813993450116449,3.1804254293476686,1.0539165077470762,5.2368485405393415,6.025268660296378,1.583391374551418,0.808864714492814
444o0308_2.4306_053a050m_-2.4306.wav,6.5496884552117285,9.56362512197532,3.2400964149944227,3.544890837512872,4.961619968930554,3.382761872638438,4.91049073317698,1.7841270371368134,4.131640478039453,6.274289949971873,1.0758176005777726,2.990633358849966,6.594399809705958,1.446430092031031,0.2309142381812067
444c0204_2.4203_446c0202_-2.4203.wav,7.686143977706343,8.349852692501427,3.9023071297681327,4.042784708360174,4.05747533943565,3.8992919715173526,4.101176992417623,1.158230675824056,4.16529044037511,5.189776590575548,1.1559587748107658,4.659499821491361,3.139007336594594,1.7803364136371225,0.73094943211157
22gc0112_1.3541_050o020u_-1.3541.wav,6.7343746224318455,7.50419101401031,3.784312400530253,3.328953701039464,3.624867759323259,3.195076166760807,3.692519853270653,1.1279985581971066,3.7160826810777574,2.3161764892986016,1.6384931657201822,3.49184041017423,4.746721460582481,1.6153179749082724,0.4890210274720688
052c010n_0.7985_445c020b_-0.7985.wav,7.0168927468369,6.742075075574032,3.180584553050536,3.603097254522606,3.301661622348399,3.4697012353396457,3.3702582845568414,0.9151567010874044,3.405352994314874,4.189520248369762,1.657244259767641,4.038728737323561,5.014170038728072,1.678552079516796,0.2738491163232669
051o0205_0.46189_447o030m_-0.46189.wav,7.336918997325492,6.489358910841833,3.1639198863099063,3.5997775108058496,3.4257717285562355,3.454842488341728,3.387121511696241,1.194526042891651,1.9126658060020203,3.1816125254801664,1.320597160762389,2.654299374744997,3.829432346200777,1.6737848240500262,0.4113225200000123
423c0209_1.0887_051a050t_-1.0887.wav,7.950424325613294,9.306668019991855,3.901401425512651,3.822056400516504,4.7419555180655415,3.768305333576425,4.903234229626625,1.279826242105953,2.361609151615761,4.649239992161846,1.5469313555199389,4.893420147027218,3.8723601946579946,1.7941808951952216,0.4524283535186081
052c010e_0.33353_441c020m_-0.33353.wav,5.4413243879893205,6.165104296594405,3.832897709089521,2.457736180057661,3.0182638803215727,2.6032987930447016,2.9820488875646336,1.0410789512092968,1.2755932540760344,4.122942193338745,0.9836053881834824,1.5614761786918754,4.14046633275884,1.646173023683231,0.3765302164897781
052c010w_1.7292_443c020q_-1.7292.wav,7.9261664719403,7.782219465071307,3.1703127808173583,3.990537170737232,3.796455655104472,3.918333802881916,3.927934450620517,1.307470755743772,4.659824257234921,3.883621649842741,1.2325984782188992,4.070437808357768,4.701748215046301,1.4815529856062493,0.5780315002329688
446c020m_0.7527_421o030y_-0.7527.wav,5.420029049847677,5.645401271096909,3.203255235175173,2.6349810208204203,2.670997723723491,2.5108291756162964,2.5868174449617096,1.642517713600143,1.5039189412785818,3.597703547655993,0.9889033825519468,1.591557562957212,2.2492638249728825,1.1701573690546034,0.4118119120086705
447c020o_1.0818_050o0201_-1.0818.wav,9.824228746886424,7.133426160593636,3.710482068825057,4.917137097121427,3.4316572965166365,5.039709307495749,3.3138606359359875,1.0249482662268232,4.70674426088494,4.083640111616463,1.630635383023198,3.568053032173313,4.534589882874028,1.3173208380193957,0.9755095073567236
421c0210_2.2181_423o0311_-2.2181.wav,5.089453549455956,5.018191235184695,3.996518092438039,2.57637828318331,2.5527941171850363,2.73476260290429,2.6145550050229103,1.7600046055066365,2.3063466523407175,0.8084319114565002,1.5533035685602283,1.8027268553543643,3.54649713796858,1.552288504982013,0.4604349054696097
423c020b_0.17485_443c020o_-0.17485.wav,8.205485005167741,9.641518578871226,3.316448966995197,4.255079390017065,4.856161509384076,4.339917760373502,4.732458433774517,1.678996339315098,4.154707622520132,5.863815649055868,1.4794202065154187,4.532421949017546,6.387037139741281,0.9142810584568384,0.5096758153333216
22gc010f_1.2138_050a050e_-1.2138.wav,7.02030313933431,9.770426043322082,3.3766361288618647,3.460579475319552,4.760884884428843,3.4783729860726558,4.929951116938706,1.6604029183997744,2.742801173453204,4.129608973369674,1.2922497977851204,2.7031181832125997,4.426913915725725,1.416835388418591,0.5153203298844414
053o0213_1.9852_22gc010m_-1.9852.wav,9.204649330990236,5.056957161352538,3.787086376606707,4.568609038469476,2.7134987522922454,4.646794975310459,2.585487193125513,1.2527423961725552,4.991342924824796,3.2480520993949487,1.5693716348830629,5.223085917407645,0.8372180848919248,1.4827262477547052,0.6970400829642789
444o030u_0.065688_050o0212_-0.065688.wav,5.859463514809229,5.845922192294907,3.166515473809084,2.6689016244314856,2.7514642126737217,2.831081035775654,2.700495216842345,1.1823822933957648,2.9825185326578447,0.8801976249812373,1.335686893673467,1.1070677868616154,1.8926964070361156,1.4341298541923422,0.8392368354426278
445o030i_1.0015_440c020f_-1.0015.wav,5.439215001235834,9.005237231962571,3.0075031947806687,2.95666452509832,4.400922134707356,2.799635537725873,4.335792286520951,1.466099662058444,3.6856080059725573,3.896640015816268,1.2500800553331315,1.0459638902486441,4.2327852710620855,1.1764926489706602,0.6679193298963371
422o030l_0.68548_423o030p_-0.68548.wav,5.81482119619405,7.519281653427658,3.858355359721564,2.917387396181974,3.4905687247778925,2.965740199068829,3.6535472707678016,1.4302443601102963,3.698687305554359,3.6566382911611357,1.3522582128431253,4.021108150812255,3.3856282030906133,1.4748564192750822,0.7323161141502867
050c0103_0.29983_443c0211_-0.29983.wav,5.825973781297616,7.125099242138652,3.132124149248974,2.823075926038251,3.569819395082206,2.655657071776988,3.599330871457441,0.9598566715247642,3.0896036437003285,4.7666481346749325,1.363963676744115,0.9101774471408121,3.57128949019175,1.547649251766384,0.7132252788440885
22gc0109_1.7275_423a010x_-1.7275.wav,8.263158187794417,8.172597457096371,3.832604872767134,4.06152346701749,4.158935499858301,4.035289613467527,4.011247365846393,1.1675612137208355,3.1920401362181607,4.077474721191568,0.9474588184377014,3.2581677462017837,3.8679437231762956,1.0855058189073974,0.2778454280660339
445o030n_2.3916_440c0208_-2.3916.wav,5.682661548433078,5.283091250890991,3.431528751453521,2.8434138211001305,2.722802568656347,2.945826051515858,2.8324006300501323,1.4917601190367438,3.5279379924375043,1.2056817293253344,1.1898665087306255,4.185226628346709,3.873990717537438,1.0811208494432316,0.4139170148619813
421o0313_0.30209_051c0106_-0.30209.wav,9.25601802476831,5.516408750742327,3.950756939544081,4.615001698840372,2.496739154552194,4.663164056613226,2.6387968445719867,1.1224108166665512,5.190247182046514,2.971619543781102,1.3692793049348908,3.918744718155913,3.0611018800869316,1.3118132093266652,0.3170590607445686
440o0309_2.315_446c0206_-2.315.wav,5.30866427600495,6.555631159230591,3.348698818610259,2.508124109606766,3.047594951175937,2.6262382118939493,3.169861295035941,1.165461077486694,1.6808324421431653,4.883083735596888,1.1718542585569804,2.295334465643188,1.4148713637229553,1.0980846245871132,0.4130762807916854
050c010i_0.15396_442c020z_-0.15396.wav,7.372396002999849,7.545414346233617,3.7379199344354266,3.839534809527891,3.790910653983565,3.7549298217117433,3.667047842629109,1.6456597091976373,2.9420652115168275,3.3639593067207163,1.4003103166445166,3.9383362928811563,4.905698880302704,1.3887678890472783,0.2116858039259621
050c010v_1.7237_052o020c_-1.7237.wav,9.68101927618664,5.950900890426562,3.91677883252224,4.737318210355148,3.011349277103342,4.8820928280167335,2.9721024927644706,1.5386787610940398,5.454373156438809,2.8662858619318086,1.0718891813627924,4.135821672169885,1.820762087772951,1.5175493731353022,0.34853179985421
447c0211_2.1065_421o030j_-2.1065.wav,9.36600477907268,5.170443536320724,3.543136814504977,4.784597421533355,2.3975025445892992,4.838761910601463,2.537381807255324,1.064506326898306,3.8230813519967404,0.8255408946890835,1.1581238071197386,5.211147019109108,3.3806119857733994,1.3817577211282366,0.4355628618400516
052c010c_1.2986_053a050q_-1.2986.wav,6.1939430786234535,7.303293363371786,3.943816705028355,3.051119214710716,3.5598790989236853,2.930190446684406,3.471130954922591,1.357648739714631,2.4671276057338134,2.0723589736738117,1.390942212769663,2.3491576705267816,2.433344382075718,1.4800700136643248,0.4800858351795652
050c010s_0.47937_445o0309_-0.47937.wav,8.23054831465973,8.509047849014859,3.4442667387262493,4.331094640115159,4.323370746024509,4.185661779182398,4.286638158844837,1.051354904979151,3.1949316940067694,4.111114380967219,1.6142878974158263,5.577970090714876,4.561907754503518,1.0862571538530892,0.307731437641467
446c0210_0.91848_053o020k_-0.91848.wav,8.10048323144434,5.5722221124386735,3.4879056542527307,4.224250245626351,2.653258927561496,4.134569892778188,2.797679958969768,1.1838630167068915,2.945359248696002,1.5920499692579433,1.4072209702218927,4.637003774997071,1.3741665358536437,1.2116787718651942,0.4939838636265539
445c020n_0.45143_053a050p_-0.45143.wav,7.404716901415103,9.76150540139891,3.4030485549172718,3.742017871165581,4.9527281538222505,3.654942295948735,5.074866780802643,1.4006313721286427,5.11006369930818,5.842812186109261,1.7388708339519727,2.6701253177817894,4.55922686022087,1.7178163835913771,0.2405712653537332
22go010w_0.26447_443o030i_-0.26447.wav,5.1053538466287565,7.797837195529465,3.571349362495761,2.589268694654367,3.883298567014482,2.5913460496678016,4.03328418164518,1.1078699418468645,2.4950710652635717,5.2314970108873995,1.3034735412985563,1.8571015560587625,2.3810119862844266,1.0726770541954211,0.2356194363139777
441o0311_1.5974_442c020t_-1.5974.wav,6.1612391072825545,5.588139385559329,3.616527597677091,3.163823342006936,2.674502931205474,3.278008010392253,2.77177503155154,1.3165888891220174,3.2223785227696236,3.570593605674985,1.0082973148407035,4.481628477783998,2.081092295093384,1.2781180840471678,0.5724148703942139
053o020z_0.067372_441o030f_-0.067372.wav,5.645214205003061,9.497236772555464,3.987653933642711,2.997607426211041,4.525444966040645,2.9897837206654643,4.695264840117668,0.9711498826176996,4.5228261305452255,4.695175546164342,1.368150453492438,3.70169287344641,3.0847211227251274,1.0514811155267978,0.6959592583973566
446c020v_1.1638_420c0201_-1.1638.wav,9.583197930240305,8.967437091408506,3.912834629744821,4.916797560967999,4.683063203969036,4.89671543467455,4.514253523548943,1.3327421389293423,5.403030106410907,2.617935963596429,1.0961690703915037,6.686451428653367,4.454224704119735,1.4455134159561505,0.493117425294662
444o030p_0.2908_423o0309_-0.2908.wav,5.21082342173388,8.759269731192964,3.04331164861706,2.6853670192909664,4.457772933403804,2.5579163755221144,4.536869920722571,1.1616636785394272,2.5433035340788748,6.481787172909198,1.4942535073335153,3.4330278271622823,3.6477261013991082,1.5470069979761822,0.4793752479632083
052c010f_1.5993_22ho010p_-1.5993.wav,9.15353972602256,9.686143068725093,3.2843466002769484,4.456589878855669,4.851420745616808,4.487763670957473,4.684303437458754,1.6672402191849305,3.807361774540599,3.6971839942129483,1.503616337320553,6.279251815599017,5.3151125959061,0.936548532029286,0.4488645801125861
446o030k_1.5544_445c020x_-1.5544.wav,9.522815209450371,6.091383711696215,3.350550791593274,4.940351303568115,2.8707160014012625,4.790634736915426,2.861499186890216,1.5272677215484742,4.3153612696806505,3.891074214827451,1.341525000500766,6.07179029479945,3.6657941000615115,1.0182632975903103,0.3420278402531408
441c020m_1.4075_423c0216_-1.4075.wav,8.629169662257059,9.38481201780417,3.182386017635304,4.338759500411504,4.8061735919022,4.508758305954366,4.806810862645425,1.1576993448783846,4.384793656709535,3.0779672781508647,1.761319154424119,4.338500593430506,6.149915195494334,0.9568125941947576,0.4351508974166101
420c020c_1.8267_440c020i_-1.8267.wav,8.567718902478854,5.569000983650953,3.3224106129631634,4.201585850878138,2.8524739604910736,4.091640831033801,2.736232433438869,1.381744739304676,5.086040121810799,3.1395139518667814,1.1303622629409007,4.172161582793866,1.8247127663074771,1.4077279501644873,0.5898582439613127
22hc010m_0.14381_443o030l_-0.14381.wav,8.654836857864236,8.684090255381891,3.722845715178948,4.320901838535413,4.326669155081201,4.284984316057336,4.18103285610654,1.7246910561231057,3.6523241263846415,2.7182200388835245,1.633743426208336,5.068895038463243,5.686033137279465,0.978105931693564,0.4722160042673178
441c020x_1.6064_442o0308_-1.6064.wav,7.601185100657588,5.907564163283503,3.874346522631247,3.9022724751446,3.063176235882774,3.914235722622202,2.893597697412278,1.0426045365505618,5.480229697158727,3.0884985214618426,1.3905718078583191,3.484438917291986,1.7176934445846557,1.7296546899618006,0.6378282284240444
442o030i_1.5101_050c010c_-1.5101.wav,6.922332435467615,5.349773391968328,3.569392382324444,3.4756194728599623,2.630282851266061,3.622546951387452,2.544770769935093,1.4369365614286034,2.1284697763197302,2.648491347310901,1.3539673699179096,2.9487399186867496,2.8118415039761366,1.7349876278487164,0.795810944531207
447c0214_2.4929_22go0115_-2.4929.wav,8.832264490389218,5.534517280894662,3.0893984291975696,4.479487172495006,2.5990972258868346,4.594935234302428,2.6948664538512994,1.2822817831569997,6.042717098872133,3.694339646252274,1.2377974159577196,4.374925073822702,0.689577936833144,1.4036038901174297,0.6117837670447003
053o020u_0.33899_22go0108_-0.33899.wav,7.768730399172401,9.092769629517353,3.7679544502371383,3.918367339313745,4.482012109701909,4.071234430931221,4.434771742425456,0.9645220899266216,4.329735463382067,3.9303814794267113,0.9931509004812188,5.1594506053010605,3.3042315394952007,1.4420877014898452,0.7987384574864692
422c020s_1.9334_446o031a_-1.9334.wav,7.898182601259281,7.538908122504996,3.3122245638289325,3.8876910881553215,3.811059334829739,3.7476750879908014,3.714646059302304,1.5075193444725008,4.933930116474936,3.10469276567176,1.302650874697423,2.9727843560755653,4.628956347646166,1.5862538479074808,0.9262701288496736
447c0204_0.72006_051c010e_-0.72006.wav,7.811810280559429,6.530410672488056,3.630173916335074,3.8379883769925343,3.4150619449917508,3.7018535438293823,3.3520753813480586,1.6870270761321444,4.704168539162032,4.780633542451795,1.6530329685678402,3.4861406944782503,4.447378348578092,1.6909366542530218,0.2439058337467879
444c0204_2.1261_053a050w_-2.1261.wav,7.522136607685868,8.013739995080945,3.0785613746071605,3.884553721865791,4.194242020666931,3.92967086183636,4.040734875292926,1.3871662279421302,4.9155545877682965,4.56799448813961,1.4330977972562242,3.5440417012669574,5.707733069976537,0.9314685168271494,0.4318452481891371
423c0208_1.1034_447c020k_-1.1034.wav,6.153334170955585,6.688028869981167,3.786480266020754,3.155741171204878,3.443005484190806,3.0060036890900608,3.5234957721137263,1.1012898814636087,4.3158709932885895,2.7927298075256686,1.6520135332914911,2.6700794086234176,2.617401164139584,1.5710457535342812,0.53652910287644
447c020l_0.54551_050c010s_-0.54551.wav,9.898374395713883,5.072672567392187,3.6830356616477937,4.855153882756669,2.416422375012837,4.9988055100248125,2.373245876970335,1.36592372022109,4.0179449415115895,2.166771302888498,1.1092814147214145,5.527576651962248,3.7475611801439728,1.434780160825461,0.5114387516724341
051o020t_1.9682_420c020l_-1.9682.wav,8.360923075544257,7.83303011397189,3.6680289764251977,4.048020501958163,4.1968522688121634,3.992687483952917,4.03610943967683,1.7714252641400607,4.602121194496001,4.9208064530003055,1.4116051997429246,3.348456080375114,3.4824463640126253,1.26773234799765,0.1511819688046043
423c020o_0.83625_441c020e_-0.83625.wav,7.195404955573014,9.81444918190386,3.3365074340605947,3.766770465841986,4.806977063026906,3.64013378881668,4.920392899804616,1.1178368240901235,4.6988377232055,4.778968394354661,1.2921938611309325,3.5450202536574262,6.634470628658173,0.9272706352438164,0.9550127545204544
421a010j_0.21817_420c020d_-0.21817.wav,9.351771058466586,9.865849208606985,3.20733981334073,4.677925858221668,4.768456279933733,4.532917481562839,4.730082191035481,1.477902731713892,3.9793462058957467,4.263447195075936,1.7000084839444791,5.884384670462816,4.364182943833938,1.5556994181238446,0.4497503517184373
053o020b_1.6731_22gc010q_-1.6731.wav,9.971557943339208,9.260216833839085,3.2956232939275507,5.0838995855481794,4.640404622883162,5.221120862556356,4.722686584066917,1.1244416299677824,4.462535931593647,4.2741045883114035,1.4874632068697462,4.3701627930200555,5.423214933271323,1.1247268028644213,0.9211577201440764
447c0203_1.5593_423o030v_-1.5593.wav,9.492237944564046,7.693775955446235,3.672572854330764,4.5833366362523975,3.890822511230245,4.630802669630764,4.033114379147297,1.1991406143371486,4.311429090721738,3.307137693697174,1.7992885959638265,4.4855564541205375,4.978382285960344,1.5548620286962356,0.427364200643835
442o030k_0.78731_420c020t_-0.78731.wav,9.571924038489474,8.679202398575203,3.628001587240443,4.879933043976157,4.241776486270905,4.743541422270026,4.304205049672377,1.4989253225221764,5.7899003791119545,4.122175926435085,1.6111675696550931,4.039913434481809,4.146587127138161,1.3242219194492404,0.3139376096863205
442o030m_2.0645_447c0202_-2.0645.wav,5.073166463250924,5.041649987942053,3.658511259233856,2.6561978765899865,2.678672913531861,2.486983438580032,2.694996943946414,1.7504538289624534,3.1858859863364954,4.215211981509858,1.7673074872661927,2.9607718463502497,1.030856722566758,1.0342498674014555,0.4481004113809467
422c020d_1.0729_050c010o_-1.0729.wav,7.525138918537237,9.13389754521524,3.193694786817576,3.995464797814704,4.434964890786078,3.8622690624542617,4.329329214607093,1.0755997884283215,4.410611991246251,5.68034269625847,1.4065801781150142,5.754492355065055,4.2337713400376735,1.7643347420913735,0.8786534587035616
441o030y_1.3338_420c020z_-1.3338.wav,9.139284606643349,8.302716702799929,3.628910515209679,4.548086495373377,4.090728112260484,4.378405102774031,4.101131237057716,1.3876489517137984,3.2336916503917377,2.578176316191886,1.5865043591390204,4.4507410120526645,2.814191423137199,1.305663067298933,0.6591875013762911
423a010n_1.2546_441o030k_-1.2546.wav,9.071543376305488,7.406423635395501,3.4095116000519456,4.4373498984878905,3.5610208842654467,4.55911344365525,3.648620194013163,1.642011118019871,4.461903550015533,1.8532109695866006,1.578107416550165,4.989294021569161,1.9482878480309846,1.705248164113312,0.4184240668003742
443o0312_1.3878_440o030b_-1.3878.wav,6.727206495379919,9.798782272310962,3.906197532381865,3.2367198520219325,5.17138482669928,3.17628411713561,5.012490138466004,1.1025523633289982,3.911038308432237,6.709255747459368,1.1978560580842228,4.245703669593163,5.647500632781333,1.2019915473731697,0.4557410831146244
22ho010a_0.099093_444c020w_-0.099093.wav,7.8075235977123025,5.40889474046882,3.95572276666982,3.905881466645366,2.463886165949784,3.9980160036633023,2.5822551952120474,1.2745189692647412,3.3291210761880468,4.286014811700271,1.005010708017528,5.050508441181958,3.115549177435353,1.060004296620274,0.5868790171424605
422o0304_0.84096_420o030k_-0.84096.wav,9.81860511948486,8.368559064033766,3.409214582112392,5.06977544964239,4.292009957784218,4.925247208238036,4.332154539443081,1.1128923385001583,4.226697159262508,2.695707784607078,1.622845938826739,5.38203246572937,3.593345995274354,1.7974343866345155,0.7102401871442925
443c020m_0.82352_423c020e_-0.82352.wav,8.76706032670862,8.881504820932086,3.549192478015848,4.249714092072964,4.613386614701699,4.133945420036746,4.518005198403917,1.76448335257802,3.4846628634084587,5.2563982972886585,1.003987835480745,4.523242199095974,2.940171448070603,1.4339604182767505,0.4162253543337535
443o030m_1.1753_050o0202_-1.1753.wav,6.568987284298125,8.514689849777753,3.826825007237564,3.1902473635025266,4.341752964481137,3.2729503841111662,4.193226164265799,1.633310478892632,4.368518020071355,3.999213968429853,0.9986254623182502,1.6024144073145885,5.331394360024193,1.700868939119839,0.910347312637986
423a010a_1.8651_22hc0107_-1.8651.wav,9.235596507067095,5.4737096569884445,3.8217173002712297,4.537193172707842,2.668328238649077,4.7054512636298655,2.644054490704515,1.2353450608751977,6.334170685181447,3.5588610604309134,1.147521524975211,5.153001589661878,0.9729680153601196,1.5395025158515554,0.2938343487542318
440c0201_2.437_423o030s_-2.437.wav,7.857117029075619,9.688019889818804,3.3269782124788043,3.787190921378018,4.742397204621525,3.912026440028213,4.842477638690013,1.1410387906074049,2.969677425242569,5.376337554523179,0.9490734902609388,3.848541964574909,6.485539851738046,1.4110048063796812,0.5906216428864882
22go010n_0.50584_421a0108_-0.50584.wav,5.153543254974991,6.867030061839541,3.440546440322728,2.724423999879404,3.4892195682818,2.712783493528712,3.339671921654046,0.9285925556904072,3.50012765311371,3.608412583460571,1.0601428702734632,2.9157898233561914,1.8576643981489729,0.9414522434373964,0.3372240807009834
22gc010n_0.9052_051c010u_-0.9052.wav,6.683104915325751,6.166171192009309,3.4850997855998296,3.370676982493208,3.0793276305521635,3.263425216396169,2.947429720526773,1.1078055432447032,4.038632992783322,2.8634301429896363,1.1710644757975983,2.2494435943796507,2.1448202009421586,1.6839265815488993,0.2165753077472111
444o0306_0.51043_447o030d_-0.51043.wav,7.32042257806839,8.645711296519769,3.089552044776372,3.428790545554379,4.3774385007558845,3.5848124446667464,4.412895051594482,1.6450984933430075,1.7811440372247802,3.6412061643471074,1.7338515028546486,2.986922559065138,5.3668972288025465,1.241592218249964,0.923863849527248
444c020j_0.70232_447c020k_-0.70232.wav,5.756864151700744,7.729112001382178,3.07499348294646,2.8434284323478893,3.860317178876676,2.982149696402528,3.958584217598128,1.6035338751837287,4.306006117359997,3.769768886552262,1.5718849714701704,1.4622114117273046,4.315130900618941,0.918929685796002,0.4270483903458482
422a010g_1.7804_423a010p_-1.7804.wav,6.902324282748591,5.673931446616908,3.903366193656428,3.3403968076930144,2.782407051714969,3.4866333500098725,2.7490173273793315,1.0114689223823976,2.3854782246382324,3.1498516026864327,1.0036376297301632,4.3045087306021586,4.225353927514829,1.4600799778666789,0.4819231581052914
22ho010c_0.56638_22ga010n_-0.56638.wav,8.83128137836819,5.204258217031557,3.909727631473,4.465734155376813,2.852313413223267,4.42579389504189,2.6973786669447817,1.0238709646700286,3.022291426460378,1.7609642373209105,1.4879253150903398,4.662514482816285,1.7128131250349157,1.0571151421659637,0.4933230020474427
052c0109_0.69354_441c020h_-0.69354.wav,8.267233518254375,9.524187416426344,3.9348683185930566,4.202682487842504,4.798879575930921,4.034729833245814,4.8251836785372655,1.286098504232741,3.0625884274676642,3.616005968574039,1.7957430211709218,4.065297119690131,6.092571614161858,1.5105758264811175,0.4272881964453441
053c0115_1.9287_444c020z_-1.9287.wav,9.177725378559618,6.6692291116801385,3.9206696942541006,4.432439120394988,3.2957079304817056,4.353680976165227,3.168047620606301,1.660198669576732,5.15625829770709,4.936399400316446,1.2794802446055502,3.568259463049702,2.0693782375421694,1.4222532765235654,0.3334910549410609
421a010n_1.9573_423o030a_-1.9573.wav,6.734871620469471,5.445217010571212,3.461674232507968,3.178642986742929,2.7909750973928507,3.281666112173874,2.926201705819002,1.0704067608160033,2.5943996478485682,3.3602722183186415,1.630022959398715,2.1754564367587017,4.11845345931294,1.0111829847251093,0.4290527604624058
446c020h_1.1592_421c020u_-1.1592.wav,9.62625374365598,9.468510019671646,3.891197726719561,4.7345173617909335,4.830589397569733,4.840223846475153,4.724165062496851,0.9975325519526536,4.404768407208287,5.823625589054719,1.668370333035015,6.021108044987895,4.487590923147361,1.0043826750690252,0.551195561382587
441o030m_1.3193_443c0210_-1.3193.wav,8.847759103462483,7.923504225106699,3.981916598131662,4.205496730191834,4.069128077997215,4.33747063469553,4.140422457369292,1.3503071272079428,4.952813230493805,2.9732240702345174,1.083965607524611,4.755533101750601,5.479861644841981,1.245595803485772,0.3945934248965697
422o030o_2.0309_443c020z_-2.0309.wav,5.257139581038452,7.402840133306305,3.7277557288109913,2.524797569305652,3.646828154395981,2.587118626932602,3.7832689319379535,1.1817476686516235,1.1852109634716923,4.239893363231012,0.97785701551679,3.127622590483843,1.99764960422517,1.2509271821148924,0.500744951933479
444c020n_0.50765_443c020m_-0.50765.wav,9.939337518653907,6.283181684060901,3.583074586321596,5.20564072587212,3.1507605244762207,5.06061144619856,3.112465511258198,1.4909812456794318,5.241440308810135,2.3407863836189833,1.696484074696754,4.232231610299259,1.9106781318287092,1.3929281262923954,0.5417019144210873
052o020s_0.79894_444o0309_-0.79894.wav,5.739323365924793,6.454142900458216,3.1043992811523697,2.81438543496822,3.1473609739445814,2.837515841221402,3.295566858802649,1.704476394187354,3.7836183132997725,3.12301074165413,1.420594673202939,2.018298949290619,3.8682296169360093,1.1665222751673816,0.6465123680052005
446c020w_1.4526_053a0510_-1.4526.wav,5.436360246925162,8.837176262927972,3.925351386327241,2.9020464192183804,4.340211755350184,2.9234703663018973,4.171567115674437,0.9413352785610868,3.095836584736598,3.316000744240608,1.736832439518559,1.9468817904877875,5.652093082216118,0.928587453698324,0.4425160206635681
22ho010v_1.4658_421c020o_-1.4658.wav,9.718486219074997,9.35969192160103,3.7256127930411296,5.026989861835051,4.873771265823732,4.950151462262848,4.744946344511192,1.5975742965482589,6.4339390739156554,4.9110847979555565,1.732202581762234,5.959575784606931,5.071840316330673,1.6127671404537451,0.5739714820808215
053a050w_2.2548_446c0205_-2.2548.wav,8.729838428779356,6.277188161801565,3.0630480097882407,4.212918072506085,3.215432588981326,4.382911275679595,3.2169527451606648,1.3288218283773678,3.1858183159995295,2.2883968339571457,1.352644214847435,4.379817526914534,2.261021335222916,1.173897675943937,0.4640096537920468
445c0203_1.1095_441c020s_-1.1095.wav,9.698989656488266,6.517094469435271,3.4568723181556664,4.809614260300057,3.1797854641373093,4.902029356653911,3.297935580370464,1.0465489686021514,3.548965605850481,2.5505532129739796,1.6948966871294997,3.5799231001466283,3.5407690081123615,1.7638980924983112,0.2914444826558336
446o030i_1.881_22hc010a_-1.881.wav,7.159588456266187,5.697489721201158,3.1908175638305654,3.762399379360172,2.9535472698318896,3.703290492158797,3.102228605088926,1.0240802935633653,2.4661969918685887,3.108543945627076,1.6605498010305606,3.051610542376445,3.60372991064617,1.4562751166107484,0.4125472051903358
051c010m_1.8675_22ga0103_-1.8675.wav,7.478593159170409,9.015553342313506,3.0800562647243157,3.527279579588426,4.783826805491647,3.5528363691363505,4.625881085359688,1.5372933693064814,3.7911618194723964,4.11484331693643,1.336323436915893,4.7744522689766065,4.1267171234421145,1.5321374612999,0.7805772715548482
052o020b_1.6495_446c020w_-1.6495.wav,6.807405873117594,5.765731537450794,3.28966557566511,3.5301629238018126,2.883034836259623,3.571629678153988,3.047899957748361,1.762075505493539,2.367196330866129,3.9589418685639335,0.9555899621931196,3.2181530996307077,2.2650651528442234,1.322411280642812,0.4070561342213917
446o030e_2.4711_440c020q_-2.4711.wav,8.53554411846348,9.501745063465396,3.032177924910658,4.36952615493165,4.776450722527751,4.292990405166565,4.928247557171614,1.3267132950814111,5.278743712775412,6.433719545077138,1.1792567411868151,3.0483914635588576,5.102905184517792,0.9842963494563584,0.626392855315977
446c020e_2.245_423o030f_-2.245.wav,8.281886662703776,7.830454633582027,3.4201176538834117,3.877040513110456,4.125175838627887,4.018014494786592,4.07392804364726,1.7002777861262477,4.227073077436665,5.8170101736921875,1.1687015791045503,3.0095211890392877,4.189678341629662,1.608708698907558,0.3423922356358745
051c0101_1.9809_444o030u_-1.9809.wav,9.41247488989932,7.0074362627533935,3.296724303953982,4.686068978505655,3.690895539395101,4.72857778745344,3.526296021893254,1.2110250853933455,4.599795200285752,1.7256544142476673,1.7532011243374,2.914950848344471,3.69186085105397,1.0833530132466958,0.2423125748551752
444c0207_2.3552_445c0204_-2.3552.wav,7.300307386341181,8.381933887103497,3.133361270863112,3.5576497461636207,4.156474863827167,3.4890028919120994,4.0231046670013,1.3818628025477833,3.085908753509269,5.583848391858356,1.507000276772223,2.7063500900506336,2.9259797302442916,1.0096137304956585,0.4353904424063123
052o0211_0.19512_051o0206_-0.19512.wav,9.643034839353422,5.1762604754516985,3.605492606245509,4.813970935115796,2.656420763495853,4.662292006519923,2.733189914982685,1.5774000559840369,3.3656644532035136,2.081709847731306,1.0258903939759896,5.472535481571456,0.9927244471088794,1.282130885870856,0.8045376162388116
440o0312_1.0402_421o0301_-1.0402.wav,9.087738323488068,7.22049806613557,3.413821418898527,4.355039447362034,3.360148193882282,4.457250823235332,3.469933596564458,1.0410798600071896,3.6366421263307243,3.4676029747181776,1.2961682937026344,4.0946050944328505,2.6830769021466994,1.3223705746503107,0.5571936572303844
423c020p_0.56994_445o030d_-0.56994.wav,9.96846938406058,9.599336592238728,3.819031930358398,4.797526771683516,4.902381199666993,4.945700205721196,4.925718582671119,1.5535602020501424,4.4789847912885286,4.000956639392862,1.004984165792477,3.484503492368265,6.0553426374344745,1.4157968421682905,0.9089183988660824
444c020i_2.2791_051c010l_-2.2791.wav,5.722458306923701,9.933667689201007,3.373543333348773,2.6337458370315474,4.907568640231074,2.758736819447436,5.022795608926388,1.127013028586879,3.3252327700907514,4.306551691974281,1.7794110770702845,1.6959190454967101,5.3839458198057155,1.6477627265308443,0.4943188235346231
446o0317_1.6107_443o030w_-1.6107.wav,8.389470072208583,9.825514252369723,3.0735622227798234,4.40447779275761,4.8802069337124685,4.254836449390953,4.89057362823978,1.239718861842679,4.298007849325582,3.708407553688156,1.1774357203004029,3.876048912591615,6.2726252416626505,1.6581994541205205,0.2950574518283534
420o030g_0.96729_445o030w_-0.96729.wav,5.555326321860672,6.044711916286628,3.8229633653595902,2.7432798296644454,2.918266030990577,2.7846750042890034,2.7533829223414426,1.2373569118138046,2.6529999167545544,3.6222916716747093,1.6978126685801265,4.052945747709369,3.111837671512931,1.378825719808472,0.7460892717485048
050a050z_0.68476_052o0207_-0.68476.wav,6.868680279949605,9.435964294177657,3.4117983970635297,3.2051314019960904,4.934604418041975,3.2787631034782656,4.781377878118763,1.03908321245151,2.8904685421440153,4.0474191893013725,1.0316684903016884,4.5500990929938,6.237518071803199,1.746590620892447,0.5387111548880366
053a0513_1.8113_444o030q_-1.8113.wav,9.610069668541382,9.668492273046631,3.080463495497944,4.688134696994946,4.85309329826924,4.540027318172714,4.876846284153292,1.2440448094688414,3.7652540353489234,4.022870032515491,1.2357114681627936,5.353934477186244,3.9153265346012005,1.3770923394674817,0.5803248691931575
444c0206_1.8905_443c020s_-1.8905.wav,8.705960723560695,9.233049602915354,3.030177681792277,4.128985317923816,4.742884491645987,4.278495239038654,4.754999915214103,1.0606842452886556,3.3449276702347537,4.396456136918371,1.3671688112970166,3.7355250686463264,3.2336602424379084,1.1344405301731093,0.9485292343696312
423o030g_0.19909_444o030b_-0.19909.wav,6.622530778317464,7.85240531944162,3.615665316507034,3.457967009422938,3.959900690068296,3.558462208161464,4.097016389499485,1.4722904573381408,4.237618964982587,3.4022865175745856,0.9503694909948108,3.9105787560805028,3.292950612847551,1.626182462220048,0.913652393302652
052a050a_0.0072167_22ha010a_-0.0072167.wav,8.790559249755114,9.447264912424204,3.959291429326321,4.479146986674587,4.503083921530389,4.378597935742773,4.614393796908595,1.2127803417826484,4.362596588348785,3.7075666638919658,1.544499674197851,3.4320515963970233,5.307494353817312,1.463473206078295,0.6560971484652098
446o030b_1.1005_22go010x_-1.1005.wav,7.103324250969806,8.75611193020906,3.832100351309565,3.75182066230611,4.545831911957996,3.6758942260070144,4.393729393008047,1.6344248193699715,2.407639942167112,3.434294752946186,1.3968119795036482,2.7495976053891926,5.870434083861145,1.457867174761351,0.9495265279104744
050c010m_0.62964_052a050v_-0.62964.wav,9.182177104768597,6.860328046793417,3.07006427680878,4.7610174797762985,3.4911321209200024,4.641089054450721,3.581227474845316,1.0246128163592714,4.498787294143175,2.6949199128651924,1.2353906657874485,5.136723385930658,2.9306225736940026,1.1652286226311537,0.2987717479785219
052o020a_0.18385_440o030b_-0.18385.wav,8.574027886971418,5.0962246407886935,3.099296181669932,4.337991635983255,2.4596846736594733,4.1683673478156775,2.448388618434638,1.7347056154352605,4.417172340787058,3.8591330116658975,1.5880055396714732,4.963539966088056,2.0785356023187735,1.6795077672771628,0.8402115844271296
051o0213_1.3876_443o0312_-1.3876.wav,7.623565280776099,9.68148709942214,3.696136477093165,3.960884517306452,4.73308276580404,3.79567993313636,4.773175724901456,1.4628491474415335,3.296238324007825,4.106886586437691,0.9127898379544128,4.743576708759658,4.395485051875868,1.300061635437518,0.9595197061379052
442o030d_1.5949_445c020v_-1.5949.wav,9.005009216465869,5.791297574784675,3.0802891759233963,4.368451949777458,2.8287548701051115,4.487515811157956,2.9500965237660277,1.2950120284820266,2.8760676281432698,3.280690034192201,1.4263403933028438,3.7343649030565804,2.579619324132904,1.5377435389527063,0.9995871768414832
420o030c_0.82222_440o030z_-0.82222.wav,6.152466940598976,6.747607189102122,3.045847625909985,3.1684337889292267,3.2132860726583963,3.059886021609956,3.3168108629745388,0.9476339537192146,4.759555244929709,2.8148295070976346,1.6429751105170611,1.268336832519637,3.8566407471647897,1.2352556924935845,0.7683979843882347
445c0215_0.8676_053c010z_-0.8676.wav,8.288979005615765,8.303412807795503,3.945425798954143,3.960659940355121,3.978548651167579,4.110044054102984,3.9649697498951775,1.3143616315871405,4.068892598149698,5.650136301602305,1.7975312665197047,2.556654826834141,3.6999757041860644,1.116257228165774,0.3655824071580588
053c010g_1.9688_423o030p_-1.9688.wav,6.26547689536032,8.839806807943772,3.5489904120003235,3.122606491265899,4.481298830831388,2.952853433451152,4.490458490352531,1.248777475355815,3.865840612041093,4.731284563801863,1.1336852089522869,3.008074116994979,5.713063785373818,1.7474188990980948,0.7479236593883789
422c020i_2.3338_421a010r_-2.3338.wav,8.54303604615105,5.319905434339109,3.311624347364225,4.389585046401778,2.4860444821960885,4.466972182690314,2.6374090458728605,0.9558525709181628,3.29819298557352,2.6733966811885073,1.2629134717950188,4.265028686863394,3.3804098730053567,1.2182532029942208,0.6491327164482001
053a0503_1.1513_423o0311_-1.1513.wav,9.358908984400092,5.579340178687572,3.679269332727952,4.586579619283255,2.872521283379868,4.43812540875224,2.894000281857748,1.4839249367643108,4.4291670392915785,4.096749005590098,1.2891763703154115,3.3928515121452936,2.423016027363159,1.3468852832227194,0.4328389314995081
422a010v_0.1964_051o020y_-0.1964.wav,7.588607077812336,9.11520031748294,3.7385463098077305,3.593881836134911,4.369397171781814,3.624912945399556,4.536541032745373,1.329606016408032,3.4999798852181288,2.9323100564076436,1.3766252360435285,4.522668494365463,5.926559445190494,1.542626695444211,0.1399191465616449
445c0209_1.989_447o030u_-1.989.wav,5.88622227215796,8.956413720855512,3.0406778558076155,3.0806573057956435,4.281485575904835,2.958894752391995,4.369086264193362,1.7986279621282524,2.918511199505179,5.912376406212985,1.7243479311858143,3.1777136347785495,3.5648192321259056,1.676288364171036,0.2405465196807982
051o0213_1.8538_444o0311_-1.8538.wav,8.475830518070339,7.288852650838077,3.825696274921196,4.276801078988447,3.714475302363239,4.424666446003782,3.739691036289112,1.68532655609681,4.323317107982196,5.530116061219494,0.9477079519501178,6.07604022237206,3.4341955687302126,1.4156923856747825,0.5241809494208033
446o0317_1.6462_053c010w_-1.6462.wav,8.35554120427811,8.2856241810149,3.5427337754654813,4.056884548937805,4.171164396065738,4.086061251819854,4.003686875159401,1.6607336688075245,2.393347272199365,4.327855178222088,1.3370246205255716,5.565728954167323,5.060668051739116,1.2598409815128653,0.1139067698193541
423o030d_0.059714_053o020f_-0.059714.wav,9.620597207095836,8.634736993088705,3.264780753081284,4.88196300384731,4.376165027907308,4.941571332727139,4.2385174811505495,1.6443178597407009,3.040142416418884,5.041619795339044,0.9098601105551164,4.672497916003813,5.321531688793354,1.304691606458202,0.4728751009853059
422o0302_0.21088_446c0211_-0.21088.wav,9.735630624436252,8.072821373676165,3.644573357243595,4.964569548168496,4.087266643809366,4.902128531456487,3.950880722864533,1.5037901791283763,5.307395661639843,5.235890754107831,0.9912151441922534,3.7630427152956316,4.371093597610375,1.1535654205391457,0.8423895213663796
445c020v_1.546_440o030w_-1.546.wav,7.0961790935320685,6.933433005839294,3.8185830721453966,3.515778486368153,3.591136859625889,3.6019905753655346,3.4683872131469378,1.1347634502940875,3.4510330976415107,2.8045923888644575,1.4213558880185633,4.648974233628126,2.3229789196693367,1.4467114574283362,0.4138045461608104
423c020k_0.76442_422c0207_-0.76442.wav,6.863495434406548,7.288118567483734,3.372935189785625,3.226079238405398,3.810512713150708,3.339789033694956,3.7126859149039766,1.0641861272823774,2.1832009467620064,2.5329419146781764,1.0882882986960032,4.3898238584196125,3.2041584564734156,0.9515044026127336,0.5957375961339508
443c0208_1.561_420a010c_-1.561.wav,9.485826536324076,8.125792558718885,3.130524690631649,4.476500005906943,4.132341764376372,4.634695985522812,4.194583486985696,1.094513263507241,5.516900130174377,3.5036795768464004,1.547142857026612,2.8492608284235725,4.249393747360678,1.6300943540141015,0.6615120677496659
442o030n_1.0483_053a050i_-1.0483.wav,9.17471002215964,9.926025347729857,3.590678865526792,4.446105063416483,4.897006429266134,4.479291584681277,5.0432892197998855,0.943387294026282,3.4675747403113735,5.875006715466735,1.042987215485632,4.614190979087516,3.6029023116383954,1.102915476930286,0.3677387111959803
443o0301_0.041876_442c020y_-0.041876.wav,8.408469950468586,7.9239914427803075,3.1678126808912834,4.150218558794739,4.136599991372676,4.201514546659958,3.974523708009158,1.0008126190825188,2.7850322906105767,4.886014701235308,1.4841884428903087,5.994754547095221,4.208394013621195,1.351460465187503,0.7294867748962903
443c0206_1.7203_053a050k_-1.7203.wav,6.811519540722083,5.3638494361494296,3.814757754469088,3.422615009025627,2.5555923864371555,3.3207503022957825,2.445485249870797,1.6246265141203675,4.911176152646993,1.8292713051932474,1.3416569159082994,2.4410553174759433,1.2739556337856333,0.9674415485811376,0.2730241509819796
052a050v_2.4374_053o0202_-2.4374.wav,8.99959834471903,9.074672812268863,3.021777710610137,4.266222553031881,4.322362626164697,4.357668961165585,4.441264074597607,1.19946849466197,5.412860540232603,3.406030104973183,1.231290015172181,4.426143824591482,3.2441673610666304,1.0924652196830649,0.4196375062872087
442c020q_0.18556_421a0112_-0.18556.wav,9.421851389084155,7.115042825791642,3.872775381975456,4.529563303640774,3.4119425137582224,4.663561540827539,3.3073266811570354,1.5428528842470448,4.70473782858692,4.2268432849617135,1.3937748184326866,5.458695375407789,3.6142179095359914,1.601181258200466,0.9250396587551606
447o030r_1.6517_422o0312_-1.6517.wav,7.407808037207476,9.438566907475067,3.730908563575946,3.920688217952621,4.666078820337387,3.810066456896711,4.767384427195494,1.6277677548477183,4.673510826973822,5.265646185483223,1.5630122536467563,2.8202665300030825,5.906223095845897,1.4928154648115175,0.9334373301589424
423a010j_1.591_22ho0107_-1.591.wav,9.025686597701956,8.271027894089197,3.6198597269911392,4.377648837522234,4.298433370105863,4.547619183613285,4.301608499975461,1.3124647208690876,5.2757573202489825,3.632236804210244,1.1396258845375484,5.006639056325069,4.730034617016301,1.003867544074054,0.8104765794741764
050o0204_1.5799_447c020u_-1.5799.wav,5.480280808251097,5.588242777482718,3.927840703618381,2.728087580182777,2.949992090527409,2.8395839362377533,2.849649863192843,1.1287928637955356,0.8452159537101195,2.549649116776279,1.105982926266632,4.573592513209712,2.9443328084216454,1.0633658523253362,0.8614325359485943
420o0310_0.46088_052a050d_-0.46088.wav,6.128537559121709,6.99805523684248,3.7394244758819815,3.102909516240022,3.29793654188928,3.107039812942941,3.447879666603772,1.669260486490178,2.709652865981827,1.689423346467349,0.9267863820643886,2.9959553973102557,4.3282808374051065,1.534981397761383,0.2238549967304127
051a050o_2.4038_446o030v_-2.4038.wav,8.643858134375906,8.891516087670087,3.692345969992134,4.253021143187978,4.543324970720347,4.419896222778859,4.510879511692352,0.914368673339738,5.6689734300171875,4.90280044104466,1.7637378903730416,5.645759473254296,5.082095682675662,1.5864167859952878,0.775441755181175
440c020v_0.30415_051o020q_-0.30415.wav,8.949021377084282,7.255690027710671,3.610168362283593,4.486867211317141,3.833823050609461,4.489145591418008,3.663838318988895,1.0252150286490842,6.288353013548846,3.29070227268283,1.512949487866508,3.7955059209530386,5.544534086130363,1.5040495674903576,0.4393964882738513
053c0113_2.0652_22hc0108_-2.0652.wav,6.62801188947207,7.227114331696743,3.5689924653307363,3.4798983559063386,3.618992749343007,3.4604188066498045,3.7677225283409,1.134718985778465,3.0853623995589503,3.050696501818895,1.179672609984596,4.613433061016571,4.439942080098485,1.0443081851779334,0.4463030796140287
051c010q_1.2046_22ga010y_-1.2046.wav,9.595955640210274,9.082346811361353,3.602750169346125,4.9298219611676455,4.586472793851984,4.764502636971619,4.6260899750663125,1.5416938600580212,5.843144122692206,4.49144660161053,0.9656999003129048,4.235489873624169,5.285320381519762,1.3423920149029185,0.9221506714879266
446c020e_1.1243_442c020y_-1.1243.wav,9.396784368400006,8.373540662133848,3.758016962928121,4.568994977507957,4.109396170526715,4.59541407180544,4.257051280348559,1.387425510807973,3.1665994487845577,3.1604375416561377,1.3683975799441888,5.839348794985526,3.4690362802871166,1.0768643179055282,0.4337345539537462
442c020z_0.11547_421a0102_-0.11547.wav,7.326399370454696,6.671221133158724,3.038682471743907,3.8342990398107393,3.2301029647174504,3.71990647340108,3.1043478823143458,1.0851402340703136,3.5040607229143403,2.210897440783649,1.596215929504488,5.080940755849779,4.099337924951517,1.4665223196568649,0.1907137485961605
443c0202_1.6358_445o030u_-1.6358.wav,6.662486445257251,7.09478435265688,3.068550519230174,3.3198984684327497,3.3517249617196847,3.1727681106630605,3.380925266898966,1.0813739131791746,1.555714130584435,3.1335500891892356,1.4588376090124,4.93199411069475,3.714069705532165,1.776376089636151,0.4819294379988801
443c020d_0.46564_423c020q_-0.46564.wav,7.662958877803637,9.842340938627654,3.23152636629011,3.718873411981305,4.7873683863458805,3.819533715768204,4.924362923614813,1.1913796831709529,3.6768973378879073,6.466246278843918,1.6293756379666222,4.383223615567333,6.035553035720041,1.4819092602576225,0.7567757181993771
440o030n_1.6546_445o030q_-1.6546.wav,5.921693438312696,9.513701292952886,3.2711662652403315,2.852594031292543,4.7064009271674125,2.8796125202825,4.874240139667649,1.6135677203526209,2.5295561944985168,4.218893744929513,1.716057792200702,2.2410725277965127,3.8108798966885256,1.4291382572992446,0.7276701428568473
440o030q_0.10907_050c0103_-0.10907.wav,9.512134195297032,7.4866022472617875,3.9714214382241657,4.93476669906068,3.503047725326383,4.846522210491805,3.648350547863379,1.1449959998543202,4.080114998760571,3.919320763949666,1.729711220477212,5.805164179772812,3.386196068277597,1.3149377071878416,0.4691267090694693
22go010j_2.1114_22ho010c_-2.1114.wav,5.967687449756632,7.609098691764056,3.167743941134565,3.0130814420938328,3.7926422400638,2.9437440123319303,3.637425228000001,1.2266013865377865,3.608682255961459,2.639713837196421,1.3598225655226703,3.640909342381321,5.52229046271478,1.4132965667207458,0.5827885723362483
443c020y_1.6555_22go0113_-1.6555.wav,7.218565011939837,8.7427563072827,3.1841070999120147,3.526893647950606,4.3894362761120895,3.6968227031453504,4.394347100953349,1.222656237050801,4.360462423284752,4.888737518650705,1.1671772849132556,4.320591934185854,4.6291321568182715,1.6381503392194718,0.9202662193693744
442c020r_1.045_445c020s_-1.045.wav,6.104401837298857,8.126149865825445,3.581511460779017,3.0000303762010736,4.077245811753803,3.119858783975645,4.19783251371638,1.4433100205137723,3.9867159760335316,3.8411182605631664,1.398122845955469,4.349698742713927,4.846159975338866,1.611669209616288,0.9989731135299308
446c020m_0.81091_22hc010r_-0.81091.wav,6.3669505100861095,9.473898571743202,3.738904959054135,3.1245902894463997,4.803151960955831,3.267500198563716,4.7110826507809405,1.440970377548613,2.7696383103745736,5.476931056316382,1.1790432744470911,2.719571087086805,6.085273070587094,1.6191624150309938,0.51730111570148
050o0206_2.2203_442c020r_-2.2203.wav,9.838451068538106,9.477248749989638,3.605028898158529,4.964051175136005,4.6553966432293965,4.814722897313178,4.669576397898247,0.9944908271972924,3.5125876926902757,4.406604244796643,1.2203094782308204,6.13751565137807,5.094595922467159,1.471597194523613,0.5434208855029077
443c020a_1.3524_445c020t_-1.3524.wav,9.764405778237537,9.961668406393905,3.193083424708912,4.647928074533465,5.215154443880199,4.801439057273261,5.142117616332297,1.3931663088748536,5.105987340365202,6.292706664965223,1.3275842325415166,3.811325261267534,4.317652400209972,1.0059305934557508,0.7710040716661599
444c0210_2.1352_442c0213_-2.1352.wav,8.977585852290614,7.736668961892381,3.860711794762857,4.405826519915452,3.843855771146096,4.342038762371473,3.70809450278317,1.7004561785384025,2.4049210000929193,3.7956297446958747,1.789927674686854,4.254713170367942,3.0293717551104318,1.160494351090554,0.6347482054170861
440o0306_1.2976_22go0116_-1.2976.wav,5.522593448448074,6.659589795664816,3.370156283635008,2.789826337354522,3.530242664445669,2.83445165848301,3.366204313093983,1.0333566999607733,1.6701701316993143,3.907717895629061,1.163609350054125,2.7117406131970365,4.191703882457655,0.974101565748482,0.97085275641875
22go010a_0.66805_444c0202_-0.66805.wav,5.796399225410275,7.575131967982955,3.886259064324252,3.031408697901825,3.528723398843399,3.069483187369707,3.694404819804713,1.2136440625105582,3.4003802376052765,2.1845561874706645,1.6941230970285113,3.969827980140302,2.529175209512906,1.5422094819124972,0.6256728159336716
22ho010v_1.0331_22go010m_-1.0331.wav,9.57709783055146,7.51487508251347,3.063511561611902,4.951161379607278,3.957287026129898,4.808739747927124,3.9102117796667897,1.2031664532505495,3.398399268467083,4.037833117049114,1.1619767651694697,6.438317805719597,4.54145090249537,1.287458410835165,0.3130208127759959
445o030s_1.0173_423o030f_-1.0173.wav,8.606494518560293,7.65664295902025,3.5214321241811275,4.359502446569231,3.813149621628519,4.280399222443983,3.9636244698025274,0.9215323390926654,5.124191196207419,3.905753844086295,1.670933542699483,5.711379200909383,4.875972327047078,1.58042494258915,0.6405484174433294
442o030s_2.0403_421o030p_-2.0403.wav,7.982524609160526,7.208781320052647,3.7222424824909233,4.096810686638875,3.861545865418277,4.129622813134484,3.7151786410993184,1.3968149038291484,4.063142683134403,5.0509500926663655,1.0541141552404107,5.94365073804,4.1544314270830185,1.1086879782745678,0.386267817124688
052o020b_2.3702_442c020h_-2.3702.wav,8.004166547548555,6.802945342978163,3.414561532109724,3.951247664945669,3.3375984071498164,4.035333835047303,3.4853465577224685,1.5163792518594466,2.4938094656342678,3.7101756956580165,1.3300600176530206,4.911014228599892,2.3353457119439223,0.9395786567661278,0.8547272034513369
22ga0102_0.31908_422c0210_-0.31908.wav,5.220095285287776,8.789929993764392,3.710328901021356,2.6485848151002016,4.59986547513962,2.7657532794235515,4.506208916543288,1.5664873613355166,3.8457263036158005,4.520185160371602,1.099837254598942,2.147913452224846,2.97179561953406,1.4197607727000978,0.3278161362054926
422a010x_1.0381_053c0111_-1.0381.wav,9.76113643417176,8.60572706429361,3.931498082907996,4.807348842890825,4.149860350162644,4.687435714808832,4.239976063074385,1.6072037415742153,4.515788317112547,4.785700162028812,1.3184210634596427,3.8345348810867894,4.2371572593362234,1.1214422476931531,0.324028636762267
441o030l_2.1648_440c020k_-2.1648.wav,5.389332951456318,5.460677017107416,3.0502598589427903,2.700053926675013,2.6368755674465456,2.82310255715563,2.754174478510735,1.31263818381659,2.01774567736315,3.2491438658290956,1.3323138691382796,3.556037744428712,3.210235558700006,0.9136379063560522,0.4700788743851443
22ho010l_1.6075_447c0208_-1.6075.wav,9.609068865257914,6.948898268497039,3.798525679498728,4.664315989651828,3.356048740125518,4.8341865168202185,3.3494151890755144,1.4829685481685932,6.0038902761343245,2.925742815476088,0.9009216104472788,3.607194379957163,3.192051253325568,1.7231365095145723,0.6872744004375175
22go010o_0.30679_051o020r_-0.30679.wav,9.756175218710393,8.38219109421743,3.089906060286314,4.6786901547153406,4.446492658075849,4.698709153234695,4.297834527796063,1.1652548784872288,5.270404981740407,4.983415872765797,1.4351954589799338,5.002018387620296,3.630230227206946,1.3879403240959076,0.4550885137747603
052c0111_0.063868_421c0205_-0.063868.wav,7.679808701466101,6.153100835848655,3.7059200887372414,3.8968974236579546,2.9575431676148485,3.757331471237919,2.860479554839059,1.135336217518229,4.923190926615402,3.884240933379411,1.4940977068855217,4.09256576132701,4.794708195328888,1.105626183616906,0.7904958859099254
420c020t_1.0074_423a010s_-1.0074.wav,6.264454581746523,8.756613616413562,3.9011258821443056,3.335796683321439,4.349159876534452,3.2772520478598923,4.200255458672944,1.602656295363964,2.6183533601866946,4.3941851417643,0.9391642891576718,4.014161623127627,3.666917077646854,0.971743143814335,0.7563066283070368
423c020s_1.9913_051a0512_-1.9913.wav,5.758981012331027,8.600429114695878,3.0028712132646924,2.812275625276344,4.235198325231534,2.982256787964168,4.237729003262346,1.0187236674273334,3.675537706150182,5.007502590757858,1.7466846646478091,2.6435888159887577,3.5912710751638235,1.046166887388077,0.4450189187151575
440o030s_1.0172_441o0305_-1.0172.wav,5.1635623091685625,8.235538888820223,3.136093627764572,2.439965402024695,3.9165108003791,2.535520344492894,4.032136286193859,0.9485149650889358,2.200651628214632,5.055425637193183,1.7827356154382232,3.5907553357338093,4.7505458913958964,1.4996046627225263,0.5296356532233941
051o020w_2.363_423c020y_-2.363.wav,7.692956192069784,7.884129629457953,3.257243033210932,3.8917930876404254,3.963411128806067,4.032311013508516,4.059091390666756,1.2991697540749754,3.5732671975542574,2.8987682252045315,1.160543453167615,4.605480701134562,5.533965811819434,1.537133531304116,0.5002395446589945
052o020a_0.77818_444c020x_-0.77818.wav,5.512842449907051,6.606272448078567,3.8044795528710176,2.908396274152096,3.2632981056228214,2.9003582557672094,3.4331079706496928,1.4449242646043186,3.9451882525689856,2.268546450143243,0.9008930557550616,1.9445843503538507,4.385575145786601,1.5366735973031225,0.983150671238932
22ho010s_2.0642_441o0304_-2.0642.wav,6.988866713087144,8.07597232155016,3.684939355377737,3.4661209704118585,4.1219762992649605,3.6147438645838985,4.03944609068697,1.3995145225977228,4.216028920324276,4.985355496290885,0.9033347902557356,4.62657228032689,5.083777076186763,1.2443584700738957,0.8260962995848498
22go0101_1.7348_443o030t_-1.7348.wav,5.620663666215052,7.821294045533417,3.467763768819313,2.807399576135466,3.945911578367934,2.699808222590466,4.077532627757288,1.502337367426964,3.131029844932302,4.566393867642237,1.537106628959374,4.486295233627353,3.825646627167308,1.2945618846001905,0.8217320952977181
423o0302_0.52635_052c010f_-0.52635.wav,6.7275305282514095,7.912216402378352,3.732558276878094,3.4919049101632744,3.8451365791797736,3.3421754953313583,3.83613089574697,1.7052965454457951,2.443248766729062,4.205414578418075,1.1373489201482436,2.3506492706385025,4.611227537746634,1.5619378488586475,0.4010831730831192
445c020y_0.59813_446c020i_-0.59813.wav,8.65018722822942,5.438483611747436,3.042691559252024,4.365550128541758,2.721427253396233,4.268328008408333,2.860882835417039,1.234489653376308,4.933694964767265,2.5740119164132125,1.6436230529127034,2.9254830157504594,1.39624603015376,1.5486268150411646,0.9792535353954628
22hc010q_1.0006_442c020w_-1.0006.wav,8.994296936180243,6.135748410635092,3.789436105044885,4.65858012964102,3.1220546722249702,4.588412224788232,3.254630933782498,1.1611553245930395,6.607207920076854,2.7668870495308457,1.6779933950147434,4.576284761965732,1.8541343986072771,1.4614571290945086,0.5170343478575006
422a0103_1.2986_051o0212_-1.2986.wav,9.3422208242178,5.292687111779309,3.164857483228677,4.806639933515211,2.7031393757359896,4.736895417285917,2.8359388578733147,1.230723126163995,4.223649935405244,3.171901525306132,1.1600321683144237,3.7730117145878435,2.040063526925456,1.3165454058539945,0.3118811472517696
444o030m_1.2235_423c020h_-1.2235.wav,5.808431074650323,6.224423455793652,3.505558002185156,2.8383466825026726,3.073537178814576,3.006835484922668,3.096154063194964,1.7649454660927344,1.8422351942934947,2.003361283694481,1.587448918314224,4.730308562581192,2.7262916636394197,1.3734422240779809,0.6274194233611756
443c020p_1.2976_22ga0104_-1.2976.wav,9.620189736405004,7.928238739291735,3.3888757711350204,4.849001664140372,4.130091097952273,4.8110585435845366,3.984969357325704,1.299369921551502,3.680616567832819,3.6054454672422436,0.9997854095807852,4.582894089669948,4.840051650969313,0.9501563801026754,0.520842767185007
441o030b_1.1989_22gc0109_-1.1989.wav,6.929905028890224,6.093064685785505,3.4046048834970657,3.606093498203651,2.797475108703045,3.676293937712602,2.952303718116003,1.6828747118025769,3.1399043217927742,1.9491114328540782,1.6232559317894584,2.000050161292801,3.7255876352639055,1.3930214851976688,0.8883660125964212
440c020k_0.22146_052c010v_-0.22146.wav,7.291327160621101,5.6750817422757125,3.3188261040582696,3.460245273250988,2.894918904343631,3.5723944847938025,2.795306885237878,1.2232025041891317,4.048678316500015,3.370422551501581,1.152462783700726,4.567260714138537,2.4554315359153716,1.674223821056322,0.5790745209128441
447c020t_1.3437_423o0309_-1.3437.wav,8.865117278303261,7.890885481555951,3.6004452164791783,4.6119331725434245,3.854281976748849,4.45247942789564,3.913226894407618,1.109459889037247,5.2671029609004565,2.401065996288108,0.9935503096386076,2.711387480651793,4.356044021659584,1.6503254116047483,0.1014958694188946
445c020b_1.4659_447c0216_-1.4659.wav,9.97780027115215,9.21505768744286,3.682603400179396,5.111230005808788,4.430563904443432,4.991485566818535,4.55123398909953,1.2287362837721698,5.469206115222481,5.7570197398422955,1.5222575418298898,5.558223427621883,5.057853111617434,1.775360053329985,0.736996512676277
052c010r_2.2482_422o0304_-2.2482.wav,8.291000261335277,9.191194128052626,3.903523003647656,3.983071175795068,4.537817818728814,4.114750951173008,4.46598163873283,1.4322181253673552,3.5663367076107164,3.774172262273487,1.2422989256573431,5.613491624084872,4.860584419188701,1.7244218937235016,0.3153914998720076
446c020u_1.5427_420o030w_-1.5427.wav,9.93823971143361,7.798449664446965,3.78018446878858,4.914083966659406,4.044238049791116,4.915463922674001,3.8742436507028,1.0488137238038786,5.317236607836594,4.865106287244693,1.416147294087699,6.5106037251255335,3.823526565213425,1.6620890452486687,0.8534740885804748
052c010d_2.4469_444o030d_-2.4469.wav,5.709809595802688,9.822705201720204,3.1449923589929134,2.835401863478297,5.014575211305453,2.8341748372832,5.184570783032238,1.7143072942533952,1.5984550969306688,4.243026825697172,1.2581602059575103,1.7303654562331812,5.557072344918894,1.6275984615788648,0.6225771680881346
443c0211_1.6872_447c020x_-1.6872.wav,9.40766882318222,8.575986056839975,3.3139373098196088,4.622429977804463,4.407759285289037,4.728136884765489,4.301335369646299,1.0761521986130649,5.54236734919975,4.610856315310572,0.917641677240844,3.311439598653965,4.60499529554302,1.712357474661514,0.2629807955740926
423a0111_0.48234_421o030t_-0.48234.wav,7.108347577017716,8.041536993588274,3.2393130593541866,3.6002687539968536,4.183138074963558,3.489266494723596,4.082249530340135,0.9909824672382672,5.354181449157547,3.8732099110152887,0.9278566364259532,4.530113328735784,5.658341248496362,0.920744333229009,0.4542698484466746
051o020i_2.3086_446o030p_-2.3086.wav,5.255457726468412,6.032309163344459,3.5830436945763395,2.499286691366638,2.7548251715237493,2.5644694643245853,2.889922196322642,1.517229111678639,3.6244254770036557,2.8691352849429204,1.7535780894320718,1.3647615667227497,2.2349133438885356,0.9317078456884113,0.2463809209911888
443o0312_0.89999_442o030m_-0.89999.wav,7.825521150075726,9.830823645733489,3.466764619213236,3.8999009161024207,5.0438053180465605,3.873448064308745,4.89615625224531,1.2385345786471271,3.432995780139022,4.187248268710076,1.346172835644933,4.360281020062501,3.1907142908439017,1.259537683930855,0.5293446476384289
420a010b_2.4896_421c0204_-2.4896.wav,8.930680433708964,5.332661870269831,3.54031514066221,4.504262974156704,2.573294743946567,4.652308630510022,2.5491600462083506,1.305926455481548,3.3847700114570327,4.16642218663186,1.3575799432802749,5.879865583256003,1.3157038541349655,1.589134537182626,0.6055625809375135
447o030x_1.4783_422o030p_-1.4783.wav,7.921692743226155,8.965139998976765,3.089248328243738,3.748179739618192,4.513075268263841,3.8974205175913617,4.52814809779128,1.6460235924320767,3.324350807657617,5.144942830894718,1.7468777796338673,3.9014373826207365,5.255915153983146,1.1939548894797674,0.9948992039015976
445o030j_0.32497_421o030p_-0.32497.wav,9.98589493347193,5.582829237224108,3.3476678443203687,5.2030169629763385,2.735212762836641,5.072087949706964,2.6620171790606526,1.352329931173374,5.399722181586317,1.5018364241467757,1.3638002367491382,4.195205892421004,2.0890492125474007,1.3097242555847148,0.3685210081125349
422c020z_1.5191_420c020y_-1.5191.wav,6.736117328534306,8.51712762034004,3.1070838402548806,3.453930366945521,4.39322081135271,3.554701031412755,4.504330096216001,1.3845847027305738,3.6452818443304813,5.253114805915055,0.9705262887361032,2.7966815650908834,4.464107750566818,1.7836425226427242,0.5587189406651523
423c020n_1.6459_446o030b_-1.6459.wav,6.756660778914753,8.696957501826514,3.531566494048861,3.207438365011139,4.154684141380132,3.3666760468662478,4.214210275786888,1.750969293069477,3.695738034110451,2.7705633839283674,1.335020800749566,3.377066409941438,3.174949507086253,0.9615021538265048,0.6119852412248168
22ho010z_1.5319_443c0203_-1.5319.wav,7.642995392042917,6.450989312185801,3.0619588613473305,3.9335429972658327,3.020920766778453,3.809376268755944,3.105079090972508,1.2004970400537895,3.5868366840492834,4.179977866495486,1.5145199803232252,5.003665358573745,3.312960969802761,0.9251989332337438,0.8092278564283346
442c0212_1.4634_22ha010m_-1.4634.wav,7.3496421017533,5.6546911040181405,3.989277665145707,3.60212392118209,2.915702748332057,3.46701986985828,2.980870956193661,1.7945784803572211,4.900704509899699,1.8780037018301108,1.0551463936584158,3.81926223637784,0.9841428116051494,1.599772956373224,0.4319659249651666
423c020j_1.7028_22hc010g_-1.7028.wav,7.973865643088738,7.4102804283708625,3.3417974710595155,3.793586023171646,3.78687003985335,3.9115739780462895,3.909258121399304,1.6001399677542332,2.544060627033239,3.7669984087979067,1.2780975491475794,4.373290600421945,3.215002229285047,1.5100575290276577,0.9848180669454633
440c0202_0.10216_444c020m_-0.10216.wav,9.95566730927884,5.668334323772788,3.125881326636786,4.775451895367934,2.709257824130394,4.8617122445462,2.5865420869177465,1.0506158149049565,4.840745177636267,1.9746018809437222,0.9974705697947336,5.555848209842416,2.7749899294637395,1.6497325718157372,0.4266001913995285
445o030k_1.8783_444c020q_-1.8783.wav,8.702197908818599,7.965124270252256,3.1842599326294447,4.150943847057572,3.901295868350663,4.236251189096953,4.02467600206017,1.7261635920821807,4.740267761549706,3.367295143677803,0.9734658575551192,5.818177233217214,3.678947128933394,1.628390083450346,0.4826897298496804
050a050i_1.7445_447c0213_-1.7445.wav,5.114198595308609,8.682011089676289,3.223387087120169,2.694615693433366,4.421200996695947,2.7232427175106726,4.27395802235599,1.7013425126702684,1.7785823970912948,4.249494161938958,1.1000975102780923,2.157661981159822,3.0815180218684124,1.4161974955064944,0.5970856404983599
420a010o_1.2049_052a0512_-1.2049.wav,7.438852288265586,6.660704034257993,3.909676789163991,3.906536153133623,3.3784633503991426,3.866554117794261,3.233890058086482,1.4108217685163855,4.193365403085941,4.077173399978476,1.2419233037261803,4.329120092452637,1.4643948775941522,1.543050038318999,0.2305519447034352
442o0313_0.83056_445o030h_-0.83056.wav,6.864699145252605,7.198484412833203,3.8312964559404543,3.200834339942372,3.60189335700384,3.3634533265261037,3.552344742467405,1.5131374355735985,1.4142725381195034,3.471504465165208,1.0969719304542298,3.9352726986128026,2.732198794732887,1.0972884008508554,0.7834638755417906
052c010s_0.55307_441c0204_-0.55307.wav,8.652164945993304,6.352203978547319,3.708605815218329,4.297332570280058,3.1220432820034008,4.152494551127531,3.033037955151732,1.060645280660659,4.788020972448179,4.107189942583386,1.0367479749919264,4.941686684735699,1.7562385610553588,1.4835847367379595,0.8390640945029835
22ga010o_1.5159_052c0102_-1.5159.wav,8.160368789492313,5.89621942692451,3.6382912706352672,4.116941097233761,3.044594397556547,4.000148995633209,2.921064623802499,1.3141081160255847,4.088956582248713,1.368522480821379,1.0084796866033192,2.48423200337079,3.685118491602912,1.7219692638294828,0.4236418156499927
051a0513_2.0104_443c0202_-2.0104.wav,8.527102631713237,5.950648185430449,3.0259048233622816,4.371402391355312,2.867912436546449,4.295103257050117,3.019828341257832,0.9037561489984366,4.880049072043851,1.7213476354636346,1.2681807979761428,4.167703201915197,1.8679997297688113,1.6949564900934222,0.4604536845175005
441o0313_0.94235_442c020t_-0.94235.wav,5.992873217810101,7.938013297613109,3.040563960603318,3.0659176976132656,4.148954079252387,3.2151173394439,4.164428796620098,1.1420533945600402,3.2462495567775154,3.2404588032379573,1.643415785066766,1.760507984436785,4.315152588609662,1.6108115634713052,0.538898960330211
22ho010p_1.1754_446o030r_-1.1754.wav,9.65411998293432,6.061020542850319,3.801533604565768,5.022315441298394,3.0920956767679506,4.853035813156621,3.1077292143133324,0.9680348568148028,5.671566109056479,2.537518147670073,1.6574672642505452,4.604426024702735,4.113051636377148,1.224823856050146,0.6237904009872287
22ga010r_0.041318_050a050c_-0.041318.wav,6.3270795912573625,5.565781434055622,3.042258158068441,3.254288761249353,2.5978128260586764,3.349889742303323,2.738384702412087,1.6202465715164969,3.2702454997251507,4.284067554844469,1.2495069466920363,4.2859214007043995,2.3491754393736564,1.7145218017345667,0.8177089488344089
420a010v_1.1334_441o030f_-1.1334.wav,5.581030905440613,8.857077680624009,3.8981272281328487,2.775575162470747,4.55599714493939,2.7089354665831946,4.421612804586749,1.180515280590412,2.746399922377627,3.2048266317897878,1.413420246765459,1.8159041707174375,3.6894821425855002,1.0926791494057695,0.3014033466297851
443c0212_1.8957_421o0301_-1.8957.wav,5.601195593003936,9.265007911002982,3.122389184595126,2.976861967216099,4.726175957154651,2.8307953439296303,4.692050577132021,0.925852502719316,3.553123964690466,4.20731890816918,1.027348569540544,1.3644198091995496,5.080847048202599,1.3145741311752808,0.7943900955217982
421c020r_0.058866_446o0318_-0.058866.wav,7.077107698265483,9.06987544902526,3.309937316869704,3.284519873028085,4.424393245295474,3.436969508956559,4.349166198927324,1.778266429762517,3.800645882944748,3.5357157380878586,1.0207451662397182,2.590771962089259,5.018881230491356,0.9089507589726554,0.5007386228379411
