utterance_id,room_x,room_y,room_z,micL_x,micL_y,micR_x,micR_y,mic_z,s1_x,s1_y,s1_z,s2_x,s2_y,s2_z,T60
445c0206_0.60431_22gc0105_-0.60431.wav,5.83651122743679,6.6110890844828845,3.092753198327738,2.716694351569521,3.226317129678222,2.841637979540242,3.111038815024016,1.063949886859429,3.188150573971667,4.100055242456401,1.507163622399847,3.319757702977835,4.674583335750737,0.907737664801226,0.7544219702368073
420c020h_1.1139_442c0203_-1.1139.wav,9.888189636775358,9.413381871957023,3.790688511769028,4.960187862256413,4.593078180766742,5.1037828750253365,4.502081080220117,1.46321432019605,6.467382765413823,3.8646670011141704,1.5716994534487938,5.958824073835284,3.056987604725642,1.3735038811155853,0.7904014670738478
22go0107_0.079969_051c010u_-0.079969.wav,6.230462449866413,6.646566842974959,3.8856903413972894,3.2083592702571595,3.347449621534416,3.1365858720520823,3.204451092485704,0.9647349213338506,3.748672210495217,5.1650826695705065,1.341320264512672,4.335162568477736,1.8197867561194188,1.547001081231687,0.5239322826528535
444o0314_2.1819_053o020e_-2.1819.wav,6.010885559027832,5.319660813459231,3.077994729438833,2.8999782589433742,2.573252359521222,2.789638258055133,2.4716399380168466,1.456266540025477,2.89539369531895,1.5321694729825248,1.128541947609789,4.727751376080071,3.1124852387049073,1.1075249302572614,0.2105415364283014
423o0304_1.419_420c020x_-1.419.wav,7.503709328712538,5.6818489138855135,3.0257161438716618,3.927946253120408,2.6902798487632933,3.75841622893583,2.677647711177895,1.091565722057815,2.5664010438642473,1.696713201745321,1.5257983475071522,2.229667683461073,3.627409773729408,1.36003052163506,0.4879987350995725
423o030b_1.4753_053o0209_-1.4753.wav,6.632820913429361,9.35586139642673,3.3453241612432225,3.3966112997902886,4.816143147187638,3.284470340529463,4.688376151229912,1.1725231693958635,4.612712064301158,4.404082282947007,1.024147498962165,4.640949913650892,5.1809640072859455,1.1214661399287216,0.9666610734221532
441o030o_1.9903_445c020y_-1.9903.wav,6.371569053959076,8.584448953135052,3.052422929026598,3.0594403691103764,4.376608059909767,3.057718467056945,4.546599339254675,1.179379979344707,4.35349412081066,3.7711686088409566,1.1493702966365922,4.055888362337071,3.5328734813826372,1.1213582096438923,0.7282209612997965
22ga010u_0.43921_443o030l_-0.43921.wav,7.211039280798398,8.35572014420124,3.184551482968449,3.6177057897658873,4.094306340878061,3.616910911486397,4.244304234758344,1.3772019125805477,5.372959779077886,5.091961508418591,1.2507277965346932,4.345733604821373,2.4563459943157047,1.5373456815759003,0.245511437948355
444o030e_0.90493_443o0304_-0.90493.wav,7.955568012291902,5.923909623789352,3.952721833960376,3.739248589263984,2.832711643986064,3.884653035595596,2.795866739494433,1.1843199421223205,3.99058625764644,1.9031218164919865,1.4199105500386524,5.388482673807853,4.011693041750198,1.4045055255398389,0.4631819688399963
440c0209_1.2048_421a0104_-1.2048.wav,8.625074458778474,9.4463449533736,3.850053563484312,4.249020189126438,4.724172321083695,4.230707422262529,4.893183097573799,1.10798853062539,2.762601622450513,5.089180830390943,1.6849715701093635,3.1720444567342603,4.713372979044083,1.760375773311043,0.5400103904821918
445c020u_0.78863_443o030p_-0.78863.wav,8.061804855665038,9.547365671932992,3.771729831156692,3.8900465669604585,4.787341268517516,3.8016186223807433,4.653997732425935,1.7097462305111963,2.069021614748056,3.9537527276698325,1.0483948958754286,3.6122827445831254,3.9862306881532015,1.4821399658004584,0.944663517343676
440c020t_2.1632_053o020y_-2.1632.wav,7.386511098116244,9.00233020206119,3.619101163478705,3.694457123524328,4.54542837130927,3.6317792675976017,4.6817056121693215,1.5448610108637535,4.938226703543757,5.711030880479249,1.6298920895400446,4.61169008321864,3.9174542215499875,0.9997208492377834,0.4423224754458046
440c0213_1.7151_441o030b_-1.7151.wav,5.57387168782572,5.732596333621526,3.169545209668004,2.991229916527532,2.7527686259456865,2.8425004466357167,2.733286716755368,0.9359791163125822,4.065900689128986,4.300099555332549,1.4842722649955808,4.9243233125065835,2.81009731692526,1.0100316969763157,0.4316643413794874
052a0513_1.7991_053a050f_-1.7991.wav,7.454652487085623,5.1674999628171205,3.6321376674046095,3.803222509072589,2.376163289247696,3.736941937995312,2.5327100423206046,1.5164091245025224,4.4418877765472855,2.4957013602001243,1.2965297976163443,2.2183805426582723,3.341461064988576,0.9574373912061388,0.792989627316796
22gc0112_0.36454_445c0207_-0.36454.wav,6.086327368212399,7.766367254913758,3.712406628837842,3.199863903898841,4.045581461912191,3.221933914677831,3.8972139633681526,0.9231978638494958,3.8633480487595313,4.450119595993192,1.4025109864601517,2.505355528753252,3.6229304920643397,1.771295251524497,0.3695543661055189
421c020x_2.4971_444c020n_-2.4971.wav,7.870433666335659,5.056806531877588,3.533961244918884,4.058051587075656,2.480400893080182,4.175412498188096,2.5738161838138622,1.6984479296468895,5.005071598903615,4.049756646881545,1.7760844768240038,3.7661679105028116,3.1472202147717754,1.5691838208681488,0.4687060662938613
053a050f_0.93264_443o0314_-0.93264.wav,5.36463395123684,6.738693518483824,3.646007576343324,2.4608020955032743,3.487232355138523,2.630666518052211,3.480444280881693,1.6292238600261375,3.2822572387291693,4.750018392521742,1.4205766728986748,3.05781506807046,4.092343091729256,1.158933768778668,0.25779394961485
22ha0103_1.0593_422c020y_-1.0593.wav,9.105654889599313,7.128781184306027,3.3919730863059243,4.307744552221621,3.573010604802961,4.476547755903443,3.5931470997003694,1.7686229977954318,2.9245590160518917,2.791312344224209,1.1305653979537371,3.028164345868582,3.4261122581743804,1.3114785619060068,0.7436581269547293
421c0212_1.0287_423a0104_-1.0287.wav,6.290812537411792,9.241906175545571,3.084050177419578,3.247076353853656,4.514917858682106,3.185945960582603,4.6518962329552975,1.4820135889328203,3.449730816228795,5.289444066243168,1.6022873024151276,3.617078618024706,3.247689633212268,1.2454494306442612,0.4476869797214179
444c020o_0.97641_421a010s_-0.97641.wav,6.887883361481638,5.602945833519078,3.164682252266063,3.564231237367301,2.843745543619451,3.700691344253503,2.742361919554189,0.9920438370735696,2.3871833994280496,1.6434028022756237,1.175326385481574,4.442941355177179,3.66204440709793,1.6124725264866024,0.7445239732569324
052o020m_0.40731_441o030l_-0.40731.wav,8.55973492452345,7.483406300497512,3.2309465642498605,4.223450108039558,3.6485883172656286,4.054476592035155,3.629934875515914,0.9298935417047742,5.083396906304231,2.330206672735134,1.4822793608330271,5.029287323135683,4.570135291516499,1.24756991536671,0.8639060930006515
052a050i_2.4816_445c0211_-2.4816.wav,5.378634907476624,5.443996622556596,3.240760337885495,2.677591125824989,2.6524763759493686,2.5825384636222566,2.5364376263517743,1.0728491340582669,2.6850765484418275,1.4594067219424836,1.613563710820039,2.674260872911791,0.6888687388903268,1.1283855411540094,0.2125006809061573
053c010z_0.70111_422o030x_-0.70111.wav,7.680050829054625,6.5750922501181925,3.269745159128507,3.718383133414527,3.4080977515056743,3.802381007560363,3.2838224235480293,1.5048393915834952,2.479430278025954,3.382932572942118,0.9667739674147424,2.532479611594268,4.29742029709812,1.7859651030057369,0.6785082078134625
053o020k_1.3781_22go0111_-1.3781.wav,9.136481679343156,8.364515464709168,3.080029027701938,4.485763460421097,4.184433699970985,4.337297673235423,4.205832532540496,1.796033637703659,5.1578693735027095,4.613565062858406,1.00520929759713,4.424210532816378,6.240830811132703,1.6900184491538917,0.3513957158337254
422o0304_0.13358_052a050o_-0.13358.wav,6.5120643608101725,5.043739356513482,3.1274766949760258,3.501959256806445,2.320110363448809,3.337614148690241,2.363592376261848,1.1406403352957022,1.7680419352567445,3.3789300915607847,1.5840042114094648,2.7145098130968064,3.638055826233406,1.5401255920873198,0.4810506274759791
442o0306_2.3923_053a0506_-2.3923.wav,9.001371885534372,8.949520848398027,3.601120025219523,4.477792977017566,4.664818706826605,4.339227153045503,4.607377324296735,1.281841547887293,5.499575938977784,5.666970006335375,1.2770842681685304,4.355916247495563,3.888782902443472,1.5596825775383103,0.5944214889109134
22gc010h_2.0104_420c020j_-2.0104.wav,8.449305484551484,9.910876065626727,3.4798007953968715,4.362820921841513,5.198072332054287,4.248799814740517,5.100608558602491,1.1520279685837744,4.238791201159354,4.231681129194531,1.560848614172551,4.969111846900114,5.053970763391915,1.3838348356314576,0.341868200981935
22hc010z_0.087779_22gc010x_-0.087779.wav,7.714761570295436,9.122874391490525,3.187143144650051,4.033996644874887,4.736760574581531,4.070948504231489,4.570825165189534,1.1062634755478178,4.300198729391231,5.971169432940186,1.3904226360629246,3.972956144721304,3.6679957803248677,1.446053355298181,0.6750413950401233
443o0313_0.61777_053c010u_-0.61777.wav,9.533232696757011,6.553625072141827,3.1301103891508912,4.742283088181033,3.2560684067101358,4.680829262578328,3.414572120606032,0.9541175505855468,4.723631640823783,1.4417198700773206,1.1877579566158765,6.154984058346257,3.330920205933445,1.0620063401503554,0.7365612103547965
22ho010w_2.007_051c010o_-2.007.wav,6.714391885743774,8.94005172864524,3.536481797279333,3.3838906398819497,4.216850043060614,3.3075994582344115,4.34599978407012,1.7962083074652448,3.168218318607067,6.244764415250662,1.1904528149978952,3.074670118487082,5.411391028653528,1.792166986147281,0.5731686148573509
421a0105_1.0119_423a010m_-1.0119.wav,9.179077581370745,8.583643518822864,3.3021965936357183,4.609539832581641,4.44769510983702,4.759300323564832,4.528142579284316,1.496049527027708,4.977719976309449,3.900059037419165,0.9849285533194054,4.5436116150169035,5.261662797887988,1.1319189423641816,0.9062029921732035
445o030t_1.4592_22hc010b_-1.4592.wav,7.291744557284771,7.383268761206353,3.7564029221879514,3.755616943114557,3.6470087756948177,3.905002783342787,3.660568670211578,1.5341704679123018,2.2269131946446787,2.9952426240584904,1.434212949872677,2.8385648953207525,4.3737056332033175,1.4803726919020603,0.4231578542771657
442c0215_0.24366_446o0302_-0.24366.wav,5.642979462007014,7.58307497161352,3.691035193492773,2.688541355313783,3.887322724335913,2.782610253477588,3.745721020962515,1.243050431248472,3.792412402672354,3.854166562920228,1.1984627824695329,2.271887099620843,5.288037399085176,1.1249572980509188,0.683167282508899
441o0313_2.0048_440c0204_-2.0048.wav,8.181000601537713,8.11604904509524,3.906326375533636,4.084556692790366,4.187893958487642,3.914569856347664,4.185778435809386,1.45971085544123,2.621086475846896,4.009985063377268,1.4359541799097126,3.1415778606887854,2.7263584871211433,1.2312826947919593,0.2583369030108534
051o020a_2.3917_423o030s_-2.3917.wav,9.34878055693864,6.835663859742335,3.3292423894037597,4.8881250111160535,3.5356105246287832,4.781213045597368,3.403437033985117,1.001148139735227,3.399534566954582,3.504581777101066,1.5270242078777454,3.5880520095299016,2.3497654120985865,1.014531243449403,0.5764557264809879
447c020a_0.25387_050a050h_-0.25387.wav,6.649448086442465,7.408825283558729,3.4921731022900806,3.165008617327546,3.460616726080663,3.22254028304821,3.609915444894341,1.689764923182048,2.724794196001582,2.101625491898038,1.7410221940311796,2.494780069221385,3.327969142275091,1.1339229422282966,0.8200722797977824
440o0303_2.2059_443o0304_-2.2059.wav,8.219649620513575,6.196174370759437,3.8189676610224352,3.897296786724439,3.2471664007043546,3.966359517087261,3.091826968251316,1.0850510363897807,3.112263067875191,3.6605413336630637,1.114162113163359,2.978991703814562,2.605363255956608,1.0843030024395883,0.6354460669928951
445c020b_1.9232_422o0309_-1.9232.wav,6.282043361549123,9.499209906826083,3.940973401015514,2.8968569802774367,4.544836540042987,3.0126023722017408,4.640246205424904,1.294781409114662,4.297168534069277,5.992513527726215,1.7349806274435695,2.8657491866282836,5.919225494677805,1.2096220652724208,0.3561400957829838
22ha010r_0.1879_446c020o_-0.1879.wav,5.883739349154362,7.8196926438406305,3.9474868242627457,3.0795230001120903,4.131617379914233,3.019120203308892,3.9943166073805294,0.9133672389088194,1.9710509582181843,4.650280481658906,1.1090214260281763,3.4205386463714977,4.814782289770928,1.7039888512670611,0.2609452224708254
444c020u_1.0117_053a050x_-1.0117.wav,6.042107747209306,5.601975613379649,3.776444950400137,3.036970895235368,2.9221802256867373,3.121507170841514,2.774689147628973,1.6367965875866703,2.974995645682863,2.121879530584579,1.122602657482124,4.554171253471774,2.7384417818084095,1.1040070880188857,0.2612674130642654
445o030g_0.89549_421c0202_-0.89549.wav,9.701259196813048,9.95165356053675,3.560272864479542,4.875956346816472,4.89412498578381,5.040488644847568,4.936893232236132,1.372133726067346,5.980707079310712,4.04615598066496,0.9373633214813678,6.420723984587173,4.190041818031207,1.7091737562288445,0.646314758932484
444c0203_2.4753_445c020c_-2.4753.wav,9.87998647312481,5.6726706027533655,3.899296215127455,5.046881559370911,2.724820824639809,4.893179337872928,2.652187312356669,0.935131138519926,6.44137588176962,3.8040099688757483,1.6499809479880765,3.4431138214326906,2.4544628520435996,1.529433830927442,0.6995405061585617
050o0203_0.11331_443c020r_-0.11331.wav,9.416938908572511,8.294164258080688,3.884725226303423,4.900089822384541,4.021675909298138,4.7302684200468486,4.029466371932622,1.314051641643451,3.0540044857974626,4.957816523802837,1.3665998382622877,4.535965284336334,4.675497107458336,1.5743546723924486,0.9257861143076832
444c020v_1.5892_423o030e_-1.5892.wav,8.262787705865673,5.691460401395022,3.650595671314376,4.291780902281703,3.0757456844196915,4.3111217245059095,2.926997801760167,1.789259186140559,4.545902706015986,4.207157553657699,1.3306149751084628,3.7931286891982707,3.8370508510384167,1.4420953652425332,0.3816962063478369
441o030w_0.56176_053o020d_-0.56176.wav,6.078892834266059,6.209941982941335,3.1337118658282863,2.830478556891743,3.1256571164531284,2.9865597361370724,3.160851796241237,1.3860648883757665,4.555811937298259,3.8137685413839066,0.9761502798742272,2.3937585091178826,1.8940721551848123,1.3376458050299809,0.7372744503492135
440c0214_1.4652_051o020w_-1.4652.wav,9.046583358624464,8.604082594662543,3.1351055855584145,4.587942727364792,4.216922391439414,4.506463814384229,4.067720559213714,1.3005362318631797,4.833871477159122,2.2932119135397167,1.0830708408291407,5.3849666601420125,2.4250508440925906,1.365020766920597,0.4689734636442187
22gc0114_0.048137_422o0303_-0.048137.wav,8.700842539526072,5.088228940756105,3.602019554490634,4.201255224145926,2.7183863506786365,4.206835527562276,2.5484779629699026,1.7583621693467215,3.895435481700081,1.329127039833097,1.5848113304159253,4.9799302965889725,1.5781079047710596,1.26925596810623,0.4212545751654854
443c020s_1.8007_446o0312_-1.8007.wav,7.020237538006666,6.461767150784937,3.594507981098209,3.358877195555228,3.212170463565749,3.4607884391292814,3.32223452869688,0.9410573467804468,4.696791357076561,4.135745983316003,1.183347844824746,3.39336103345942,1.880596725304837,1.2044839205999438,0.5778800648522315
442c020i_0.010825_443o030x_-0.010825.wav,5.0229978431287,7.308517501770607,3.851548431184944,2.5288992430157533,3.6572113181479233,2.6284957060938376,3.794981215231197,1.0770921115549916,1.936381130048533,2.903978818745317,0.9775518895164654,3.12917709968822,4.186157876512883,1.6437829323181514,0.7774090808965768
22ga010e_0.51468_051c0115_-0.51468.wav,8.163774396828167,8.753544447379944,3.9366572410568232,4.254700228480475,4.339915124016119,4.173648609536027,4.489349507832173,1.346209145083209,2.676228381736447,3.8380708151529834,1.3535489280962578,2.8335062562945486,4.361689900634651,1.0179550787851834,0.92832498520201
446c020r_1.1168_423c020u_-1.1168.wav,9.88531355906366,5.7661451403598,3.9414073014489897,4.800732881259411,2.677927338884352,4.717145691086096,2.8143574735281685,1.7345955562288244,5.4983495791204255,2.3704592513072753,1.2300131530283789,5.661406851319667,2.0621736853451087,1.666099239532656,0.5173620401770551
446o030k_1.7305_051c010w_-1.7305.wav,7.298803233505797,5.868663759760281,3.992389653030438,3.593391158694249,3.1267583366635763,3.4305510301017903,3.077941408042539,1.242570694164016,2.9830793556878303,3.5407780674006606,1.610631840870233,2.1896354491879224,2.3149161192886076,1.5187900955738085,0.8379772774412921
053o020r_0.21241_050a050n_-0.21241.wav,9.967024033304764,6.614560344735269,3.0078390140247304,4.889874201067434,3.5482575715413907,4.8231355224530486,3.413922361053575,1.6447807193179,4.279741339437323,3.904637543228374,0.9565267778218828,4.972115253227419,2.103375604653958,1.7028711822504583,0.4329864473848239
444c0203_1.2986_053c010n_-1.2986.wav,6.043820915734004,6.6610577577726655,3.2910669365086163,3.2611215937149023,3.3750790478507118,3.1514163093955165,3.245214693263309,1.3428022962963166,1.2421311710642255,3.991146800988948,1.001814289506587,1.6313852161923326,3.570376528941049,1.3449992705323122,0.6209335160944977
446o0319_2.2664_447c0210_-2.2664.wav,7.789414516390609,8.94087681681285,3.3597505725099586,3.928352054575812,4.292687698304839,4.077192830514437,4.311300151608688,1.6325212788602586,2.8318963023067694,4.653368670679669,1.4505043559766593,2.9640115776685985,3.0834238621923933,1.0360145832666103,0.5655987879495863
420o030k_2.2026_440o030s_-2.2026.wav,6.422546885126987,6.1573983901893445,3.760529610328203,3.320233844656003,3.092670450900518,3.32446597770005,3.242610735847218,1.3626277731030925,1.9362207483439295,2.7564067541421005,1.484460732894665,2.5999626767197217,3.545438725377663,0.9627344445042112,0.5057458664685905
421o0307_1.5505_420o0301_-1.5505.wav,9.27046324180686,8.837287130737762,3.495128532069548,4.890409745471986,4.549631640982146,4.779267501067423,4.678268344565207,0.9867404172425815,5.043260874491363,6.504236888044188,1.5113900236847535,3.396746659843934,3.2493919598782286,1.215284402375779,0.9900604826607796
051a050c_0.4903_443o030h_-0.4903.wav,6.29419114615644,5.048114022430571,3.394351805834752,3.0768660678819546,2.4808880370813493,3.2119208171186293,2.5461583573549533,1.682848808773984,3.7421129524234367,1.0351943368568335,1.7343912536973864,1.4577777321199414,1.3839064367592457,1.7265187662957289,0.5098752514947253
22gc010v_0.76199_050a050i_-0.76199.wav,7.328616881241032,5.678983710835896,3.793707342041058,3.6422063654820658,2.7675417453530717,3.57845170840577,2.925134079243664,1.348395795761279,3.9332024160755332,4.32029554592112,1.3305181743684271,2.8292140468948213,1.2937302057282685,1.0931551782314362,0.9901755178912816
051o020c_0.27109_445o0305_-0.27109.wav,6.900709400342098,9.335112134957573,3.8156910681469896,3.5341156826545084,4.760163408424671,3.364142341089679,4.763173916236601,1.6908662745974987,1.857767668826909,5.544866710465631,1.3092930556511602,2.748730410460909,3.4143855709109046,1.5322088955944448,0.4565859926976606
22ga0111_2.1333_050a0507_-2.1333.wav,8.250580235877578,5.355468038219725,3.0144637861475605,3.8718687032939534,2.8581546694774094,4.036720630745774,2.816635492999306,1.3162914133419217,5.7596634440555325,3.2095098715191206,1.5577270876697449,3.0214813668955602,3.41599289937408,1.4321838512421423,0.5406929536443315
422a010x_2.3571_421c0203_-2.3571.wav,8.083662092129476,9.523839472094862,3.289726224488437,4.14774977703354,4.874097147228779,4.0819699208800815,5.0308549557246565,1.2326994615491809,4.057009658857965,5.83274704158352,1.2625989701900144,2.962189679550624,3.2883723036058554,1.0588729753516368,0.4916335396011702
440c0204_0.32859_053c010d_-0.32859.wav,8.867158827905373,9.478215208813252,3.590706572638174,4.6469633978830736,4.74516390678962,4.578459663033051,4.878607671393284,0.9909871694642542,4.47118980998778,5.492511246850957,1.5849057151994057,4.7769416939844955,3.4814051485029243,1.1000220433817032,0.617947547332678
442c0210_1.5014_444o030n_-1.5014.wav,6.475007135776036,5.7238228824877,3.261251101596692,3.2728733249365747,2.8672597152795483,3.440618784442868,2.839665135829547,1.2920943010628314,2.9052162483282165,3.338490339925314,0.9503192307726084,4.82560986817704,3.0414221700385347,1.1659771586675776,0.8762900812142398
051a0507_0.12155_423c0207_-0.12155.wav,5.92769857122605,5.4116004363042265,3.968951341156428,2.905004033949848,2.6447496694044736,2.833872848531509,2.799152889775624,1.087246227168263,2.214749849365309,3.937693773576405,1.7783221836643066,2.185401147933849,2.6188001052533334,1.6257907873722748,0.9477107357673688
421c020a_2.0997_443c020p_-2.0997.wav,5.056862804241721,5.153651917500529,3.673540147617268,2.6160917815294127,2.424916729717375,2.456902296297402,2.365261823870769,1.0920948271728528,3.481846354528168,2.971509626970728,1.6820571185855888,3.5317775769247977,3.7205761086913522,1.1110269809332982,0.70190353532703
052a050j_0.086419_423a0106_-0.086419.wav,8.778526862448608,5.509470536790833,3.4755363539723203,4.575462291325075,2.732050203395898,4.405499298350686,2.7285032301527274,1.3446104964356482,3.553271548814956,1.7899248579147484,1.3651091867322136,3.588339019598429,4.080730830674582,1.1576200466550648,0.7300994136151866
445o0304_0.21589_440c020q_-0.21589.wav,8.878140622610957,6.415080453259069,3.964114725195429,4.621260543561518,3.4267805796620103,4.60411050473263,3.277764217579964,1.565702493715605,4.531778940999029,4.556168399189919,1.7038589258948211,5.947418339377081,4.431944938312517,0.9395347045865996,0.4965568358954498
423c0203_1.4978_441c020v_-1.4978.wav,9.66900861919563,5.112593215875495,3.631993147952133,4.899003924666202,2.3503402241900515,4.756580792607435,2.3974109311591523,1.5618900316825406,4.421334310389755,3.393609345875679,1.0832241808646852,4.236693589156024,1.3928247120857884,1.09963694333009,0.3361289233004155
445o030y_1.5004_421o0307_-1.5004.wav,5.561940536608986,8.927529090162816,3.3983266785459016,2.9054690149417595,4.428642072065512,2.864141496909538,4.572836511116733,1.0714783150149554,3.249241523394618,3.108930670316704,1.406743963962394,2.89892851176365,5.271818282320228,1.2921365387174313,0.4212285208003595
420a010x_1.3856_052a050g_-1.3856.wav,9.896409845738326,9.010512120477436,3.0157753121873165,4.956453255066447,4.566533176265861,5.070310682227119,4.692772973003467,1.545433914025767,6.812965103536997,4.879624954471075,1.500550865134502,5.287115426463757,3.0739983344929254,1.2407467349985608,0.7328524725797397
053o020x_2.1625_441c0203_-2.1625.wav,5.110917205821758,8.725415787479022,3.2950612950734026,2.6202551373655263,4.242612694447946,2.5713539642365983,4.384417755241326,1.3029753430171842,2.2555787929222366,3.546802270373977,1.416584735149598,3.316881235868821,4.472773392377256,1.337087461759895,0.4322143691983201
22hc010x_1.9781_422c0205_-1.9781.wav,5.27906282523772,7.709932122341507,3.0433007900634093,2.757571193441274,3.684827274980403,2.7507285254085225,3.834671120013136,1.2169142653223926,3.5318232335702016,4.601611686509788,1.7203956722354317,3.8697684314576857,2.5250809010975264,1.1650570055670588,0.2466755256555237
441c0211_2.1911_442c020k_-2.1911.wav,7.773996186410448,9.488956357679712,3.440216677443384,3.7833030456245513,4.951373812484657,3.931071092307932,4.867322611545121,1.7278844333415926,4.536543451278526,4.1874197212987525,1.2280513830517266,3.5693548584926913,6.553812587652113,1.7799906157963377,0.7768318431879606
421o0308_2.2663_444o030n_-2.2663.wav,7.356234957762487,7.955102300369967,3.892359888814072,3.697971955469056,4.011457689010849,3.654208574216294,3.867983766427944,1.7573570907016958,3.164416821187377,3.0690122862809615,1.5383685344347524,4.2829573742644245,3.325816454476125,1.5278079501077162,0.7650042997232425
050c0105_0.94642_444c020p_-0.94642.wav,7.530349668080291,8.655840384532665,3.835810178965828,4.019824576182974,4.2521713533081655,3.8507146765012217,4.234797757548289,1.0634824692581155,5.359941761119065,4.876558008311545,1.5756998322064313,2.934512580210242,3.9297836271311106,1.7452953061216876,0.2965878146810121
421c0210_2.0898_442c0202_-2.0898.wav,6.346421534730776,9.351673125706675,3.936268962905341,3.281934743402472,4.431269698937573,3.163089267048831,4.552825253110454,1.495740551944451,2.2854321176491985,4.75432039755814,1.2141917406307257,1.7577398609851849,5.757244767460681,1.076100613470608,0.5419119835252217
443o030q_2.0124_052o020l_-2.0124.wav,9.329481505480858,5.989419105147979,3.5261774123627854,4.646562435865347,2.9188088313801908,4.512992804761794,3.0239713420332786,1.6166023515987769,4.79553915355046,4.462873704514447,1.4780471943777884,6.261568388125515,2.1008744275559943,1.4736681388173016,0.6771257331917537
423o0308_1.9242_447o030j_-1.9242.wav,7.1355945454514345,7.86627344815539,3.1241823639487096,3.568693533623699,4.09966970791797,3.538588111052825,3.952721882034668,1.2757938958041728,2.703793919989088,4.584168536915123,1.6549020640080316,3.6462371293920683,5.214350669694378,1.7603771267798114,0.945452606896308
446o030e_1.6619_442c020s_-1.6619.wav,9.20230684681701,9.230482743220936,3.529711289674074,4.674697813823033,4.764294881678933,4.5475228196640805,4.843834311276274,1.680044664050886,4.740236782847246,3.862924720939931,1.2671446311202008,5.050770494943735,3.893596317477695,1.0974427233508726,0.2296804196296286
051a050r_2.3742_423a010v_-2.3742.wav,5.511805516451836,7.637345918016178,3.570267337500449,2.722243495622511,3.565271287724428,2.8148843223217908,3.683244493277528,1.4851469007652311,3.0334508520823453,2.481262447752047,1.1960135777280143,2.699251598705643,2.54468756857178,0.914884581677626,0.5381037164334765
420a010d_1.4116_422a010k_-1.4116.wav,9.450958921234584,9.949035706317304,3.187943294259707,4.95329868600165,4.902144010578983,4.840592228892445,5.02941244549468,1.578582285901908,3.0162997526840836,4.620007325539918,1.2590037165680794,4.5902537597463695,6.651867400019603,1.249197310196467,0.4016933012748758
421c020x_1.552_445o0304_-1.552.wav,8.395037908836162,7.80799454567049,3.794104359649521,4.126001857331613,3.7720296777549054,4.2935404281946346,3.800853752296444,1.252884221338334,5.312606857078593,5.259693397107021,1.0891259149119854,5.199686616186673,4.461194542263653,1.368170530627001,0.9628491599490168
447o030n_2.2874_423o030h_-2.2874.wav,8.941672593074523,7.763242443411055,3.2810335747037445,4.625968994808169,3.894331958045199,4.501280044619001,3.977714604325605,1.5874731400370283,4.860900831570032,3.134583559617176,1.6956022463418092,5.25377186251826,3.897762941857237,1.74527113837227,0.4899843201416632
444c020c_0.95182_050c010x_-0.95182.wav,7.286578032998971,6.814275879288607,3.506840428097754,3.5342087612192152,3.430872590338397,3.3679596235379456,3.395358871577415,1.4777236180011484,2.6658364809575326,4.446595462419806,1.5074234021952235,4.759917184617789,3.6301402520074375,1.437481024217807,0.5605180312367877
22ga010l_1.2345_444c020e_-1.2345.wav,8.211267417503088,9.64795352935564,3.312093948922158,3.9957823630614544,4.658820881376465,4.10940152783888,4.785275163214922,1.78090865143332,4.3076609055545,5.700613767592867,1.0286307479318697,4.562475384332802,3.9811373454309398,1.0498372225951798,0.5073577559175179
422o030q_2.4777_051a050n_-2.4777.wav,9.728766596145924,5.808293593935373,3.4237032951495285,4.679107711767276,2.695486201597506,4.65993713843022,2.864401828813962,1.5720996068103452,6.505157531620673,2.435889739951809,1.449170889803895,4.45216373310499,1.8608662178534245,1.7028508569794245,0.4322908434322982
421o030l_2.3467_050c0102_-2.3467.wav,5.16403591024233,9.528378755280228,3.551799548300161,2.5305538628368485,4.876405238223351,2.4677177457916315,4.7184444127169,1.324840024787416,4.006700040713852,3.650444006292767,1.5275727946853894,3.0806966298557272,4.301658270351432,1.3473371587049747,0.596353601377472
442c0203_1.1901_052a050h_-1.1901.wav,7.063414371426847,5.860548610660154,3.483229245299195,3.467382121632644,2.678295113793751,3.3724772508838345,2.8193378927941377,1.56521023647155,2.9446372265722127,0.8932739263340961,1.5721711049620626,4.126820057465249,3.5461170911256454,1.4062659222364131,0.9319920040705608
053c010j_2.0279_22ga010p_-2.0279.wav,5.24066257175736,5.525849898827648,3.848995088688127,2.573239287826588,2.8131054439288685,2.5675160509700583,2.65320783744308,1.5550482759737774,4.409520239362518,2.1789099691362654,1.4474347827691942,2.6785414765957487,1.5240221288321465,1.763110334562055,0.51706417583673
444o030o_0.67898_421c020s_-0.67898.wav,9.283315707942297,7.0905057368979385,3.30282649721084,4.79259182737775,3.3171103731876186,4.65949526736523,3.3862862773221765,1.6660198270100983,4.737609592070146,4.0608235658180245,1.1975590237510274,3.6039506749915846,3.5410551323115094,1.389888746688043,0.4110473543277171
444c0201_1.4178_051c010k_-1.4178.wav,5.685345480010663,8.631696265646184,3.5020705634731994,3.1046873967119604,4.33036058689992,2.9476596605499923,4.26522772210919,1.7479164750335998,4.662409307739129,5.319388749198151,1.1011135762899609,1.9136153948842982,4.977690175444191,1.5235605193643404,0.7644773257987714
447o030k_0.23143_443c020g_-0.23143.wav,9.868239471251808,9.25359800987827,3.231051209070491,4.951304945917864,4.622604906620193,4.83027096755817,4.741981521090636,1.4358306830899608,4.325179212324558,4.182092052019696,0.949748644635581,3.390056453655509,4.37543304406756,1.752042136178097,0.934106643513921
443o030u_0.27575_440o030n_-0.27575.wav,5.343521209049477,7.467087063555033,3.268940262262018,2.487556590058775,3.567645476438802,2.576082392036837,3.712777080109887,1.0631794301653328,2.797976362123208,4.33034198052272,0.98785457454872,2.6725702389356933,4.962629240827922,1.1283719260041112,0.5445060214654538
447c020n_1.281_22go0107_-1.281.wav,9.257497343147,9.126564345006862,3.608516200380118,4.638764063404685,4.424780455819247,4.789828212413217,4.346808519301495,1.0988762124433953,3.4073919366467047,5.0061185124654966,1.0450748446832638,3.7265118332892238,4.777082998130217,1.0039438943413237,0.2043212197042968
423c020v_2.032_444o030h_-2.032.wav,7.232664981894213,8.230893234341293,3.2895158888853966,3.555389247381609,4.292421732134366,3.4054356302930624,4.29615170828196,1.1850261557035648,4.826518645117353,4.160819448034526,1.509138660299011,1.8896276256654236,4.75227543049886,1.0559086328863672,0.3195685762281653
421a010r_2.2627_050o020i_-2.2627.wav,6.248037543632607,5.464757531897781,3.2466845002318743,3.255524738735135,2.7840694588309067,3.3748043060756774,2.6629398389394328,1.6995392402595613,2.1309439480444126,1.8701915672551839,1.178874979548782,2.4937511129880177,3.794703010468368,1.7795514359216626,0.6625986008268869
051a0502_1.5222_050a050s_-1.5222.wav,5.525624210602806,8.43162787201981,3.850745576935679,2.9654421167897347,4.138906856735787,2.8173664257776485,4.1628565901642265,1.5041098408195617,2.99965580447878,2.947385674408994,1.0127250014774123,0.9823340799132781,4.0051074582863935,1.6069510282570634,0.8312712290047193
446o030k_0.43189_420c0201_-0.43189.wav,9.237336337713629,9.594697399478008,3.373585613257449,4.458184742660094,4.891271457318372,4.607786095958031,4.902200093620579,1.7663686813184163,5.056247574480577,5.6152775457489446,1.3407937117052355,3.4561398721363976,5.429258371232547,1.7836012747513443,0.4250261359780115
22ga010v_0.56642_422c020f_-0.56642.wav,6.571175939689054,9.963459962163554,3.6614917212030567,3.211285895912796,5.086717547369665,3.199769058963372,4.93716032599042,1.132149185438179,2.212595512616794,4.204725024809062,1.4058865237367404,2.4116186762521608,3.661493819923757,1.6859934781672123,0.5437625495715162
443c020p_1.1115_053a050g_-1.1115.wav,5.105502640560177,6.410920576410106,3.162211375573741,2.534172658968734,3.175422660822968,2.4337004518907377,3.0382901132462665,1.39506180931234,2.466343065689093,4.984894497066833,1.3233773350107132,3.421849958690921,3.2694714996019827,1.0796065038685745,0.4812179654009164
22ga010l_1.5416_051o020j_-1.5416.wav,6.587679822219238,9.795473811049227,3.8847792626691655,3.270679650922183,5.10077839460818,3.102940511320069,5.073145424345422,1.213061026180053,3.9833922400283184,4.62409978409415,1.3311814721131203,1.841741295930009,6.1544343722342045,1.5862698370446695,0.8549592507834309
22ga010w_1.9211_420a010j_-1.9211.wav,5.583292580178053,7.31806112604772,3.388206437761192,2.6371891638218417,3.54482683292504,2.67929481038583,3.380123722670775,1.1804063489075305,1.8679785391788828,3.6375861488629035,1.1253856572425238,4.283563674928644,2.8534225896480114,1.2537200037611949,0.497426771452103
420o030g_0.34707_445o0310_-0.34707.wav,5.301260802853419,5.9890724409084495,3.315918842258948,2.681044288995115,3.065850424718609,2.7139965844041507,3.2121861559235185,1.0580565039619283,2.0894807607047277,2.7880096462658375,1.6160817577747495,1.4726357830180092,3.067786516150396,1.286029592780257,0.2693448569155095
050a0513_2.0807_446o0310_-2.0807.wav,5.356882319754381,8.466516140789539,3.870285185517648,2.5327895640849887,4.223613424782786,2.52939149913583,4.07365191920685,1.6770776268106289,1.8683122069745934,3.4305712240872843,1.2089056307086503,2.6630502736630346,5.964749614465532,1.6090142468925566,0.3815826592590203
441o030k_0.4092_444o030s_-0.4092.wav,5.832650191847909,6.362676372044682,3.232719781189377,2.7881033717323622,3.271549839654228,2.8812079119104586,3.3891574269869555,1.4152514661644853,4.579734809865671,3.4025403417795794,1.1996182282604702,4.1893365285973045,3.752763451682186,1.4983585715181733,0.4891395419182325
447c0207_0.10378_051c0105_-0.10378.wav,5.681358618212498,9.915710988091256,3.174727331512341,3.04817397567936,4.999750073902876,3.027976581409183,4.830954146035244,1.1936844488609433,3.763067313526625,4.925062446498396,0.9035748980143636,3.5353525714798693,4.0715632086332665,1.7547566194653363,0.7538597011096659
051a050d_0.21642_421c020v_-0.21642.wav,8.731490047616326,9.424014539081156,3.3866395647614254,4.183326478022623,4.63072038641542,4.344673600600341,4.684265750695544,1.0400212729582785,5.407770093054946,6.25431692195015,0.962160244185215,3.7317111622002055,3.409165711052235,1.4140546984589264,0.878836723395513
443c0208_0.43154_420c0208_-0.43154.wav,9.666784650909,6.4005797113211536,3.31480518369149,4.934418632422016,3.3450159520908618,5.079716326003181,3.307752293655415,1.214820488643256,6.81499839812388,3.2151732471367636,0.9122158248193794,5.9444255363489615,3.739364721912017,0.9913123403708092,0.5571236579430716
051c0104_2.4531_052c010e_-2.4531.wav,8.60410997716143,7.953952769346174,3.2756626077458133,4.266527606612262,4.121588674547815,4.117301798801534,4.136808999223576,1.605455626729742,4.283101769073062,3.1286317119070643,1.529765416239966,5.340058484116308,5.689992235253263,1.2129412542891544,0.3769095583248725
441c0201_1.0706_447o030x_-1.0706.wav,6.792172070079544,8.970741881951492,3.3845646829143803,3.6067918773119407,4.647079083939345,3.4598247872791177,4.617067845256412,1.4116476779968408,2.130179022562827,5.427321418579627,1.4271291193260978,3.259815598033939,5.8441690568236595,1.1649170725243307,0.2830420458145171
444c0205_1.5154_422c020b_-1.5154.wav,5.906098574784623,5.105635315352371,3.017648685161911,3.0168680804480266,2.775055433125386,2.993094820163525,2.6269513072698065,1.055882260947079,1.755866264874415,1.7919548992882965,1.5109200080237408,2.4475506666855,3.057173396766817,1.7243105443990951,0.6425799652102533
420o030a_0.36105_445o030c_-0.36105.wav,6.838334801444096,9.230200238602702,3.953738270423664,3.2556028919063844,4.743356960824485,3.393275719034167,4.643626360351794,1.1464786053572198,3.9906027244680513,5.376765320319515,1.6210403037412848,3.2529200999957153,5.508421293946341,1.1362934966395493,0.4235640364455302
440o030i_1.8356_22ga010u_-1.8356.wav,7.569204571552341,9.435252139927035,3.2714495703447954,3.778419314527184,4.794821595874976,3.850415039651071,4.926414207992395,1.2781613755290837,1.8080839368419268,4.4419328365621755,1.393162550270372,4.051359642731109,4.133092621310178,1.7409205860010304,0.6468002264589812
422c020t_0.23212_444o030u_-0.23212.wav,9.351074845221422,9.155769428565296,3.447705777268688,4.902827302237848,4.503087278818783,4.801390277018135,4.639507694866292,1.4035314492394717,6.582117422013725,5.055225496399376,1.5684970914542022,3.640338940593417,4.968296668460119,1.782410343837774,0.5897384155189478
442o0310_0.49097_446o031a_-0.49097.wav,7.911234096197039,7.152594717345173,3.393917937637665,3.928414874233864,3.4659066351028693,3.796538489359837,3.5373812397716438,1.7621567867588253,3.543588070880276,1.6696467028785356,1.2512874285535784,4.163432018684075,4.879194806501908,1.7473647626543878,0.4344023672581764
22hc010a_0.88989_446c020c_-0.88989.wav,5.427536529165303,6.06191679124668,3.936179350598275,2.698713294635304,2.866520378461633,2.826291833234201,2.97887569203856,1.1649872496231723,1.2080462048973097,2.239125874163857,1.3783030714719675,3.3919082853698996,2.811828732052617,1.383579342579348,0.6099050929776763
052a050q_2.2908_446o0310_-2.2908.wav,5.78934624111344,5.853349913865522,3.18186416780596,2.9132658748755937,3.1099751248972822,2.941455530047619,2.9626477909049704,0.934239112508228,4.824512876405878,2.880190801843353,1.5296129937695324,3.897062515675121,1.7864601483734723,0.9305801587544344,0.5703897899072785
422a010s_0.058964_052c010e_-0.058964.wav,9.266441535560798,7.9990766724432465,3.031877853106796,4.770320065061976,3.952961612067048,4.788916634537313,3.7839818274662,1.155511399429881,4.718883687083813,2.2885827592558687,1.6464256801190356,4.685782916162345,2.9566986854743122,1.718959619828949,0.6454420418443682
050a0502_1.463_420a010o_-1.463.wav,8.189806184237128,8.589330792372918,3.3129370599936445,4.0642378654710365,4.126521235658358,3.894411535403196,4.118838943312379,1.378688208794011,3.179834084492152,3.5801864095689266,1.7965007319629756,4.945590783444103,5.555391681648704,1.4283218321558326,0.1016753252950742
051c0109_2.0321_444c020x_-2.0321.wav,9.177553627552882,5.823139093648024,3.576945451539056,4.379410538264751,2.83267566316787,4.528997946773875,2.843793541361328,1.743882535686502,3.412945822020806,1.1659693970721117,1.221734488597756,5.5282415942063645,1.5234395031077959,1.0697485531208994,0.5561619776754831
423o0304_1.2093_420o030k_-1.2093.wav,6.120301860875541,7.234792255960511,3.2078586149036035,3.1536877226322826,3.4328567501211,3.0665553933973966,3.5549548958977795,1.1734262061210043,3.549360783682568,4.691740238698808,1.6858287445229232,4.40190178073571,2.9011878024857323,0.9492430766736398,0.592825963555457
445o030e_1.0954_053a0501_-1.0954.wav,6.177469017049042,6.640139924366616,3.8744929497571454,2.8776473433094942,3.281526853944138,3.0456889775234317,3.2557973150693496,1.5676192129460222,3.857673166027178,3.6974386717634253,1.3259305664606855,2.4317786528295393,3.92646806206971,1.4934430430898993,0.8145051141294519
442o0307_0.25506_050a050e_-0.25506.wav,5.307524431803177,5.828777073825794,3.842173181318327,2.5014071444303165,3.075892357887689,2.6688050615429817,3.0462623503557733,1.2685900932334748,3.8179011105995384,4.301490196524219,1.2868361922360907,3.4308372756695125,2.761595951687421,1.0698045117762518,0.4942225888534576
441o0309_0.26895_446c020t_-0.26895.wav,7.434953507749778,7.008822776494011,3.1756019065107783,3.59867900503612,3.585539928701009,3.4977298975662814,3.4487580669610725,1.2875575083588373,3.978887092743401,4.132643286172618,1.3876696334545915,4.841678178356012,3.826899572087013,1.3858838812085177,0.4140134851037905
051o0208_0.58475_22hc010t_-0.58475.wav,9.297986682545918,7.716842075065388,3.5924106348815497,4.744755004409702,3.783939873049158,4.808940047878899,3.930501396631773,1.7205048646920351,4.460251188130078,2.4096736646917134,1.779064516712619,5.635064304343643,4.715722953367603,1.4605833764118483,0.7935007385686752
442o030g_1.2809_050a0504_-1.2809.wav,8.446502851693353,9.630063357057637,3.134494406220092,4.310042987840268,4.86239886473568,4.456598146777018,4.798199290056215,1.278306397166035,4.89186581744122,5.419590095438445,1.35148195561158,3.3997754747541533,5.500418018161061,1.6998886312827597,0.9262585571423064
444c020h_0.9633_423c020f_-0.9633.wav,8.01841407699791,8.129037586165502,3.160357668829776,3.946115371203237,4.094497349714592,3.803926602737145,4.046723359698095,1.6941041389584468,2.649850352549527,2.53063331651862,1.1735323238844804,5.5164022038336835,4.2258007485152325,1.555791093683414,0.7049544556186139
052c0112_1.3935_22ha0102_-1.3935.wav,8.603652259795355,5.027744031220552,3.277634839680781,4.223450615083865,2.3905858964246964,4.200515972887343,2.538822201651579,1.0627928137763702,5.508065191293093,2.248493514377539,1.5235585555383375,4.9426690374235855,3.3710025802981085,1.2649943834792867,0.2398843530773428
421a010f_0.28101_22ha0103_-0.28101.wav,5.690655753569985,8.281808514292115,3.8911237286828326,2.769299544338541,4.333968421117821,2.9100065841653384,4.238566487472952,1.118993905491779,2.43672137137623,5.395271699220133,1.7969108110340322,1.4360749833670496,5.068156895298983,1.0427920614142,0.8229836261109461
22ho010n_0.98109_447c020g_-0.98109.wav,5.401030673831973,8.21729153357202,3.618933339827132,2.5462301002637537,3.991546141478744,2.6124101465555927,4.126157439194835,1.0807283304053057,1.3972108217532977,3.9046449142071884,1.609187797184982,2.7437445583629168,3.2876435995187365,1.6455164416217811,0.2988673889659758
22go010s_1.0984_446o0302_-1.0984.wav,8.017702528409782,9.55855067826856,3.169627955325208,4.019365406792855,5.028723239178498,4.024436762449912,4.878808992517949,1.4627001130461157,3.4509374187426687,4.610301756359058,1.5679847768187567,4.2292293586029786,3.24554286074542,1.6452941488669368,0.4594470965955229
420o030t_1.2352_053o020y_-1.2352.wav,6.31818863755167,6.071543100437822,3.290540456213608,3.3089997172041605,2.8919653943747385,3.2728562456453187,3.058078757665219,1.1077083504141032,2.3777559585848045,2.4422828936719467,1.587835352891087,2.557177595297778,1.4865483204916847,1.3785395136760026,0.89479112818152
442c020u_0.62277_22hc010a_-0.62277.wav,6.363311524796372,9.30340406429304,3.809362074193249,3.3154546406226046,4.623971218218524,3.4310912535956275,4.5284297416749455,1.2475447393281591,4.622059286213947,3.8515300875053997,1.7554091200441793,3.1421281853691707,5.494506920101589,1.4147445603221884,0.8985101822860279
22hc0109_1.9352_052c0108_-1.9352.wav,5.472772631890898,6.314843459177297,3.0942607614633584,2.5536942954450352,3.106583345806015,2.6499764641045416,3.2466895340998314,1.2861284077905806,3.1503732927116626,3.619092121411092,1.4272368263829776,2.9614109227906016,2.415775071892999,1.2491537906323718,0.5587267661555045
441c0211_0.47832_053c0105_-0.47832.wav,6.711227719174914,9.722257850953037,3.46162754387124,3.3499138918384603,5.107500925720395,3.3706179856132983,4.958936661844581,1.2533013722204878,3.9874359760155103,6.721128584916949,1.1084825895304786,3.4140703316440972,6.455676456612165,1.0537375115527667,0.3810901513718054
445c0214_1.5649_423a0113_-1.5649.wav,5.382784589753559,5.962862144618782,3.696730080757456,2.912758494508252,3.1300515032138123,2.773257434603692,3.185182749213738,1.5879593407103263,3.695546930134414,2.997019237367966,1.6668678419657017,2.0426646913833126,2.2194629931504495,1.3595607927048623,0.4102071277318676
446o030e_0.35357_421o030z_-0.35357.wav,9.65524758780438,5.844021699424088,3.828925876646222,4.773910356333944,2.9066364428268643,4.67197801813931,2.78330843128782,1.2849382728142962,4.9104120381753,1.1505404131877606,0.9555070205377968,3.401604432613845,1.5965164341203457,0.975269290925401,0.7517462087186791
423c0204_0.44006_051o0211_-0.44006.wav,5.118322487196865,8.277182266181258,3.0164907634961504,2.747716867064864,4.083429581464518,2.731444548009476,3.93431482152252,1.50228697567458,1.8745931600829302,4.125819942790887,1.4870487398968089,3.673213963500193,4.467937328003834,1.3562418088986832,0.2590232424976119
22go0110_0.95557_443o0314_-0.95557.wav,8.871795010627821,5.320440395019685,3.1388778277199383,4.618767489732318,2.833315590740692,4.470264493600641,2.85445465741628,1.7493879376814578,4.619015323517238,1.2834567022853371,0.9859649946993884,5.503474510603977,3.6673239384157097,0.9166230445030676,0.3537627605570045
440o030k_1.3697_443o030u_-1.3697.wav,8.777201042324215,9.50880152280547,3.4697575667335907,4.266341900401559,4.929581787856143,4.116578522532099,4.938003821406846,1.0752092797950732,4.053127502462267,5.944028414651926,1.498334548949344,5.009301117165584,6.62008674145133,1.442837786100602,0.5352577609691089
050a050x_1.0327_444o030o_-1.0327.wav,8.030560976329086,7.544410461251774,3.3945080907589213,4.2751446078205415,3.726207271172554,4.123646018987259,3.803331700386157,1.0068577922592794,3.7370803792440013,3.08806006679385,1.1423823773316826,4.0771853782356064,2.7623042694463686,1.5228142261638151,0.6082758571378722
443c0204_0.15155_050a0511_-0.15155.wav,7.356901527604228,8.789697058982508,3.423563806494433,3.70094546017631,4.506297830652957,3.841417274154032,4.558906475168931,1.226362643916532,5.024505700567325,5.260202623691317,1.2138741841630911,4.047231713642069,5.51452644910949,1.5960760049357878,0.2744827011777985
445o030v_2.1753_421c0210_-2.1753.wav,5.231447074303109,8.859649222334259,3.657300164857103,2.507211536371227,4.251336365663049,2.447162866003469,4.410377735083286,1.5866031939384209,1.8638061072474124,3.601608130707916,1.1682418086634598,2.0797322414230117,5.68143957880936,1.5571999358245514,0.811763691344924
420a0109_0.52312_444c0215_-0.52312.wav,8.561409702775954,8.30819976054455,3.4356911624456044,4.285780951672741,3.972269167614905,4.1540362055223845,4.079709019912729,1.1305495276642143,4.767856682567081,4.735287729617289,1.4708004366290084,4.915655497810584,2.682678342555594,1.316905125551558,0.2699771887429115
444c020i_1.2349_423a010k_-1.2349.wav,7.511860418601975,5.48217561782962,3.336455398882653,3.994689787343391,2.5894596831724312,3.8864569141909056,2.6933136439498515,1.524401824849433,4.707690347573363,3.5704812441065132,1.2424733253923537,5.118749080841861,4.054391033703946,1.1405065993958754,0.8315762951425281
052c0106_1.864_447o0307_-1.864.wav,9.880183184707937,8.098893712474819,3.7013697821052336,4.79641562823652,4.143641892483606,4.856118921425559,4.00603550897476,1.67468413944688,3.5476779368551363,3.0209928083088387,1.031396821423684,4.266026852570738,2.423779914665904,1.4798419709601327,0.4599399325662373
444o030b_0.34117_447c020a_-0.34117.wav,5.1292590631770665,7.621029476311516,3.3472970392654453,2.768903616316417,4.0128169741300965,2.644249509703821,3.929382246920046,1.2281017298718402,2.8313420613626987,3.058058288445223,1.218533265067946,2.8101474043405807,2.7702035845887663,1.159257828773996,0.5308616478038533
445o030h_1.4594_446c020f_-1.4594.wav,5.847841219478765,7.436794089849507,3.349531253901422,2.8797537502247854,3.919947260593792,3.011801368683865,3.8295955784883366,1.7756462101338542,2.806672723498551,2.289426971146572,0.948272343018105,4.311098545382275,3.1218629887075533,1.0929235972963791,0.5382394125497678
420c020p_2.0378_441c020r_-2.0378.wav,7.234787680636401,8.23964113895286,3.3095852627936626,3.431731718645595,4.22207380463011,3.46539725098078,4.368247098814063,1.126445539312919,2.5113361130003207,4.1507427180687095,1.357039203632536,2.6316408273828182,2.713334191638541,1.5903281983076445,0.4452586475720199
445c0211_1.0756_050c0107_-1.0756.wav,7.407436459201621,7.687708983651075,3.45943603863598,3.5079732848909413,3.945845678757825,3.5305695801350763,3.797557420823355,1.4517678593793184,1.9953381254235825,2.8381695520191075,1.4466736018906066,4.590476837176631,2.2862852457830174,1.422855454110917,0.3705022711996141
446o030k_0.24698_051c0112_-0.24698.wav,5.554816133836368,6.601577620510905,3.184652685500532,2.862049808611511,3.522882233587073,2.9105045068836413,3.3599339527880514,1.2607625106155338,3.4626701076277127,3.050419823474336,1.2903467708009575,4.559205204485706,3.3450068290985167,1.1944392102423826,0.519435128700616
422a0106_1.1377_423o030l_-1.1377.wav,6.996202685542337,8.916354623552252,3.694082548066004,3.381625490462339,4.376983915427362,3.449763007988057,4.532731399212598,1.244910394579318,2.0725316948565013,3.773999299981292,1.3336111376682975,3.8678965149347695,3.7384205967961126,1.663446495989958,0.7551540611963494
441c0201_1.3462_050c010w_-1.3462.wav,8.850248187537643,5.769673907972306,3.769632754164548,4.387899423041106,2.990325859522701,4.41221172376495,3.138342453300268,1.4507856821773983,3.3629451989541725,4.407329763043737,1.5995849869236685,3.1178821383386217,2.4141605847968397,1.7129738230565588,0.2667493895583935
421o0307_2.1494_050c010c_-2.1494.wav,5.76349346818888,5.704187336633312,3.177577734848012,2.764223520744121,3.063226745391734,2.633347010216728,2.9899373260177677,1.0329631935965986,3.5806999481137605,2.689617810690224,0.999833288919816,3.169143621682823,4.004629128421263,1.1533091454624582,0.9963878881791368
053c0108_0.021727_050o020m_-0.021727.wav,5.835826223906592,5.641163535297288,3.0151912361226607,3.0170368347260963,2.7943519569547948,3.1716856028079032,2.723756216780338,1.7087123913204756,3.1955370941953167,1.9812341294070226,1.2090041492033514,3.796131578854896,4.547879206954098,1.7851280622414638,0.717353882131084
444c0205_0.22427_22go010r_-0.22427.wav,7.289300130716796,8.952707766565897,3.1877758658994155,3.789936595875061,4.442899528690843,3.784792888439729,4.292987747053042,1.7033475648838698,5.46412067225905,4.43947552572953,1.7903980523703145,4.032509922823919,5.515235224683264,1.029756786263635,0.5546849823613058
050o020e_1.5522_443c0204_-1.5522.wav,6.959230338624494,6.215303315558147,3.4657363121702787,3.5960522980998912,3.139889547136316,3.734298011014352,3.081681962915936,1.7058831592522692,4.7318828194182565,3.5758775400778933,1.1741164142543143,3.1113687227548246,4.8992757002340515,1.3743203363463117,0.5137070130995116
052o020c_1.4136_422c020g_-1.4136.wav,8.497334964222897,5.945436451071109,3.3625617456618557,4.115843468922528,3.100420874676796,4.264305967172766,3.078999235773622,1.3505870583778892,3.8352391029492603,3.778949320533919,0.9537362347841368,3.9560751230892,3.7407592359519777,1.2043536248840967,0.372807962096604
441o030j_0.13184_422c020l_-0.13184.wav,7.4595820424353345,8.227408545328654,3.31400567293486,3.81792913299197,4.133181097727926,3.693484732919435,4.248998157311508,0.935934464038506,2.7873028846603853,4.379939544184133,1.1933839812593965,4.564157362006681,3.9769566627860664,1.5294428294198554,0.5732463716974852
420c0202_1.7761_423o030k_-1.7761.wav,7.260747171990114,6.907064760472474,3.322266516246697,3.565247094417081,3.648713006664566,3.676904527025912,3.520523234283129,1.055977311916978,2.2288537845524994,5.006556724868953,1.2637873865172329,2.857431045466045,2.3419633575253176,1.5508547688078331,0.7110262197839983
22go010o_0.88923_447c020p_-0.88923.wav,6.595416806743909,9.595808463757296,3.4769043616475823,3.4327843139193948,4.6659698543940005,3.400951994056833,4.812553289379566,1.5554870380304355,4.509820907714646,3.0228234626270254,1.055528931367966,4.789744246591479,5.7663249714929385,1.2211227548225605,0.3552698442736864
421a0114_0.70544_053a0506_-0.70544.wav,8.030623370562651,9.376602363714849,3.967952253492893,3.888056252251008,4.834012555887803,4.046796051940162,4.894853956222175,1.0386091003210955,4.568985298525085,4.413144509798657,1.1798159448506391,3.765292164720018,6.666637319047079,0.9586180901537128,0.8770395557978156
22ho0109_2.3494_423o030r_-2.3494.wav,6.791524690694436,8.764244498698416,3.720796406697402,3.6575485179004814,4.599906828235715,3.517350181092547,4.546573664479107,0.9398643745754656,3.7851685126795163,3.9537971769845277,1.609363337169177,3.794235245790729,6.177784691576979,1.074145932809022,0.3349038332832326
421c020q_0.38291_441o0303_-0.38291.wav,9.550963853349984,8.848410179698234,3.984425980409236,5.011773055305092,4.440590517445462,4.938062025795183,4.571230037226383,1.0057397259037617,6.126181398709302,5.747287081709756,0.9305548388070264,5.615860674973107,3.5756970566735444,1.5113412483394235,0.3427359420835875
22ga010q_1.9519_444c0209_-1.9519.wav,8.417634702357306,7.395939906253707,3.027089558357845,4.398014299666682,3.5978752162339718,4.333709879437366,3.73339252708012,1.0078871872854251,5.307710931075121,3.4884524996444193,1.3529280112763873,3.422474112002398,4.9339038992331,1.4784997909998063,0.3225677832573512
051c010g_0.39061_052o020u_-0.39061.wav,7.88812455644853,6.328926568322515,3.7279963715751303,4.1230051525215865,3.3475297365621395,4.049570797253762,3.194208519940307,1.3115911705435663,2.9183496819158097,2.722670258787622,1.0584976846068146,4.733553127978889,2.5166994075574878,1.4941535665418877,0.4701824935709359
051a050b_1.6419_053o0212_-1.6419.wav,7.530362137742683,6.586665961316694,3.0125392750049333,3.567573524571608,3.1256329831327365,3.6938625074030234,3.239435851354089,1.328363304426408,3.788842098803978,4.415599275127559,1.0695399917198007,2.957567967577658,3.487243555760099,1.2959543191452418,0.904364997636818
22go010q_1.3606_447c0217_-1.3606.wav,6.3752860363473225,7.301496003639373,3.065962687197944,3.101686993610913,3.760388674709272,3.2184551002988093,3.8839411302110713,1.373078915133521,4.188188749396235,3.3005585244493316,1.5801067753191953,2.920076835929748,1.8755282419091799,1.4366679653837156,0.8559502506301082
442c020c_2.1717_052o020p_-2.1717.wav,6.161977479874333,8.073181637131913,3.719658294986079,3.014654034485833,4.2466135847064574,3.008859952322861,4.076712352774818,1.7008319004025565,3.5939785969014686,4.724333909885016,1.5899610414314758,1.5669864987203888,4.694431068712431,1.252586588900743,0.2849649852388505
440o0309_1.3717_444c0212_-1.3717.wav,9.51768444537966,8.974067411886207,3.5372656418849724,4.717716072288753,4.45199256947067,4.685833185818297,4.598565014187651,1.257326789729448,3.6565496338059327,4.372591223182058,1.030929457082797,4.503871193477322,5.842770511853632,1.3380523472637538,0.3503793016944259
444c020p_0.5106_053o020j_-0.5106.wav,8.141172942989932,7.716924860409744,3.626625510090207,3.933012045190064,3.690583582058548,3.828170222009235,3.7978598241260246,0.9742406651573854,5.203764124045457,4.728992745534379,1.615301308493933,4.656831105546145,3.3657429378289834,1.102358219315608,0.7970231482571967
051a050b_0.52192_053c0106_-0.52192.wav,6.113079553488944,5.5437568129723145,3.780423815747173,2.9919431127928897,2.7954750676771,2.860751035056012,2.90358907573841,1.1138639285731808,3.5997601782623447,2.9987286554540913,1.305763202756286,3.0368410781907933,3.547520219143234,1.2228458319107482,0.8658708974840574
443c020b_0.91101_050o0208_-0.91101.wav,9.272631361642222,9.418208636627895,3.116655941385868,4.458489926265799,4.681801129064901,4.608476159916731,4.683833299138543,1.156869401017291,5.307435785186824,4.349240549965637,1.3279927282938164,2.973543460473651,3.9849371116769405,1.0024439541389336,0.5610765683878239
22ga010h_0.76899_442o030e_-0.76899.wav,6.721440061597175,7.675085886351697,3.270917815533444,3.207079590734025,3.86524395762764,3.2187056814515693,4.034845944687424,1.5609658267370112,3.6313333573424704,5.3228375342710255,1.069486324574973,4.912970782060041,3.3672739770785904,1.250418960233481,0.8000115276882946
22go0113_2.151_422a0102_-2.151.wav,8.720054985531382,7.700975666095832,3.529318877200093,4.16211137906137,3.972862770303633,4.272986191767673,3.843995490098989,1.436807823463421,2.8663073135707693,3.490692756696984,1.7304414287593857,3.2662633081794668,4.221826594552584,1.7641585176518857,0.6460828026420713
22ha010z_1.6166_420c020z_-1.6166.wav,7.242844329994143,9.87256991425107,3.67262958332585,3.692714807984363,4.68990562594868,3.676567912086733,4.859137058468975,1.338977795390061,5.100991324386738,3.9391174723805746,1.4513657952228978,2.851188082442114,5.687292903862169,1.0439381356797837,0.9052209914743634
051c010c_1.2632_444o030p_-1.2632.wav,6.273169858310219,7.255675687172314,3.114488249144852,2.900436996870717,3.748690537350659,3.0247137835528486,3.8494639479903903,1.082849948399814,3.394261752451714,4.268961879012577,1.14050875466042,3.100662009443355,3.1262697489142335,0.9037733622050436,0.6884865932837465
441o030a_2.4581_445c0205_-2.4581.wav,7.567126656568357,6.794877099301084,3.3194549243413305,3.7369860337931273,3.336379552314153,3.5908460528704795,3.3701894025937422,1.3763851899260031,3.2782985624831875,5.148570651818098,1.21393311564536,2.9572710676210074,3.703967864490979,1.5134927147266346,0.3400499161850879
441o030r_2.0691_443c020c_-2.0691.wav,5.915285286880151,9.000809313144291,3.952018122936208,2.728839492468715,4.56037385851803,2.887391610572037,4.62170269223391,1.7330368379916907,2.98398841894015,3.4964624045769983,1.1095827097421118,3.3997219963783847,3.323111358231237,1.395616003573409,0.1583507975577473
446o030k_0.56158_442o0311_-0.56158.wav,8.19820291076817,8.198041095075261,3.961640149423817,4.240962228701759,4.031200300829305,4.160706833593814,4.157924692940956,1.6162293484353556,4.541428087012705,3.1366625001956754,1.2227707893847777,3.793793572077103,5.236244107291436,1.385073161847736,0.3962847917102096
422o030y_0.56286_446o030p_-0.56286.wav,5.390966049294852,5.668994782721826,3.469995734424828,2.602913317440793,2.887146348327424,2.7512827804239013,2.8041613951485256,1.1519206360207113,3.408895857234928,1.7474979419880141,1.390658209325799,4.581855065737435,3.2341826006922343,1.7259583563471603,0.9198355446936476
441o0303_0.43132_445c020r_-0.43132.wav,5.684508881600338,6.6436182718264245,3.49342312103305,2.994840346150153,3.086722864155504,2.918046098845789,3.238389088414421,1.714478881567405,2.0245731530012305,4.057340254947274,1.7079999517623747,2.806474532746383,2.0263563935684092,1.429016453179738,0.9096657954775828
444o0306_0.62364_22ga0105_-0.62364.wav,7.315199280761693,7.337360698376341,3.742253479747069,3.7918006899175674,3.6269306054615056,3.8367425198553113,3.770039766320784,1.6543385289666244,2.0816430662726275,2.7599897402081712,1.583532067161614,5.349713048163853,2.440178831040624,1.582677466107909,0.8101688593024898
053o020y_0.98149_440c0208_-0.98149.wav,5.70766562388893,9.17602357240927,3.578094232484463,2.6804275104646087,4.480523531820031,2.641295258098402,4.625329149199841,1.4950131054349869,1.5821009381883568,2.971244419146066,1.0923330273300729,3.1278629408438112,3.6222314012475127,1.049797322769409,0.3903836416129989
422c020i_1.9066_423c0210_-1.9066.wav,9.16361412273844,9.791872068441526,3.8503293506631504,4.472762263794842,4.932743658385365,4.642632220435561,4.939391803305568,1.4540696754283486,3.2187652232465096,5.392062469982446,1.7918052768209187,3.7682305347009724,4.332612169634243,1.0832698649108936,0.6036150246072426
053a0506_0.84031_447c020d_-0.84031.wav,5.38060371351609,6.746120532566113,3.5795579534016317,2.5402444995728777,3.28605463481098,2.627308910542109,3.1639080493385205,1.4735596024795967,1.647429254260239,1.6852820456823423,1.053494380575448,3.9782895299454464,4.279551259051347,1.5343817807300102,0.4941905097797677
423a010m_2.2596_443c020t_-2.2596.wav,6.927297011497284,6.103130157268368,3.972873153729882,3.5890297623275287,2.8448770701772568,3.5185059928044056,2.977264372937942,1.6942391232451803,3.624074692477018,1.6493565965819705,1.329229634969728,4.644203509311593,3.780764331705363,1.4442905079423003,0.5931389678754031
22go010p_0.74674_447c0215_-0.74674.wav,7.04984749454928,6.355028773766527,3.044014286499607,3.689202390577432,3.213611727919376,3.6039673404473738,3.360700089897224,1.0285966454798805,3.583960209536124,4.210885549044937,1.6643090654897668,3.324437108857178,4.582844653928652,1.3584452682888335,0.4461836248605026
420a010s_0.56448_22ga010f_-0.56448.wav,7.8479909380810735,5.346112120918022,3.72425529091218,3.945827991199484,2.78331681857293,3.96400133489816,2.6142909933898832,1.261991692696798,5.258226674374487,3.9372416417553686,1.2968338766705072,3.9800926933388885,1.1815935664754882,1.4087652234789916,0.9082328446281104
443c020w_1.0586_22go010u_-1.0586.wav,6.044735592110467,7.133600113471605,3.5669793132152594,3.114158663215874,3.547533254653258,2.9447362345522654,3.5615347069252383,1.087627000395264,4.132513603402794,4.809960641899093,1.7001777168703978,1.3532573251588738,3.938026965108653,1.708886868661391,0.8712621890448173
445c0205_0.5673_421o030e_-0.5673.wav,9.838151300025803,5.750356421382797,3.617574745401592,4.804216994039609,2.9721286623063645,4.888282432482494,2.847899027921465,1.087610979787531,3.253015509850142,4.202223838368663,1.55379787685325,6.559956526827503,3.8170070599792556,1.6039263190362778,0.3392117323003683
052c010r_2.4235_053o020q_-2.4235.wav,9.381117215083536,8.447563697916092,3.415289167346558,4.567627856126555,4.429137884342369,4.558703494759009,4.259372293676352,1.5476276569174412,4.516146950597351,3.1109256599590247,1.5735178133622676,4.003233813740434,2.955607477161054,1.3146473282017157,0.7581628359455288
051a0508_2.2216_442c0213_-2.2216.wav,8.990231101143614,5.84743667772183,3.46068527427491,4.43619402325381,2.8898444040569324,4.28569912269017,2.8107793365217657,1.5856726445881946,5.359190580329219,1.5341873224034215,1.1293077687497497,4.036345176295674,4.554964641169766,1.5219927617290403,0.7445432336214048
443o030h_2.0968_441c020j_-2.0968.wav,8.90598737959009,7.739396431145581,3.889841493920992,4.358712243926813,3.993491956542756,4.411234026793182,3.8529876422867946,1.5727055255379296,5.237387928475418,4.5834648647649985,1.5926101661467924,4.7004990465970335,2.8634120543437565,1.4563668359754782,0.4235313966087253
050c0115_0.45717_446o0305_-0.45717.wav,9.875950667269636,8.735737603087061,3.247209597453492,4.944717847467138,4.517869496510154,4.804512975080361,4.464553516175852,1.184200808007425,3.296921776581889,4.8726446934552765,1.0601951018459117,5.504937761054312,5.959270538509832,1.048733224971062,0.5129414883887513
22ha0101_1.7206_423a010m_-1.7206.wav,8.518507173681334,9.61518841918802,3.8855488284628663,4.198334681553206,4.975254087410633,4.337465690384684,4.919195525339035,1.7025342300546715,4.319673191651726,5.909296947954258,1.1467917957442642,3.7051511759448963,4.394570232467824,1.6715663345431664,0.4785048803224702
422c020o_0.53856_051o020c_-0.53856.wav,5.108750907824616,5.415683097441709,3.643905739152929,2.4438729304342552,2.6772356694573607,2.5248910535554425,2.803473792565716,1.068948623249578,4.419672693911174,2.230377886396127,1.189351802053254,3.866269588524717,2.5822980337909103,1.7326961491909634,0.2367505226508999
421o030p_1.4738_446c020e_-1.4738.wav,6.424950846429393,9.576458523297358,3.108532790946052,3.221045257034832,4.693987054587335,3.3497574737871605,4.58293226964449,1.1690912137760627,4.174309014562539,5.862680088723108,1.3013768992643595,1.9620313869290045,4.534056465359382,1.1276899883802145,0.8111453625192613
444o030q_0.62744_445o030l_-0.62744.wav,8.104327403802454,7.675742126821445,3.364229151167782,3.863781903099419,3.907147821346785,3.914447910340357,3.755381699599337,1.1093978925806494,4.101309236041723,4.741622699189867,1.1258270797136003,4.868406024580937,2.309559911633911,1.2983856998535523,0.6951373495138733
053c0110_1.9665_446o030b_-1.9665.wav,8.020872451488199,8.232607857683247,3.6147856919586143,3.940272362710672,4.23852868260945,4.07733232202698,4.137957476232019,1.4984038260841777,3.214083832851115,3.7830374607402355,1.7029756739271251,3.871813288971505,5.608467899522419,1.1453415852746265,0.2909906303377251
422c0212_2.1883_447o0306_-2.1883.wav,8.722247199383506,5.979084659867696,3.2771839537091294,4.433402196325965,2.9518227914620767,4.303214111358153,3.0263282445001853,1.0732399185029822,3.590564627120736,3.0645713461702115,1.1644259470122624,3.507097734841958,4.000784798405067,1.7405730409021023,0.320686485734233
447c020m_1.2223_053o020v_-1.2223.wav,7.083121064408614,7.052374213645575,3.257036159485508,3.453295639858424,3.53807532804967,3.4524272122883253,3.388077841958884,1.5871689053473332,4.359493384133203,4.3334470029722425,1.5506104991484335,3.598700195988734,2.798927117458638,1.5867246026234203,0.3274138153260152
443o0304_2.2866_440o030f_-2.2866.wav,6.415223269441336,6.433196871688836,3.8801733488570336,3.2061320977142644,3.126521558642654,3.139072115831147,3.2606966637472747,1.651322384435538,2.6377027818605003,2.499695877798628,1.4036564220444037,4.545961460197135,2.874249962508384,1.7242369692471344,0.5329060470272422
053o020r_2.4269_051c010f_-2.4269.wav,6.53346094878632,6.552830026927627,3.630124373347607,3.4430816446811985,3.3524089725983823,3.293120485025442,3.355822269347964,1.5103606882929128,2.2216457500887086,3.5934314852845555,1.0891090840974675,3.3204773872037294,2.2715347869208826,1.1054789292641618,0.4480718041258908
050o0213_0.77657_051o0204_-0.77657.wav,8.33661671618303,9.55701170907312,3.508473873316578,4.306083605911977,4.659443146250739,4.413086910867329,4.791542702376534,1.773151622363737,3.449769602202821,4.593461547246112,1.013381829558616,5.0117216693863025,3.220450269061729,1.1482616081199235,0.5038762689397177
444c020w_1.4109_053c0106_-1.4109.wav,5.555070318337579,5.828239433733028,3.683171047067313,2.6869798021955345,2.873993652968469,2.763538175141042,2.733498757929765,1.555568952734475,1.0821270467685853,2.7020015342792574,1.0727529913517797,3.4617819564747383,2.8218042569743833,1.269433440589699,0.5961628592033157
442o030j_1.6414_446c020i_-1.6414.wav,8.819603208309683,5.669621827461123,3.7082267973288863,4.279237685018586,2.808989635132978,4.36191113511623,2.683829335321288,1.1963838227590375,6.031863483341523,1.7092837529920706,0.9793959005490096,3.616090613195686,4.354208753368936,1.065210635392556,0.5358136822689125
053a0512_2.0668_420a010v_-2.0668.wav,6.585406640045627,5.967462204245921,3.116065179628777,3.458438947562131,2.769104198710933,3.500577550845083,2.913063700354145,1.431245644293087,4.206643736765334,0.9623063613332566,1.778158983533834,2.6674391048409376,3.4947270116246774,0.9872911234881576,0.200070257066176
447c020q_2.085_22ga0110_-2.085.wav,8.989284536946704,5.332320593382654,3.4610440308203354,4.3931602714771545,2.796733705066793,4.275542938338668,2.889825933235368,1.0735297880800878,3.4745422093937512,2.8053699261863922,1.4703406639675756,5.77987300565052,4.007097268703457,1.5574644552242858,0.4224315191216298
051c0115_1.3159_22ga0108_-1.3159.wav,8.823243278524632,8.209247827245902,3.593368953496078,4.598753270367844,4.1094427732431,4.535984649602998,4.245678232090197,1.1681088069890952,5.996492950280666,3.3058792734800995,1.0469882178615908,5.432061856781776,3.469927018510659,1.043796755326047,0.3696469039786502
447c0209_1.1383_22ga0101_-1.1383.wav,7.477413960828811,6.871101633629149,3.878955003265984,3.587882113522652,3.401736963106162,3.757224707943527,3.3868009089148043,1.312383701752195,4.1742869724658185,4.552143879009647,1.061932099527565,3.1346310577668017,2.1625320548321882,1.1247086041727932,0.5884488992662192
053a050n_0.55261_445o0312_-0.55261.wav,8.557864599132055,9.863029872041848,3.3961722184430743,4.163513100859262,4.788502034201259,4.323975840298919,4.7323619482419295,1.0500735670156898,4.167111268615877,5.463086265514193,1.698970182952833,5.130196800889223,4.1200468506239725,1.5668084023240056,0.4512281571360488
447o030k_2.331_421c0211_-2.331.wav,8.779413561739059,7.070352265857009,3.788242473024888,4.179962080906031,3.370755624122232,4.348883035528213,3.389879198305181,1.366183034952727,4.984162734710583,4.444600780696521,1.3258045566579302,5.94031808826456,3.9621967037915553,1.7093716818836246,0.6571959686667471
420o030c_2.1551_051c010q_-2.1551.wav,5.06610272186231,5.841656395764407,3.98140350189311,2.459617633449965,3.063935107072408,2.439080584512076,2.895180167527152,1.2914245874140802,1.9860150413968942,3.5477745094351754,1.6185907129337564,4.172699853599941,2.8058934129545894,1.4671944497256502,0.8249930799533269
051o020m_0.2335_442c020r_-0.2335.wav,7.078350443206856,6.900155981787288,3.219589741616646,3.580969795352225,3.211954580420428,3.4833898222754422,3.3511600000503203,1.5445413820942495,3.51075606775453,2.3276792804479007,1.7830987300201075,3.044331495179087,2.658992126910187,1.505213566861625,0.9549741125709884
22hc010l_0.76924_440o0306_-0.76924.wav,8.909859838718294,8.758955758039292,3.936222702996413,4.587196178918435,4.384264986215378,4.642243803610239,4.23403263611797,1.5000940864997163,5.223794994207936,5.842478115731259,1.4976834631173586,3.3141539423748387,3.8913701826271367,1.191276332664109,0.6002975943786469
053o020k_0.23327_423c020p_-0.23327.wav,6.484634548704188,7.918100627594517,3.987646233012153,3.071266869523788,3.729244694384287,3.0681360597903904,3.879212017593089,1.240836937347252,1.4022701148906653,3.470317323461328,1.2369602408899312,1.7604115969697185,4.692919121641156,1.228231053546562,0.5577944038411399
422a0103_0.01406_22ho010m_-0.01406.wav,5.885274045389426,7.640814455190705,3.324951936366232,2.916015369854029,3.646529787198791,2.931253748698114,3.8158454445084566,0.904575591018096,4.682090645603168,3.47099951226792,1.5321912865610323,2.509675587353118,4.322589227867864,1.1521388872418488,0.7239466531201213
051a0511_1.6913_422o030j_-1.6913.wav,5.982328464134886,6.222844951994864,3.3162274547199204,3.073664407032596,2.9861993870467978,3.1980921900379373,3.10203429895325,1.2608814210859252,4.688867871123857,4.099103051327657,1.181167411442661,4.822169698906649,2.9032712394906066,0.9401724841791532,0.6487241980347401
051c0114_0.33581_22go0104_-0.33581.wav,6.85453765072114,7.477670622140007,3.998175655185992,3.412235807781111,3.816203102815767,3.34404819289635,3.682597529667311,1.1847584366525667,5.00175731255541,3.343780548783805,1.58982031762141,4.5788462716897484,5.197782870547281,1.7236620473849893,0.978900587608609
22ha010f_1.4703_444o030f_-1.4703.wav,8.172233310034592,6.819881282360062,3.7620776253370014,4.206372583629349,3.144718713300911,4.19984662225116,3.3145934077909684,1.714297236068642,5.002837887683896,1.7562675542513768,1.6848430646928505,5.967943971333348,3.2915266437888167,1.60540308153942,0.7662299595140486
22hc0111_0.83403_442o030q_-0.83403.wav,5.367012246125436,8.542924883816463,3.770187195121461,2.5840590167865147,4.472837808002558,2.5079217336731205,4.320840722109076,0.974584334731782,1.1696906216354848,5.205517986570226,1.7512049257115891,4.064860070437255,5.087909738449195,1.3490165631994502,0.4516965233645492
440c020n_0.091392_446o030e_-0.091392.wav,7.332186287603365,6.694441794588973,3.7881045088759366,3.684208785482311,3.290441983023871,3.80259296578373,3.382557051575988,1.003298785571073,4.042597897859975,2.268961581575287,1.4950752241918668,4.291099141162263,3.8765145849934854,1.754399480415514,0.5388219150957436
443o030o_1.5733_050c0116_-1.5733.wav,7.42517137804075,6.879931134594272,3.667716815208266,3.918205663878645,3.550447737946369,3.770038427497152,3.573824437094686,1.5484403290969069,2.330782584906521,4.126239312812444,0.90743763566205,4.545822703980822,3.373815820641515,1.6988985967785792,0.7265925964340457
443c0212_1.73_445c020h_-1.73.wav,8.530920873306806,7.973589532728438,3.140836609245037,4.011412266647684,4.040697021188643,4.146797418290514,3.97611481996688,1.7627079407006212,3.4462434780952904,2.442855785506382,1.2140209853944235,4.122539401147302,4.761956209944762,1.160681934505427,0.9284196242501004
443o030z_1.6838_422a0111_-1.6838.wav,6.949727077401666,6.868809283653404,3.748921988830828,3.650796435951941,3.387642473698258,3.6764197151944615,3.555700343376711,1.4350067623865883,2.407232825456733,2.975869914357127,1.080327310839595,3.390434171306369,2.5876484752852655,1.6666653787196712,0.7009132233759992
22gc0111_1.4247_053o020z_-1.4247.wav,9.8305628597731,6.921449357592358,3.3865483099336955,4.782054955894121,3.517403522560072,4.779584038742446,3.6673831697407127,1.1591498607934807,5.79843683728578,3.168580806837866,1.6745847110630183,4.522169763635558,2.727420194827051,1.119740642250325,0.7115932814393784
420a010m_0.45684_444o030v_-0.45684.wav,6.100108401317277,6.393139311384836,3.5660369007061563,2.930437658542764,3.129116005517685,3.0963996038098456,3.165948500996081,1.2144640361368526,2.174635186865544,4.224828494191567,0.933809352514198,1.5052170031771182,3.1870488524270533,1.5815518332801894,0.4406898418872905
447o030h_1.9064_445c020o_-1.9064.wav,8.051198917711693,5.657888288357455,3.2201189751457435,4.056055249410937,2.7947885806942865,4.046052716115323,2.944454706880776,1.1684797796618802,5.476112271848755,2.171218622971957,1.414968004953593,2.819834943216883,2.7241428122766314,1.5426841758483594,0.4805545329695139
445c0216_1.2895_447c020l_-1.2895.wav,5.431240525267232,8.450177427484222,3.864964357952021,2.777500415728011,4.038155836469334,2.6340254212631957,4.129342052331827,1.2323121232145329,1.7749908990613679,5.1251267743936255,1.441339167735504,1.1395517265628723,4.283116392884535,1.7478354855126017,0.5992157289603499
442c0214_1.2681_053a050u_-1.2681.wav,7.99215607005468,9.030732272598588,3.6905633170553407,3.919333027115705,4.717162337431021,3.7847681264335256,4.6508880022446535,0.9484644828515436,3.0030826623803386,5.999635098050646,1.1544091183765273,2.9983411321106024,6.155040657953751,1.0862296686001771,0.2210866736408826
050o0206_1.3208_420c020x_-1.3208.wav,5.115361777575502,7.119776139139226,3.570385830499439,2.5187537742892268,3.648996364170831,2.656192315464778,3.5489431413365,1.3651618886691554,3.8319375705991146,3.168673668806746,1.2044112664945288,3.3504549784692976,2.972399632464708,1.3912178247643714,0.8680914037110732
420a0103_0.51858_440c020o_-0.51858.wav,5.217101956167615,8.207706219679123,3.84023953459068,2.509576496203467,4.038727377597447,2.473578238607443,4.204872270537465,1.4408030913752232,3.1569487422837472,4.679542126447893,1.363668728751391,4.206506848620797,3.240420531007668,1.3447357423175823,0.5549296087641652
051a0513_1.0984_053c010a_-1.0984.wav,8.589750655965933,5.902468170981975,3.782995591271678,4.256403151622772,2.9625829751090182,4.403658716861379,3.047528831430902,1.3893306020514924,5.025579356425045,2.417785950646556,1.321501062648121,3.9137821989939297,4.360811171932753,1.7153867509433187,0.7649570216758279
446o030g_0.36981_423a010b_-0.36981.wav,5.0790447248059865,5.674028312105789,3.0465273434776403,2.489709696543593,2.9578303215607566,2.447577263053298,3.101791629029764,1.5272254924814437,3.189342423493385,3.07754036250759,1.387522665610968,3.149463976969699,3.739134078443569,1.2645844005135598,0.3294627505757532
053o0202_1.3653_442c0209_-1.3653.wav,5.038213412367332,9.505347486662515,3.598345674553681,2.2787328022517337,4.717340783660566,2.397007347170606,4.625084986963373,1.0774099948184157,0.9693941372964583,4.763008128728421,1.7588931216223944,1.1544886022011243,4.210199226694188,1.165407540374905,0.3129254570458509
22hc010k_2.0358_052o020r_-2.0358.wav,5.70955860311256,9.391563960240656,3.699266815130418,2.792626478979793,4.489659857123309,2.9368965852403868,4.530722448852972,1.4679543971437508,2.7157881077834087,2.791322850037784,0.9711920052747596,4.726194661375548,4.3363707870153725,1.062051681293255,0.5859113024064126
421o030n_1.1413_443o030h_-1.1413.wav,8.874576073109791,6.002791157479322,3.802866378835627,4.500236346288415,2.899575525015473,4.650056157073521,2.9069256472127702,1.4636328132382783,4.190707396221321,2.2601439030852757,1.5492763910026224,4.848827057793746,3.7186774950304033,1.3388779070338872,0.3576599640213271
421a0105_1.7524_423c020n_-1.7524.wav,8.136972595363812,9.60629132542746,3.3499448420529827,4.095174679612421,4.830004284434167,4.234606121838312,4.885311362813048,1.6767191940457398,4.748437925186212,5.22599956039189,1.505739317463955,3.5063105086437756,3.8138263040371445,1.790007826913167,0.3402644060205134
051o020k_0.68009_22ga0101_-0.68009.wav,9.812097825574726,8.643449008269497,3.6448599586225856,5.1587761623666175,4.363921464823347,5.024958535308773,4.468768222944938,1.684207019925205,4.298874038363128,4.662578850677247,1.776334943245906,5.972165192960617,4.990769731249705,1.4274789125580698,0.7100305051020761
22gc010l_1.9598_420a010h_-1.9598.wav,8.752976615354033,8.376182585423416,3.739244529128178,4.170820438544393,4.280225529054785,4.2812231071429405,4.178681199984573,1.0951682209296003,4.4227628269340915,2.5469180341687574,1.396699929139467,5.060698558703181,5.767647554726164,1.6997627810462397,0.5300528327059837
442c020p_0.25249_445c020d_-0.25249.wav,5.480529029260008,7.209908497514634,3.173001046880896,2.8412353240144563,3.6582313481303856,2.8665425266114903,3.826337105011917,0.9972595484766752,3.9126279282259704,5.236714228440834,1.6911042879714475,1.306463935406244,4.321623828163647,1.1936540978471464,0.5718054874531168
447o030q_2.4332_440o0309_-2.4332.wav,5.189843115419998,9.706725408556196,3.9491753419032487,2.4633558814575403,4.8784175116476325,2.539204336570324,5.007827757984637,1.1625249495904673,2.6396205020993797,6.64905611451046,1.1966406879380025,1.5778858075388098,4.644691834867915,1.3400066216517712,0.8116683301433348
051c010p_1.6842_052a050i_-1.6842.wav,7.759107007054834,8.452372126843049,3.958920671967163,3.972760454563538,4.368769547270804,4.116439961652759,4.41185317806718,1.7644005101802396,5.797620113554691,5.133843829759653,1.5985730855727192,4.528147423320968,3.7413691415586876,1.2794635137595587,0.2666511127136323
443o030o_0.4937_446c020i_-0.4937.wav,9.379271258576956,6.019623705415533,3.936854665238953,4.825597818702156,2.8747988256290165,4.750289285857989,3.0272082245546046,1.1684541247399929,4.282912652835371,2.2406181808574277,1.187183337089526,4.116429233925357,4.3610493350414385,1.0384828620332245,0.9868718576295502
050c010j_1.9482_444c020u_-1.9482.wav,7.614111137305611,7.90494565389243,3.9247347127611616,3.644680383784523,3.907120114198218,3.745383997144885,4.018290174269114,1.4753660596483376,4.389328287409337,3.5461651571868313,1.5171026322902503,2.495498710906263,4.041586823993642,1.098459879904872,0.3934445564009393
447c0214_0.40324_421o0308_-0.40324.wav,9.532010144056825,8.087930460380523,3.680936010178464,4.903262174345492,3.9927004071198127,4.945662810155494,4.1365829497819,1.6590749950229595,6.313474375609267,5.086550200475747,1.3656606769790316,6.13039933775419,4.9224733462423025,1.0632877037458304,0.4715626867969478
442o030z_0.55178_447o0311_-0.55178.wav,5.109856293344144,6.848006239164116,3.230230044033627,2.769962175361653,3.3373713528336,2.666806923060098,3.202245508071754,1.7904360590242874,1.7860594208499674,2.9660432548571674,1.252564829596287,1.7494195952397353,2.669323821342141,0.9865690744007072,0.9077609399898358
422a0105_2.1249_053c0102_-2.1249.wav,5.843011560005062,5.906016455594206,3.228909822476337,2.719374128318464,3.1806616470889217,2.790204712748382,3.026120298870019,1.363183997531162,1.7678513058297685,3.2198261109150272,0.9168834957791744,1.4402150285054167,1.638053887076091,0.917136464369566,0.4816111249926527
447c0208_0.0044616_421c0211_-0.0044616.wav,9.650390193221025,9.24379832204199,3.655468235444173,5.087064621960914,4.776180116014555,4.924802279561686,4.725475754869623,1.2425217172367802,5.48977444644433,5.635097471783109,1.6724855818637476,4.766650971777555,4.0971969869184,1.0618702269131854,0.4039927733961342
051a050c_1.874_446c0206_-1.874.wav,9.271724944134403,5.090535342646092,3.3996648792386908,4.659762009869728,2.4888589823612217,4.738727647724075,2.6394060781095487,0.9836009392268296,5.067150904643639,3.6759199142220678,1.4534831886130957,2.8819063763115946,3.0714754326951335,1.7226605362109064,0.4685675239108433
052o020v_0.23967_442o030y_-0.23967.wav,5.302047419764288,5.158421769369671,3.66408193121749,2.674086770327644,2.6260108710643277,2.676166013026656,2.775996459538016,1.5892570834401665,3.3570629715074265,3.415581584531421,1.5452126624230442,1.6711968247662594,3.140277519991836,1.2114223714190269,0.2981544278553549
22ho0114_1.5174_050a050h_-1.5174.wav,6.712029576329061,6.269828831623596,3.903998847360907,3.2490611564507685,2.908257231489237,3.372314984051647,3.025340509465782,1.631276109265642,4.781468972890243,1.9323892135042329,1.6123238732367713,4.575146171268984,3.887672460630472,0.9369735132113132,0.2006281514813668
447o0307_0.6894_420a010k_-0.6894.wav,9.24926136019746,7.776731628176954,3.322290812710221,4.773269922501052,4.066285103434887,4.646899623075712,3.985473300935809,1.6590963315018907,4.72542752290922,3.0287450502349222,1.426843906395474,4.581041945373478,2.8994793371330685,0.9641046851796754,0.2686642014934005
051c010d_2.3786_447c0207_-2.3786.wav,7.9137206235477455,5.813281269624964,3.771891700246493,3.969725075452836,3.0520570429946665,4.084699775236063,3.14839404735829,1.6021601359883355,4.7300481101097525,1.6688983851840817,1.6516106391101892,4.219123571001359,2.052580349288197,1.4910595445994903,0.2437067806933647
050c010d_0.87422_051o0204_-0.87422.wav,8.461904560655235,5.898352112648419,3.7942192848286806,4.349341175140419,2.8584776224105006,4.494401204824116,2.8966559904762645,1.7148106628682775,5.236808453623619,3.8366416422060086,1.1153900542238215,4.79868313368278,3.934691009895877,1.1731637484469415,0.381417190554766
051o0204_2.1593_052a050r_-2.1593.wav,9.659498169009106,8.02706384572817,3.3742366503261545,4.950273291659418,3.953744098720289,5.068333664211737,4.04627381520536,0.904263413367001,6.148703698826909,5.083683977958798,1.0888779371131387,6.850011175561557,4.311902317334185,1.1916724777429364,0.4428474922346284
447o0301_0.69862_050o020g_-0.69862.wav,6.8243241022412615,6.946012268679026,3.0623304645867746,3.2146896128063083,3.658319657691835,3.2541585469397014,3.492964877783984,0.9093450658740851,1.4560715426817583,4.359291150330565,1.3553306500135889,3.0200990241917998,4.884641539249647,1.1533303323846755,0.4056291771083531
423o030x_1.1667_051c010h_-1.1667.wav,8.063866813856233,9.153724929443037,3.3698448660889437,3.923787820645452,4.624639495627206,4.032233119948574,4.7282716193102425,0.965693826591362,3.31838906668451,4.618150308336772,0.9393531297702864,5.417019158874853,4.9117539710315254,1.6496394501809974,0.3085952690275039
440c0213_2.3547_423o0308_-2.3547.wav,6.224301943546386,6.934342353062413,3.4595045358406047,2.8817010460387578,3.648987890153408,3.051057438868901,3.63420911457617,1.225438497906253,4.279389658605098,5.063870188541839,1.743432625607625,3.0533109154362617,4.43485355404119,1.293763826441255,0.6556471863918925
443c020g_0.47756_444o030t_-0.47756.wav,6.769491420264987,5.686458571743104,3.786995943475383,3.470981784491726,2.757448489657973,3.3892740119419065,2.631655644452266,1.0413394310856687,3.346263885711496,4.3560791767580715,1.0019070774485492,2.2435307284681474,1.6031545637965379,1.6065618796493089,0.4651180447613448
22hc0113_0.21482_445o0312_-0.21482.wav,8.050326123880126,6.709413586701052,3.140893873491456,3.867414808099805,3.210703366558379,3.9900842390813542,3.1243771787434245,0.9006156454052707,3.815145618921764,2.435521132807794,1.0855859974521345,4.675336336562893,3.356820520579585,1.6421521699668116,0.233046770010997
053a0510_1.1845_446c020t_-1.1845.wav,5.252700153057421,5.682964948915541,3.4071436077181447,2.702858054737885,2.9963606682359054,2.8575652400117693,2.925893038613277,1.0930561183042156,2.8682880637517028,0.9889170725462652,1.2417138361401128,1.6603357273839052,3.1080253970315184,0.9412595296343929,0.5586362018109648
22go010v_1.0891_22ho010l_-1.0891.wav,8.615228800127532,9.633187121507158,3.677386122862625,4.487198894997637,5.049235188173617,4.427392189975527,4.890102670961079,1.1696640565977408,4.722098803990235,5.841582443698311,1.574568282678556,5.174477846791914,5.740032309998298,1.5325628116400558,0.7394417273435341
445o0310_0.53579_422c0215_-0.53579.wav,5.751640030405088,5.992966034890979,3.924942827764173,3.046644060484549,2.77229026856602,3.017239251335733,2.919379891581792,1.048141936069328,4.38199889872248,3.4743521936769493,1.3964931204329991,1.8655186333788414,2.1716623884741475,1.3688018932591135,0.5570953591416519
22hc010j_2.0515_444c0215_-2.0515.wav,9.038215656432705,9.738139860387449,3.210849354551672,4.349900189133487,4.6667292052841285,4.494992684142374,4.704784006454234,1.7127537773636834,5.982528658727584,4.045372232864986,1.7417769223589357,3.192333785387887,3.38069029724261,1.4558939530511736,0.5348392561762955
420o030m_0.99765_447o0304_-0.99765.wav,7.490346942487875,8.164958609305367,3.3734198685436354,3.7277937176080727,4.126914482496628,3.5866396822524216,4.0321751648781445,1.1497226548265838,4.040808106282836,5.565382877195297,1.0096601409720558,2.9717369052089557,5.054117784839712,1.4446414368563707,0.6918726147544173
052a050w_1.4457_446o030o_-1.4457.wav,5.652709811615928,5.628683993617268,3.2308105452804208,2.620024187150768,2.900720868153045,2.704628118620214,2.7768573352633634,1.654630716504197,2.1630318799589583,3.3706973932840496,1.5014626516641476,1.2335886752569323,2.702237527599308,1.3483068136963867,0.3345456306323449
423a010f_0.42902_447c0203_-0.42902.wav,8.922500249061146,5.583779309552956,3.265154546736685,4.6362482222985895,3.070440161264566,4.644093019434814,2.910632592113755,1.4481136090393072,3.621616623721458,1.9009555747383593,1.6079687522513502,5.633604586182186,3.1029246767399683,1.3029258570089832,0.8280164418104413
423o030m_1.6644_053o0212_-1.6644.wav,8.061707470456637,6.655954524413263,3.0715319685617115,3.964741443685976,3.3158708983549485,3.803814528833632,3.37066622731743,1.5855516065945494,3.36764266788933,4.454377491378784,1.1828642810818055,1.9494385455334988,3.427433351908952,1.1446751797004242,0.1253730126535149
446o0313_1.0149_445o030i_-1.0149.wav,6.604294576853942,8.650441402262542,3.2892442987248685,3.139594357759158,4.557609674480524,3.102727451658904,4.391655369822299,0.902425601036838,1.8852335439177281,4.138485080159491,1.2603880170843722,2.9126075961909454,3.8091132383789525,0.9215923673931616,0.5496685368368703
053a050q_0.38943_050a050s_-0.38943.wav,8.364597755430145,6.755763246179676,3.7667297407209466,4.2247087304233535,3.334355960979578,4.302803209485358,3.462423335201251,1.2053390800900776,3.210495497088012,4.451122188994058,0.944678020956529,5.320603867719162,4.2341935608870855,1.1336247433616788,0.43458901038423
050c010s_2.3942_446c020p_-2.3942.wav,7.850065504579311,6.213009303377572,3.320252207991767,4.024303213943156,2.976229142744906,4.172650054964908,2.9984375816559807,1.672146910951128,4.971912781599471,4.548627570958654,1.7336751068122953,3.0709112845622815,1.4022368510505663,1.5925689602921476,0.5431795351325948
444c020e_0.081386_22ga0105_-0.081386.wav,5.537533457392148,9.05193283351186,3.9688379876710655,2.6458850024401794,4.654806118839952,2.5186927324263824,4.767598523055561,1.2628524698102306,0.6945936196597331,4.6712250565735545,1.589730106421419,2.9205571836208146,3.383987749751788,1.642768014512004,0.8376537231294605
051c0108_1.5362_422a0110_-1.5362.wav,9.88796421240919,6.691382251176741,3.796270640624424,5.0874455727272565,3.291854283168405,5.126102362450837,3.146921013667345,1.4068169399664612,6.628437014100201,4.132978674879655,1.696721145767726,3.8496264978484005,1.8635857475957802,1.3899550562681209,0.732647289206708
420c020m_2.1159_441c020j_-2.1159.wav,7.609673583809501,5.82392850335961,3.320000149010876,3.6788199988256216,3.0673489951986097,3.827861417355929,3.084279900740656,1.5252232460537192,2.2650660491543952,4.19459636402805,1.5736282306061828,3.2997276932700292,4.235888410322722,1.2008505575854644,0.5625472423048477
050o020k_0.90614_22go010g_-0.90614.wav,9.71020875472389,7.807776805594388,3.053525282435178,4.808622641240817,3.985098125047744,4.685568938035189,3.899320586452951,1.4917388640895366,3.3642574802388436,2.9833349098906603,1.413625778402691,4.769569626917867,4.734441670049054,0.9146216743695365,0.2780160811336807
052c0112_2.3443_420a010e_-2.3443.wav,6.773600313063774,9.548538616690792,3.249196821108262,3.3902487492996745,4.8354518771337975,3.5224076990063797,4.728521937395572,1.5325012565877016,5.177924175338208,5.615353519622641,0.9150452144746184,4.321165794700293,4.671491356382618,1.4918190936082236,0.4381315503792544
421c020y_1.7488_050a050n_-1.7488.wav,9.017088030290914,5.013224463789622,3.2137462259246625,4.4147711296516965,2.6073898998761065,4.306802181767547,2.4760784141149976,1.5449707078856294,4.028236855007408,3.3514964425038567,1.5297860371772187,4.131055057318867,0.8228891759647903,1.481554411509487,0.8698984622242533
444c0213_0.17944_053o020s_-0.17944.wav,9.534590864690376,9.69527418742956,3.787093392382099,4.734818062748688,4.872666934403845,4.655798627567413,4.745168193768369,1.786183209178377,5.415960931209463,5.273730958541041,1.5921041643695368,3.671732979267065,4.62561883423793,1.3546127492338131,0.5339500339312454
050o0210_1.1175_422o0303_-1.1175.wav,7.481406939949748,7.506372486528514,3.7460427410321504,3.5647434392746247,3.8607139691670023,3.545393441413945,3.6918188017323135,1.7664403633829782,4.690987579821426,2.238408532114044,1.0435522200697585,2.9616642456614817,3.575455746116733,1.7071808146375584,0.5224303460389214
420a010u_2.136_442c020p_-2.136.wav,6.888657924710182,9.488326811167362,3.690062727736795,3.5729856671659324,4.673042724142571,3.4649546453937807,4.804303145956859,1.4425707510011154,2.610401481056343,4.278362324701347,1.59447350627122,1.6523819766234602,5.02214521755326,1.4524545425170796,0.703069082780547
422o030a_2.3725_420a010d_-2.3725.wav,7.780491211750068,9.515543959929188,3.4069458747910386,3.755876914032493,4.5306581903776575,3.906527148686511,4.609426882119296,1.794350195003677,2.5812439734200927,5.179110812274557,1.5434357747150984,3.290561376649856,3.6122052338088095,1.0327908383305031,0.4009346991201726
052a050l_1.7145_445o030e_-1.7145.wav,8.81606871775466,9.52114894344644,3.080764729318071,4.295758901479794,4.874312238071973,4.356738470588211,5.0329990117846926,1.0844769413560145,4.484735744219167,3.3945457198922897,1.0166414441589011,5.19047926182945,3.331553079383962,1.3230365291501884,0.9331441192914098
22hc0113_1.3039_443c020a_-1.3039.wav,5.907971925589631,5.713170637337017,3.1073769663179176,2.733763908722722,3.03131830676806,2.779020125286157,2.867452889848066,1.2821912220429237,1.2727794645213164,3.255546740019858,1.4914864253848887,2.628969796380464,3.8745239340408504,1.6388586332655288,0.4574353257973609
422a0113_0.92003_444o0304_-0.92003.wav,9.940320840937469,9.071107909213325,3.630304718149485,5.211397878311293,4.631002243283215,5.0877615445974405,4.715937848218935,1.4036223907827714,4.589794725687822,2.672027825194549,1.1704029099240394,3.51195537130316,5.60298722446782,1.7028792566685933,0.6536337848440614
445c0216_1.4679_441o030t_-1.4679.wav,6.812773008319862,6.091747342949599,3.3075203502504245,3.5931333422332896,2.9993500743801174,3.4443640851838806,2.9801743564804712,1.5109955236190078,4.569962082431012,3.2805177380512167,1.59084141553266,4.579267592162138,3.550575935556019,1.7478254436104474,0.8578395578026126
421c0211_0.5581_052c010t_-0.5581.wav,9.736052444545107,5.274308759750816,3.4673334888979364,4.788887820353676,2.4861864866744843,4.938887281600776,2.486588513514087,1.092000528762552,3.9903284478148193,3.677156230792956,0.9379733527159227,5.678171613342622,2.4805413463624855,0.9013178357775716,0.3440237426839698
446o0318_2.3798_050a050n_-2.3798.wav,6.586549766732049,7.456366630261025,3.0142755456114214,3.222904815452912,3.82788338148244,3.138225957847543,3.9516957034647433,1.586602357620812,2.2323746301848337,3.484838006254462,1.131553875700247,2.994121211158189,3.265247714023545,1.792251770776789,0.7260588432775841
052a050p_0.70155_446o030e_-0.70155.wav,7.0527451004299735,7.152798442711495,3.30047090964666,3.5478270432735037,3.5838769655260205,3.528902719494692,3.7528203583222894,0.9900260266549702,3.1068017792928555,2.6990580757979084,1.4660299843696685,3.997964311425088,5.437412268490651,1.0786002920924762,0.8071731833676226
443o030f_2.4813_442o030m_-2.4813.wav,6.469983717242378,7.87339005334145,3.0800374095347656,3.2145803533045,3.820697482237284,3.3837518295816125,3.803934081203408,1.7257628633835498,4.685110664610388,3.9253975875354903,1.2908605252137628,2.306520897073225,4.65277909408825,1.5367561172508626,0.5055390526577642
22ho010d_0.64934_420a0104_-0.64934.wav,8.865978641837508,9.269633901240107,3.448713057103662,4.448603032598377,4.616357445905946,4.470675270574513,4.784918462486663,1.6782978537553164,5.140628391238287,2.9959276379046416,1.1928667245647189,5.502839009599226,6.128726002246373,1.2641186068798114,0.921993453586602
420c020m_2.0098_22gc010v_-2.0098.wav,7.673267686163496,6.566673058182166,3.704147864177264,3.638245137593477,3.528997289625903,3.721268004131105,3.380649038433396,0.9036253972693004,2.4995705459256343,2.134084157629055,0.9053454221581888,4.250373392236846,2.5012818900287628,1.5892873427309426,0.4784758936891821
420a0103_1.028_440c0204_-1.028.wav,6.587332449987136,7.049538921038614,3.411913409675315,3.353991708010741,3.626718248630344,3.279654461276864,3.779603740904878,1.4964313678655246,2.7790278662955563,1.946979750523447,1.5632002483277023,3.219189209452431,2.6014306083015364,1.3573105280507085,0.6989122960854823
051o0211_1.6015_423c020q_-1.6015.wav,9.11166379293728,7.926229038694295,3.2483077774994342,4.32186155487985,3.8349884379704617,4.455799806212245,3.902520244032641,1.3428672358126188,2.9448341133856695,4.019586684665508,1.4137373325125075,3.346356926486062,3.219673763386902,1.2450717561215554,0.2320429830220865
22ga0102_0.0033078_441o030s_-0.0033078.wav,8.312763812440526,7.422208828979935,3.656524033646874,4.302380257167905,3.9447230054636977,4.175668790999693,3.831390731413002,1.7886594979204316,4.5808711727702685,5.735832125224908,1.1631732022712291,4.3562130170001,4.703224741717678,0.9401930860669888,0.4898571873265556
443o030u_1.2096_441c020f_-1.2096.wav,5.832779500144741,9.025374338132895,3.265194119956943,2.999135478632127,4.591577907134172,2.904207051791796,4.475437501686199,1.567088540842843,3.7322206466942682,3.766555869624405,1.5016816917888178,2.0504804183605843,4.631745512109293,1.1412842687714315,0.5330436917992596
445o0304_0.71417_447c020h_-0.71417.wav,5.943310635163263,8.140017056628478,3.653730532434966,2.9894604282079507,4.053820781608537,3.142738859404806,3.980297162751527,1.2928682991172165,4.479267221741276,4.55648110145578,0.9282310385196364,4.405210109555706,5.034817337902231,1.068115366358952,0.4097735037284788
050c010v_0.16179_446c020m_-0.16179.wav,7.35979012511652,5.491491257669416,3.367465503208157,3.793514690937145,2.8039179700536856,3.82500354408476,2.970976199804416,1.3882786727722676,2.6909286463874014,4.015832798300588,1.3066189198432632,5.128321072598947,2.4981665821232344,1.7034597872911266,0.9383225537445729
051o020w_0.71481_22ga010f_-0.71481.wav,9.710441080392275,9.628276995339018,3.5433581236284555,4.810537660861853,4.911372846547021,4.661711680227996,4.930103235981594,1.1682490004983124,3.994233659323405,6.255819407932201,1.1621759209239273,4.437432271545348,3.534197073807135,1.7417216916363114,0.7980742381748138
421a0102_1.0954_447o030r_-1.0954.wav,9.959638630170284,5.67372445273631,3.8025213610138353,4.927577125116009,2.7804477227493862,4.876607185031384,2.9215224022910027,1.7981148467078962,5.546375311180572,2.4845763083804995,0.9896274585634464,5.862731331835138,1.8878645949221815,0.9451861356055726,0.2660530283091505
421c020g_1.2209_445o030m_-1.2209.wav,6.502588099730702,8.270993561214851,3.018296781158526,3.2774389335489493,4.032626225366597,3.4246265853535283,4.117689702583638,1.712034978250693,3.406162524886299,5.8122816856076005,1.6482063899627275,2.548673295058104,2.564873578462535,1.710571472246155,0.9652285491944518
441o030w_0.55252_423c020h_-0.55252.wav,5.865428398984618,9.097765186692737,3.165330279470432,2.8094770096501027,4.662883925624291,2.979042306623872,4.6750334137697855,1.2884162480327557,4.548301564867175,3.7465658590083257,1.5238741237803537,3.6080758298131697,3.812124438006932,1.3102096459100014,0.5455250528785143
443c020i_1.1032_421c020f_-1.1032.wav,6.53912995346756,8.399659791639845,3.4874128222907426,3.2651030854544536,4.290103759571989,3.414421936101719,4.208839494108136,1.7606052004752368,2.954013442007814,5.206514554282804,1.064699359774165,2.30490096492927,4.839367006067577,1.2335623492503418,0.1521417662943995
053c010c_0.30994_421a0101_-0.30994.wav,8.956666585666609,5.881252713604814,3.3130589772792627,4.4064718418999975,3.024569121844929,4.571125241083691,3.0668687452150647,1.004261718277616,4.362489397048549,1.5182911571549473,1.0993135540325167,2.804745227898514,4.228445110067791,0.9766735324666674,0.7933237222898162
053c0103_0.27192_420o030a_-0.27192.wav,9.709482418671346,5.697079159174569,3.790831261990888,4.691220713342343,2.688407479637626,4.68348628665407,2.8582314433288665,1.139888943863011,3.4970012570469455,3.2290274071019396,1.4702575120034274,4.029681552299773,2.387938449722156,1.1767943044354938,0.5417051030708451
447c020p_0.93665_445c020n_-0.93665.wav,8.546755205953096,7.870518625217846,3.27334102298483,4.010574594446735,4.145297388154189,4.145585084306819,4.041991204274714,1.4109879533042669,2.849884146379666,5.177467628892563,1.0425572664089318,4.773571764092328,2.7614807287173715,1.7932230761057406,0.670195133962857
440c020f_2.32_421o030h_-2.32.wav,5.920596347215284,7.798391705771961,3.2555590534887777,3.0031774318934565,3.976424381103053,2.901080977412628,4.112351986770349,1.1266308468946986,1.6807029089643777,4.5286231656148495,1.3732903422711222,3.8259124228152435,4.215714081317291,1.360601817591964,0.5235248530527978
050a050j_1.8713_440o030d_-1.8713.wav,7.374655770945684,7.038348388918129,3.606604211852863,3.563925088619299,3.503070929150492,3.53030538508345,3.3568870875873364,1.7511783542492696,3.8406080807087286,4.133934118942559,1.705421440020002,2.4692480538973984,2.6943053746388843,1.0296175492796358,0.2807867762155722
440c020u_0.18301_442c020n_-0.18301.wav,5.864172456042377,9.661116603561878,3.677775959084235,2.687470839566764,4.933397735804368,2.78185193741053,4.81681210903243,0.9185696777019732,3.3799506112894546,5.267010607759475,1.2560235531801105,2.745283594873353,3.3853951313167374,1.3453968988179943,0.231290423185298
22gc010q_0.89425_423a010h_-0.89425.wav,6.425063929800648,6.479379576382183,3.638761492347189,3.2590671397515534,3.414636805909996,3.1832705079689285,3.285196199412617,1.3185536000344338,4.044870452638505,3.2677009702509077,1.657346798923101,3.919217206607153,5.126785300860848,1.1353035704761527,0.5620988520144403
050o020y_0.24304_22hc0113_-0.24304.wav,7.088802662523124,9.75021655767765,3.884476386669683,3.5502133790842,4.711169164039198,3.6829504648624543,4.641305968727959,1.5128496603843984,2.268227436615592,6.202036525497446,0.9130801392780912,4.801254105867092,3.3215996481355163,1.6772817915388631,0.2274699487821786
440o0314_2.0431_423a0102_-2.0431.wav,9.00400911735939,9.24956942336251,3.883005457014425,4.60924344647862,4.61119238794868,4.703342487447199,4.494378987652338,1.041602331327286,3.309495290993299,3.148838384880177,0.9418224171308224,6.165325305560708,4.890490380272032,1.3574029899541866,0.5607634992289228
421c020d_2.0985_441c020u_-2.0985.wav,8.239468850053198,7.974774168603087,3.879575286598628,4.010682743250004,3.760596548434716,3.90344987317059,3.8654827323415177,1.2307004432575834,3.2251172870716847,2.3518497911155345,1.6089647556570952,3.3061343876721843,5.192367864717744,1.1615740959899044,0.5544902909109355
443o0302_1.9348_445c020q_-1.9348.wav,8.462467620696229,7.401542786867404,3.421206955691204,4.126527707573031,3.5054530646215456,3.978948357702347,3.532292131143061,1.7949629280910342,5.38027858213989,3.4729002968602183,1.0950417136475947,4.431589230492714,2.0419511563191914,1.3889854515994935,0.5285233386608964
422c020t_0.29944_051a050c_-0.29944.wav,9.90364443523022,7.443610937100614,3.6399386463748,4.873471251856362,3.60706182228336,4.999494281913309,3.525709527323317,1.4774491377775645,3.418117880058122,3.6100746521946796,1.6411714748808606,3.8028914697272316,3.1412298990024037,1.3118227842881185,0.2258441378001842
443o030d_1.7365_440c0205_-1.7365.wav,7.573358377749086,7.701800715243574,3.244452254149707,3.909482633751188,3.838791163745282,3.842535521159757,3.704559706494493,1.6240930248321928,5.443253161598745,4.121219763276654,1.462195976040594,4.461618071870333,4.9905050027764934,1.3876600839328668,0.2193135932279279
443c020p_0.14974_447c020g_-0.14974.wav,7.865100730749047,7.117403257432295,3.1303822557687706,3.911560975414812,3.6275226823408446,3.8449198859998375,3.493139033031916,1.7631229498305072,3.867529964811234,4.758302238529623,1.3433435621337104,3.9792557217924065,4.439426386671307,1.1727399705684662,0.3121166463590452
050a050k_0.74546_22hc010o_-0.74546.wav,9.085058300914763,6.320109461380147,3.212522335732141,4.723829224595292,3.167848301970083,4.750787919422054,3.3356971291129547,1.2207069300085096,6.454186549880914,2.9986303537912766,1.0727724139422783,3.4470876898202576,2.1725163918647956,0.98580376897182,0.4510287548903077
447c0205_0.95743_440o0310_-0.95743.wav,5.262011327864147,6.483779685460141,3.570218378720536,2.752125328233612,2.9891569863467944,2.83209318795418,3.1391741234069035,1.4510966613357583,3.639102531834358,3.171080250244963,1.534669427929055,3.589479065315832,3.01067367959869,1.363573866958625,0.4041099552568598
421a010e_0.68486_441c020f_-0.68486.wav,6.840644294509518,5.478179079840681,3.390374540526679,3.2845815212057388,2.8220108820798258,3.1805706254613875,2.9435910349274748,0.949881045989682,4.576768022451766,3.761923806784045,1.1626193908546762,3.5834545753887452,1.1220197908535632,0.919659146586528,0.4283647864328094
423o030x_1.8771_051a050b_-1.8771.wav,9.51321106803202,8.66679048327763,3.718638284444697,4.603051842129196,4.363706954622053,4.698639369141209,4.5042879799410045,0.946439708807884,3.6499610783975234,4.396511913444941,0.9847094657308814,4.438411785084979,3.4275925317394766,1.1272222048360008,0.992460265232015
447c020o_1.5697_441o030k_-1.5697.wav,9.707454869537118,6.993360091428984,3.378121282156341,5.001635201602455,3.4087483676432555,5.0659839865904575,3.5660990392991714,0.9447874565259728,5.715602907592278,4.493906611043297,1.7240996304862932,3.9222530329662697,5.126024590064896,0.9114906495575874,0.9911789568742198
442o030w_0.13018_423c0201_-0.13018.wav,9.698185560944356,9.493263588598388,3.5400893464025964,4.677481552625061,4.7026776037709785,4.757050660608799,4.552448588415515,0.9423810220365532,4.47170073243795,6.277368987079653,0.9617024900776394,6.033168643733536,3.4013228945944576,1.4475119800234768,0.4119382777832261
053a050q_2.352_052c010z_-2.352.wav,6.574748883662288,9.165090913620762,3.473235700635024,3.5232418863406987,4.672097651287358,3.4304045631765185,4.529685462807195,1.3430392577808337,2.4271499750559222,3.6832978234917193,1.177488421597633,2.7795849049821926,5.20665433661398,1.2228923645162035,0.4609321540886367
445c0202_1.9429_446o030a_-1.9429.wav,6.911637555959469,7.917309271659138,3.088440130539381,3.2621184401711294,3.8664662803295786,3.360257743156796,3.7530260881158495,1.6898478964705597,3.863946803085336,2.214408410678679,1.1389646207321176,4.047674973127525,4.436931879976943,1.168834269688014,0.2919689936274428
440c0210_1.6938_052a050n_-1.6938.wav,9.3293957029547,9.149149491728624,3.495409001161848,4.543063758267479,4.335914239624223,4.692495314426228,4.416971071686516,1.5381160345318683,5.664002635857615,3.522826750882779,1.4291949465285838,3.4980939690256783,2.832222260531075,1.0451583053287563,0.2231719849253721
445o030j_0.9367_446c020z_-0.9367.wav,8.84527863762375,7.117653701910155,3.523600126199787,4.612552682326293,3.6392290217601873,4.501189174891635,3.510783822504432,1.1310398777643778,5.578809709753526,2.941306853536435,1.491538727822474,3.7094409806998327,3.877299574033936,1.106016124068852,0.9840973720738716
444o0305_0.88773_442o0308_-0.88773.wav,9.272673687702303,6.61159548746094,3.784095750533952,4.464882617238321,3.179504696587398,4.409812942451219,3.34033793605873,1.3758194059096949,2.706367642321802,3.8785243968395355,1.3010771461013753,3.4457801852555505,2.832696381673985,0.9181607164542082,0.8214321208795083
22ho010w_1.8988_447c0205_-1.8988.wav,7.013239619639165,8.978974408333144,3.60455889262637,3.571953624136727,4.683462908773572,3.452762553306589,4.592394315755096,1.5272307776826963,5.060492491688138,4.590087904790299,1.3793342947216782,3.7306840880169108,5.45937191860256,1.6452487687304984,0.4434834584249058
051a0510_1.8559_447o030e_-1.8559.wav,5.791475377493075,8.615054530623464,3.270821415288258,2.6310902479463865,4.1726068205059095,2.7791536844485867,4.14858144285729,1.5868336759049482,0.9310119787592978,4.09499947116532,1.008666672861334,1.652471185596075,2.8780599309480572,1.7631776631080136,0.3520541799948857
445c020x_0.41647_440o030d_-0.41647.wav,9.487836614426666,9.025174797276744,3.599287289947508,4.639182757591839,4.620713616998443,4.765235066272232,4.734778578648998,1.5116696573830637,4.038851005115472,6.091844589691335,1.1823039861888325,5.845987707321186,4.458380067576186,1.0283861441175866,0.645752032864287
444o030q_0.58086_052o020d_-0.58086.wav,7.432738057782855,7.000164527383268,3.9586097833670326,3.8553336250314354,3.354995488056705,3.711991390231391,3.3108026863518023,1.5691290338717625,4.360316492315045,3.472941250620013,1.774568532129978,4.162867472078469,1.8226614599587687,1.3722663143049272,0.4938384754865209
423o0301_1.2403_421o030g_-1.2403.wav,5.148157603708156,6.592831224759385,3.786929760659581,2.349106218563257,3.4226703910418204,2.489454051597946,3.369731881783749,0.9351912783718818,1.4495142160228964,4.882620355939621,1.5310843166621348,0.8697180943499894,3.195999334374421,1.7875712985178245,0.3227264683486196
22ho0113_0.86325_22ga010c_-0.86325.wav,5.124016489121556,8.936046638180574,3.28529255665733,2.794011940271208,4.53759419664706,2.661178328155159,4.431503520844691,1.5667050553978616,4.243158741416078,5.578561808855568,1.2894833070372105,1.7459224589293707,2.9008112565382294,1.6327955660393156,0.6415375354447419
447c020b_1.6057_440c0205_-1.6057.wav,9.979859874739184,9.190778549074585,3.154748686825196,5.187445077089251,4.549609899629266,5.14520937178186,4.384940093055058,1.5160803169758903,4.364044965584369,4.492841625137868,1.6374703462618416,6.636979215350275,3.720513871587772,1.756666740705601,0.6983279662673243
442o0302_2.3766_423a010p_-2.3766.wav,6.64919785124436,8.871831033246924,3.180966132739093,3.422102393636633,4.595545475082495,3.32763589590845,4.454208711262987,1.1490706756947766,3.8733409274300263,6.038050036301209,1.0160037950894731,4.094411489748802,5.306634500695026,1.443113375363993,0.5209822615696724
052a0514_0.66686_444o030z_-0.66686.wav,8.552702682973894,9.532837832704091,3.8542995125879,4.39156563628795,4.7608371165872905,4.2232315861580805,4.784578379545997,1.558797016134613,5.3275412132783035,6.383581038273927,1.3944338442957998,5.1576598046239495,4.49718194028371,1.1075549627255574,0.1876846511945914
22go0110_2.3989_441c0201_-2.3989.wav,5.055984998432984,6.334849350062568,3.441455448568862,2.428113646192576,3.066527527484551,2.443624634964404,2.897236626289832,1.5345833856966946,2.3283721854365274,1.6060105637104665,1.5916197168709751,3.490499720677776,3.1501466432356007,1.172856135620641,0.5081121120392719
443c020t_0.37727_442c020v_-0.37727.wav,6.149220201935144,9.452314831869964,3.573403577817849,2.86077764457916,4.7543556229470525,3.029249444268302,4.777098813345535,1.0223079513972977,4.003145162220252,3.7936513098772764,1.0409373377192177,2.051724091174643,5.2196262254956425,1.120289643782017,0.8827095094517081
423o0303_2.3183_420o030e_-2.3183.wav,6.6758160462063,9.788857956445757,3.3344654424034426,3.2797610823310563,4.932526547562944,3.3669980440381124,5.054549957251911,1.343453875342013,3.239480394307384,3.6596052564186454,1.0930355108210807,1.5266726288079346,4.175258228716655,1.6277175952430123,0.812339460600668
446c020u_2.2905_445o030z_-2.2905.wav,8.901045258126187,5.091721085689252,3.1545934975245444,4.366887158584015,2.3836245441718784,4.364712097724094,2.553610629220789,1.447800105445984,5.96229626200845,2.970401987085178,0.9316260797610566,4.731362552363291,0.7614132236703819,1.689399388193349,0.7446707025680612
444o0311_0.93032_443o030f_-0.93032.wav,5.468312372069077,8.264273703138105,3.353509002539697,2.820813745032442,4.344655476347937,2.673801729312124,4.314865088068343,1.5783001065403748,3.6435195818842008,4.277715973426122,1.7087075191636576,2.060591595463439,2.469966361808905,1.1077127855950863,0.5740860823616099
22ga010k_0.11257_442c0210_-0.11257.wav,9.793271540750636,7.09326423556206,3.758453249000005,4.742904697250617,3.685948813381327,4.902775278226524,3.628143992315728,1.7156039022726672,4.19867875676599,4.035052795362508,1.09169215920083,4.887610727895837,2.8618878559174106,1.3547838147453923,0.2727560234161156
442o030y_2.2122_447c020d_-2.2122.wav,8.28271901378428,7.4529189325725795,3.3689292588509203,4.233952512187941,3.754559675648158,4.164263400638144,3.599500242747738,1.5943078961171384,4.165794380447733,2.8538505466581467,1.7995153119419336,4.836325259582339,3.2497913298167527,1.1608862144998593,0.8815330726012618
053o020v_0.067734_421o030u_-0.067734.wav,6.910739719863701,9.329112830572548,3.592978879711076,3.3008513853330514,4.513943052847628,3.4691678406977697,4.537808736442633,0.914312778094161,4.988062769941867,4.047125272006511,1.2904848684633734,1.8163900267405806,5.354295992775472,1.7316540590248022,0.6242201569234128
22ha010f_0.030153_445o0304_-0.030153.wav,5.386105994367478,5.550680551106078,3.792815117033744,2.5739326794491424,3.0253747422367794,2.5643373654337305,2.8756819570100167,1.6736662986635087,2.875252762256809,3.6696321831002896,1.3804267838155262,2.110520958197328,3.511357560338874,1.569106409984986,0.3811478266005201
22ha0101_0.049262_446o030h_-0.049262.wav,8.263868316565738,9.368125220344002,3.0645961391040863,4.153423366112947,4.871188265906627,4.25688159159633,4.736294249805729,0.9563801979204758,3.479099503304174,5.3192766396518225,1.288240625190985,3.3237763406637812,5.969733448782872,1.2492037940918592,0.9872776852032672
447o030g_1.5581_050o0209_-1.5581.wav,9.26147470131754,5.319879524329739,3.96571154535886,4.749286793912893,2.568186181038877,4.59265033997226,2.6342544888490824,1.3132413924950506,3.2052858192002467,2.895178438300906,1.6050099380221403,3.5981959347989845,1.660038527976945,1.5244317748225722,0.9306510687148456
050c010k_1.2473_447c020x_-1.2473.wav,9.265205855251288,5.927530654503368,3.8384794560529274,4.543756720712622,2.9777115463802963,4.5974974904261465,3.1389936894420685,1.3641914693454942,4.882166397295259,3.7826769699662184,1.375534038215393,4.10039390778705,2.453401953453462,1.178930321200871,0.9673505167593012
447c0210_1.6315_441o030e_-1.6315.wav,6.118748847938639,8.747695729442947,3.170261236582289,2.8375273925127966,4.328899283152661,2.8979570503414345,4.48779628266717,1.585962143296943,2.0809238157956647,4.169375632679839,1.6855235411687894,4.692465858742343,3.8268380528697947,1.32322914417737,0.6576091441201685
441o030x_1.6007_421c0214_-1.6007.wav,6.760108484320634,9.798249613154516,3.549362259183793,3.2911323127666856,5.000200815170207,3.3953993394912194,4.865930985580588,1.7029163955861435,4.540546464515046,5.781825695111539,1.150535588514638,4.261092466820015,3.564940408008939,1.0891735900183144,0.95404258243217
443c020f_0.44224_423c020q_-0.44224.wav,8.131999685795854,9.728708772706398,3.420108407156576,4.002922773138315,4.656732112776693,3.869630766342807,4.762246286821823,1.7862002586860084,3.649695059358566,5.409002271804911,1.7751185590174243,4.28612021185201,3.9575917387812023,1.4099058015019317,0.4681825211225635
441o030f_2.4498_052o020t_-2.4498.wav,7.450963006410431,6.548652920295235,3.319069859727725,3.626831861902829,3.2040145681903565,3.677209377763933,3.0627272513651573,1.791253030367968,2.791056754764183,1.4623937231862103,1.342379055882666,5.2728043127785496,3.9863272751620724,1.5453865387427943,0.3502188641181356
053c0114_0.94311_442o0302_-0.94311.wav,5.681882864628032,9.96414831198507,3.757519091844709,3.0099550867374534,5.04073518401394,2.9375134148887936,4.909387537747358,1.6212817023606767,3.3675606964551488,4.389268635173586,1.45976125451469,3.6364477655690184,5.007994908836829,1.3061818840302626,0.8747761758663993
22ga0104_0.68603_444o030s_-0.68603.wav,5.734300004631016,9.69145454718432,3.961415023276497,2.9511115071964222,4.75883068715032,3.116789227250476,4.7207400967415225,1.2812280727633265,4.576668573454599,5.317705590969217,1.623571416386442,2.684836320095484,2.7831479453166246,1.3165464072743256,0.5673467952836031
423c020n_1.413_050c010f_-1.413.wav,6.404870736157228,5.2964518123428,3.226436001275073,3.145192947858765,2.6933826994194403,3.2466917950578607,2.582938215549693,1.6229972354068145,4.189778291612836,2.6820317691339493,1.6091621705047203,4.674457557542972,2.945963797034111,1.0024879975404477,0.4703299122997844
423a010d_1.468_051c010y_-1.468.wav,9.667755642674926,9.319194172704236,3.884161955964205,4.644758334422319,4.499246803548187,4.805572455842663,4.554372281793755,1.5195054681114666,2.895212175335596,4.201637849384619,1.3343331741649358,5.3770750115638055,2.669830465453774,1.7806524773628074,0.448429959764147
444c020a_0.84806_447o030y_-0.84806.wav,5.100566687781448,9.338813080435283,3.2204939008885463,2.655877809736355,4.732475595370132,2.816305107845771,4.78871687932874,1.46878490329566,1.9356538705924506,5.518237451488098,1.5576853075043058,3.243837662107513,5.504811367949418,1.1943945296447132,0.9502218748790984
22ha0110_2.3298_423c0207_-2.3298.wav,8.007095901000602,8.224967370639613,3.289467174845972,4.077466253370303,3.972870089936365,4.232307151037783,3.9026967587518673,1.2897526006782811,3.2849896643144425,4.512367298033378,1.1467312119668065,3.388599669071301,4.890648539945109,1.2701421596910367,0.5985925295363105
052c010y_1.0742_22ga010w_-1.0742.wav,9.860092593597958,6.092570738822184,3.9061307532639393,5.0265541359054335,3.163964185351268,4.993169352044058,3.3102018556230863,1.214753933400927,3.240351026474005,4.095336391957155,1.4039575053605855,6.547483940950368,3.141441845492498,1.6074515768903623,0.3169910454317524
443c020d_0.56357_442o0308_-0.56357.wav,6.050506927596615,7.765529797912229,3.4654547020680835,3.078466115640245,3.838007188183384,3.0945650655726125,3.6687711878434,1.550362632288574,1.710233528277486,3.6165374790974023,1.346319550768601,3.370855752652645,2.8743295329387575,1.456943478946995,0.5046085685563025
440c020c_1.7835_420a010z_-1.7835.wav,9.45706190186505,6.443313717744745,3.816439799978052,4.640365608000927,3.2780599968703124,4.513610893924971,3.197852500590211,1.7910735822642718,3.707841561370939,4.572559297598059,1.0288417820484057,5.214556598568106,1.855236333767827,1.6486854664401114,0.3621395248912539
445o030n_1.1222_443o0311_-1.1222.wav,5.412276088510527,6.451354915939177,3.2528950702286865,2.604854633695521,3.089754026156209,2.455494570957741,3.0759130847515763,1.594077131871011,1.7510502809452884,2.6642017908946265,1.1385229112460022,3.333102135362525,2.4346450843546688,1.7503086638925214,0.4184743270685512
22gc0109_0.61118_420a010e_-0.61118.wav,9.130921753594013,6.157501682422705,3.583483357444331,4.615278642829798,2.982539418868009,4.641470533374573,3.1505096092878886,1.5384981698715177,5.149189529492683,3.8336739960075583,0.9379256132559592,5.659189465877089,2.6939575806697293,1.0499582526240876,0.9041199150700622
440c020d_1.4436_052a050p_-1.4436.wav,9.739350926333737,5.019300282579814,3.583068830282597,4.6779977141130304,2.2403537258514925,4.693382112054766,2.389562707819638,0.9385116713826048,4.5378515550262915,3.052949274711838,0.9510721670451115,4.090981451423225,3.323820869589889,1.4080616745410302,0.535424460412115
446o0318_0.4369_423c0203_-0.4369.wav,8.547066422520976,5.85121680472305,3.3949305402482044,4.235844468951074,2.84965229307963,4.079438053381013,2.783041234174028,1.4944389118591437,4.272676651661832,2.077085850483183,0.9005271578419617,4.4889071620598635,4.110252624345199,1.734323791383435,0.7040480126135469
050o0209_1.6432_442c020f_-1.6432.wav,7.606176647827306,6.287677340462512,3.8911731296611847,4.030392756310812,3.1567604776546,3.897225250863604,3.225799709204261,1.5070323829192735,4.788488155328565,4.678652962246068,1.444483319994844,5.22733632706631,4.026806532286108,1.7560966736413732,0.3801646511976102
440c020p_0.17906_22hc0109_-0.17906.wav,8.002130040341289,8.792497543111281,3.126289906248345,3.941280531038556,4.62247606293627,3.795268532379279,4.53541001761708,1.4339239648193898,2.9974469230508127,3.673083041725974,0.9346391891125098,5.396909205607923,5.512575339124402,1.0315147227388906,0.9301211690375152
447o030w_0.52605_446o030e_-0.52605.wav,5.917447380105716,7.1975818597783885,3.0220761393569737,2.9554865908869115,3.5144597595637084,2.961637558019177,3.6843484454828648,1.4161157792536307,3.4536707874767307,4.55650384401906,1.2982985589626943,2.3096259634784357,1.8723235174974588,1.097825083283671,0.2859215822014954
051c010g_0.41087_440c020d_-0.41087.wav,7.405473248857707,7.6483635041645535,3.764875128663217,3.542655369751688,3.856064656959966,3.5661180679768,3.707911014439786,1.5824972356046312,2.5699842820897394,2.9205182838103587,1.7483818957225925,3.2129219396430737,1.8792834067883515,1.5668230775275696,0.4423148750466558
22ho010f_1.4225_051c010x_-1.4225.wav,5.182565801397675,7.260228264037975,3.3724464780320704,2.5565208203861047,3.6888197031673657,2.417299351034289,3.609969322879623,1.5670147156420848,1.1229397050537073,4.358894744723471,0.9193478073058216,2.17066854337575,5.238892951180144,1.74279747755307,0.4758116815078642
443c020v_2.0759_420c020t_-2.0759.wav,9.602959314889976,5.531347911940461,3.125309508332448,4.887863962062422,2.7106669631529074,5.018904737125103,2.818964309708453,1.6286466850769226,5.8178462703135825,3.906373161387476,1.263743703542891,5.504069499337313,3.2870415511310056,1.2068030832255348,0.6652639705792462
441c020x_1.8613_052c010j_-1.8613.wav,6.806053360127757,5.551628806557264,3.840556730727835,3.297147612959312,2.517700596131444,3.2206292009934585,2.669506171227433,1.2820890190227403,2.235136582075004,2.1564089900547394,1.7597187843092743,4.679920389646897,2.7494950946947707,1.6087381459622685,0.5320816801320328
446o030a_0.39734_422o030f_-0.39734.wav,9.940316297280836,5.432000252183527,3.334023911279676,4.984431693495517,2.666618561496085,5.009717008275659,2.814472045920596,1.7144095404631925,4.074499328041322,2.488470020268615,1.67545001143742,5.143535282764006,2.1083549811676043,0.9199775325070764,0.4001095497647053
423o030o_2.1659_050c0116_-2.1659.wav,7.25738108318775,9.568614852416973,3.479196754216153,3.901514207750063,4.901254556460932,3.738682733077436,4.852408769990269,1.1459594214330604,2.6138009287645962,3.5032483948048827,0.9750467418239116,4.9656042145433705,4.689200814016329,1.0831889679210582,0.9594621141339305
447o030m_2.4014_051c010o_-2.4014.wav,9.971458092164234,5.291290792699066,3.620629091599497,4.9543218513449405,2.6349624187397134,4.800476134233084,2.562633342108399,1.2764293653489072,3.7223458838034285,2.439135528452975,1.2101426263502286,4.37992581733525,1.8338457778735773,1.3752941285017657,0.9391030896228336
447c020q_0.20469_22gc010y_-0.20469.wav,9.165679146340524,9.134058002102805,3.906058525673203,4.39664822186065,4.588085830898422,4.543458077659405,4.502371968306955,1.1082852622531492,4.683074270101572,2.6377096710784325,0.9816346139777672,5.21886311784353,5.496759981417169,1.6573442933050426,0.4948346001963616
423o030n_1.8263_447c020a_-1.8263.wav,7.441733347747884,8.131581115369045,3.154800818964396,3.604409779516884,3.7948577517306,3.6060830836066806,3.944848418284966,1.7817389536774142,4.220294001810381,3.0395330106979097,1.3377221560849888,3.588875083712087,5.560090130876065,1.387954205014322,0.5755733207511169
422c020a_1.8364_22gc010l_-1.8364.wav,6.714527844360216,7.364060009000978,3.534418073410537,3.408630085589817,3.75600927264248,3.543421227054856,3.652417051976293,1.3461583613617476,4.255197871929574,3.3442894951285655,0.95694617473697,4.7476760514099645,3.09473272512099,0.9921967319864704,0.6219971979971289
052a0512_0.31899_22ho010s_-0.31899.wav,5.260148825078404,5.898916220963512,3.2096714086797595,2.6416876415543973,2.792758780865011,2.7816700781342742,2.7388614947630128,0.9612037659330182,0.8443133521570788,2.9832151213018268,1.1917397253628546,3.9089221515242394,3.8150539472905844,1.7624539891811275,0.5648486347084545
052o020a_0.7235_446c020p_-0.7235.wav,9.853103850837677,7.334325978578546,3.312411262221292,5.015243608307997,3.801371171211753,4.887041260524646,3.723498467246648,1.6734255949123655,4.947919711108307,5.575967873056566,1.0010260346654198,5.743702929085607,4.36211244617442,0.9049805995739966,0.2855045304134851
443c020d_1.9832_445c020q_-1.9832.wav,7.969440671375348,7.646201208346134,3.051222457146477,3.844695980259572,3.892493564011344,3.833036136277485,4.042039704176556,1.6723652062767462,4.375105961094465,5.103128495364738,1.5999086198965005,2.588625687214777,5.255575916101989,1.560143507859744,0.2002782152045263
050a050i_2.067_420a010b_-2.067.wav,6.929362060240861,6.065897940366764,3.7063368977481375,3.310170660013798,2.951118869785823,3.4676907495701816,2.923057840115677,1.0868287624757191,3.1034364064292177,1.0046375426920715,0.958804944609244,4.923640559424245,1.9519482340327572,1.1599466845986297,0.7300177019081883
440c020g_0.23824_22ga010g_-0.23824.wav,5.685556916484138,6.330292135897452,3.809744783192631,2.7877279199913816,3.0036147538739524,2.7612016637269883,3.151250649673706,1.5036081816306632,3.437561116414806,4.024998088044649,1.5582232480329623,2.5778456486052863,2.3546474386747014,1.5813853165407732,0.2824622360976712
423o0309_2.1089_441o030l_-2.1089.wav,9.877658188040794,8.040092929436035,3.5149768646436046,5.0466488067351705,4.140253446461737,4.886853185766707,4.132168923018557,1.1613331310853494,4.016307037590841,3.0409453489135734,1.7494943586546796,4.382350324074028,4.659774285474348,1.7474644526929752,0.7567857846617075
443c020k_0.31603_422o030k_-0.31603.wav,8.793285853364498,5.276352282453758,3.788904474195708,4.602373211887035,2.7170177169425958,4.481572630072949,2.805940264327263,1.0060375560397894,2.7254191242892687,2.4403829018277143,1.7597540209892086,3.574876305545104,2.9936664188110327,0.995834475629639,0.4905536028900294
22gc0114_1.9019_053a050m_-1.9019.wav,9.159404130365044,8.503744963055912,3.4126000918137107,4.601988485415105,4.194419805411326,4.759357066239734,4.130114830726298,1.0778368806158298,5.653727234060289,4.54981356987368,1.2346225043103505,4.068494769371891,4.823956475398461,1.5300174754424845,0.7381842595046453
445c0212_1.9186_420a0105_-1.9186.wav,9.782248943485708,6.605507123197617,3.722902913138059,5.163512604589798,3.4434455144054548,5.016555885081637,3.5289073339004773,1.247570038470673,4.7424061407557465,1.819132812974917,0.9051106061091392,6.99017047272368,3.801048735927568,0.9454551302957124,0.8360852704847678
446c0206_0.26606_443c0211_-0.26606.wav,5.929480306317369,5.287715684252127,3.958963804600844,3.0939852621351447,2.6875343221960577,3.1024395704006222,2.8372958815888216,1.4160208666855938,1.6383186114755022,3.5542026733116825,1.784540650608331,3.2747740801948098,1.921151323903904,1.5922726769955702,0.232759848172341
442c0203_1.8136_22go010w_-1.8136.wav,8.28752973263732,9.361392963481093,3.85760797819627,4.21673627703615,4.566434445584295,4.32068085417435,4.431914837780968,1.2576336765518157,4.709503834295949,5.172929064711314,1.6542104926065302,5.919524548269286,4.3873755765234,1.021022849867877,0.7375106121446345
442c020u_0.50443_441o030m_-0.50443.wav,5.166016639525334,7.867757064675818,3.6360524203541447,2.3866409153060744,4.0091102717387805,2.555699278767653,3.991242150861285,1.0655580571428285,4.015519191700528,4.45071704546414,0.9371925438407774,3.1686453370573524,5.4378580944408235,1.3706065760896569,0.5526680557302851
446o030g_0.397_445c020d_-0.397.wav,6.17573792274911,5.519831496248477,3.173476141095916,3.123688456592915,2.5526813908727104,3.106165127850965,2.701654317774888,1.1542842301530918,2.6990135841840526,3.7197994092003834,1.3073196686754145,4.032840550600965,1.4702651736252361,1.3599605734181424,0.4744251324474999
423c020w_2.4249_053o0210_-2.4249.wav,7.801611066752966,5.859134620963456,3.611804268523501,4.166646166528694,2.864344233761087,3.998338086763918,2.8404195543297157,1.5024533398742907,3.59672299936937,2.293818311349919,0.9371843430880392,2.891798510766642,1.8303540657427348,1.2501259722568387,0.231196032644829
22ga010y_1.4643_446c020b_-1.4643.wav,6.964215395506012,6.468124025717038,3.293787445632545,3.384698751620769,3.167357032913807,3.237528012677992,3.252449768203236,1.1157241980008696,2.2953395993853696,3.2052646078975053,1.6051525236038118,2.6618251781841424,1.8808674036464368,1.0468346798268044,0.191294617829188
22gc010g_0.47676_440o0305_-0.47676.wav,9.395535670539164,5.266670523696211,3.309810665337014,4.942461254034258,2.70324879571029,4.797800823777971,2.613955123380915,1.0311542266946752,3.9562280644890464,4.0616928251297075,1.4340496530589413,3.5795242648079504,2.025771363856402,1.2526511252681325,0.8270975943903043
446o030r_1.7325_420c020z_-1.7325.wav,6.245381562442434,9.035531289667546,3.8450458244531394,3.1701479872428,4.523050014709572,3.257993790899774,4.644635847683073,1.3339401115500364,4.037515685310265,3.9171722846295385,0.9139727328114052,4.687298433724445,5.296450601324217,1.3482402364654205,0.5195954448965777
444c020v_2.4073_052c010z_-2.4073.wav,9.305057039538562,6.753254578136557,3.8805497716066393,4.420755880049919,3.5833744275638053,4.495656692478304,3.453413401492264,0.9948792763193516,3.4887551385853404,2.205139299406878,1.6913703250930334,3.434346523188404,1.9152919624557847,1.4994669367275286,0.5330382225412105
053c0103_1.9893_446o030l_-1.9893.wav,5.710703502013481,7.955910099322562,3.0536242335037835,2.9774954165322187,3.9986328769361306,2.8251757507981283,3.9231430138374663,1.0730556770099426,3.4615823867020246,4.442314965677045,1.612757161993848,1.9210091279794663,4.249881026392542,0.972927057102142,0.6523741966912233
445c0207_0.29871_052o020h_-0.29871.wav,5.064557328608496,9.29740315390366,3.051698922057102,2.4031230215421453,4.585942806137359,2.572555896823604,4.572068341323979,1.2556737452724318,3.0992829836048403,4.917494682056516,1.490533731636746,3.5602423807078796,5.162594906529776,1.072026434334497,0.1198892278141554
440o030m_0.30985_442o030k_-0.30985.wav,8.961455044330805,5.778894195877366,3.340736057889345,4.690252751622931,2.998577506896806,4.579045614987812,3.099240175058434,0.9329382666874562,4.062023836375733,1.4944448191836812,1.233865362036982,4.695241900392038,2.2074410894565717,1.7736056613537263,0.2502699661700227
420c0208_0.13504_423c020t_-0.13504.wav,8.852030165731119,7.783610522565043,3.8320859401018414,4.463749528882682,4.068482532046154,4.313749552784,4.06856721023016,1.2801510780201744,6.101667763219807,5.135263785770347,1.097438299313549,3.441340937614883,4.467488530930505,1.620377071158794,0.5428494070703445
443o0306_1.2173_423o030c_-1.2173.wav,7.355056195508268,9.540038259728428,3.7059411935615696,3.657976945150452,4.802161739739873,3.6998254447460592,4.658117638570834,1.3091143381432848,2.67423506354042,3.141258472120937,1.3511465602500974,3.1446489596654934,5.076361966982845,1.7812453808961557,0.5889540192724758
423a010t_2.0026_050a050x_-2.0026.wav,6.437630368902734,9.46636910646759,3.690819514208057,3.396312898054067,4.786188139941433,3.34414680143851,4.624389813732859,1.0278242779463969,5.122897853403576,4.862498830196076,1.0822900963910314,3.861880662030882,6.234953955904187,1.363344880769279,0.719403173848248
22ga010f_2.2675_423o030b_-2.2675.wav,8.513150921051803,7.591162517254878,3.0895393948013488,4.145811093951624,3.768831657310422,4.255574553658583,3.666596717523877,1.67534639210411,4.672654217689668,1.8017252615845987,1.688841434891473,5.208075587988054,3.9416686399423813,1.235924457995151,0.4781923586275267
446o030z_2.3496_442o030q_-2.3496.wav,5.278461535779594,5.149679298784336,3.0308280960076828,2.730304537891694,2.5626878247577776,2.898889606335544,2.540800049681669,1.1607201848301516,3.2700946823720725,1.7710326610918279,1.485744336655714,3.6418347618718596,3.6436346168745186,1.4564285914477089,0.5353072474169586
421c020l_2.3782_446c020e_-2.3782.wav,8.358787302751885,9.010037836480707,3.591332621004886,4.051502983539445,4.572473993362729,4.201131468024428,4.583024663044174,1.1039997538560005,4.911834442018331,4.173493852493997,1.4515903125659064,4.752124601275495,2.8961728011687673,1.0103532571505371,0.4314599718168846
423c0207_0.8468_445o0312_-0.8468.wav,8.679987633644357,8.973651083125345,3.497072382545205,4.2581328344180776,4.442229556809473,4.42739488829794,4.458052234091489,1.2378787804265483,4.054389127617378,3.5364504446272162,1.0989291048022976,3.599435922329683,4.433871724452097,1.59011992189207,0.8430065305894624
051a0514_1.7028_22ga010g_-1.7028.wav,6.822256698355735,9.971424326655765,3.3666048044604846,3.4682542876638225,5.05272030444341,3.3540371803925426,4.926805839799426,1.3645325522035463,4.5061146589192775,5.956022969478468,1.218898254902763,4.295788091974668,5.302652724493633,1.0751016861883969,0.5042923138420143
422c020f_2.3489_441c0210_-2.3489.wav,8.921215970027019,9.758703910040092,3.6036906874863055,4.622057139103269,4.892895464962487,4.456654252208882,4.932162308571341,1.5915449642391,3.8991396271061265,5.147098765285616,1.1784000882396062,4.564539669844165,6.92993889389578,1.1513935707731706,0.5120381300087502
446c020x_1.0231_22hc0109_-1.0231.wav,7.135908518992245,9.200477462123285,3.510782745519601,3.5470369071901158,4.490569099101786,3.3777893888674244,4.474591691877508,1.5338959547770212,1.7828393662507527,4.0325415469453985,0.9814828980051036,5.366232789871794,4.789967713206973,1.3134732372938205,0.7967381602512773
442c020f_2.1855_422a010l_-2.1855.wav,6.689753463411387,6.6185317828867065,3.884269945817644,3.415549557430152,3.204626495258143,3.3715814920042333,3.040410755383117,1.207221819572785,4.589698132329385,1.700437839388286,1.61426881800996,4.402647451697227,3.462441148668405,1.3115728351685547,0.5161396541425612
423a010w_1.6751_443c0208_-1.6751.wav,5.120366626552844,8.018629970068101,3.3226138697403087,2.590151581963848,4.005697811180254,2.645069242568041,4.166583020425114,1.741164476016925,3.638414079290525,3.1412616486446163,1.346224223294592,2.259090488525111,4.7264654463755384,1.7085228604017066,0.1121745488659199
444c020i_1.5935_445c0205_-1.5935.wav,9.778924471846006,8.277528814528461,3.770913311494576,4.825241139469852,4.26028335587348,4.778570002704648,4.402837924348305,1.1180435995914966,4.755322749800312,6.003063940315765,0.9185666056269196,6.175424016754982,5.103876048077831,1.231009787098476,0.4993214160689679
422c0216_1.0278_423c020o_-1.0278.wav,8.897102248656218,9.83737891793422,3.709323011165886,4.400149079415352,4.880135683595362,4.336405201139461,5.015917560082426,1.6613522407450405,6.023441835982672,4.754208503770957,1.2701557513817243,3.7113880114990967,5.087700752104564,1.0833189571297674,0.5681312710910158
22go010p_2.1287_440c020e_-2.1287.wav,6.200655776546538,7.628260703468875,3.686970141109441,3.076260665319981,3.874224370755596,3.2462559978123844,3.872964636340308,0.9279784807651068,2.088120248364967,3.755136180145124,1.0042910073762348,1.8383950106766669,4.9070425657639545,1.5861985121378406,0.1280358421624119
444o030r_1.5869_441o030u_-1.5869.wav,7.558974123286743,9.52045945598305,3.736218148984918,4.038933593728449,4.772932335135297,3.883247425844548,4.841209836038787,1.5250115457922924,3.1705054992521706,4.262566895495525,1.681842035900666,3.401735337010943,4.450037433458727,1.5129568730795129,0.6156858537541363
050a050i_1.6472_422o030f_-1.6472.wav,8.33793068175908,8.871123704280986,3.044054983827757,4.205702652331148,4.546559578575166,4.199643950358327,4.396681988087447,1.7874987466710277,4.917269352525838,4.192802428943593,1.796453410679085,5.418116440481339,4.669738864201356,1.2910065134009294,0.4386781805596135
22ha0103_2.1246_22ga010b_-2.1246.wav,9.1967424623417,5.845499292870135,3.5458335943597104,4.748357306182794,2.766311275954471,4.616430040914655,2.8735269309628237,1.0561235944270329,5.1468495946193,4.047778418037637,1.015877743817065,3.371160395905634,3.6035470786353314,1.423013714277201,0.241306704804201
444o0314_1.0382_22hc010g_-1.0382.wav,8.488328121565477,7.037290358393902,3.102052742312205,4.292741395052713,3.4283706652912707,4.142761676716767,3.4259040709041257,1.1258036278483312,3.104933316911705,3.0751641419970848,0.9497090629192672,2.8196668054630187,3.5962541229758593,1.1620024575453256,0.207090009895264
423o0305_1.2498_22go0103_-1.2498.wav,8.373229836661311,6.969836490837471,3.704840603466178,4.216503181727853,3.2635257349327538,4.234310154220947,3.412465023673603,1.2890021304048438,5.250221228354209,4.0350526974066145,1.3820853198623109,4.863132358273631,2.7659176006886224,0.9245228612925696,0.5899518010170941
053c010l_0.30634_051o020c_-0.30634.wav,6.599836060583477,5.643671132494833,3.5796233347215294,3.2823024441607878,2.6943858003400405,3.271852704895051,2.8640643285906067,1.011956602149069,3.4429117172941455,3.85382000450102,1.0351699554139413,3.7598859854071627,1.7714530296699766,1.1268780348928238,0.7602232858218676
423o0303_1.3299_445c0214_-1.3299.wav,6.51668549028224,8.748045743540661,3.731766595272413,3.4191490843178287,4.4478989212079565,3.3340756568078,4.571440460504244,1.688842776480005,2.7066205747345573,4.793548861293143,1.7618162755332718,4.913241472562396,4.840797888539702,1.7104071479378553,0.3612601700912751
051c010w_1.2113_052o020q_-1.2113.wav,9.252166234215204,8.766968059232306,3.0204766969695207,4.549389883836644,4.535235512738938,4.380509927016777,4.515753208344435,1.11054611772634,3.8399703536644454,6.004456064066095,1.1174802026685755,5.301245452449311,5.1300739262702955,1.311188736087177,0.439583808311127
442c020t_0.99276_052a0509_-0.99276.wav,7.036586066005038,6.160206750001912,3.7813854173126966,3.323445548778663,2.977069535377713,3.429486312590824,3.109942995519809,1.713971384153132,2.9282914044314756,1.260170854571957,1.4805290937928677,4.468801919275218,3.957612401407654,0.9508021902921614,0.9365523932396976
420c020r_0.57088_445o030s_-0.57088.wav,8.686081018830905,8.15419004167447,3.8390135553921896,4.4537065730747125,4.3184188580041,4.365886715090089,4.196814283486689,1.739208053397297,5.811396441090394,3.8675809080303143,0.9474536309258074,2.6827231303907193,3.773714979976092,1.086049409928315,0.5982163039969939
442o030n_2.384_423c020m_-2.384.wav,6.332666123591185,7.921228360955689,3.4471858692477837,3.302655040836705,4.162668741500615,3.1816672296977337,4.074001106166178,1.6254860807888534,3.835273841661815,3.608519808433154,1.1167789987151384,2.3217467965069103,5.3580517236881215,1.3227417242812505,0.4569756634555237
447c020h_0.53155_445o030x_-0.53155.wav,9.259340546289527,7.164431585524351,3.199171234174492,4.779266495828715,3.7212128395692425,4.675369618724988,3.61302116277249,0.9377404866823512,2.945282284269124,3.7946180418569333,1.1256465206805737,6.536763131100269,4.283102224095194,1.355825626119695,0.3345856905319758
447o0308_0.41755_444o030w_-0.41755.wav,5.889075610673751,9.687722604866224,3.0034911752851903,2.9178568456782523,4.895936837426552,3.048758784456965,4.787471716655061,1.794490242017169,2.6213444629548572,5.452736580523629,1.7944405162577517,3.7624829488788025,5.937036216902193,1.4098159766531797,0.8025160559525233
445c020t_0.33042_050c0113_-0.33042.wav,9.699888999079622,7.987754262241924,3.633571064196751,4.704308922796115,4.134815363113498,4.699543540549468,3.9648821670273793,1.2684200455762555,4.992101648004702,3.2544891592715763,1.5204696611208957,5.660644435548183,4.652723313482452,1.5434685249105842,0.903127380129158
050o020p_0.11475_051o020x_-0.11475.wav,8.552985036498558,8.540977852516669,3.371722616255047,4.117237781551767,4.332542176511343,4.122001377705862,4.502475422674889,1.638864453901623,2.9483414639542795,2.8573180306923707,1.670593239469227,4.287900614943556,6.159461643850827,1.0046191746586437,0.1042144232015654
441o030b_1.224_050a050u_-1.224.wav,6.707158772493423,6.582207470158055,3.1040770734185994,3.3903003260170097,3.279242574966973,3.414263020901049,3.427316169013632,1.43312317323257,3.4904998013454387,5.11277162124867,1.0015236954480031,4.004698041226019,4.672705200113372,1.4360707706068148,0.4939510223329148
441c020p_2.0596_445o030d_-2.0596.wav,5.247341256586816,7.642691998396894,3.688197379025596,2.6178392044565197,3.654339330043305,2.7857105860042104,3.6275214394239903,1.3204977855261684,1.2588172299035703,3.4997279505114647,1.0993469300127086,3.137404748927933,1.866022600112315,1.5706019022079107,0.7505571787888803
442o030q_0.61898_421c020h_-0.61898.wav,8.812138043389242,9.494135338542227,3.006636935178883,4.428511671561326,4.810339428383351,4.267211235762673,4.864025268333609,1.6809963737069935,4.193767826428357,5.9440963038716355,1.2362295716995635,3.2178695918635882,4.618515372674702,1.421756531823925,0.5014332233657215
052c010o_0.74311_420c0207_-0.74311.wav,8.073056674562137,5.566728181508741,3.917909395073339,3.989211351922583,2.711713953064919,3.867085057487562,2.798806824228812,1.4762799637182558,3.2347543929199913,2.7834112704623655,0.9583532858887472,4.4980980329990015,2.1174270305616227,1.08120120779789,0.555575394668719
052c0113_1.0249_423a0109_-1.0249.wav,8.697512659373722,5.143407541464647,3.683736569123071,4.402564442996734,2.814782925295272,4.372771174229371,2.647413988105136,1.2041989083529927,3.3131160031067255,3.3592601564517466,1.504761648943922,5.237546818264444,1.7276800735573028,1.622899855781058,0.5314724546787165
442o0303_2.2178_22gc010o_-2.2178.wav,5.397632350522638,8.48321181198739,3.085943289501512,2.812700741695967,4.097533973935473,2.9593751634505057,4.0661235616017954,1.1829963165700563,2.029167410661295,5.790215526552758,1.5042473828897962,3.5118778434885245,3.6535010634819525,1.08266644190519,0.2762693268074868
420c020h_2.2947_422c020x_-2.2947.wav,8.332673956361372,5.151114298401952,3.003280821417244,4.009840200105823,2.38736907608725,4.018693207780452,2.557138402689887,1.612142591416791,5.388322289300676,2.7061103368822232,1.0989414311547394,3.080940296194583,2.3835302339749718,1.4983928809678635,0.2519203962313418
444o030v_2.4273_446o030s_-2.4273.wav,7.807886261195952,5.060972321958589,3.914796627063867,3.643523602217636,2.5573613387882794,3.781414232819395,2.616405169899152,1.0808919340544478,3.8520136193509344,4.342614181224878,0.9146635569670064,2.953147400370282,3.7344006709881254,1.714110531804886,0.5184283509556603
441c020t_0.20914_053c010j_-0.20914.wav,9.348903955680898,8.057692454341755,3.935636202877973,4.829525530173414,3.833094851071752,4.667982015462369,3.886044759993317,1.570454858363576,4.763500394140596,2.0234538972687375,1.6524555053413634,3.5576044398188214,3.782718943852498,1.2763192149299276,0.7344184803715785
050o020h_0.3345_053a050i_-0.3345.wav,7.586075895269414,8.39647114389097,3.504072514309631,3.6044381365648657,4.123748791275566,3.7703539636389167,4.086709105446261,1.13250139559328,1.8386702498283425,3.4038833219452447,1.75743666943045,3.615262287662733,4.780819112432092,1.1566524278413093,0.1906780985292428
441c020q_0.73583_440c020z_-0.73583.wav,6.703435978366663,6.620731194012349,3.7525647661322967,3.290854831657393,3.402469915370441,3.1552288180280827,3.299973162119316,1.7665799291867494,2.182721676391034,4.28145891349906,1.0334552474158858,2.385396119011569,3.8653598685562347,1.501438496221312,0.8353591363766036
052o020i_1.6152_22ho010t_-1.6152.wav,6.0312680762164685,6.116458002776634,3.806390763254321,3.2307886363531977,2.9806608544191526,3.1839715463722205,3.144087168352108,1.0453446682128422,1.565979393749685,2.160430982293599,1.3931630557284884,4.363356664579714,4.462079018169821,1.463568935330208,0.4135205975247283
051o0203_0.60802_442o030x_-0.60802.wav,5.695136526171943,5.855453238433597,3.100621516228344,2.935591567380986,3.0348759790058706,2.9716632391003706,2.8892777836208694,1.34047881079819,4.127797670756721,3.190796601751471,1.60319532392806,2.243298050494974,1.311008637681743,1.1354754047548714,0.2020834172501588
22go010s_0.11435_442c0201_-0.11435.wav,7.832310244549433,7.093817266745602,3.6871973315616913,4.169591171452455,3.5362903389847764,4.048109941250615,3.417368891345389,1.2949300980128813,5.639842914338194,3.712101026753501,1.4183334895791555,4.4227623667429565,2.6737999910886954,1.0698634231864892,0.6495169399857258
050c010b_0.8494_441o030v_-0.8494.wav,6.196765303468126,7.177916564143417,3.4439362167712297,3.2072255908520857,3.799794741775049,3.334569566032098,3.687173642573558,1.729607730747012,4.395129746548822,3.3887668064070944,1.1574708231213646,2.2334860645208874,5.256502651010388,1.2847783688237917,0.7420011727163256
422o030m_2.0686_051c0110_-2.0686.wav,9.470752854015934,9.158252034721734,3.431160760370576,4.933216667626515,4.580232343881235,4.855232894632482,4.452097527575848,1.659829159111576,4.355004439577989,2.5643204538207867,1.1331355632073663,3.9121913869366405,5.252125363949154,1.3782556563835917,0.5653455690931827
441o0310_1.1273_443c0205_-1.1273.wav,8.612109338480426,8.988214237642346,3.6313905878941695,4.430379082158463,4.40629363578138,4.311228684272101,4.315171834419018,1.4086212548328851,3.4036625589817655,4.586479555666422,1.0176915879729476,2.7641781883068077,4.17916559113734,1.07023344345823,0.457147183363762
422a010h_1.1401_443o030l_-1.1401.wav,5.867101723775435,7.181485792126209,3.294352524763698,3.101125521609182,3.681963180014033,2.9900566177828223,3.782778350513372,0.990865636182465,4.594173860328947,4.461413950204772,1.7816082418162955,2.264142989173155,2.4191448214530973,1.0746380938743367,0.5253208979165822
441c020k_2.0154_22hc010w_-2.0154.wav,7.2933010083682195,7.906382817855557,3.0679314544346385,3.769991733056632,3.872949879316936,3.632064042039168,3.8139926740694743,1.0216796894193036,3.550095914279156,4.871009483575085,0.936259255944515,4.344675971495976,2.9632641858315245,1.1597288480167416,0.5727837375927192
053c010c_2.041_22ho010r_-2.041.wav,5.898342661852937,8.83064772740204,3.767589112975408,2.80106183669163,4.46067528433427,2.854441101524169,4.320494493617648,1.672451618941997,2.63553262430127,5.34711006039427,1.7685249686835278,4.145363847084086,2.788625143516802,1.5088709652028205,0.2130598989765817
422o030w_2.0451_051c0114_-2.0451.wav,8.838627384628229,6.693383149981549,3.5823527937043216,4.376248180871962,3.4156478233427463,4.526237147250673,3.413828492519015,1.4007008077367282,5.750039059211873,3.7605932023454187,1.7935965349791945,3.6219573624641828,3.614564489442918,1.6317794880099756,0.6261595379925448
22hc010n_1.2322_053o020a_-1.2322.wav,9.43654699571639,6.322510961859376,3.630166450533957,4.525785281372311,3.2411625660777017,4.671956447819628,3.2074877965991937,1.2826964697821075,5.6413119886532925,3.1366914583930363,1.1169681576189785,4.953461862850631,4.511167270237436,1.4674867953011894,0.4168898230406495
442c020m_1.023_447c0211_-1.023.wav,9.160765099452563,9.346494913271298,3.386851179378588,4.618765178386695,4.651666347401709,4.63868437698213,4.482837364323223,1.1090488298977386,6.0341852213984195,4.677042615205602,1.301514906015145,4.395943502999323,5.254056531384451,1.2167135175366413,0.5133121063850126
423o030o_0.78974_420c0213_-0.78974.wav,5.58651551821261,6.925836149751432,3.0338283093168967,2.72258209907817,3.495757849490407,2.785466496313307,3.337816238176689,1.2428737155209904,1.6701769725893003,3.3277131618452005,1.5218088708044055,2.703811855215819,2.4405139105044964,1.0713691585561371,0.7024660909556049
441c0212_0.40243_22ha010z_-0.40243.wav,9.48803179981056,8.736460325316257,3.987904376952624,4.748522281221165,4.483634358376463,4.639620534420695,4.353095438724866,1.1569995268710245,5.467735026609551,2.6890519550861782,1.125903371713046,5.634282371477609,4.24785294344113,1.7442060684747749,0.8383200964002968
22gc010l_0.44047_444o0314_-0.44047.wav,6.67378172992456,6.686562113301544,3.5931541847893773,3.535372862148396,3.5036440604781203,3.390552820928587,3.464565221433277,1.1136045669599386,4.750579367859605,3.374084165397346,1.4670533468687084,2.4028782400185613,1.9633988889560121,1.721386381033261,0.5893269100050723
447o0307_1.1788_443o0310_-1.1788.wav,6.081926955459501,7.83795609476099,3.789540713296167,3.0125327837576217,3.975387383357525,2.9751753531548992,4.1206609954788,1.278116662298938,1.658636359366029,2.8965047082824587,1.6499099802917476,2.701023698216719,5.206455774141004,1.3384772268153105,0.3081032551945156
446o0307_2.4713_053c0109_-2.4713.wav,6.3172996139965,5.560993830259477,3.029698658836104,3.203410735254975,2.687743430474201,3.1238732695274605,2.826573512033077,1.3220544997492978,4.614577953407699,1.8010224527845702,1.2009314987529538,2.8194221448112624,1.7453559002025258,1.145936164438898,0.4787323433828229
052a050p_1.8247_441o030d_-1.8247.wav,7.93783788229339,5.351522291945487,3.836418437469757,4.03928832882774,2.8516458341886586,4.208260941963025,2.832984215549508,1.127401562018977,3.5875491448073853,4.448665663033882,1.3506477489401076,5.175677647518618,3.334517776714507,1.2121061437074383,0.989582987812351
22go0105_2.1353_443o030a_-2.1353.wav,9.821180469758604,7.068323861100199,3.9675508006122224,4.9945995188457,3.4493442961724736,4.89200677241231,3.33991519410518,0.921355291691052,4.838240069171924,1.6110942376712043,1.058712306586288,6.073368974887793,1.8836504709569282,1.1774356283388714,0.7150905298203545
447o030u_1.9508_051c0109_-1.9508.wav,8.797394651594862,8.323666710787478,3.8755100421642976,4.4032830202731255,4.146121330062408,4.537479759811589,4.250482410438406,1.1926660180706727,5.94977690519607,3.712389195208101,1.449876896617701,5.200551428660432,2.3875986614951796,1.456487651585154,0.6391577429718199
446o030j_1.6205_440c0208_-1.6205.wav,8.465385650626384,8.258802226252367,3.4447325788546026,4.444312139384014,4.189765055489795,4.295629856575214,4.169926235495547,1.0803033549108865,2.538691136660862,4.441583877996639,1.346859768986591,4.619516718094959,2.518465239670547,1.0414158875538695,0.6186945471656496
445c0209_0.22505_442c0207_-0.22505.wav,6.350661427418874,9.32334065846813,3.337881352701676,3.180352142951816,4.792529639329087,3.212419077440622,4.645997350353276,1.0243996874186154,3.4290985354506027,3.1140659021543264,1.709104699538488,2.6921231421421425,3.080336122333497,1.1774524078275743,0.5040181838590934
421a010q_0.79974_22gc010k_-0.79974.wav,5.363727480034299,8.533170588424383,3.1865454089893346,2.607896562950918,4.325019957187286,2.5061359353055224,4.461199157732799,1.1322495556934284,2.026465967002837,5.763145961951133,1.2468510969065596,1.3893420622692978,3.590939902787357,1.338016970328154,0.758845506030319
442c020c_1.3757_420o030k_-1.3757.wav,9.409010463483645,9.385516806029282,3.06275796463422,4.617276236482393,4.7314509869764905,4.75643168750884,4.829102205348953,1.0961545819013194,4.8821969133858545,3.6131356953906013,1.2966930160490922,5.1156292978234585,5.545282287654719,1.503223422952681,0.8917659603383306
22gc0103_1.9955_050c010t_-1.9955.wav,5.244243691894995,9.25767991793073,3.537118071418643,2.759920333161197,4.908005850161943,2.769038751906248,4.738250572071423,1.4626590144750178,4.18587629242564,5.994952684888661,1.262382912431382,1.9944952847609625,4.797125785383223,1.0224258534158577,0.4238635613725857
050c0107_2.4293_443c0205_-2.4293.wav,5.877944294005445,8.103257849527315,3.21224345951806,2.942794210403917,3.906539681302953,3.111111271136672,3.930401095055833,1.3505391386892909,2.5076563644937293,4.846409428766091,1.3709322541845623,4.174505481581053,3.494532602041091,1.6114379610282592,0.6468376610916362
053c0104_1.7166_22hc010q_-1.7166.wav,7.485735263794272,5.7670760850861855,3.03703532921674,3.730501802731944,2.999761838317128,3.843388836858338,2.9009867527634,1.130016809978431,2.4520915950322526,4.376399100622368,0.9800617200813792,4.354806173983665,2.272960906877613,1.4712325275533038,0.5932567445273773
423c0205_1.6259_441o0303_-1.6259.wav,7.63626974937928,8.030235292775643,3.1863162664927422,3.817791428602553,4.148347241409447,3.921382562375445,4.256831696533888,1.6636875388427526,4.339600892575658,3.144086082157309,1.0023107959849595,5.858474617583813,4.084007012753899,1.1045673292082503,0.5823690200384057
447c0201_1.2482_422o030v_-1.2482.wav,5.629873319475846,7.80831068475165,3.3173476079980446,2.552979960196779,3.8685807176680194,2.68198070009711,3.7920378597048674,1.5835510296852742,1.2945909401812319,5.074133520474317,1.136708021074709,2.275834460175603,5.074075301003046,1.1486176769786876,0.5559807489045481
444c020x_1.7628_050a050j_-1.7628.wav,9.83120573547778,8.004529316984854,3.8826426727066674,4.763387348987268,3.87928217334704,4.93223120781816,3.899074882486878,1.7299591942541934,4.125925806596093,2.0071283804256557,1.5576068321241592,4.205635274857353,3.0898343916504505,1.1204656624293297,0.522681642130043
050o020e_1.4627_440o030m_-1.4627.wav,6.899656606838921,8.078797798790335,3.4445839562659715,3.54277395979205,4.087099159424586,3.652858775752626,3.9575563738480586,1.1309917691499694,3.7201975525643287,2.7750271319700843,1.584748236359176,3.421644421116521,2.9703460368009247,0.94403517021016,0.7866533488077463
443o030i_0.6829_445o030l_-0.6829.wav,9.229261467951256,6.795076810102823,3.1849156322253305,4.496018386194948,3.28753908104905,4.595585834677336,3.399727864814216,1.3793425989360808,3.1092041727109887,3.652572294329693,1.6281081876403762,4.424050068212445,1.9322197148836067,1.73459327037923,0.5528613658520659
053c0103_1.0776_441o030y_-1.0776.wav,5.178191764099963,8.954553570647343,3.68888551494157,2.539011202662119,4.629661030807798,2.4352330876206625,4.5213554315137525,1.1609618553003842,3.3292862358693287,6.198558426457745,1.433414895657199,1.5334294803853674,3.4886791003805757,1.6160723309891043,0.3480795148573591
442o0305_2.18_440o030v_-2.18.wav,8.570754450660743,5.679593656595387,3.2399841290392155,4.078761358038582,2.6080564541885995,4.196071974200388,2.701534897349242,1.2962012576926902,3.31207534523126,2.6931877497506074,1.6448421120204233,3.0787464453408355,4.2203858377336445,1.5988340940063015,0.4457238550968758
053o020n_1.8537_423c020f_-1.8537.wav,6.317557946993096,5.307381997482377,3.159785117176453,3.264645279013799,2.916475679516179,3.320084521890459,2.7770967343728663,1.177357782365983,4.387645699729515,1.8701487588459489,1.3420556408780004,4.433503223525276,2.931442566426133,1.6658098505926175,0.4021746815452723
052o020n_0.94695_050c010t_-0.94695.wav,6.173836196273903,7.885563308427919,3.75393759969376,2.8033521657683056,3.9204885871905377,2.9717421887905133,3.897147632913126,1.656598435863358,3.8905311919214856,2.823680466181295,1.4165817409034438,3.266169121236456,4.655052422112916,1.0888099904466468,0.4188989395958902
440o030q_1.5827_446o030q_-1.5827.wav,5.956059093700742,9.071700138101662,3.172679290624177,2.9587560159234148,4.446297048985144,3.046459792081767,4.567985370723781,1.5703239564670226,4.13705279599277,5.526771327212195,1.4921583711310782,1.5142791052588442,3.9539840216222326,1.3945142670333135,0.9150814561227298
443o030k_2.1162_420o0305_-2.1162.wav,8.727703836041007,9.470650042323978,3.569731451150277,4.363041044700794,4.642459857105168,4.379940185293168,4.791504880662613,1.2163972378734786,5.057912203283617,4.7297046104892315,1.2441534990721026,3.5678468319303076,3.9989175684556058,1.5288983492933128,0.4537875770320008
421a0110_2.2552_442c020h_-2.2552.wav,9.079816168233696,9.345623418306394,3.638417318560127,4.545208789238163,4.524878907616402,4.536732672653548,4.694667468619916,1.177303161089847,4.0518123267060195,4.007762908287389,1.771810595813868,5.180616980187025,4.904473334289534,1.5905874379755196,0.648874797086474
22hc010y_0.66201_420a010s_-0.66201.wav,5.387632569585447,8.702553260557002,3.804281051850348,2.655551976331948,4.417014131812351,2.759585500089284,4.308953843386714,1.6830677162304648,2.6759537125135338,5.655804465575443,1.3199854763142131,3.5344394780642596,5.455654899887723,0.9789490881451912,0.573061039287609
442o030s_0.11296_052c0102_-0.11296.wav,8.334430692585453,9.926639187013912,3.026860445434151,4.188570014673172,5.221158043056104,4.203842933117507,5.0719376089252775,1.0279668597140432,3.980983464602354,4.146031545923313,0.9933252842545208,5.456419707646667,4.115026508234736,1.7715046497424822,0.2857871236952082
052a050s_0.0033267_420o0313_-0.0033267.wav,7.202218946568411,8.880241052091927,3.4027859130122,3.53967249583452,4.4064924857842245,3.3809204786773503,4.467302000241502,1.5023339064611965,2.651228663149447,5.362858672204766,1.4209158166118767,3.351877918836862,3.0593569392336244,0.9053124181079796,0.7030743357794804
421a0111_0.86164_442c0214_-0.86164.wav,6.242946069290905,7.307846373224351,3.580591349211001,3.188307555808274,3.462985972645746,3.2815215392262003,3.6051519084227897,1.3408026996816855,1.920552050551807,4.547365477716024,1.5510417707827433,3.5636004037755202,4.587003869761754,1.4111123047150438,0.584208349812215
051c0102_1.5867_420o0305_-1.5867.wav,8.092937942603218,7.671060039245853,3.2789191097031902,3.9286073350368023,3.852945646902362,3.977051901129409,4.015896940288144,1.643128424428236,2.3941632253416336,4.7061859537654795,1.7728067441472546,3.634970769144161,4.760709247901088,1.0104484634117934,0.1949044164176744
444o030s_0.62663_422c0211_-0.62663.wav,6.554168051342222,6.668706449090733,3.490697498538972,3.3119730999889123,3.186978059172469,3.445015074804376,3.292807322314577,1.402229738305245,2.0315599565111984,3.903145025726253,1.4843470353148256,3.5426358258095063,1.7820458708165963,1.0126023359001826,0.4406374919327557
421o030r_1.4869_440c020p_-1.4869.wav,7.692074759007783,6.536636798851515,3.976606529002396,3.816978333953825,3.5098124289096075,3.694935917790854,3.422602058785957,1.4261132371181835,3.0300380859985836,3.719467070603983,1.3968359514702682,3.2326741927666176,4.844215558407687,1.192242350324885,0.3872992816730769
441o0314_0.56305_442c0215_-0.56305.wav,8.021895467778496,7.41584713562545,3.6817616291398543,4.068049900431692,3.928132908088879,4.177369634543291,3.797943831228456,1.798250196032479,5.365572444953244,3.8728943349259612,1.2806130869073535,3.4927851882914345,3.6276287215410665,1.4928530791961538,0.8823290431850119
22gc010c_1.5379_443c020x_-1.5379.wav,5.971818953903567,9.295497274786024,3.241887568546402,2.8897210705539758,4.617830006508266,2.9329524294782607,4.782241227553422,0.95319978324025,2.6642500551386306,5.316993223632058,1.7150527747815827,2.519620000486482,3.9903775195135163,1.747588016708736,0.8889852753994866
441o0310_2.4113_440c0205_-2.4113.wav,7.123840413607104,8.176718588928633,3.807838287730018,3.519807650396028,3.900954304384037,3.475628302519331,4.065113328568484,1.321196705100827,2.4945367584478126,5.351926664277709,1.085058659630739,2.1403605333730886,2.5550024782998815,1.575866058415226,0.9003628281666973
442o0309_0.87599_420a0114_-0.87599.wav,6.764211165332151,5.191713941773157,3.955535234601833,3.416090992510568,2.364665115092844,3.5044109534592645,2.485906958109273,1.5048742902997718,3.9590202289165095,0.8457843311843287,0.935041441434606,4.699593362323111,1.9617990511523744,1.248461522483522,0.3696574376519754
421c0211_1.3276_420o030e_-1.3276.wav,5.188953844171198,9.590389722252937,3.0069632338198784,2.369266213293737,4.691886945230477,2.51712350699545,4.66662391494499,1.0349138263942037,3.6171007546351355,5.683800917227566,1.5066535053401653,1.3827479173195847,3.7881240890867125,1.048897894427454,0.2588459767803389
421o030j_0.39075_051o020q_-0.39075.wav,7.765412661957503,7.76554859378222,3.3269137220366,3.8738578181920458,3.904510836630181,3.7939354553045614,4.031445528147045,0.9290051832131768,1.9240072685346734,4.4438143006413044,1.7280432489820423,3.2062727992825586,2.493047797455071,1.229011503439995,0.7747226239833487
420c020n_0.70302_441o030b_-0.70302.wav,7.095492527013322,9.280735861233378,3.687289231857421,3.613480804508764,4.58489942542562,3.763326081207691,4.591710669880339,1.467421836194707,2.5811197424754946,2.976141253545095,1.7928487480253952,1.8399239404182057,4.216252879508625,1.1145161705941995,0.6510564839195245
422c0208_1.2433_053o0209_-1.2433.wav,8.762889950431056,5.50650120536956,3.925551720835451,4.220954366021716,2.894018959397286,4.320157916596281,2.76848547560352,1.4299888743093034,3.354516933516636,2.823652286985242,1.0318298777386752,3.500320077164973,1.2444300884497328,1.3467801461713356,0.8308770832479111
22ha010z_2.232_052a050w_-2.232.wav,5.8804776906345335,7.571459349873834,3.9738103216146894,3.072206201925235,3.559617654662784,2.9195505690051453,3.6344257941782594,0.9874082319031124,2.952332998438461,2.9935336633204113,1.4843524891191344,3.5015839854895967,4.424914100331509,1.2717704000057632,0.5899042030178627
421c020e_1.7239_22hc010m_-1.7239.wav,7.218993139535405,5.857223333549645,3.378541794495929,3.591576264580532,2.885956641946552,3.670225711522642,2.7352441192561656,1.348970028768159,4.497691894965182,4.29135991087025,1.5659693230530678,4.357997540478523,1.2971278655085199,1.7671692998732655,0.5773849179881146
442o030q_1.8399_420a010r_-1.8399.wav,7.883485068107113,8.95082799968661,3.734764306523121,4.113128626170804,4.588607501654103,3.981470546823681,4.696153538971275,1.5534115175325445,2.997042168806156,4.5525888533746,1.201653156554987,4.793368448641001,2.8725826023668803,1.553718639534899,0.7144439987746574
420o0313_0.045031_053c010e_-0.045031.wav,9.030158773702633,6.725470728054426,3.145416215646253,4.294815511523014,3.2919198798454863,4.456892975401747,3.3432121375715607,1.4421408682341892,5.790482086659983,4.444928027356568,1.194080845912486,3.4842829385745007,3.4130247759834997,1.668479786371877,0.4072749501802598
052a050b_0.60383_443c020a_-0.60383.wav,7.224645514736277,8.848160778882113,3.337590765730612,3.5582209497942228,4.4583445980494085,3.6167088828231537,4.298722664437505,1.1760913121627463,5.17532103258463,4.961794746733691,1.7100922011348334,2.3342326365281814,4.6778178035794165,1.5506748827916663,0.1128988856952229
22hc010a_1.4866_445o030p_-1.4866.wav,7.153010053231799,5.261996128544299,3.037125023021579,3.4286685391898257,2.6458718628361817,3.433344978804528,2.795798948156113,1.011395141031214,2.2055773017517866,3.2685022579602414,1.2270303246462575,1.9984239387102343,2.5652643317259325,1.10551346752711,0.8194048477065927
22ga010m_0.92035_442c020b_-0.92035.wav,8.844893843762462,9.605571302579785,3.5555964891839014,4.468837073604724,5.019141146907827,4.363975282288215,4.885335299793835,1.0408331542945568,2.9991892107893388,3.7249109962997995,1.3228524465980938,5.5881208332324,4.859831796470421,0.9242247383323672,0.8263602284833185
446o0302_2.2307_052a0506_-2.2307.wav,6.31383860097927,5.3612913553608825,3.62987315954089,3.063728262687893,2.4445824697032945,3.135486388430976,2.5986953224763187,1.5180122538239351,1.7544762374665495,1.3300682964902608,1.1986663516070295,3.4350471787804584,1.1245424850657857,1.1338506491222446,0.5042714486570509
053o020c_1.1772_421c0214_-1.1772.wav,5.234075788272865,8.497305733478102,3.9830892642476177,2.7638237852131318,4.435883618659417,2.625512986601561,4.37783085828207,1.2945999963559578,1.3653517029518554,4.107609426136999,1.3640286114371722,2.8478665523366113,5.8635975152456,1.022585802178119,0.2613872963810695
444o030a_0.018934_423c020u_-0.018934.wav,5.289615403211416,7.531936007191611,3.440476738712741,2.7461576243317456,3.912549306870982,2.5775012757392224,3.891217732164988,1.5990941063863973,2.311962592881078,4.488062863655962,1.1346260785566205,3.6284758203346783,5.364661855413938,1.3639122443256015,0.5964491258872451
442o0309_1.3813_22go0114_-1.3813.wav,6.889110588734259,7.169422959587337,3.727991045314021,3.475472007151013,3.5895794786633,3.6446697149374567,3.57308294327512,1.5725650334348062,2.9508936484539277,4.927876145649153,1.3906286386288509,4.888827229406167,3.680187217464039,1.6616579364384003,0.7081936607140875
421a0104_2.2615_420o030x_-2.2615.wav,9.442439698078864,8.358955004339757,3.298130230556419,4.756988791219578,4.341185631423084,4.810102546686246,4.200904025429187,1.2258940658055375,5.346406480184907,3.3544124561577218,1.5578754477909906,5.489221973578698,4.141200636479585,1.195598203306541,0.3195998318090555
422a010k_2.2828_445c0213_-2.2828.wav,5.462036605265106,6.286402511795592,3.9835795954619377,2.7012509367246724,2.952264258034876,2.552979337837933,2.9749696090246696,1.3895366168598389,1.4059121999023312,2.873562083678212,1.027290043381898,3.423957095617474,3.6795291215825907,1.3630128429468251,0.2821756052793492
423o030x_1.3183_442c020z_-1.3183.wav,7.817319737012871,7.050214971072323,3.124087121238918,3.968393341982348,3.4571724150963483,3.8209389080896976,3.4846894993422834,1.1814160443908124,4.702737752801127,4.190089446242646,1.3240657529008568,2.231890738734981,3.71406320056875,1.0819512863986862,0.261016582753254
445c020b_2.389_441o030e_-2.389.wav,5.412360212602967,6.127318948813984,3.742950399787722,2.563905174082576,3.190841999207451,2.729655125352585,3.1530669591149554,1.4370584484624351,2.6171460693785797,4.677585890616591,1.131112469496024,4.2512221199610165,4.130978955553268,1.6714037962076715,0.2638568759457598
443c0203_0.8644_441c020a_-0.8644.wav,7.736020105631375,5.809266246371491,3.910275861639296,3.8669776322533234,2.923822885245972,3.861815986300816,2.753901263869936,1.7533905258619038,3.820968993101901,1.3539488316229655,1.7294345349255082,4.781553477401831,2.916495744050464,1.351167128475408,0.5065087170469094
422c020b_2.0537_22gc010m_-2.0537.wav,7.448933618917336,9.010882244622918,3.82465868419337,3.584977114082163,4.616981930370494,3.722836557858441,4.716454407778546,1.1220285137430035,2.9850936180786025,3.6683930951771004,1.7758736623553817,3.8059561633096433,2.7397673875536186,1.3508537895227055,0.4887227148482153
421a0108_0.09077_444c020v_-0.09077.wav,9.597585895497058,6.130471934782085,3.091831180662126,4.764599274272831,2.877208691962336,4.883446806415279,2.998762236146163,1.1315188927864852,4.039371368835105,2.806739866426867,1.0825873800225847,5.261228227769693,4.711298261702528,1.075283941862076,0.9299171033949728
442c020y_1.2023_051c0107_-1.2023.wav,8.075115478295118,8.574471726334583,3.438376502311261,4.0830762527178095,4.370722523425433,4.225308501285948,4.418366908900023,0.9665870156103852,5.520580052153681,3.67477566510084,1.4317136539628703,2.505807337506505,4.065190277147809,1.5873132834032722,0.2983599510827647
441c020m_1.298_444c0202_-1.298.wav,6.520554211706651,5.372754928987594,3.2943482519670058,3.181769781023098,2.481878453118606,3.041032797469647,2.533773553660717,0.9959705211504276,2.5248271127672943,3.266411123696883,1.2854838379473423,2.186462223897613,2.8787683666607404,1.3361252502905003,0.3513684647064248
050c010d_1.794_420a010s_-1.794.wav,9.123694907713888,7.601432219665479,3.9719994579126334,4.467826777831503,3.8956538059089945,4.323962799254577,3.805082531941925,1.576725002168171,3.4637719673872227,3.6438008125373744,1.3410583785625831,5.887058953424215,3.0266577508181114,1.0815894873337415,0.5831864244843423
420o030p_2.0049_421c0206_-2.0049.wav,5.320519437147429,5.982062982803057,3.3562671876365293,2.771877390207602,2.9539826340132493,2.8636072145391704,2.835299697884673,1.1645635909088852,3.569667098134718,4.070349883313405,1.4207337093878956,2.1871436293529523,2.400242658131528,1.7882424148087614,0.2850895204820726
420a010r_0.21975_22ho010q_-0.21975.wav,7.193119619983567,5.303013125482647,3.625879381664065,3.4653284750053994,2.545233601586237,3.451101130531613,2.3959098503970027,0.9287593819645704,4.638768600695417,1.6583485176314665,0.9880781820350945,4.573721500819262,3.948956336068875,1.6422280833182608,0.433726041263344
421a0104_2.3142_447c0206_-2.3142.wav,6.764174288389429,7.739969008797474,3.6180409321561378,3.407776822694124,4.011569917334965,3.266638341711936,4.106332405620366,1.565949270539936,3.8348437005144898,4.5907034444379295,1.5157552940694217,4.017242105790579,4.61716511942498,0.9429219152822552,0.8852365087705177
442o030t_0.12861_447o030p_-0.12861.wav,5.713072389706882,9.836423332354316,3.043366497195217,3.044785142170684,4.796643558648425,2.921863339170475,4.914075370127161,1.5492658106530564,4.052851657203142,4.838279998859237,1.2618356571485416,2.386252678525503,6.70458890464588,1.3730951327208234,0.110658789022702
052c010h_1.2645_22ga010c_-1.2645.wav,7.826920292745546,8.988902294027948,3.3053863578652822,3.787606548813116,4.574399556571956,3.871213890451939,4.4263799213066,1.286704645632114,4.367604266663506,3.180207488089486,1.5455899875360566,4.256082872168406,6.290147431890809,0.9317140631030688,0.8513151153533007
447c020j_0.65203_052c010d_-0.65203.wav,5.296136523463584,9.13952045991718,3.029235809076434,2.528482085707001,4.63772310480836,2.633384280488319,4.530505897560352,1.7453757674859287,3.1334039800616647,4.000372825231655,1.0951709306117725,3.753447533659218,4.378925297813018,1.6609373164281258,0.4631550321769118
443c020p_1.8845_423o030c_-1.8845.wav,6.980434667192305,9.868842474207074,3.335153776689298,3.4140263806260425,5.110653033163468,3.321149445903833,4.992865618739828,1.5233318019405806,2.101523450119932,4.995524198294624,1.0053081520884888,2.9384226924839663,4.2793699802468295,1.528233745850391,0.8315141382012632
447o030q_2.386_440o0301_-2.386.wav,5.248209877127805,6.190179134975045,3.799238022977736,2.5923679420196226,3.038854502881584,2.468024636252011,3.15478009242411,1.7958621817860387,1.6056715273844724,2.5803172174538345,1.5745060883573117,1.7859898535515242,3.283837330389488,0.9030697122281178,0.9073720622703816
050c010c_1.7014_446o030u_-1.7014.wav,5.045082100820728,8.07088864278736,3.7701041677826552,2.372748553866051,3.941690242651627,2.533645321503109,3.996574030457741,1.7049795268008876,1.821100934330612,4.291591065507162,1.7374590430287942,0.9081432802839489,4.8600524019336,1.1250660223418454,0.4624681859023839
441c020m_0.2414_22gc010o_-0.2414.wav,9.62467547387877,9.891690681020355,3.500919422357601,4.590508670872399,4.805473783369881,4.760101705315883,4.817229746463196,1.7797714855959923,6.219795793097377,3.8873043471357027,1.0978090217858505,3.9119042779511983,3.6744007001823684,1.2320630840816214,0.7195268196085125
446o030d_1.813_422o030d_-1.813.wav,5.44054654494842,8.953913564324374,3.185559239071752,2.7389009546668603,4.285182870514696,2.9081507785160188,4.301135836603445,0.941153523357446,3.423405172964467,3.0933517352577597,1.316679116838955,2.218666595905395,4.813043656724681,1.3135984819665698,0.8806564770861888
447c020g_2.2915_22gc010l_-2.2915.wav,6.645999413907742,8.243969074301035,3.645111409754581,3.4221780380589317,4.266889961480917,3.444902790357522,4.118621334883892,1.0099531630884642,2.705323287395756,5.4919275158519065,1.2707496047443168,3.569840654852763,5.481713872123667,1.3636388915052071,0.4372044987092867
050a050l_1.2369_445o0305_-1.2369.wav,7.847531434194085,5.617568021878222,3.066596169069242,3.736109858602744,2.90438058519997,3.831191171906641,3.0203958594547258,1.7748619644883163,5.096269847446442,1.489399165642334,1.2335863798558473,5.443908054994012,3.4532341822497554,1.6313224036582883,0.5550330829624475
423o030s_1.1394_443c0206_-1.1394.wav,8.568800750273326,8.5257635325444,3.9250940639687606,4.514306724299066,4.115560093983278,4.369482951990296,4.1546251035731565,1.6688081661175378,3.8332508452433625,4.7244078757846495,1.4940464425553408,4.873791306404692,3.3905760354558825,1.5947298425626784,0.5535806184843493
446o030u_1.5639_423o0302_-1.5639.wav,6.604708270879686,6.25854909173828,3.5091027572161133,3.2966227828083468,3.074947599470523,3.260463514171349,2.929371134024911,1.5547856183181632,2.216097468559278,3.2407278118310066,1.0327846220815358,2.4771756943781615,1.6998725131558894,0.9537306813978006,0.2043657647500725
447c020f_0.48783_442o030h_-0.48783.wav,9.187803539436604,9.503077434359009,3.800717062056579,4.570457404898559,4.999619516021034,4.572082907548132,4.84962832380917,0.9198239028692656,4.9449652837932385,6.685089882844557,1.692771356075042,3.245322639292759,6.284680513241124,1.636343793378972,0.2905927461814657
441c020d_0.24661_422a010a_-0.24661.wav,7.560460964568421,9.869982444236832,3.2836696847465325,3.9136536663755415,5.063166142977768,4.013607904944668,4.951321830685788,1.5552572949873182,2.4543806095129916,5.322622309847732,1.441660957438556,2.1271893426815103,4.594603923878176,1.1380483059958109,0.7540600091831557
440o030y_0.33054_446c0213_-0.33054.wav,5.994457392021035,6.876939459281146,3.770209773219164,2.9231697365597404,3.5537724537752178,2.889386947098022,3.7203819467106,1.3361955445798814,3.3547626790101415,4.24894710714416,1.1215136319444774,3.596003998165184,3.7617194875142927,1.380630264180045,0.7113966862806058
440o0310_0.43605_443c020e_-0.43605.wav,7.934740024974882,8.22470281017053,3.864701374368505,3.87650686004154,3.885845082251727,3.7268349324557377,3.9664572035037473,1.1891705329351543,4.71275026235022,3.0369241551567225,1.1331765223823969,2.2336202483766447,2.7675984846686426,1.79720195566625,0.943811445548964
22gc010l_0.11746_444o030o_-0.11746.wav,5.980207323704413,7.188280735162404,3.747740763725023,3.0981536133601537,3.712222382924531,3.0562013429531216,3.5682084703754464,1.2404402552113896,1.9598877709582316,2.9611647416091453,1.4478636741703728,4.060861162770368,2.1968858926872477,1.1211869191827504,0.5243212227769776
443o030f_1.1891_445c0201_-1.1891.wav,7.588637616404295,6.115806617970398,3.454237456267732,3.723046864381472,3.2037155219312696,3.8662800196741154,3.248260591522791,1.3462819213355242,4.300181046962103,1.5823815623143647,1.4014556989474736,5.167488146905591,3.1481296138794295,0.9193945346917956,0.3482928387173639
051o020x_0.61726_423c020s_-0.61726.wav,7.460164013298131,6.817731219302428,3.205899395699406,3.8810365861852,3.318660253122101,3.976770244128116,3.178178700109369,1.390075795560147,4.570041477744807,1.595369906050301,1.7230252180683183,3.722828441034554,2.1002041675476955,1.6491413396767836,0.1796473643983894
421o030s_2.0051_051o0213_-2.0051.wav,6.391322289066219,9.231402095858687,3.876815816018888,3.228312088990136,4.554650003375673,3.233998539356313,4.724554871705668,0.9401142646292928,1.6406414987486106,4.457615523658975,1.0690970696557074,3.622188402895414,3.8109644116702674,1.4648422237533874,0.4524105897035855
420a0114_0.39756_444o0314_-0.39756.wav,5.85511588213301,7.494863663409257,3.670942565392824,3.1268307198396883,3.541003213786457,3.001040668337504,3.6227152872094086,1.3435972248384886,1.3496325342722075,2.649431685787239,1.4529201359720072,2.1961470095157547,4.694401519067954,1.312831914629956,0.5321540506876565
446c0203_0.72411_22go010d_-0.72411.wav,8.243951874780278,7.394380911600239,3.94906019024344,4.235126646785873,3.852591851521781,4.368929041267804,3.784791267225612,1.4795262519862664,5.003680526131856,2.667433778763828,0.9072337467753944,4.810864959141876,3.4980576806413177,1.6238662803705983,0.3774471829618885
423o030s_0.48595_22ga010c_-0.48595.wav,8.535682261079879,8.30404547129679,3.805024665999609,4.170278370425249,4.0760339100485705,4.15060899315184,4.224738703507546,1.3673253972200596,3.8594847084153527,2.312418450238373,1.0283864201827004,2.8362372320802383,5.488824364617233,1.455864564215248,0.8620566920605675
420o030q_2.1548_440o0306_-2.1548.wav,8.546902739331157,6.539914828950144,3.395199462974098,4.1127155215108,3.0768217222641363,4.248496856932214,3.179112625824411,1.1543612876530402,3.057791623837228,4.569535596855209,1.5648834518033483,4.366772297699745,4.244413136108191,1.577197873244188,0.5503925047704691
421c020q_1.129_444c020e_-1.129.wav,9.039849919732813,6.001500628958946,3.390691798280204,4.76311004159798,3.037357407891441,4.593524410106303,3.0254951319053967,1.685998216028758,3.179065792045308,2.983580702402389,1.6535234323776526,6.5159739011322335,2.4569669685185977,1.490327369375255,0.4053565003420635
444c020l_0.75853_22go010b_-0.75853.wav,7.170981311518809,9.79081185869083,3.0459233024529127,3.469110442421492,4.82451638923608,3.339910917709961,4.900723231542496,1.783889713242326,2.2327177169391974,4.569308097969859,1.6729380531780265,5.091006830028054,4.9252210518884425,1.214765110964986,0.2599848868275173
051a050m_1.4025_444c020v_-1.4025.wav,9.16549242217482,7.032015667152846,3.37776594344351,4.619745438552194,3.464284317495373,4.451961089576212,3.4916414415895787,1.541099264513452,5.973682803479391,2.330187703298919,1.4387184728928202,6.126522361245532,2.8201869720164927,1.4551244641029115,0.7449503803044639
051c010v_0.44993_050o0210_-0.44993.wav,5.479656770022209,8.173311180181056,3.34877965941861,2.7315372265193334,4.094262848008975,2.833386682270916,4.204384091931781,1.7450199826718062,1.9002139689665218,5.371779690837644,1.1524151859619325,1.6346944510735755,3.3302271786904116,1.3556566883643342,0.8935494564677686
053c010c_1.5912_22ha0110_-1.5912.wav,6.312405955323177,5.30115035515419,3.3873609791643573,2.938015853058543,2.775566070685814,3.0877968789997343,2.6951568406932056,0.993424177223642,2.984573664187439,1.9096992783775886,1.462029908371817,3.5614546072648086,3.969508891213236,0.9154259371471664,0.7626294275136509
051c0111_0.10133_447c020q_-0.10133.wav,5.10346819486205,8.96486106440167,3.499379419650222,2.6878567924949923,4.248903220274418,2.687001767375905,4.418901070060954,1.6863316525370124,3.134428813743644,3.4318199601268216,1.7307584591181424,3.833300753027552,4.174478737804269,1.012537084358599,0.947744914017702
053c010z_0.084149_22hc0112_-0.084149.wav,9.763953235365882,5.01151985139315,3.654219815958833,4.82831900445858,2.536104791126601,4.692297378956885,2.434133631498612,1.2237025783283246,5.812690402167364,3.818172986264983,1.3463465205366805,3.855599848892729,3.2231076638809504,1.5665781757731705,0.4685050758798092
445c0212_0.044768_420c020y_-0.044768.wav,5.72239509788855,5.790764910577753,3.698567424835941,2.837327882645604,2.8258134135156388,2.676752504723256,2.769996319314176,1.179862486890876,1.4210463499945123,1.8695573440736457,0.9634096542647738,2.470961713135891,1.944910266241443,1.4799780278559658,0.4079123379062899
423c020q_1.5678_22ga010q_-1.5678.wav,7.809600601078606,6.712266576961999,3.516757136610488,4.049811325510105,3.1243320033809283,3.9634491594092807,3.259022672197939,1.759403193324776,5.518604143750791,3.508908158620981,1.3513214429964022,4.452682437758299,2.3802503952656786,1.7021879893649934,0.6537586551185743
440o0312_1.8495_420c020o_-1.8495.wav,8.005538502336115,8.09827182502927,3.729551678724466,3.980068066974656,4.055096375648022,4.015138841497732,4.200938896108797,0.9775061007392764,4.82878052377,2.576207207768969,1.0735785649789766,3.192281325254571,4.729969177984143,1.6265522062004476,0.4415342732977513
440c020w_0.32592_445c020v_-0.32592.wav,7.79975406457514,5.97250278269771,3.0618308702940085,3.9471583709051528,3.166419986428868,3.896223929519225,3.004229719517738,1.6463525502356038,3.144305543362221,1.4811532336444144,1.2675458044771826,4.7417991316519625,3.8095609287774534,1.7070500473868329,0.90768888293379
053o020f_1.3996_443c020v_-1.3996.wav,5.80825833377454,9.248684276609412,3.583857684939837,3.1219056134872165,4.520462576728328,2.9831688829985,4.463435218265031,0.9471225267070532,1.831980749805387,3.2746979395112357,1.775622553730681,2.3245696389556136,4.018060627718062,1.766730445697907,0.5587229083854421
050a0514_1.5211_422a0110_-1.5211.wav,8.315310607997542,6.386521410499199,3.8364442192954287,4.106260978780384,3.020847760153788,3.957725130005769,3.103534528314146,1.4538773878590825,3.5510594210011353,1.6862922430749816,1.053473975965582,3.436046909075555,3.177304838168104,1.4080318747306544,0.9851166916836768
441c0202_1.4622_052c010t_-1.4622.wav,7.371985076434557,5.334331182998268,3.936318814056703,3.5865107501807425,2.903293346090839,3.739936818878736,2.830078310450075,1.7349796540180509,3.385452283674202,3.7428539626875716,0.9245038174088014,2.6980332503923794,3.5385259383413628,1.7243347048708415,0.1835250402127602
445o030r_0.72489_446c020y_-0.72489.wav,9.133156391294142,7.236119517685545,3.657531386667452,4.446888324900893,3.739383785051614,4.314445256174878,3.809802770747491,1.7276408045105422,5.118145112262321,4.701189703994169,0.9739769473960168,3.1521949125602666,3.066986564300681,0.9947457041632352,0.5589661244661286
440c0211_0.079612_447o030f_-0.079612.wav,5.910016477598907,5.441250915892677,3.574831164877481,2.822765069637731,2.8182017888452866,2.921000733581088,2.679458304927634,1.3733679267673833,3.325117757322269,1.1949813208635214,1.4114150258885585,1.5894609953603904,3.2553757759543918,1.6933138485208563,0.7937550884325846
441o030z_1.0677_447o030y_-1.0677.wav,5.849239030063283,6.343915927434215,3.2247861771433755,2.9611195227959564,3.2750408961647213,2.950655963073294,3.1053632196190715,1.6998036370229346,2.037033200577507,4.591991046242113,1.1448587788220588,3.6244870697716163,2.9243663903603547,1.4848724265734994,0.1013606547434025
440o0306_0.29516_420o030f_-0.29516.wav,5.134987244099841,9.082965751101156,3.965256265502136,2.731133693006738,4.800321181833755,2.678750787685896,4.65976503209228,1.7073909043896212,4.0764754743868306,4.871872421022991,1.4006097412221885,4.083123650479881,5.1319860180332,1.5146518385241716,0.2246019603494928
444o0307_0.49166_22ga0112_-0.49166.wav,5.299388639582455,7.635294913108268,3.650924225191576,2.4655670926972166,3.993204132489936,2.6297418444674023,3.9490832657577646,1.6946735696375443,1.7295198310890634,4.043501181046399,1.3667657754618705,1.9680286499222732,5.141356398124863,0.9097864700814324,0.6568502525757794
051a050h_0.07591_447o030t_-0.07591.wav,5.830208636832973,8.237523073123377,3.519640536636857,2.8258257778703864,3.901470673684096,2.965093888059904,3.998961152625583,1.3399899650033424,3.665920182777572,2.2724664863107695,1.2039170347724857,2.9353726825172783,3.2403296207717682,1.4441544186802329,0.7404002448924155
052o020c_2.2312_443c020t_-2.2312.wav,6.972271489132616,6.248921501210341,3.764654359710889,3.677768535440101,3.146421732790701,3.570719946848697,3.2514959907256884,1.2805200166205948,2.400687168160786,1.5355095122139784,1.3808199979576612,4.291795545016643,4.641242893759877,1.4349527214595916,0.5642805634730169
053o020x_2.2849_445o030g_-2.2849.wav,8.298968466893044,8.399406231841796,3.483908604816224,4.076804279073124,4.324475676768869,3.952328121994469,4.2086927491891535,0.901430635392727,2.375139322948119,3.57235325132856,1.7312169183630246,4.147676682669426,3.4963629578755393,1.6601275017084425,0.6808706981726562
050a050o_1.65_052a0511_-1.65.wav,8.839824213041833,5.447781946107457,3.293155138607688,4.458616770156768,2.805357171548763,4.508720040927594,2.642908218772621,0.929502877711107,4.733690026745254,1.8422974148825417,1.0964942811644616,2.7527522680971437,3.383813308388881,0.9026263189307694,0.7503757565106128
421o0303_0.7698_22go0111_-0.7698.wav,7.287261221375997,6.633591830938723,3.957997608986158,3.518479171717229,3.3961961290520137,3.4968373343549453,3.247765569949164,1.3766402728841778,3.2332151663385726,2.6241898386448086,1.2872868411475076,2.8443990074069205,1.462064321497479,0.9524663746533178,0.458288198043086
442o030r_1.9314_445c0212_-1.9314.wav,9.387022466954605,5.250096319559228,3.414859117805288,4.885453730770415,2.631851453236187,4.879477410748558,2.781732351281923,1.1398882427874533,5.99530172804841,4.243499291388809,1.1270103311905455,5.728932409782171,1.611626404392072,1.677019039662365,0.5716195617888611
423o030s_1.1818_052o020g_-1.1818.wav,9.038066881139152,6.995790204693767,3.2139968450406133,4.556681139440342,3.500482104313701,4.453501230180541,3.365375086268229,1.6031663913385843,5.790803809675556,2.6088215525392804,1.232964924210124,2.67415264341787,2.893558486497296,1.1822141591530368,0.4194577964193119
22go010m_0.96217_446o0314_-0.96217.wav,7.369947845977918,5.73595469390967,3.917115358613684,3.7298207197517614,3.0025740118198945,3.879436602787762,2.991846125571538,1.6790741425599895,5.025964154055786,2.4005582047224285,1.2396903649077795,4.572609606208818,2.211645006976088,1.2849478049439345,0.5364125127461558
445o030n_0.31277_440c020f_-0.31277.wav,5.643271779768932,6.708022291629366,3.816303194884554,2.9678755243709847,3.5551948176523758,2.903323020891395,3.419795503420296,1.228279712822696,3.1265959739807676,2.826930320168403,1.2091371459116758,3.857220911591766,2.5361648163354915,1.7030295186422202,0.4523581416843093
421o030t_0.55769_447c020s_-0.55769.wav,6.747593253924647,5.144592446087609,3.776073648779244,3.2068274972692805,2.382435907894843,3.347923042401203,2.4333480591352457,1.5487174788964402,3.56729067284619,3.165366706890371,1.7012329922745109,3.227040131920516,4.4341733989978405,1.2736087940271077,0.2956823110664548
447c0216_1.4186_442o030z_-1.4186.wav,7.544616464933011,5.378862512717065,3.078837159514421,3.8586547820253614,2.6037568276740704,4.026310292143661,2.5756209088695767,1.6519466270037504,4.1350043803205345,1.7384084122320633,1.0598943442604638,5.176772327530608,2.3359456646616867,1.362768447996365,0.9625475201163418
445c020z_1.0884_441c020w_-1.0884.wav,5.258690144338406,9.771725483772526,3.554887279409554,2.8363460454841194,4.9406324780513895,2.7367677830816,5.05281166354003,1.4483707763463065,3.5565310446633527,6.119334910950736,1.4471744228577532,2.416260984744444,4.202585815881685,1.6628292272529248,0.4103657549591774
420a0108_1.2469_421c0204_-1.2469.wav,6.13975351694803,5.143859523779259,3.3180835980037044,3.0645848319380287,2.628635421409147,3.0541813944932192,2.4689740031224114,1.133888495652664,2.282689262642225,1.9218379015483857,1.4696341901397507,3.00779217837923,4.302202877019204,1.658939142198772,0.8298302122964853
050a0514_1.5445_447o0305_-1.5445.wav,6.3262271460246735,6.914002764480731,3.742932962549831,3.1538013328576056,3.469001824864085,3.197496102605943,3.3047131548450004,0.9942578628151482,3.9297243628715295,3.637048655809584,1.7849968631778237,3.519932551780279,2.6921257435999824,1.4993938635539026,0.2238252260910053
22gc010j_0.28772_444o030y_-0.28772.wav,9.324394109474182,7.147818553681836,3.0749076751232347,4.560617272510401,3.455186834967792,4.720018423001706,3.4690169912231785,1.7655875310165503,5.765820676128241,4.034539651915657,1.4353092360869932,3.0885352501692984,2.6343643071685836,1.5009915550781554,0.9234376675659434
447o030i_1.1068_052c010k_-1.1068.wav,8.566559326764988,6.867689464065374,3.2856063576089327,4.184010008603263,3.5576847480187754,4.066955693030547,3.43440341445281,1.643595875158749,5.700311782307629,4.558809684686388,1.154832834534262,4.264845315747229,4.8917280921624835,1.3218891626407925,0.6387002425009014
440o0307_2.463_445c0205_-2.463.wav,8.412702920182106,8.564235590925684,3.4584540301837863,4.333170028980308,4.132860870483308,4.166815898037171,4.097842259457829,0.9349984057521088,3.680902794669496,3.4349552875199625,1.754233510349215,3.426674337793544,4.519445021065568,1.1482687740850477,0.1644350081046039
446c020t_1.0881_447o030h_-1.0881.wav,9.743142938531095,6.948282345339315,3.843206264571715,5.039825214130906,3.572024271247093,4.895754769995468,3.481781780553312,1.4078737035302276,5.303282521625169,1.9628517634426341,1.4249708476197056,5.307870415790476,2.2242450835456897,1.5010511905573414,0.2203658565673886
442o030r_1.803_423o030h_-1.803.wav,8.367164049254814,5.717609553603844,3.0248339200849315,4.104692549170327,2.791356623918478,4.273353458794562,2.77006114165755,1.0061887519779205,3.456930368804579,2.573507348027034,1.2831197806448325,3.4626313928065087,3.544674673542566,1.4191899553300569,0.8106789267191781
22hc010e_0.59791_447o0311_-0.59791.wav,8.944466090183788,9.308491874153493,3.0829808330784907,4.605070514462753,4.756351595844186,4.713986521211169,4.859488899832505,1.4216002699089385,6.529872988265975,4.311052575619119,1.55889113513463,4.885738505850097,3.0831693350063047,1.13436300096949,0.286089813103663
050c0103_0.098908_22ho0113_-0.098908.wav,5.254020486522905,9.895408627314607,3.295263471992706,2.7075208956217285,4.989112128913208,2.7250632356937574,5.148147553598394,1.2745040164102337,3.264577646922181,4.705058913174556,0.9422906507495802,2.105598365449205,6.922537729944973,1.7328481130378086,0.9266222919038716
421a010w_1.1842_420c020g_-1.1842.wav,6.267716898261366,9.863758201887196,3.9357765646689615,3.097186683162169,4.859405179332952,3.1122483369856933,4.710163273073014,1.677485213774679,2.3281783066627635,3.494549049849912,1.739181603568413,2.950605368060554,3.2030417215136375,1.165248936534954,0.5906932373818142
446c020h_1.4143_22gc010m_-1.4143.wav,8.240371120775116,7.8531949803547265,3.5365163564706945,3.90228880713326,4.0579025247963445,3.941210671713807,3.892418119314821,1.1611143426629502,2.5458523290417028,4.658302880297574,1.6958132939621793,3.8746404014743177,2.489842915633937,1.060589180347471,0.8354536381592648
442o030f_0.64577_22hc0107_-0.64577.wav,9.85795243003583,7.789545058216262,3.890038278542344,4.873331123183137,3.854355666143829,4.726795270917107,3.822305018714048,1.1043581841332728,3.4932232854698424,4.3407324281028945,1.21012180714087,4.23079236979657,4.917922391117178,1.1646378701096314,0.3125527201880244
422o030n_1.3386_443o0306_-1.3386.wav,8.41275370528504,5.141477653526023,3.3313303413792905,4.446651429814796,2.485444945818171,4.344805430703502,2.6215603103624505,1.74891807434764,4.724281536206076,2.0001749197067675,0.9218667087054694,3.159014124052018,2.137714967575227,1.4077750790787067,0.7683352906180994
421a010h_1.9596_050a050f_-1.9596.wav,6.115057959450675,8.79461957265828,3.2858959990556067,3.2121036883532463,4.6237362055088695,3.172562071711577,4.458398791251348,1.768101977097671,1.8556978654722072,5.548957496068102,0.9518605310945956,4.768937343129623,3.948481432304822,1.2507058849705393,0.6212677851705565
421o0304_1.3861_440c020i_-1.3861.wav,6.419910099637178,7.206777627677487,3.779809910913588,3.018188212699385,3.4971062471558225,3.168106984463125,3.502042021953323,0.9981523786525291,2.296648020881727,3.0143826380917496,1.407300223847144,2.5748209399827595,5.333772809977519,1.3745918553576166,0.3508079238908342
423c020j_0.00055322_440o030i_-0.00055322.wav,9.862431069687348,6.569931319493553,3.3446158303790066,4.871273329862738,3.1415451350984624,4.777247632467436,3.258417579367105,1.794745294894057,5.466204505515183,1.6204687022779163,1.7798342551410402,4.073029098104514,1.443684987415952,1.4692546308861356,0.6332635624764266
420o030u_2.2706_423a010x_-2.2706.wav,9.950950070696791,5.798355936571341,3.0103594024123344,5.081462229663957,2.85940731070375,5.168757265436897,2.981389181198513,0.9373372783959052,5.847426492300293,3.616275826911948,1.7632485674110976,4.228922202760959,4.599474115730547,1.4051467923484933,0.4762590721272601
442c0204_0.64733_443c020n_-0.64733.wav,6.670018052872413,7.707326511238964,3.023938590041836,3.4623715522101763,3.796629109301204,3.3667780155652745,3.912222689363938,1.372129482099723,4.320078201392588,4.844374367036859,1.0424288703133169,2.1628790676154286,4.204595911038226,1.231613287193268,0.2791250385201475
445o0303_1.3392_052o020k_-1.3392.wav,9.750302727335932,8.931432098581023,3.024067455174939,5.139230749033451,4.416554412481724,4.970901208414614,4.440327627557758,1.385816403669505,3.5332102606047195,3.6435775317822165,1.796981844496758,6.3775235485072015,5.788596614886326,1.6220545462203884,0.8600906554310117
421c020d_1.4369_446o030b_-1.4369.wav,7.264949540508409,8.380160824446886,3.588763540701198,3.473207079105537,4.396193526627855,3.548747919949917,4.266603475449055,1.0330969275579671,2.405899597783005,3.9657343344370566,1.2337285629971528,3.0007749041464664,2.698583281122948,1.134342178726887,0.430624252902185
053a050s_2.3345_051o020p_-2.3345.wav,5.190246334466449,7.467945036128193,3.423585336170271,2.7133619950781944,3.92985846514128,2.6359322004401444,3.801388130424235,0.961272909704274,3.399733640551858,4.020128048368536,1.4480860960808568,3.963512891282807,5.331536526753442,1.1690102554085795,0.3558889063976106
446c0212_2.3075_440c0204_-2.3075.wav,6.95323523250457,9.871253384421824,3.2792702383077783,3.2711015357342617,4.769250144876698,3.4132397525779417,4.862506390310979,1.6688432352284266,1.8534081898293988,5.068451584060701,1.6303200664349848,3.312195875480779,3.27147992917584,1.5228188676686076,0.434238355110803
420o0314_1.288_052a0513_-1.288.wav,6.825608800556857,5.177494433258109,3.7358127575310256,3.306818598944472,2.41999541883544,3.1577390028197057,2.4365868027221627,1.694559269379993,2.210305344439107,1.8562459830633327,1.1661413009873778,3.2053204502847823,1.7593758639141115,1.2555636013187117,0.4169041577687505
050o020j_0.79957_22gc0107_-0.79957.wav,8.159774873351568,5.514972759904616,3.3078554622257927,4.14606753185758,2.7908742371570963,4.24239939645829,2.930946260996799,1.504834600062087,4.757744326525896,3.761091097899285,1.246154837476669,5.529935889584251,3.5667577613449364,1.4681930713962554,0.8845431817282998
051o0203_0.57693_22ha010m_-0.57693.wav,7.350592857349464,6.0537474522067685,3.532473130678317,3.642638018013401,3.0977501959797253,3.790142545802037,3.070502915714504,1.492022154717464,3.066828457970105,3.5030849823965715,1.185922691790697,2.327918397398614,3.6767314476461275,1.0494419395480532,0.3988071653657951
442c0210_2.2074_441o030m_-2.2074.wav,9.360729442702974,6.27367994611567,3.152976662394022,4.794643358503058,3.1570345769926926,4.821484895463335,3.3046134775632354,1.5085948012527604,3.697833174081022,4.03386537897008,1.2129460006420516,5.075287470995856,1.945455111719157,1.5939558927765436,0.2012588349986654
446o0314_1.1616_052o020r_-1.1616.wav,5.69834881629675,5.510942081338956,3.9915013166835687,2.78384961500817,2.6988618030247395,2.656226977706959,2.811167023064965,1.55724128979364,2.1962003636592162,3.148575839750705,1.10461774171722,2.491217479941124,2.0434950078095837,1.2778672881061603,0.9906620236144956
423a010i_0.69398_445o030y_-0.69398.wav,8.689322061130003,9.19124108044348,3.1326996572566164,4.457430033939481,4.644567407856868,4.287687150502965,4.653913718501026,1.5408820703373365,5.34240586187486,5.57344553546104,1.598750556163318,3.6573763079146047,5.182583689799354,1.4581257494972286,0.5044685737714706
445o030b_1.881_050a050z_-1.881.wav,9.135694571407187,8.298289647957606,3.962222568954656,4.697130551484081,4.251307250853684,4.542179010118764,4.181378574128664,1.4371001313653444,5.373334358478596,4.654324683499367,1.3511808635480982,2.8767102280659653,4.53098953671293,1.5888818127720372,0.5296908606162216
050a0513_2.0868_446o0311_-2.0868.wav,7.231148950949054,9.061981350189694,3.4756876582253846,3.524160504059212,4.417241017707753,3.617184617608224,4.2749507710342,1.3387723196962218,5.494202904777941,4.2281837793802355,1.0348581694408137,4.479146733269634,2.6537007200389926,1.5958273891918502,0.6430135149212806
441c0202_0.2933_442o030u_-0.2933.wav,9.403383298208256,5.090677994632192,3.569132916565691,4.81152518285665,2.349145855237343,4.740957854924748,2.5038075900929675,1.152544609167319,5.1864158660530295,3.0859064585623424,0.9522353131398076,5.867640882009054,2.63622525569174,1.6638093402762335,0.1795532970222129
423c020u_2.4812_442o030b_-2.4812.wav,8.545097958424336,7.361847577776456,3.334072440977425,4.365309172176962,3.683001174171781,4.237264476988779,3.761132832506704,1.5283375473880565,5.3609460996048,4.815037312733846,0.9710368719880303,5.651439011168795,4.607816398497046,1.130739640011062,0.4922484142426387
440o0312_2.219_422a010o_-2.219.wav,5.589634643335341,5.678083163226068,3.407588005824683,2.874441689780664,2.9161610968447453,2.7178565541139825,2.849971254057148,1.2067974634639174,1.2445943604987613,2.031218932505754,1.6164339788381603,2.9825282029909954,3.845369045717166,1.624769486944076,0.8521289882978498
050o020v_0.4014_446o0307_-0.4014.wav,6.206384701221205,5.595916955534143,3.925762357178667,3.2565334075408736,2.9986112953974757,3.2058259725887903,2.836349913545292,1.4936347769620222,3.9993523794096446,3.1630303102254493,1.0804886328805,1.8757028775976583,1.8193910367558006,1.7933477702796532,0.6215529175423541
446o030q_0.91764_423c0203_-0.91764.wav,7.923165056939191,8.248465338512704,3.5743427599746846,3.695042679452326,3.975087502929993,3.864741143630445,3.985208335681668,0.9892021651641676,3.1176157425166657,4.483244989268226,1.3462775769699802,4.423762116884479,3.515068777232955,0.9201441084867968,0.6575858508212669
22ga010u_0.69379_445c020s_-0.69379.wav,5.541960059525415,7.887936975418261,3.984915957898868,2.5173623707928345,4.047440171389057,2.6858573081648127,4.070011305166806,0.9631321288548732,4.212569114512736,4.601941003998291,1.1077414285485343,2.8177731721548773,4.816612755525412,1.2710188894350267,0.1486547026383815
422c0211_0.31684_053o0209_-0.31684.wav,7.240395586272688,5.025445982882965,3.946920944491725,3.8299072677962736,2.467150387079602,3.792717095852508,2.301268226764537,1.5547394820423686,3.5662507261559386,0.5981561271578607,0.9508347314188896,2.212393520074365,3.070365269939539,1.1545354478416106,0.9612346706785936
441o030c_1.8729_052c010h_-1.8729.wav,5.892735831876459,7.573958933030774,3.346886708948433,3.06397047941632,3.95010286744436,2.91553908710689,3.971738989487926,1.4835133059422412,2.731192809921271,5.21979192012415,1.2837331835160688,3.325543781876357,3.0710096175726598,0.91946576107947,0.4807084878181567
051o0212_1.2367_444c020h_-1.2367.wav,8.698518520248244,8.439718852480715,3.2755341132956715,4.267254597368153,4.153197951902019,4.283353337360888,4.3224339722128455,0.9096946836590784,5.385019017306878,3.5670872057395644,0.910963239608386,5.809463422032932,4.86229129945408,1.5944135854137196,0.5028636031540946
051c010l_1.9798_442c020h_-1.9798.wav,8.224334226031516,8.328183791153808,3.8455871338037415,4.011616184317103,3.906028180421216,3.976348846541117,4.072329758544199,1.2501105391506746,3.4866958250724718,4.586657557823989,1.7309558807848018,5.534251598333837,3.6679952606530155,1.7037292776552204,0.6013659570815653
444o0305_1.7229_441c020k_-1.7229.wav,8.244643338172205,8.00034673722501,3.167513135299853,4.248337599561271,3.792075749526437,4.3717383019116784,3.9090042176572815,1.6756379113661564,4.647994209842907,3.2043008232076464,0.9279755248084468,2.846379007002266,5.135830298130124,1.44673566365505,0.5500061880319101
422a010p_0.86915_051a050o_-0.86915.wav,8.877997168753406,8.493597972104784,3.3519773302520104,4.327060838976162,4.124773060358715,4.162694026174717,4.168172954938017,1.663936903909641,5.918813043563624,3.9308629246695315,1.7026727292684574,4.734824637144601,3.4240995150670894,1.5679192436145035,0.1568518336925962
444o0304_1.9034_051o020y_-1.9034.wav,9.06649348685363,9.137269451011676,3.789666065298425,4.367881122531489,4.590939364410768,4.505215420649679,4.530612831604846,1.4246259232683856,4.927630783843365,3.2118925207012134,1.7873043161791928,4.355532942577829,6.059333546854,0.9682498471171797,0.4116825652433737
422o030b_2.4368_446c0209_-2.4368.wav,6.455513097115277,5.05669245608178,3.996537478058781,3.44516316724754,2.4603619133738204,3.3273057300256053,2.582875686034194,1.6630947809837942,3.392493346758865,4.012028198455481,1.0069133748097296,3.5428956592629604,1.6233697686525197,1.721213132098283,0.6001452394184468
446c020m_1.5502_053a0509_-1.5502.wav,7.581427917552553,8.572283913267784,3.732703573869534,3.811386263625568,4.198169401918681,3.89998112326322,4.077128289705578,1.1271351821544922,2.5794732167391317,4.0225273379785556,1.7190910905778978,3.11559539131062,3.38893073173199,1.6261092627315232,0.242525702050019
053a050n_2.2668_422a010f_-2.2668.wav,9.343277496949806,6.295912707951646,3.4779614958482723,4.597433474400162,3.233356191572385,4.667998843557106,3.10099105765962,1.6599637640223253,3.257930547811949,2.9870838270256432,1.1081840070136069,5.859353357622305,3.9635013631100486,1.5659413952094956,0.4687376313373567
441o0312_2.4746_444c020f_-2.4746.wav,6.596336096354183,7.132590339109391,3.8837639818068808,3.206405553540426,3.323427850908874,3.1368772145623307,3.456340642162941,1.325649873512589,1.552825488751018,2.861594374613439,0.9135122386466888,2.1898917181681314,4.246415953095745,1.4353471633949373,0.5591618447355986
421o030i_1.6452_22gc010w_-1.6452.wav,9.112679795978485,5.448605824973067,3.2296334687209995,4.385928579065676,2.8667971812742006,4.350366665380055,2.700558346175369,0.9360609521736388,4.1492422337861905,3.6370159295876308,1.0090427808083486,3.6619724539581617,3.3598546910021025,0.9366445229895084,0.9733227186026524
421o030t_1.2624_050o0212_-1.2624.wav,6.547902861714283,5.007441507381095,3.0958608898501443,3.385712038652057,2.2578434565943324,3.488561991083466,2.393201822737164,0.9347233794640494,1.9692394269554996,1.7479551312400843,1.490633087840266,1.7893150661049009,2.5350313065050543,1.7811047035137098,0.7201734612303093
441c0215_2.3037_052a050j_-2.3037.wav,7.372704856345967,7.629812472173879,3.138149166199533,3.738711851890411,3.8155749576747735,3.848447471380164,3.945413680000589,1.7898041261698414,4.865825350307828,2.5815143629210304,1.375250970440372,4.488741345556379,2.92534845340767,1.6021353859817835,0.5619717669388593
445o030v_0.3929_441c0206_-0.3929.wav,6.567888134898223,8.05155147153382,3.4889937215625,3.308953612123989,4.015334206970948,3.304719025513462,4.165274422644522,1.6145774199363592,3.6178494749640815,2.352566373656663,1.0265731808887717,4.040109654577689,3.7849491555492785,1.3528166774358152,0.547230471141587
22ha010t_2.0773_420a010l_-2.0773.wav,6.684445199453563,9.4943637787683,3.05013056705536,3.4024499311894485,4.565637991029852,3.2595364011529093,4.611198093449571,1.2400107972877146,2.4927346801175942,5.532549498154489,1.660119674528758,2.1226722521672365,4.573045851177955,1.505902902795067,0.404001733925555
422a0114_0.19876_22ha010z_-0.19876.wav,9.21052187383158,6.793549657860704,3.035554299435704,4.700702444669326,3.4037443437570305,4.600601059953488,3.541147810882034,1.5677572954770458,5.892800812972265,3.3279759744820883,1.4125151904720026,6.522644046599646,4.0455899961092765,1.0511937405878202,0.6496178722016994
445c0215_1.5192_440c020r_-1.5192.wav,5.995374040462337,6.608917546099382,3.1092072077440847,2.930636894004392,3.306136827632592,2.7612795767344567,3.320905005825262,1.424737088324963,4.053768312199472,4.509733606922265,1.7412044158006257,2.32532103424933,2.332442795535522,1.657906799690184,0.9056125835423856
22ha0105_1.2913_442o0311_-1.2913.wav,8.149428291196738,6.703746652855612,3.142563854504444,4.12244107422129,3.216835023496242,3.955200815128314,3.1863277171826008,1.1964080507370691,3.814815401722897,4.202921195970808,1.002868760634947,3.5895352519969412,2.4652660374003976,1.5708117214062136,0.4431163679954714
051a050u_0.84992_442o0304_-0.84992.wav,6.674327558078712,7.934460091159958,3.749508120506478,3.5004357026640736,4.063655283252693,3.360738149545606,3.96678117085566,1.7537557433772664,3.6466546564562523,2.213954694290773,1.1906224331503883,2.8374924701040323,3.6021329065065473,1.0437643369802776,0.8164816686257679
052c010x_1.8595_444o030a_-1.8595.wav,6.690051924254504,8.74902435087877,3.9163768322144663,3.3552478047825507,4.518828131838501,3.409331634936319,4.3789176629096245,1.2798714372176414,2.421951961011515,3.5939072018981357,1.7156377508506937,5.14995866513972,4.989776605073119,1.0435715467551732,0.4432923951905261
052o0211_1.1004_442c020e_-1.1004.wav,6.62038371431108,5.410147948460832,3.678207970719586,3.4222803228159684,2.7319018162716704,3.27228325370221,2.7328395034703226,1.5350451046854152,3.19583314453351,1.7306242842616502,1.4968043429489386,1.8132483143288067,3.141273942546207,1.0109712223877922,0.3111294867895031
22gc010p_1.2348_422c0201_-1.2348.wav,6.675786097901025,5.603290594288319,3.8138553081557305,3.2227704970749165,2.6970390240794657,3.137530916070706,2.573612066609768,1.389415454521914,1.402831974794952,1.8670199380208787,1.5096332594309172,4.357907196263441,3.227044119106038,1.378016270932019,0.24919548847873
423a010d_1.1614_445o030k_-1.1614.wav,5.839155316001355,9.51914800364813,3.823204677400807,2.7612114630954725,4.881321752478211,2.8522146024525874,4.762080699869852,1.6759297215548905,2.380739902551415,6.08704711067572,1.3486492135341417,1.8979148674116313,6.0503793707862865,1.0036032482781272,0.2358091672641905
22ga010w_0.70789_442c0216_-0.70789.wav,8.819547129019758,8.196088721855446,3.692744032939384,4.330730883705068,4.22369298594017,4.31396068551295,4.074633399020721,1.6347488069621443,5.278247531839575,4.489294401906832,1.604838542580768,5.158697869070484,3.5631054351250913,1.2010904093364372,0.6152049725176241
22ga010s_2.4955_420o030s_-2.4955.wav,9.96345475014346,7.489052784777981,3.68228149272215,5.028643964510604,3.9718353173332894,5.088161885306915,3.812594565312697,1.5108085569960732,5.876253704121955,4.941227792389445,1.2718468377741567,4.965589874043919,5.485045884935261,1.2420479755573277,0.1834864467394853
441c020l_0.23374_442o0302_-0.23374.wav,7.971630405635429,7.186979898769439,3.7103891407294505,4.0352675283307,3.4106954981951083,3.938352075294445,3.525183030104821,1.0065634702722002,3.3433978566921025,5.255889780296702,1.5670284943776451,4.7472987045926605,3.4373036364308547,1.7506758059292653,0.2637400397392287
444c0210_1.959_22go0104_-1.959.wav,8.296620467012115,8.278024368932428,3.393667639153656,3.874187887131234,4.057036084345414,4.024084692159281,4.051473005846635,0.9622151448820576,3.490471128684362,3.1751272641596686,1.4953063534729978,4.426999147605196,5.472308027634759,1.2420242562953483,0.5982061635184055
440c020s_0.016126_447o030z_-0.016126.wav,6.983790840494523,6.558269160943784,3.4519506772634325,3.665970253580819,3.10783977579335,3.5235293610345435,3.0608228412843834,1.036932216184089,1.6321552988275494,3.298415566235826,1.49687565885446,2.973421061536863,3.328624083905053,1.2687912547592417,0.2659651953281595
440o0314_1.5438_445c020l_-1.5438.wav,6.654683281206555,9.6855699427153,3.790910745256096,3.4621415702937623,4.609503692503414,3.5250479736032068,4.756618560625808,1.3781730011207105,2.181571564682978,4.306239384494589,1.6135957828375869,2.383280210982693,3.3308650819677603,1.602008800952202,0.8554612709928067
053o020b_1.3894_442o030i_-1.3894.wav,6.169215614715475,5.41859291290142,3.710384490621042,3.05312782566144,2.657895806771656,2.8955153648311622,2.721600690344459,1.4819371724022157,1.8674520661099847,2.1812031143305526,0.9487867649411004,4.270404367465044,1.8361635832282899,0.9750506124808386,0.7270294699977038
441c020q_2.3032_445c020q_-2.3032.wav,6.757576116509576,8.683184430271856,3.9639019663685935,3.342279977986074,4.522478588238128,3.458814166247569,4.428033985606563,1.1494351135821126,4.1186890270809124,3.061700686885741,0.98229594580418,5.215511076853353,4.075789436703353,1.4183601627239923,0.2287917093908553
050o020y_0.78529_447c020u_-0.78529.wav,9.515105217116416,7.124790160813518,3.999263602424096,4.6813954275736105,3.692690382150472,4.830333206818096,3.77465096971377,1.2968081138258776,4.223304646898482,2.1200252179880863,1.250230056244991,4.412241800731326,2.2426724447737336,1.4263141789989424,0.4936575889944641
446o030c_0.19977_444o030b_-0.19977.wav,9.480913231630552,6.493898070001244,3.132719526445272,4.84015002655645,3.334260690654395,4.954446776162475,3.2371203126980705,1.2876638236971651,3.2468898054109747,4.065790131459805,1.0325626085142836,5.368196211571282,4.852425719018516,1.1722505684184046,0.3653940680640706
446o030w_0.084453_445c0204_-0.084453.wav,7.029290262721801,9.307964291570933,3.620802114401619,3.524219175838301,4.683590029304855,3.630465659432645,4.789475272487448,1.6957975874417452,4.342132560066447,5.126339208175181,1.3109937971878407,3.0204325927641293,5.392590915981472,1.4191451725192734,0.4728539960766069
446c0209_1.8488_22hc010z_-1.8488.wav,7.99620968986675,7.080049932288594,3.537279852257705,4.221103742182903,3.4729894187953207,4.117433391575254,3.3645806626688564,0.9749679033833334,4.2580563277591805,2.51974193908872,1.5327602907279112,5.057157784328581,2.347136049989055,1.024757630155978,0.2813442273160674
422a0110_2.4935_22hc010k_-2.4935.wav,7.726762899956851,7.350810137154847,3.7491437629948,3.7296415586402185,3.5862655747953784,3.7485646929609615,3.4374639787438603,1.2704350795789223,5.419121399626255,3.5508864029507805,1.0341254907912063,3.990304269649801,2.7730070918658427,0.9339215306272188,0.2376822623381763
22hc010e_1.9741_423c0202_-1.9741.wav,9.406715300180172,9.82478581925205,3.5913428125320017,4.837128612557693,4.864171340217993,4.917412878049674,4.737465236519659,1.5971533621980865,5.77920442237416,5.89213266944447,1.571992192803176,3.5743486923426286,5.28555522970664,1.7344003438880835,0.4552037336602001
22ga010d_1.5482_052o020t_-1.5482.wav,7.729813482521361,9.55410785772579,3.097999517763286,4.044778928477525,4.663319815161931,3.941924527737669,4.527964829112489,1.1825182876072595,3.6198928319867516,5.305705502447896,1.6789123705408362,3.503930770329524,5.791057972225944,1.3400841094110962,0.5533735159548467
440o030f_1.8261_053c010z_-1.8261.wav,6.061387719433087,8.259985954977882,3.258496584731774,3.1313931956767367,4.168320574585535,3.2662681316523465,4.064837476228484,0.9905492040190976,3.6721702168984276,2.499819930276216,1.5644697256726647,1.8934184782812589,3.3788859398336757,1.784389764967818,0.4366424509718205
423c020o_1.9657_050o0213_-1.9657.wav,6.142170432235314,5.436297865328291,3.648021409499109,2.937385027584421,2.777644866026433,2.811015680038645,2.696831575035068,0.9662842203521604,2.5105127917111063,3.2345039883870728,1.2442101343168763,2.35694835610955,1.9043536663916636,1.48667838842933,0.3480206921799804
447c020o_0.40427_441o030z_-0.40427.wav,5.527947085146201,8.558066851772981,3.451839717021707,2.5669665792031235,4.233689927219327,2.5633899181739164,4.083732574962486,1.2554733468636678,3.080421186265317,3.700303306045949,1.1184583976610365,0.9220858536581501,3.5701343886257444,1.005376672712713,0.3532362736817535
445o030c_0.083492_053a050r_-0.083492.wav,9.91946408365482,6.513036869929769,3.928432873901703,5.006019481067214,3.3407545808212764,4.931261198615336,3.1880745257883905,1.6375016051500415,4.67533575875769,2.1516496968127012,1.552951928183767,4.275273130199841,2.0756438320060817,1.194057650062164,0.9072367151259702
053a050c_1.3161_441o030y_-1.3161.wav,8.087864425414985,7.241835041767174,3.5608400003520644,4.01380071878811,3.7059323476415824,3.8478179328807,3.74267081225859,0.9852518322343788,2.9064497902680904,3.4249394803314854,0.945418528281748,5.445641963994372,3.7476914236727374,1.542950378974275,0.5413732289768826
440c020d_1.3136_22hc010z_-1.3136.wav,9.755368491905896,7.372322110665694,3.3266483632049217,4.992862933020658,3.701509867110918,5.151532253736424,3.722102260454027,1.114403993455672,6.3893233369754645,4.398269789922349,1.349157923159905,4.657737882222933,4.74208993790005,1.516423872261616,0.4953738032762503
423o0304_1.528_052c010a_-1.528.wav,7.770298708883699,8.706020886176894,3.5442223282023835,3.9545986829213295,4.364908808921583,3.9332342380717216,4.533560996859564,0.9695392265790688,4.571324713700871,5.953976844817976,1.031666018089609,2.4877332106558763,5.128368396778447,1.3980260826361228,0.8122078686301244
052a050m_0.063592_443c020k_-0.063592.wav,5.541918746694093,8.964419182712303,3.4250838814776925,2.6176714112687693,4.583729335331085,2.705251745035653,4.729433436636714,0.9386752229080592,3.633263940825693,4.613081656131829,1.1017485751286116,4.136778421584859,3.6525251474114446,1.15708558453561,0.9899159658494968
444c0213_2.1352_446o0318_-2.1352.wav,8.289813404480961,9.06756292103649,3.0278232235410725,4.256651960402792,4.528661563700581,4.238704964087066,4.359611555350261,1.470110449639617,3.8714149005819074,3.3393582843716203,1.4627045912320251,3.763771748982789,5.488831538914317,1.2430279534248347,0.8137203874301584
443c0205_2.3836_052o020v_-2.3836.wav,6.411719372627621,8.228048983439228,3.673442974142732,3.446339876238792,4.113388658310717,3.281224208597593,4.072931071884916,1.6547301240274153,3.711908121417265,2.654217702790333,1.063869982157303,2.6795608711060535,2.9729042192269897,1.2496221167245325,0.977437016606801
053o020c_1.419_447o030y_-1.419.wav,8.734167587498563,8.459365454390433,3.40359405896996,4.368044992445429,4.040066128456377,4.328592515353454,4.184784828185566,1.7259120624247428,3.936724085723039,5.521916337997784,1.6018583300287,5.602145571090442,5.089462364188669,1.2545178821607748,0.4005738847597977
052a050v_0.48206_051a050l_-0.48206.wav,5.639826938020956,5.653802837055076,3.641406316379327,2.7405021393379485,2.9303019004244133,2.8655404671570723,2.847444091038711,0.9616370666647392,3.659402886599772,3.101900964636729,1.725008016464418,1.893178472022415,4.187125577716546,1.0035700810506003,0.4644913129385695
442o0302_1.1316_447c020o_-1.1316.wav,6.548003992304627,5.863089763600855,3.737054736207488,3.512020588178513,2.8364812881620978,3.3420210784576097,2.836073005597651,0.9635618515393246,3.2248261646741696,1.5532468108815611,1.6527793411273362,4.312847784822183,2.25099108871868,1.3076265559043028,0.5319576288466498
441c0215_0.98324_051o020y_-0.98324.wav,5.433384536874421,7.5721257276901826,3.37891985978231,2.5802912335739965,4.057216567007699,2.509248561088677,3.9027726008382704,1.474520618566756,2.9463950665457284,4.6078376935653855,1.4983082099871978,1.4001035759482061,4.004056290268458,1.2720303190325688,0.7607411250302507
441o030s_0.211_22ga0103_-0.211.wav,7.163774011529829,6.19260926338658,3.45361005967803,3.301223463433718,3.19992303749758,3.466482335680818,3.2397916359632486,1.5541310939449675,5.041218224845243,2.5420722621335408,1.0711998010192487,3.0035688458615812,2.67947018010115,1.0583630129509694,0.8482471024040944
050a050s_1.1019_052c010s_-1.1019.wav,5.363068871358921,9.485849262586385,3.0507495568544547,2.6370942424459924,4.71073948424317,2.7761861096648985,4.654583874785537,1.1084849774393928,2.6888434765510585,5.80349233373408,1.251487998376013,1.5683343084591677,3.786084777230304,1.6764256433776183,0.4902695128717341
22ho0103_1.1524_420c0202_-1.1524.wav,7.394600455754837,5.731745290707668,3.765516364705594,3.914565326207288,2.883802428707621,3.7646335840678335,2.888327105384261,1.4761711762731071,5.002041060279783,1.7037516315337473,1.0120141593578718,3.038599689366327,1.847076035527492,1.475533089706731,0.4942946494224694
443c020h_1.3266_421c020v_-1.3266.wav,5.1436911754220365,8.783802439220747,3.515120545503545,2.4658898410395924,4.263710691705425,2.301582640729833,4.220085653867404,1.4319391715759862,2.7807505938648296,2.2868916460873443,1.1945316823720002,2.2050479148611934,3.4172636091915605,1.49657458958642,0.7193467161144096
051a0513_1.8547_445c0214_-1.8547.wav,9.30975237557789,6.772095101717646,3.968215895220792,4.712580851418625,3.352533820945008,4.611747048451527,3.2156669360561043,1.297960414428062,3.958761389222514,3.1769459040902635,1.4674068369999171,4.003806658079983,2.5213485787166854,0.9438530823353728,0.902201770058402
420a0108_1.0164_421o030y_-1.0164.wav,8.837744326004639,8.530481583235282,3.192189981970788,4.376886160945573,4.247871788391191,4.2278807852483125,4.230626556780157,1.111494509833983,5.671436708908328,4.26418812794029,1.3386804247469484,5.357652145170308,3.0336355039823775,1.317501191840737,0.474443541012681
444o0303_0.15434_22ga010s_-0.15434.wav,7.74535458097749,8.0218016961701,3.496533482305463,4.0261092413159725,4.071815671695147,4.010207912906853,4.241070354805617,1.4420708434952172,2.63707902755168,4.72222645301884,1.0645525812952032,4.3994911431931,5.430917557114099,1.4643270595216196,0.8537046335344602
053a050b_1.0473_421c020k_-1.0473.wav,6.896089350537614,7.866680431129744,3.0408537302674987,3.537004889572736,3.9054771275504696,3.527230224440204,4.055158308470273,1.1277754226757049,1.6967558113662629,4.111830090081957,1.482346831749067,2.1238553939170224,3.8980572211824085,1.4009374701438595,0.3374968490556455
446o031a_1.6413_052o020o_-1.6413.wav,9.984499293830876,8.614018086949724,3.2971588292037053,4.942000738548058,4.410042842274884,4.905322834926375,4.264596180622172,1.1314502982111598,3.6582961869512154,5.106351860348873,1.5477070561744195,3.069901677699167,3.5391697902238297,1.7878713946685578,0.4697155074444284
421o030t_0.28412_442o030h_-0.28412.wav,7.985359812499172,7.893312724799872,3.469697774076747,4.1055973375656185,3.762397205914402,4.063669926300089,3.9064183577795752,1.008800448788001,4.840393852258685,2.055076647687438,1.0935971893845111,5.246394514113511,2.4923846253626225,1.1898378160332046,0.2881158348381698
443o0303_2.461_421c020e_-2.461.wav,7.633282540728895,8.18005054291758,3.764854399917093,3.808241088185604,3.996662345025949,3.6724625710497447,4.060413378620607,1.4466534382043392,4.546747550381989,2.2962953851115278,0.9034219173854018,3.8198343587992496,2.2113725146027456,1.7577589677905752,0.3585732614794348
447o030d_0.16088_442c0208_-0.16088.wav,5.421669616048006,5.455396433109781,3.93397231934986,2.687125296759958,2.888945889306685,2.8489438929510733,2.8368427039267425,1.5795208112917,3.436729965238203,2.1644972208750906,1.3583991822705557,2.9425737498998186,4.368080802437832,1.6207788609640796,0.6754883073101183
423a010r_0.44749_447o030z_-0.44749.wav,6.28317196700897,6.846472971598241,3.519675706842329,3.294109471097889,3.519041029506152,3.3050509792260745,3.66864144193834,1.686892260106141,4.501489964353939,4.269522103935086,1.126215025589575,2.3065633453133536,4.555729348438669,1.751982548229648,0.3174731821117574
440o0308_0.16535_422a010g_-0.16535.wav,8.379558628518147,7.065155654313456,3.8012074220307217,4.2543317642097245,3.2783161998855324,4.283690030413411,3.425415119682768,1.352177835795133,3.7278705458619186,2.663179695303582,1.000721850264566,3.4753290654645235,4.707204655987868,1.4960532690985398,0.247808283777267
423o030y_1.1842_441o0304_-1.1842.wav,8.564789613241341,8.64250953365258,3.725384300556023,4.330023762662779,4.361136082977101,4.474090280877308,4.402907344982724,1.3125017281759583,3.0950267877251805,4.569485484933068,1.7704895102083769,4.060912909523572,3.749063800836963,1.226608005854782,0.302738651870882
444c0210_1.7843_443c0203_-1.7843.wav,7.973421346279305,7.213726097039599,3.352816246183331,3.8283743769790255,3.389538124022223,3.9922990292953577,3.434579309208338,0.971245211623205,4.880452040512053,3.3839456374612182,1.147986007455687,2.6530423650400903,3.5828431341923066,0.971557595874759,0.9710485931403442
22hc010r_1.5601_420o0305_-1.5601.wav,9.182913503884006,9.780458636242964,3.90133239753758,4.350086537793848,4.888255636162444,4.494536606794268,4.847830674000758,1.6106714239430175,3.5892822649380585,5.462455252421475,1.5883325841707472,6.353819348381442,5.264940147848241,1.4616091323380358,0.3705902028696847
440o0302_0.41955_447c020j_-0.41955.wav,6.211933754426131,6.739618360638255,3.589985584908572,3.135167603968429,3.1692132816128686,3.1374414050537154,3.339198074546309,1.0383589007107492,3.4242402880334475,2.478544281099159,1.3793272682802311,3.60872679548991,3.6767682845966556,0.9392200478061374,0.2992819103234984
445c0204_1.7413_442c020t_-1.7413.wav,7.880029325164052,9.34231334912142,3.397088826560937,3.900635519559954,4.56617145801264,3.730979870839683,4.555356613709366,1.703047900430172,4.736903284976215,4.068876397886909,1.483203645502162,3.646506464463994,3.679368783969382,1.4908858619221887,0.820490694315595
446o030s_1.4311_050o020k_-1.4311.wav,9.89481420888584,9.114930837450862,3.619183762171233,5.013036136072169,4.7887178542555535,5.066505606785017,4.648571446161418,1.286550841496326,3.7154893732373204,5.393247721412926,1.304230821279592,4.0913963522535575,3.4482797813189316,0.9967091866270849,0.2232127596654178
422a0109_0.12448_051a050x_-0.12448.wav,6.763116024654526,5.155941612157232,3.803065059708578,3.312774986034967,2.5801317794148777,3.4824957239061045,2.570391597872597,1.5202718539551745,3.4874455888131672,1.0981697081450592,1.5071813913992484,3.7924986173206356,3.1089759474892054,1.6276395335857194,0.550871655763804
445o030c_1.032_443o030z_-1.032.wav,5.827547355437221,5.339489105340492,3.3061049962194646,3.0698788088215427,2.4565594511051416,2.926796378781819,2.5015863121319515,1.6499867008945637,1.8723907359093428,4.07404720727444,1.6197259160863169,3.6861031064874186,4.1065509442632395,1.013920269388077,0.3527555562227976
447o030k_0.80305_445c020s_-0.80305.wav,5.774775177847063,8.465052991925955,3.6464031952273706,2.9100332883641054,4.166817109293195,2.75101608987707,4.226929758422433,0.9284861740851929,3.40996463180315,5.846054644466187,1.296519774489689,3.482537919231475,3.1599866779610837,1.3656759332296295,0.2684138291432176
442c020c_1.808_053a050k_-1.808.wav,8.697713070168133,5.135485594391052,3.9017046734557472,4.521212135263468,2.583771156416545,4.571728018198774,2.431954999268281,1.6907395241883765,4.472731675472281,4.004410055428473,1.0230007476083778,5.374973471126198,3.354975053069103,1.788770282428643,0.642361411640692
050o0204_2.0346_052o0201_-2.0346.wav,6.390000743148811,5.358544007064891,3.317077767662771,3.072858306120774,2.777993220574888,3.2210210212530104,2.861346743863612,1.006253137554662,1.9017940872451329,2.604401716027054,1.6063816021169308,4.0554933491235525,2.714965422229896,0.9485117602811014,0.4541554528253279
445c020e_0.30481_422o0311_-0.30481.wav,5.331159399843844,8.547995846666062,3.200476555317741,2.749622296121468,4.293746751533924,2.852834766676228,4.184901972504413,1.364087353921959,4.079964499741337,4.178364800708026,1.1899267070201924,1.571602624952856,5.3483028882550965,1.72129867904918,0.4985298089132842
050o020q_0.28175_22gc010k_-0.28175.wav,8.946556990559657,9.154148911208276,3.754554106889401,4.557633298312656,4.659777357998717,4.415953398042053,4.709039979318657,1.369034974486885,6.095039509301495,3.523552889621505,1.360295701381005,5.971384863833721,5.085644887140528,1.2576718551260702,0.4236474435738233
050a0504_2.4414_443o0313_-2.4414.wav,7.603941650236221,8.045160735179376,3.196829567293455,3.721191926600759,3.998539367377592,3.6342482640250218,4.12077193070634,1.6952163984032305,4.833767791617198,4.173258923369676,1.3356465332779426,4.968745554748201,4.616205430802497,1.304135038177359,0.5243154378587547
421c020l_0.72652_22hc0101_-0.72652.wav,9.267181612217026,9.32422160925898,3.954973654775573,4.640177179841784,4.718022476607625,4.746923172670446,4.598836516801014,1.3283273604336152,5.592368927550206,4.885813962613502,1.545463350345245,6.145424383563179,5.394325341074412,1.7687305645653657,0.7766324889028532
051a050c_0.67054_052o020j_-0.67054.wav,6.830625090006772,5.257907702826029,3.696351063475169,3.3515729714512945,2.58778429159744,3.311969516229114,2.422461678702335,1.5216879820189717,4.0505494896257215,0.9675289227596905,1.553151014891293,5.129462169959805,2.644668089401903,1.4977310094931937,0.7764971472329676
052a050o_0.37786_051c0104_-0.37786.wav,9.90729795763045,5.0137628023921526,3.443486480515449,5.197363329850803,2.442148843917391,5.03079503424888,2.4081635103119905,1.7737006024709945,3.735293429997098,1.014235228381682,1.6440523614414095,5.526928571529182,3.292719404963942,1.1262642730939678,0.4265964228903784
053o020d_0.87201_421o030q_-0.87201.wav,5.813163077624554,9.244215327853272,3.8157937546999694,3.06850806905984,4.549799140290961,3.1322834575765968,4.685566219583169,1.34094860573013,3.5227178269388473,4.215690387318942,1.1635229165383851,3.6455063400342334,3.0127747764850716,1.4039260187842195,0.386074377036514
422a010a_1.3637_445c020b_-1.3637.wav,7.384982671951501,5.620844483845323,3.2719418162435563,3.582811041942649,2.829275821584123,3.679791576614652,2.7148434140470425,1.147620173704711,4.3174577107592285,1.391924450995022,1.0569938951583464,4.742291444207655,4.389128989574455,1.306278950376209,0.3155574584975333
051a050h_1.1786_444c020w_-1.1786.wav,9.337301400361085,6.321966269605065,3.452279102919387,4.637407266517617,3.160058050682188,4.501322243226585,3.096963942907539,1.441373079032542,5.083137564443403,4.429396758732666,1.6979005351256606,6.1456897119616,3.056689763602413,1.3459745731245731,0.4060560037997479
050c010w_0.18262_444c020y_-0.18262.wav,6.460925875392625,9.101804841387356,3.215262576081395,3.284183568785174,4.362980851263075,3.42065542859422,4.446499899870324,0.9203074959273077,4.648194939026504,4.820365252763782,1.7665722617281432,3.10023932882047,5.220634951041796,1.233971104229673,0.762449448914414
443c020c_1.9646_442c020f_-1.9646.wav,5.971445158112701,7.8325632375296514,3.70721620303787,3.0706979020231158,4.082589910111123,2.903371908537174,4.1126234231248,0.9748955522806884,3.408958927700536,4.926236268817117,1.7954442212768733,4.527676428870047,3.5881803391497473,0.983635614028274,0.7771198871584202
445o030n_0.12017_053o020o_-0.12017.wav,8.875606900712274,7.774154401267093,3.049440116659452,4.339673823565791,3.914453269046026,4.237744777176088,4.050506455344936,1.5672765948452003,4.400592389823797,2.5589289105151236,1.67186434557148,3.1595530895024986,4.374417436760524,1.789678137554125,0.1917822722614065
447o030x_0.98832_441o0308_-0.98832.wav,7.423445707538871,5.591486144020589,3.638872559630123,3.86818920425123,2.978257614268708,3.91650412650529,2.836251740138149,1.586461168628722,2.1755895946068047,2.9397653040203844,1.6946263027432489,4.290453359611007,2.1608043640757275,1.673870998663976,0.5243521905346897
447c020z_1.7399_22ha0104_-1.7399.wav,9.463795796452713,7.88515235185119,3.178415178431483,4.616589513055695,3.6855284509443,4.6664305331391205,3.8270059145808935,1.1410815529760263,5.335071038117717,4.040575286707023,1.1653963639554417,3.994109763903937,4.606656798250433,1.5728450398571407,0.9233609392567124
447c020a_0.07795_441o030r_-0.07795.wav,6.104828943462561,5.005667917113144,3.199929990525752,2.9896981438409367,2.525764650151256,2.82573247283491,2.4808730169492503,1.3906896884754854,3.5959938424329345,3.940367706684604,1.2933620526020246,2.391155560168058,1.5029808283487989,1.125794303815855,0.4952194685026448
22ha0114_0.35843_441o030e_-0.35843.wav,9.077009166826294,6.831457304236057,3.330970679747959,4.525599368601756,3.323203238449629,4.574722182542922,3.485951354108464,1.3051569343837115,5.278824170444323,4.200849401940558,1.0988500442328593,3.1965512656808763,4.573993969296387,1.2935303904773232,0.9652073794546728
447c0216_2.4288_446c020g_-2.4288.wav,6.547125037248144,9.001720389758589,3.2586484659656203,3.5211553831194213,4.434090310507794,3.3739192299174445,4.405428224221482,1.335740102861246,1.9243075953091033,5.105618856160541,1.6706800105186352,4.867993366730254,3.2441695166284017,1.6740305404576732,0.4645246308106792
422a010d_1.293_421c020d_-1.293.wav,5.564575887022708,9.564403913106055,3.8884140553610154,2.5757693850697434,4.887694368809924,2.741912413030489,4.923701232878247,1.2041214114205272,3.4366667159337507,5.88974450075825,1.2311641972622864,0.8016040217935226,4.548308967216094,1.105050203578804,0.8708653377523001
423o030o_1.3193_420o030z_-1.3193.wav,5.202108539190175,5.602662861802971,3.3344447409827107,2.7286019054567947,2.708319355762397,2.748551440366368,2.877144756863333,1.4431993495410556,3.9098611794777516,2.6667890991664,1.5136778569055578,2.7032277578563697,3.756687354588914,1.479349498638976,0.2150546582449386
446o030f_1.5375_22ga0106_-1.5375.wav,5.892313950344088,5.777308864012724,3.1348485756653632,2.921838649502321,2.934275688873544,3.091790069760967,2.9383395235243657,1.505421198665199,3.9679963838950107,2.1128999689247547,1.1260844934265248,2.1657327830974644,1.26856911005414,1.2653073013787677,0.890488141374056
445o030s_1.681_22ha0107_-1.681.wav,7.036091627912758,6.3117834632542,3.7401163862740017,3.6161726167576194,3.1845024676671727,3.5597070694243125,3.323468801591437,1.2894977171844346,4.891129980534958,4.492647573023768,1.6519056207622491,2.5535913540289226,2.950449621534432,0.9748465059172492,0.4011070554666796
421a0102_0.35088_422o030m_-0.35088.wav,5.223519827389723,7.857346444771648,3.9167093051648822,2.7187523793598656,3.7485769215233016,2.6061079869733668,3.847628629554392,1.531935020968736,2.3526515644256687,3.04405057321184,1.0637506940969133,3.901450054630703,3.92913804454994,1.292984019685188,0.4973370770827384
444o030v_1.0438_422o030f_-1.0438.wav,9.787772645863182,8.071735339457174,3.4354394616803634,4.888075265138141,4.256369127696739,4.735122024562127,4.182171377075201,1.7011403504761553,5.661975351701743,3.478429511711437,1.144940940941067,3.872193056432053,2.470045002437895,1.5511179954821888,0.9226023242840908
052c010a_1.6182_051a0505_-1.6182.wav,5.015214627956378,8.254792735226651,3.619655644412098,2.550790997624065,4.284620082176591,2.521903905875946,4.137427908708245,1.2450629919486618,2.155909877431648,5.048596317248176,1.1029833352647014,3.9726220633719422,5.099276417487508,1.0151371435821177,0.2088740500533648
443o030m_0.73778_050o020k_-0.73778.wav,5.809618999879108,8.795739670055447,3.422586740348455,3.0046197588964034,4.417425282962183,2.834646012432952,4.414437723225856,1.0972392075107442,4.5477777975507845,4.95445947925092,1.1927745010529451,3.8331793266707086,3.9199991357045723,1.214947939497519,0.6467038251263808
053c010q_0.021027_421c020y_-0.021027.wav,8.299862121926454,6.192682271427321,3.72363724927387,4.325664134890159,3.219191661007204,4.317831806451874,3.0693962851398733,1.574408443267243,4.506095116149159,2.2941300639896927,1.3948791583884008,4.8903547701460575,1.4237738275468348,1.1694632821676647,0.26843891740236
053c010y_0.091345_22ha0111_-0.091345.wav,8.17903403106306,5.634563422999398,3.3346140112767766,4.07215907388258,2.702177412546084,3.90253564028376,2.690868532223676,1.5539579607500849,5.614850840376421,3.3721596807075787,1.4688976997741197,5.498013113518665,2.3165140866061322,1.5015057470009272,0.7038889943300053
422o030o_2.2014_444c0212_-2.2014.wav,8.899804514619476,5.451592796002435,3.6832828051010646,4.324138217941774,2.804768348262126,4.179719191689227,2.845304071473463,0.9794660962881494,4.9791750443187865,1.7557206960864824,1.2073325024968478,3.341065746285519,3.086873303350246,1.6722851949063502,0.4170322246135944
050c010p_2.3596_051a0501_-2.3596.wav,5.008025942138264,6.966753384257478,3.379544986114891,2.2781048552291674,3.4775758847603595,2.3699015736971862,3.5962070884063784,1.3037096615629356,2.2153294410451165,4.844368992755035,1.7821249422005114,1.4079366860689022,2.3683240588446113,1.099006491071434,0.8690108782870403
22go0107_2.2828_441c020k_-2.2828.wav,6.419170537576843,9.061642942137269,3.79945814658904,2.939820902516781,4.518953619164091,3.0824770885982047,4.565313219817054,0.9931743700058484,2.0457191470423437,6.027198462225645,1.7921146307138325,3.3638838287730826,4.010480448090245,1.6980973130882593,0.2121577882922758
22gc0113_0.29823_050a050t_-0.29823.wav,6.6579349343565255,6.903760296936808,3.0672493137187606,3.2565669264050934,3.418520039788798,3.1336958635488594,3.3324810840037618,1.2098739461462966,1.864683429702235,4.428181738876077,1.515552439170459,2.37366139660293,1.6581786512561194,1.7320143584374563,0.437245885020435
051a0506_0.024295_447o030c_-0.024295.wav,6.085968880141409,5.576503037457591,3.488008711754137,2.8782441644054555,2.8324426708715467,2.8582934561259585,3.0012679333151344,1.352491240028936,2.1823754801705935,1.8377727174421685,1.6662342787758448,3.1114894207148884,4.405559761221308,0.9558266254885136,0.9490691121346492
22ha010e_1.9643_445o030y_-1.9643.wav,8.36786045155902,5.3372845631820285,3.0507791320597306,4.1982107977579615,2.6855918952071183,4.094938776644086,2.5768036161736894,1.6938366344392632,5.07483896642092,3.256780781139815,1.6314912499026757,4.989356499829548,4.147413076407211,1.3684686015083471,0.2397473408744251
447c0216_0.64553_050c010f_-0.64553.wav,9.27666647809803,6.369772195952481,3.391582740400561,4.641136378224108,2.928019591890977,4.640245971543431,3.07801694912084,1.1021956330262097,4.109624287623515,2.322393435374228,1.2963432976036082,3.5407051934262084,2.46557318510732,1.118554625955267,0.5018426166079495
421o030x_2.4055_052a050v_-2.4055.wav,9.410834027868734,8.704167779419212,3.4660021387103117,4.978975744042923,4.200689569656065,4.822834124124915,4.267918986799012,1.1568265296055251,5.623669827979845,4.928600968290068,0.9586477430229522,3.5788377506744076,5.4000839717485425,1.719309634209004,0.9341682517696256
053c0104_1.403_423a010p_-1.403.wav,8.196334552140376,8.09891741359273,3.1430980622816085,4.030133729321404,4.041376363066365,4.072286604375632,4.206067392344413,1.5059233043505285,5.352293871337252,3.4941154489448207,1.7757505813533534,3.828375934257469,5.409388783731659,1.6224091138360814,0.6288017768308507
421a010b_0.92396_444c0213_-0.92396.wav,6.715342410886474,5.7365520833053125,3.1834931531307653,3.439036041486568,2.8426022969405027,3.32166853590388,2.749195291671639,1.6941991285937057,4.068757073789197,2.290528940401157,1.075058597911224,5.036012854973425,2.6199981666460292,0.9781134874985764,0.494011820111408
053c010r_1.4776_422o030l_-1.4776.wav,7.475196157049213,8.755738292301357,3.1308079024188173,3.776209543748184,4.22582534899685,3.930554007715173,4.154566760442606,0.9098964642764464,4.686829927668862,4.8840686600132726,1.1094420999780017,2.5019318962832724,2.9705710906521743,0.9834225773554588,0.6788026533959307
422o0308_1.9049_442c0206_-1.9049.wav,7.717254245254619,6.033390191004426,3.950195802979074,4.028387682787841,2.856483260759308,3.882065717674252,2.8894966296467417,1.7794061966046946,3.738652024695805,3.9874375727757645,1.7383285926572896,4.822592095972864,3.093914545682516,1.0397387593225225,0.4516183447362744
441o030x_0.65236_051a0503_-0.65236.wav,6.848262842050891,8.493096964175196,3.906140222703357,3.651988077707786,4.244698308812508,3.592003846794517,4.403763993489447,0.9276357966958608,5.137867793098133,4.505385549581303,1.6816793400964405,3.235869431385272,3.56593502482706,0.9244302325561914,0.6903570847845218
421a0106_0.7051_447c0216_-0.7051.wav,6.680981934372012,7.379333776265567,3.1439257670281133,3.1701616736915748,3.569697252422264,3.328421550990898,3.5461640580533915,1.3639780502300618,3.4795414990317104,5.412864617422718,1.5269391748939118,1.787415023471743,2.2692259938216077,1.6537070948529489,0.9554899783033908
22gc010j_1.5725_423c0204_-1.5725.wav,9.169124865118269,9.216495510648564,3.4569643474063145,4.562071881940082,4.669452923962843,4.610644542811845,4.527535001853489,1.2194136040610606,2.9213883372451708,4.355029959024596,1.33482758094361,3.6715862013154346,4.987673187831647,1.553906860526349,0.5682012612985625
441c020l_2.4983_22go010v_-2.4983.wav,7.451564503545956,8.417580701171902,3.8790171542720473,3.8284878644562848,4.202960368272193,3.9067974116970414,4.353849780793243,1.5675207874808792,3.260584963476487,5.418992453914636,1.5651874552801557,4.581432825717923,4.263992697009371,1.3314164786907967,0.2857150241599148
442o030a_1.8281_421a0106_-1.8281.wav,5.004740573231933,7.736338948776071,3.709890526942766,2.466782516048068,3.92550446633716,2.389035200288657,4.076684342286991,1.7464629578367492,0.9642411773423127,5.145963048580708,1.0273861909864843,3.673906331631539,5.021009136870004,1.3082673435713144,0.4016128412593654
443o0302_0.37407_052o0209_-0.37407.wav,9.761939982978571,6.797325634726846,3.582768803527477,4.703223298125803,3.165435528071878,4.667793487348376,3.3317025678250283,1.4300607696523344,4.418204814303141,4.753067990310747,1.38563917787104,5.450814241303796,3.687427049790437,1.625267030726406,0.7239776818023045
22ho010s_0.97461_440o030b_-0.97461.wav,7.256791431906459,5.4692626797691855,3.4528195207418846,3.4941846020017318,2.720941801142886,3.638058170620487,2.678510724643413,1.7436372737563182,3.488769886577563,3.5488362049157915,1.2071293428175391,5.108113766838509,2.2086093002649916,1.1114719899309298,0.4069760354794052
440c020y_0.17243_22ga0111_-0.17243.wav,7.385308114123186,7.899768140320612,3.878561344535279,3.5102829695086046,3.830043773657181,3.653018521125326,3.9223831601868215,1.5267734837168914,4.066000902019133,4.399632835165971,1.050540466825329,4.3165753581475235,3.4183490682125375,1.2087457344565464,0.6205068550128352
422c020j_1.7896_440o030c_-1.7896.wav,9.177494511687184,8.502998490079586,3.9191915202674377,4.655919099479659,4.177007655001497,4.820208846297252,4.220698375876887,1.7095562429676656,3.2951579829270337,4.735303299969456,1.1916016661908202,5.995722632743952,5.502755228304067,1.0117339405618322,0.4183065527455029
053o020p_1.388_050c010z_-1.388.wav,9.563438456602626,5.201187425632813,3.108266081080477,4.935542440643123,2.401438272139195,4.871476299511195,2.537068392541943,1.3474773401340356,6.015822061213364,2.3133763976441486,1.2701653773875117,3.8536466994642264,1.0054365142241248,1.5356683265054716,0.4262607565091947
441o030s_1.9697_447c0217_-1.9697.wav,8.253546257558343,7.064602886774697,3.369818963237436,4.156018836030441,3.530327171745687,4.271875525307735,3.6256016570484406,0.902391225369951,3.981214109637102,2.9437624068862513,1.058587704725743,2.9256070979079705,2.9209518775671515,1.317204271551409,0.4558229308131386
22hc0112_1.5881_422a0104_-1.5881.wav,6.458127552793707,6.217123812958643,3.109623611330313,3.139320312534958,3.094152308474925,3.019634779633353,3.003734538019893,1.5124816406501431,4.602715894558862,3.7501755277150064,1.722782731203099,4.232545514514967,4.222233259062923,1.330669582457047,0.2318603659784492
443o030b_0.31873_22hc010t_-0.31873.wav,8.76885225302986,8.53805601833654,3.571966181064392,4.365878510981493,4.430934999022673,4.444264469263726,4.28008526735511,1.6969214448647227,5.908022024785076,4.185902018347629,1.0129631834735016,5.80919866487648,5.699507748627718,1.2773018493875576,0.9801702813422776
052c010e_2.2609_051a0512_-2.2609.wav,5.106370071413677,6.304706880619905,3.856884680763375,2.433395179465555,3.229126385856389,2.6028685315862394,3.215755412781164,0.9931864958442844,3.7788794131343333,2.188875913113649,1.3637981847292489,1.5095705422746872,2.3020572177585388,1.0125147279818063,0.4208378209897706
422c0206_0.82871_051o020w_-0.82871.wav,8.422965682931531,5.9819642999238205,3.3405535495171854,4.025591732495953,3.2035241663339447,4.155794796073992,3.129044892472735,1.57907034189253,3.5565778428997388,4.281423273075042,1.3131897709752764,3.4017532111578594,1.8606245295433077,1.5112465845304532,0.2293498342911188
422a010h_1.1513_420o030m_-1.1513.wav,8.496894921876454,6.71629512916808,3.9314498142441368,4.048623319906336,3.30977453909637,4.121913435318807,3.156384321080922,0.9513461339449854,2.9143219093677533,4.130606548696639,1.3755415821402108,5.7960654884329985,2.3670464576723673,1.004952375045856,0.7447597894901152
420a0114_2.3032_445c020n_-2.3032.wav,9.52716805901575,7.480229512336345,3.0853551656109106,5.001283508345887,3.699593029400516,4.876357473992442,3.814890409859578,1.746754730293527,5.013972873691414,4.406729449578985,0.9749220283479154,5.828858530933585,2.2665718519685787,1.034790386572371,0.7636137922515387
423a010w_2.4456_422a0112_-2.4456.wav,8.0080137534475,9.692077469350902,3.206851801580925,3.827017202713986,4.8304483705693535,3.782576086263121,4.973713813606398,1.579981542481654,2.8690601962653277,4.050107555800147,1.5699457098649867,3.893730726590349,3.964381835426643,1.399317372945858,0.2496368448647435
053c010x_0.04015_446c020v_-0.04015.wav,8.594393739284733,9.02900339426365,3.307550187412555,4.091052067268026,4.610474702512797,4.209650016882127,4.732271772868908,0.9742288199552468,3.4526610148303494,4.2611016880734125,1.4025596646913532,2.6871687444140075,3.5138675919030913,1.3111896854350662,0.5155633424188022
440c020u_2.0452_442o030n_-2.0452.wav,8.310969917697248,5.291399189329688,3.014539409541388,4.192062644330244,2.701119890656161,4.1714895449527045,2.532369342265936,1.1691129657633172,4.870969137426344,4.467262067768361,1.6300059211424711,3.6808545919842612,4.136471998480223,1.3571284140034114,0.8145992444721428
445o030b_2.2917_22gc0110_-2.2917.wav,6.517327016785341,8.303581508946767,3.0302095313582247,3.10625080314024,3.9940001868765793,3.163670188378706,4.143342124050424,1.7084981911384425,2.3202459940822635,4.611387045998537,1.7542550377150774,3.8892606547955335,3.662128668725935,1.513321537086784,0.7879207391815726
444o030l_2.2218_22ga0111_-2.2218.wav,9.25192422695769,5.155350284593156,3.355946082175534,4.5689637987469744,2.477551787261405,4.402465659264404,2.4432243995244614,1.6445957287344757,3.7206287266113023,3.2832169295083142,0.967936808272464,4.414091378995106,1.4739376657593068,1.2845173336784772,0.1980583014435929
420c0212_0.41947_421o0307_-0.41947.wav,5.929527133333662,8.08288084160544,3.142271463958911,3.0494769138549995,4.099076041399036,3.156857335992408,4.203811159394825,1.238095712133834,2.3186600192079005,3.7956224702539534,0.9983265462789224,3.6667235923912713,5.570226016841984,1.6464907609307473,0.4262765768818086
422c0207_0.12316_442c020r_-0.12316.wav,9.956795374690286,7.381901829191781,3.094290092575145,5.053391494929842,3.9353112467848206,5.150550106352677,3.8210299962386935,1.779059414746488,4.479198973356446,4.1917122149690895,1.0359361393248576,4.882879260333133,2.6763153031135585,1.1361853278478689,0.5924832193709129
444c020b_1.7423_446o030k_-1.7423.wav,6.154123048419958,5.80214675977482,3.0319417135051765,2.937832006824512,3.0135050587799124,2.944173224017134,2.843623367698984,1.2775378014232803,2.377841347080301,1.754176386391188,1.7006434542163815,2.256666077915908,3.239100414273865,1.1432039326649928,0.8197103967218669
22gc010i_1.0493_444c020a_-1.0493.wav,9.811790417231132,6.422704726455649,3.705803457117685,4.762391113691908,3.135029785216157,4.804969121989828,2.991199631182372,1.1819536595394702,3.8576497078682275,4.347454615791829,1.6856152443257253,5.58457153811354,4.308386883618813,1.4003405521265164,0.5918423814104266
421c0206_1.4078_22ho010d_-1.4078.wav,9.532631866603444,9.894503439249522,3.618447320880675,4.661138695899917,4.921380635200228,4.521273498205538,4.975581432924175,1.2200028621947698,4.1009796486801635,3.2106561359307753,1.480296918698193,4.859877814283456,4.1576743728961265,1.4852104338787409,0.5572602495050237
421c020h_0.86812_423c0210_-0.86812.wav,7.177861118651277,5.958999364768515,3.2836127054004627,3.654451119860058,2.891944726968992,3.821779581815856,2.8619249698162914,1.0420786443459171,4.768738310562267,2.3870985502359283,1.5737002424720308,3.958848608385562,4.517179521719153,1.2769899358236776,0.272211211691725
446o0302_0.47056_052a0510_-0.47056.wav,6.645093330943638,6.048197513652112,3.771220394277744,3.2359279619345243,2.8250485337690834,3.150433822151117,2.948299302783704,1.5737232636192855,4.712440635202974,1.7898471432855243,1.6684259151259733,1.7166092308255978,2.1156574257012877,1.6882675053714524,0.3870215970433197
445o030u_1.3538_442c020i_-1.3538.wav,7.21664515247463,9.286394694896943,3.36137563828916,3.5874903951947408,4.794635663365874,3.4242142207185307,4.747297614732517,1.26870346638951,3.226524175290663,5.704442514627681,1.7516846765977454,1.6764747512223115,4.031887055903584,1.1668515740874417,0.4897621983909466
440c020q_2.3909_050c0106_-2.3909.wav,6.495614176755537,7.915980710160128,3.9850677484298807,3.411380468343758,3.991023222353304,3.29079867958671,4.080242235014008,1.2045603621511731,2.947489017386086,5.103338135916607,1.3016326061156178,3.879174078646498,5.456412886850396,1.6713549949102284,0.4073243449724087
447c020r_1.5359_053a050t_-1.5359.wav,6.527167395618845,7.297812780480885,3.884465635900749,3.0956735790280634,3.5620052640871864,3.144693274931132,3.4202411310578102,1.4039498657647076,3.764860745223004,3.0532500275907046,0.9009291357861,4.7517854091423875,4.051078855898058,1.432552944925244,0.4127860039996166
22gc0113_2.2322_421o030x_-2.2322.wav,8.105498346692155,8.343918269057871,3.072963491038325,4.069783695392799,4.428033977092091,4.026371257012693,4.284453476348106,1.7304283865477892,4.307901496568501,3.385132747860135,1.5209256486664322,3.5539912627483896,5.579304984913531,1.2543377073710498,0.222778238756561
052a050n_0.34218_421c020e_-0.34218.wav,8.614665201635507,9.233947137371894,3.045516566480928,4.403140233155438,4.439988079173515,4.555433352286989,4.515531483023112,1.534798273592053,3.912444045041718,4.087555020612498,0.9970171128169716,5.213619708285216,4.886990998137333,1.2676274364626074,0.6376118732974723
440c020a_1.9837_22ha0110_-1.9837.wav,9.211903025090622,5.773371410702998,3.3460710471582304,4.653241331147855,3.03098234441784,4.534333317154582,2.9395444736630187,1.3120605550390572,5.6996575183111355,2.734580602807195,1.643689472262095,5.8669417555270655,3.3471694152390454,1.7065814234756715,0.2383669306311314
440o0310_0.081835_447o030y_-0.081835.wav,7.846066533776039,8.214205783407072,3.786172189787034,3.9476562116665392,4.084263673600661,4.092176755508545,4.173783573106922,1.147449306105223,3.193872441203015,5.7039915472666065,1.0370321739170243,5.414968803100205,3.388200829323479,1.0599609857462626,0.4872306615089891
421a0104_1.4941_442c020r_-1.4941.wav,7.531699642101513,7.289431493084038,3.4392185391466548,3.8668530573984894,3.854099216873923,3.922756216648402,3.7149056940868377,1.254269375668002,4.4717119428434176,5.311324972672971,1.1190333016469247,3.530510952651674,4.46092767870951,0.915377605738088,0.898334220216048
423a0106_0.50179_050o0208_-0.50179.wav,7.153834139297585,9.022184812515292,3.214987333604827,3.3777145830592104,4.723570084344948,3.5456091596018005,4.696897792212768,1.6839388175738348,4.097292806790614,5.373545186217721,0.9496701431194658,5.302894180251538,5.407824473533921,1.004828144474753,0.8336187544661047
443o030h_2.25_444o030g_-2.25.wav,5.270118779270414,6.554183750958528,3.921530458263873,2.7138386346869696,3.3087929283629127,2.569250952124899,3.348722892692096,1.5228664393206994,2.949361645759286,2.7045563238022283,1.0064771899036942,2.435660700334243,1.9485034601950888,1.7745534105704692,0.9654683696859168
442o0312_0.0013429_440c0211_-0.0013429.wav,5.944255409833864,5.083702231613692,3.9745574010930618,3.030702893162585,2.677231085159675,3.171233985310515,2.7728920079009383,1.0249846966407643,2.6024376714246427,1.997054711692471,1.6575575188874765,2.5884325027914463,3.704305823343049,1.1330355785333557,0.8921154235851553
050c0110_0.27669_22go010c_-0.27669.wav,9.182984543685963,9.70027844970248,3.686975111813996,4.534597623043029,4.729614420711639,4.389122973786038,4.817575357629996,1.3654185870312547,3.884785278834447,4.515813411004397,1.3220050352216193,3.7634330595280914,4.936939730270778,1.1701963764534509,0.9199813513346616
421o030n_0.92982_051o020r_-0.92982.wav,6.5554002974049,8.101282716093468,3.6934169881524217,3.2662507595569386,4.21618318598938,3.3281265173083296,4.07953988903453,1.574960357201494,2.903885703754338,2.1786385877473844,1.7767297659643169,2.767212259888517,2.5940440670357217,1.6953959304133177,0.4512474691404367
050o0204_1.7969_052c0112_-1.7969.wav,6.433718739553576,9.51617043032542,3.6402112351026448,3.184405265980669,4.708548748522525,3.075003481516879,4.838668883613672,1.0571798409826174,2.7407330926647155,5.552471899205076,1.325030538310941,2.9962517122944683,5.843257984862256,1.2835928608452685,0.494365013959927
422o030f_1.0178_440c020k_-1.0178.wav,5.589606546423046,8.52978405146975,3.799531188029716,2.6019517659115645,4.466563615090534,2.608268606203407,4.306688358941475,1.2923654730341907,2.166175853584093,3.718022028594881,1.468756416125158,2.2742347059786394,3.017559256197331,1.0514429847408604,0.8888609571548043
051c010k_1.8591_442o0301_-1.8591.wav,9.404089485815378,9.224927068055557,3.923682993298298,4.767318583880266,4.623089608805547,4.618364982081367,4.605402763096516,1.6540076500321907,6.257268350926914,5.0578464510691825,1.3010470250215578,3.2378920002096043,5.622817775884891,1.0886306522133182,0.4402037983350146
443o0306_0.2671_052o020m_-0.2671.wav,5.948169495465066,6.506521371130098,3.346409139448884,3.1757459608641674,3.1893699838857934,3.09958023241469,3.0373871499545877,1.026105805554301,2.5238065674527275,2.262159276972933,0.951540280856034,2.232060093558261,2.081192826683611,1.270724335458039,0.7993784780957598
444c0212_1.5988_22go0102_-1.5988.wav,8.270746087907455,9.03778262043888,3.0306236916272526,4.191194648210607,4.331995859638481,4.046691697411753,4.372231381387604,1.6509074381938875,5.260271356214712,3.6445723937958636,1.696703840524509,2.803685945866302,5.512908244078469,1.6404607739686392,0.2697447734378607
446c0211_1.1064_420c020i_-1.1064.wav,6.502793128630501,6.858449047506087,3.989840035365721,3.5141116320222867,3.2250632464257816,3.375346151020148,3.323267835332029,0.9619165763200996,2.4420861803110094,2.8186729530693846,0.9999671247617689,2.3747061440265913,4.247342117797591,1.0834946980736493,0.5806102473561873
420o030j_2.2719_446c0204_-2.2719.wav,6.632815592744833,5.589101368335724,3.807101796957915,3.1055539959646485,2.941949990983621,3.1783384666614496,2.8107919915120427,1.2297244747877267,2.776782147346317,3.582594399893958,0.9422752977400476,4.449173495872333,2.034762353300808,1.0841978760643147,0.3211638069700874
442o0303_0.38044_22ga0108_-0.38044.wav,8.398453949398807,9.846708993063777,3.054215985343232,4.115006924045645,4.788102041031851,4.014826876348256,4.899744139020686,1.177626702758399,2.892902096895455,6.047385470771817,1.5943494176902493,2.4674105324339295,4.992670084086822,1.5834883964453736,0.3003148548121158
443o030o_2.0693_22ha0112_-2.0693.wav,7.490085365157464,7.852346425686205,3.709055886866797,4.013257621545834,3.733154724570668,3.86373778454621,3.745147153165656,0.9561783366514643,4.159559416128023,5.00769317188275,1.5199222774623828,3.2179002996538593,3.36526828469444,1.3843797478985649,0.3759353028340104
440c020l_0.34924_442o030y_-0.34924.wav,5.691392464042017,7.389816421314514,3.13464783513142,2.9206943701064505,3.5224258852853736,2.9731602606809577,3.662951079916884,0.9172529483452704,2.1129940044074407,4.549890566198232,1.26346672053739,4.461450243604027,3.7704923579219427,1.4531321505030448,0.2522815674497822
446c0201_1.3872_050c0110_-1.3872.wav,5.447430192347899,5.89913635716711,3.496077146983266,2.7799411524911823,3.026223050178351,2.8332155209305334,2.8753527692500374,1.1424638074704514,3.842586835312259,2.9172620688314574,1.7959530736201654,2.8046941010614597,4.55146874986759,1.6206399076723763,0.9788953771673962
447c020w_0.70063_421c020j_-0.70063.wav,8.059604529773791,5.60686815930656,3.0489148526320493,3.946447852688607,2.8800640324618008,3.7767348804145007,2.8899385978643117,1.0965412656248703,3.1213081925843094,4.489680029901343,1.633505967813531,2.782813904734053,2.546239910474129,1.5552134901757215,0.5907010877986075
447c020r_0.96303_22ha010x_-0.96303.wav,8.6573425246387,8.226832502210334,3.8006178094177674,4.428508596132837,4.239800295940852,4.565451765221089,4.17859107735356,0.9141510916947406,4.501547232407842,5.769305657683686,1.102508097064106,5.4279556794740245,3.1472902128221523,1.639563255613583,0.5025365858079804
442c0216_1.4813_053o020x_-1.4813.wav,9.866657305136949,5.283198701359065,3.4894500998502105,4.875686692962515,2.523384165098225,4.940150069799182,2.680687925532659,1.496354279244666,3.014696120317761,2.7106987216504583,1.3594145671488425,5.785451032740284,2.249149964459291,1.474860532438432,0.4241782105357522
446c0210_2.4992_050a050a_-2.4992.wav,6.2084046975241485,9.2845762318367,3.77215880974273,2.923342027385135,4.724374728022323,2.935156123288304,4.873908761399313,1.4680359020295597,1.7877559949658564,3.196492880472284,1.3814478410463862,3.8508165774616736,3.835141805250487,1.101257854820096,0.505187295428353
052o020f_1.3813_444o0305_-1.3813.wav,7.358756851197947,9.029283690216662,3.104215590199293,3.639563802231484,4.246293894569035,3.6818857177950135,4.410941565257186,1.5305194721820414,2.9630730496092204,4.923192540253234,0.9201761792559272,4.2619638665248685,3.697180156594658,1.6225112990561614,0.7861386982070795
420c020w_0.034166_442o0312_-0.034166.wav,7.602973836953418,9.487470094827849,3.538979754169214,4.019974630516633,4.683074053224736,3.9509618029567775,4.83843566248582,1.564956935126812,3.1835807901492768,3.96879280014025,1.0079387985800534,4.512147482653406,5.65185541338553,1.017229208801556,0.9287334583816864
053o020b_1.1278_422c0211_-1.1278.wav,8.47793219676219,7.217898272490967,3.1101092862918644,4.141554564063352,3.49192673978929,4.015707881708643,3.573551567754273,1.5494289332464777,4.70614862839078,2.9166638016949094,1.6724538714919683,4.914757980973373,2.9011769869630717,1.3802568312332255,0.4548829456351289
420a010f_1.1083_447c020q_-1.1083.wav,6.475500697156277,5.41744959338045,3.336196488836321,3.2337974178657447,2.8442884829813617,3.1177743136306546,2.720036161942061,1.594873989668131,2.1590635658748383,2.312189220046941,1.4663614088446124,3.6669805805636413,4.363075155193574,0.9931250101908696,0.4372999584848412
050c0111_1.7588_445c020l_-1.7588.wav,9.29128825347386,7.051340375272615,3.672607457717744,4.696105664528468,3.4664648474465456,4.556972332148011,3.5225176423876507,0.9621796793235324,3.6147775852848283,1.998996712897868,0.901223997608834,4.80888707162493,2.072636518986219,1.6246838918622322,0.4055778924549266
440o030s_0.42122_053o020v_-0.42122.wav,5.827992415785335,8.146674831276087,3.842418326180858,2.8500226933363204,4.243548950251063,2.8397586303470024,4.0738590890013375,1.004644059224768,2.714716002808552,3.218540371129823,1.346447861031634,1.4136179486541869,4.576924544591595,0.9187196196647892,0.5345703433487552
447o030j_1.8_443c0208_-1.8.wav,7.290719933719068,7.148603475054584,3.71888136905038,3.7351486796092,3.4775908271767437,3.8508675792731855,3.588085787516825,1.386790915771967,2.259335599354427,3.4024941262114976,1.0279899994677242,4.1615036351838395,4.376990500447539,1.344292718881669,0.9415140906485684
22ha0114_1.8349_420o030g_-1.8349.wav,8.769510212383729,8.41704385637723,3.2422012325124747,4.232298771286874,4.313132641740891,4.195470563029404,4.458541317811283,1.6219306804492435,5.050574730079416,3.5793786578462017,1.0784520882721438,3.8819034129206167,3.7039253696956007,1.057261951050587,0.876093696137626
051a0507_0.88018_22hc010c_-0.88018.wav,7.846684086600307,9.370374787076454,3.6760557749719953,4.025545701091739,4.624771286312785,4.113347778541682,4.503153873104503,0.9934961473454568,4.623593627789452,3.9540358454814,1.5954609852514805,2.8457040680677346,5.478467395367622,1.1656864861799638,0.4323391691883838
22hc010e_1.2183_422o0306_-1.2183.wav,5.76572896296306,7.651919107177086,3.267490432282546,2.8637281343921823,3.756281385632112,2.8898788099999044,3.588304773673008,1.3980935266164698,2.316041162117621,5.080596623351073,1.1717418055765711,2.1775736206063447,2.235280278417756,1.4793519478700363,0.4294679616810043
447o0301_0.9755_423o0308_-0.9755.wav,8.588808039079389,6.036669963742549,3.202026465328185,4.529028661352478,3.1561993304980542,4.379601167293964,3.1692922300773128,1.4724095413514688,3.636599366811406,2.594059305534767,1.6801593657661162,5.730116880707059,4.525822467475298,1.012807045031198,0.4605307779267405
443c0212_2.0623_052o0205_-2.0623.wav,7.913536677059343,6.314982608318392,3.879110035059108,3.728458414164893,3.07186220473112,3.873110388697661,3.1115586310661354,1.4692262985035136,2.292992522228465,3.0807230176895404,1.4823293953875236,4.942918766928531,4.547475052362864,1.2842045534016109,0.9440325389010242
422c0214_1.6435_22ho0102_-1.6435.wav,6.6456404744708895,6.889560820634943,3.4474974497500264,3.333699623615076,3.318883357826289,3.41487879493096,3.192748738690755,1.5899310082549991,3.446756193047027,4.049544619201916,1.3908205682884949,4.8262946058722545,2.8418986256070267,1.7544083504105417,0.4921991523914506
052a050e_2.2091_051c010x_-2.2091.wav,9.84613003728094,6.81575290972576,3.2241989105076305,5.00060698512322,3.2721255989548403,5.082253331587861,3.3979583216821805,1.5333162725064349,5.758195618080337,4.023392239699819,1.0660747044990253,4.13675612299325,1.5893676306310525,1.536951414389859,0.4097869588467467
441c0216_1.3915_050c010y_-1.3915.wav,8.092769127457824,8.221035649591755,3.3734259645429128,4.045646145690142,3.987584866597824,3.8856479716908088,3.930134154531924,1.0227435609824538,2.1625258716440654,3.142745173629557,1.0049824422595808,2.527185671516466,2.8205522800190095,1.1691076883587996,0.7260501044601753
053a050p_1.912_444o030g_-1.912.wav,8.785384954593745,7.412947097602242,3.477629186873139,4.348580195651852,3.824809311275902,4.209750047249809,3.881608870206115,0.9219103971818368,3.4559546932255842,4.25258457520493,1.4228232761630033,5.132714750840674,5.5283932704773235,0.9671334995677292,0.2640493605824466
420o0308_2.0893_423c020o_-2.0893.wav,8.16730990295553,6.005004403091059,3.8718021624244687,4.015804715995975,3.1482771089692623,4.181307309517068,3.109432655854416,1.5547347795521596,3.123982861282541,1.3470611426959482,1.307703209717303,2.7201884885895447,2.193499356586796,1.2927801278999658,0.832169466244613
444c0204_0.76091_053o020o_-0.76091.wav,7.122914358563594,9.948760666666267,3.596424951094192,3.825218032650143,4.861081572987429,3.676647260110525,4.840424236591339,1.2128022124586324,4.089005348362167,6.473508713633135,1.01676797817779,4.511746364259444,4.207306613569267,1.4261238935073055,0.3276457846779975
441c020u_0.69969_422a0111_-0.69969.wav,5.260809112874833,5.058328006588625,3.1343994962745207,2.582403550655513,2.55340945643054,2.617568843889265,2.699229215557293,1.66980409299682,4.014294497866017,2.0831978410332432,1.1282115219116,3.281565375872316,1.3135772044528673,1.2317368373003754,0.4045836054001532
422o0312_2.0183_22ga0107_-2.0183.wav,5.426378773158699,8.370262807985672,3.479404638541072,2.66819078220222,3.947151131304972,2.535701267768665,4.05367121657137,1.1237496102734628,3.4265334356305477,2.9391618866308984,1.3198250207380595,1.605878951122782,4.908022161833994,1.2668328712308536,0.5905762156790022
423o0303_1.0139_442o0309_-1.0139.wav,7.806759529495798,5.312031392547967,3.375681810023468,3.733258700774984,2.795497620532267,3.874098883143138,2.700292352660657,1.2531543509096124,3.460926549365145,1.7590589143752653,0.9522122480404608,4.4162869506824665,3.2316114309727784,1.3746328702001858,0.4800110628878524
447o030o_0.85067_053c010j_-0.85067.wav,5.077599626722573,5.628801449512093,3.083941769064117,2.567442434512628,2.8371381320585303,2.7173633914263005,2.842007082467884,1.410538771635784,1.9721479245758347,1.51584628174549,1.739114992571692,2.34343781179687,3.597860378854753,1.7960918582765886,0.5786062689659404
420a010t_1.5468_22ga010t_-1.5468.wav,5.828797855551461,7.369388377537593,3.463292058554175,2.948851792598791,3.5134358831447927,2.865027737559032,3.661332900682982,1.0133919033967789,1.69258112951988,2.9219555147265774,1.2598836448697428,2.8755498334992873,2.74463357065671,1.0192236986668364,0.4162456757019789
447o030c_0.99391_22ga0113_-0.99391.wav,5.472820793641399,8.420565205685966,3.892502136787463,2.589717885325077,4.083045387459618,2.5674155612864147,4.231378142920017,1.7731877287863975,1.8223742334802933,3.001409354942053,1.7569058374876745,3.295723268714436,3.9802189959846612,1.1048742867312882,0.2458150220406076
442o030g_1.9292_443o0303_-1.9292.wav,8.25828526547224,5.4022610039359,3.554516898010938,4.197945780915367,2.597820330315805,4.175690057426706,2.449480575792629,1.4331322180015849,3.3015387449849176,1.0432526999700538,1.780675182203312,5.3718255396137415,3.3595697956490223,1.6081179219240198,0.2670386503104683
445o0302_1.2809_421o0303_-1.2809.wav,7.995714109330173,6.393393880304529,3.2998107210421543,3.904935618314775,3.165175806714616,3.9347915663503583,3.312174522242666,0.9679378894501384,2.5334923780154517,2.833821371019574,1.4994416815511311,2.0404360467289626,3.093266874769061,1.1590661633408792,0.3907896066308112
420o030g_1.6201_22ha010g_-1.6201.wav,7.91965134852455,6.298893790922882,3.5364036870806776,3.872602215280091,3.062797574530099,3.920824770185998,2.8997804429201146,1.2214751411215223,3.2526127350343703,3.6455547501366157,1.4499734542508635,3.7180050002166984,1.6164674208902334,1.537408210843461,0.8867969958497335
421a010i_1.8649_051o020e_-1.8649.wav,5.7800248779306544,9.470466746735106,3.820788564981984,2.8114804540083944,4.846492218898057,2.7055413536827184,4.713537688993332,1.178484995207003,4.029502756927339,3.3097754676700744,1.1818863632920389,3.859447974773752,3.9223026911718284,0.9859838578916896,0.7111704077673986
051a050u_0.67259_444o030s_-0.67259.wav,8.866511686707735,8.630797384735446,3.951593037363285,4.645287034843482,4.4565893339725084,4.492406901892347,4.530937601933798,0.9678909335504244,4.69164726388273,5.421367507306999,1.37872140328456,3.233882853425061,5.717818965143302,1.0769805381019606,0.7477946814174614
442c020k_1.0784_051o020g_-1.0784.wav,6.684627296416563,8.561587060252464,3.9567314563168017,3.424059450052829,4.385742292541514,3.37704846328936,4.243299436899243,1.6424398362247294,2.614891802327579,4.159553810557625,1.799413507558805,2.679086678189459,6.12619139278422,1.4055877119847122,0.2729736058422457
442o030q_0.81936_421a010a_-0.81936.wav,8.941847056502432,9.55938645161403,3.770801757003954,4.563302657088523,4.683600521205748,4.394311934727292,4.665103609143745,1.7918547593380718,3.7779030239343174,5.458028340239646,1.207938356699367,2.817144312211055,4.786789918056067,1.5707977045516912,0.7437366788167128
422o0302_1.0901_423c020o_-1.0901.wav,5.431608539281559,5.330680890363889,3.433800439979917,2.689967950156581,2.8513063707289343,2.6274020836915533,2.704046354589181,1.3951767801318824,3.8102119207167333,3.826185415022767,1.106669718463537,2.920945476383177,1.564762084208167,1.1124201675494094,0.692279309463357
423a010s_0.91712_441o030e_-0.91712.wav,5.416619768273469,7.909378294159159,3.3693593721773416,2.9819532534632747,3.8886928320151952,2.8241492030421296,3.951921636137056,1.2617584547755776,3.864400035291918,3.6366409278296166,1.6766585766704614,2.255152426446478,2.987005790992367,1.2739638366559525,0.6383227012609025
442o030w_0.78345_051c0102_-0.78345.wav,9.650871684945477,6.63553857867908,3.5736297061981404,4.957589210014751,3.4676721378032163,4.957771816766099,3.3176722489540094,1.6724763783697558,4.7225974729849955,1.96433349360821,0.9464228294465732,6.493313475727585,2.864698107565578,1.6770723929289997,0.4353315304726204
443o0313_0.54779_053c0113_-0.54779.wav,8.854944458671207,8.659880980494702,3.3039882864167853,4.674224556674929,4.323003903402465,4.536228682634761,4.264206465125871,1.1932891596406454,5.312567746159274,2.631746262928165,1.514651316033388,4.875448681536932,5.257378699506447,1.3110081113072554,0.5464069995593381
441c020t_1.6062_447c0215_-1.6062.wav,5.912940665592423,7.835077539168651,3.77496560655939,3.0344708753851264,4.031664434358215,3.1074738951092447,3.87813737123526,1.006014446050386,2.456572688834268,3.2890351816818475,1.2050092677145248,2.154256731283438,3.6910137391192404,1.3464376080735612,0.7150027976034037
421c020r_1.6709_443o0311_-1.6709.wav,9.958489435409165,7.116202944164246,3.065742734312227,5.043577047308765,3.6610376944962,5.082091193056059,3.8266174655352874,1.742925737404578,5.261512697546921,2.9745698226923603,1.4553633474475554,4.018449066798998,3.3777379353271932,1.5102017796692038,0.9707795213726472
22ho010y_2.185_422a0111_-2.185.wav,8.204552600429196,7.135842661571041,3.337560834162727,4.171773020098403,3.562233747210977,4.258427669565741,3.684671371026914,1.5026497171930795,5.157604194360225,2.9023017734958487,1.5567971730180048,5.980811998147536,2.852863223569804,1.2313643976608564,0.4986848378915394
22ga010l_0.65199_051c0109_-0.65199.wav,6.57675647929548,5.122620025556268,3.863389364349693,3.424035214049046,2.477934809922933,3.419901020981156,2.627877827258444,1.1233125342697723,2.077394919463706,2.331016931797129,1.7899300565188534,1.9888771481936776,2.167300767611431,1.422490154443115,0.3830088117860569
443o030s_2.1244_22hc010w_-2.1244.wav,5.855870205884744,6.670333558233198,3.547114446332164,2.743262585188714,3.316148499822499,2.7857152554366884,3.151534494376982,1.6809581295970293,1.5801406898359223,4.645464812691399,1.4624106766004532,3.2171551808251277,2.3766692563679195,1.1878039935978113,0.1320416579884839
441c0210_0.018157_052a050r_-0.018157.wav,6.675866773488699,6.8352586111474745,3.138978040788434,3.265176959031081,3.403623223075183,3.3441502558570533,3.2760958989895697,1.4965618807645806,4.398425002358513,1.647301758509105,1.221291799017651,1.8089951903646002,2.650921862759314,0.9394733715316383,0.2064124758431721
422a0109_0.79389_22hc010r_-0.79389.wav,7.497718727473896,6.391562300377408,3.4377710616772847,3.800444284663117,3.141237992109392,3.854249012313172,3.302498809676783,1.767111041619656,2.718008970133919,2.8255763657995496,1.2092311747812974,2.941119798960105,2.4665819638382933,1.0703768359114192,0.2780164516587016
444c020j_0.92929_443o030x_-0.92929.wav,8.25058504489165,9.758574607189589,3.9388327983204574,4.155664770814844,4.886231798603186,4.173106520389806,4.717128914619014,1.693347936244786,4.388697459362641,3.978880985790278,1.5840493158518862,5.700446420848985,5.237102133865252,1.1422710685708384,0.9808037719393295
440c020n_0.9331_22hc010v_-0.9331.wav,5.293112456373542,8.605975869297708,3.2386768167296984,2.763228614807712,4.282053169623169,2.8714107034385625,4.150917226039929,1.2091179290024092,2.197716052604192,4.526280575472373,1.6826918449923711,3.8505185473623165,4.057426300728832,1.1344704523634612,0.8837475432077727
053c010g_2.2881_420a010x_-2.2881.wav,8.3452740129059,9.612487324178453,3.341892993516087,4.413094116554449,4.775940661551308,4.273996539565319,4.873674299955663,1.581359346224656,4.667412932956263,3.513021964672828,1.384413246062069,5.101362569816176,5.368439948900132,1.5124597929919157,0.731718070024245
22go0109_1.1011_440c020m_-1.1011.wav,9.00839396005114,6.180997073313812,3.742147484212904,4.599283002534545,3.201704364652903,4.63078595480493,3.034648793065931,1.4602018763210898,5.35707960421746,4.145273876261308,1.4735114395033384,5.897189285488333,3.3576071542820634,1.4144539532877785,0.4108996079565024
423a010m_2.2968_051a050w_-2.2968.wav,7.469224576292044,6.9797294364716045,3.758913552036219,3.5696072472219424,3.417075146183552,3.623711620972076,3.556977672040328,0.956067841831745,4.649538776427984,2.9275405966377925,0.901270133427373,4.89321547180069,3.6100135733347294,1.3845445649065984,0.3136196979752984
423c020f_0.14425_052c010q_-0.14425.wav,8.498621160813542,8.18519292409737,3.6377332184288607,4.291478307776689,4.226007577944567,4.260494803107127,4.058854885957895,0.9152263936951652,3.097704859437529,3.0383877134688424,1.7824220072118822,5.622094219413127,2.8626983650452806,1.5195263839478916,0.6277294624901051
053a050k_2.2326_420c020j_-2.2326.wav,5.927127566513167,5.34129856465594,3.5676463482126857,3.0356818081439845,2.682701199475874,2.9297592081003825,2.8156688752471046,1.0312874317900722,1.7341244109799656,2.4837059786988744,1.2560187289801623,4.251552778120206,3.4983077925970987,1.736038117770287,0.5764808147741954
22gc010q_2.3669_423a010u_-2.3669.wav,8.67819612818878,9.823193305517698,3.401393612406586,4.593944881046307,4.967461428519107,4.469677428905612,5.05147095380321,1.5561770353495827,5.07643974608427,5.738934601886909,1.754309369954636,4.152828224553589,3.232940530502326,1.7989830854949005,0.2383476048207599
423a010b_0.86493_444c0203_-0.86493.wav,6.717248953406289,9.877311657438714,3.0186437381065314,3.3777663318581688,4.866267488584968,3.273330556253115,4.973939066885701,1.550621998393729,4.287984756943688,3.822936112347352,1.0699566144639576,4.598096350816893,6.13316774800954,1.2747767884562102,0.7802677689430088
446o0310_0.77472_447o030t_-0.77472.wav,8.026976023450317,7.964842730516679,3.9347599961643738,3.794031904378688,3.79984202146742,3.926860322985272,3.869531412413776,1.5774291621641137,3.294335310653805,2.5197337775452286,1.084691939950111,3.026291875052483,5.342571171235815,1.6302394868377446,0.249036673856034
442c0204_1.769_443o030r_-1.769.wav,7.574580448452397,5.990017060887886,3.1022238354865546,3.6849278778872345,3.069386673277955,3.671208632347202,3.2187579633634744,1.5281705699862398,4.7451007197562625,4.401337403796863,1.6627105200964958,3.0304548109517477,1.8325299927515193,1.5094299268680524,0.4125271247140243
420a0113_0.48315_442o030u_-0.48315.wav,5.547552807991863,6.290079917123502,3.616476967059403,2.970999746976435,3.31967164554228,2.9504688826186043,3.1509159534642928,1.7814348433606262,2.1757854429164354,2.6563165967883653,1.7017328623436194,1.1296170402310153,3.815094510413388,1.7876681215853778,0.7966862340900707
22ga0107_1.6196_445c020c_-1.6196.wav,6.7742968633088125,7.789031977851053,3.8797683692717015,3.447979114606528,3.7159166039360536,3.3002284813619527,3.741796139786352,1.082049707873928,2.6798630433618933,4.6356077207179345,1.6105854270892963,3.7911826020964683,3.009266566682546,1.3280167100564384,0.4425766992790007
22ga010z_2.3137_441c0206_-2.3137.wav,5.2063816393490505,9.978228176941087,3.012416625525182,2.7018105696477592,4.851713349944898,2.533945135489997,4.878568442851574,1.7082594842769008,3.690704361743495,4.571949138938397,1.0297294000236896,3.7756573155223734,3.9459311979663116,1.3120825843661887,0.8851004953866559
442o030y_2.3217_444o0313_-2.3217.wav,6.546970495396404,7.979977084839531,3.3461091766464746,3.320595115551856,3.8781339286575154,3.4202880507054547,4.015834032798581,1.5408580861273455,1.6206904143206344,3.547767161956915,1.1144018031689604,2.1063946197218506,3.567562318355214,1.436272446940376,0.2091213539676923
441o0303_1.368_443c0211_-1.368.wav,6.456215724926926,7.928838881583782,3.1897754242914638,3.1837778091685163,3.731402093174143,3.2178428680937463,3.87748279607641,1.2346820959136977,4.851710275465619,4.436235082536177,1.1531718197551502,3.934121380555113,4.42802525394876,0.9560707469811556,0.6685442319510224
423o0304_0.03381_445c0201_-0.03381.wav,5.71136714185118,5.076940952313669,3.8819498695292114,2.957617019368655,2.364349173994322,3.106000220859733,2.3863133611010205,1.2360266062192036,4.705694736462249,3.098274925473318,1.495923676778483,3.081788839367003,3.0550859134559563,1.2691091270159138,0.5236996408645269
447c0206_2.0186_22go010y_-2.0186.wav,7.102275134829767,9.085621045851411,3.488190275971749,3.4263750819501064,4.323002610318438,3.3933100398355647,4.489756030043383,1.3194213994814474,1.9144046622497568,4.94914499483015,1.656283779720992,3.2185599119173016,2.520594559559395,1.2895550060622722,0.5073030262737596
443o0308_2.405_444c020n_-2.405.wav,5.476527132271441,8.242389979106077,3.237009187214236,2.8001941571490137,4.14165386907077,2.970036028897319,4.148984530775693,1.5493721152655666,3.254068650875117,5.462400511472571,1.250812843468113,3.967905565108235,4.513920627169975,1.1104466612236723,0.7412459866110463
441c020i_0.86187_447o030i_-0.86187.wav,6.648487472117788,5.932708877870168,3.83354105535426,3.4636439981496427,2.918354683464952,3.482451083478472,2.769538375415618,1.4319907643079168,4.110303874185009,2.931103512134312,1.4977101720364845,4.8434325114822885,3.300900453424931,1.132093478060201,0.332212979229742
444o030q_1.7169_440o0304_-1.7169.wav,8.534363194314581,6.284886130885185,3.338823540699921,4.312539974516761,3.1239451806276928,4.316589111479769,3.273890518967552,0.990414544914012,4.012458117593966,1.8542525965392556,1.4142265386937996,6.115715605385274,2.480274934058528,1.2190554931705286,0.3036366324285665
440c020q_2.1835_446o0313_-2.1835.wav,6.567676145866745,6.224313057176672,3.520037226647303,3.254495347160713,3.0047693634540056,3.295934908614517,2.860607084245759,1.4038635996017723,2.0408291932761182,3.464244116777485,1.0458380322139904,1.346085753928305,3.0781378802680486,1.115652506450873,0.2678274316580202
420a010d_1.6964_446o030v_-1.6964.wav,9.347078177599837,8.985269429556187,3.602224586307916,4.63126042078748,4.392432475262302,4.800734503685884,4.405794182703524,1.729508387260572,3.5014971613077024,4.9858212441482435,1.6892581622372176,2.8577418722372046,4.564050778471579,1.542744356142971,0.7717018038229874
445o030g_0.76631_442c020c_-0.76631.wav,8.527317509901149,8.799943324559383,3.910376637921094,4.3850287696003525,4.520888258223306,4.230076618361518,4.560760940932865,0.9804474608025308,2.7806278923146777,5.711185752748217,1.3788098624080285,3.418938154349263,5.090374528753019,1.6488450378756982,0.6948570041806874
445o030q_1.6875_22go010w_-1.6875.wav,7.603672007076713,7.010698595497628,3.246063473068912,3.9553406687967145,3.391276819824111,3.976036968240196,3.560012302723665,1.1717655278564143,3.423800287742347,4.655760717429603,1.3690598327426746,2.879322597039755,2.3925445667723366,1.008537868528202,0.5270333542666794
420a0104_0.4599_053o020i_-0.4599.wav,5.345884762039925,7.750644679252708,3.339423113716972,2.4731369176719573,3.789387353686085,2.492199144489244,3.6406035121280502,1.714403635638639,3.1395788068303565,3.4477153292166483,1.2567133669855304,1.4896589612497437,3.098596021542954,1.4595245421902376,0.3687563229541336
423o030g_0.83132_22gc010f_-0.83132.wav,6.137999645475453,5.011312035899505,3.6475781097891633,2.868404159073956,2.546926548262673,2.9599522014169737,2.4036821559006643,0.9801227798742764,2.399572724441999,1.9393187672438685,1.7005840270469863,4.518496761760119,1.5369509192775246,1.6240002227242387,0.7351910229632206
423a010c_1.5086_442c020f_-1.5086.wav,8.859642389364971,6.529485004581803,3.208575022440858,4.282081022977463,3.2779963690549923,4.318977609191727,3.423387709669671,1.2441662716631483,2.9453730701317467,3.2269343346555326,1.199732984085372,5.89200974770453,2.801670913438527,0.9094325172136436,0.3684913042489168
050o0211_0.28618_052c010x_-0.28618.wav,9.636353134290545,9.979721540607368,3.532087453815828,4.736567243669531,5.07706578112817,4.647876588989123,4.932034861071926,1.5783006158184438,4.3998774544889105,5.696115731892745,1.0562110146431531,4.280496109699603,3.5490722360843705,1.170190681355226,0.5610253115349555
052o020w_0.74658_440c0211_-0.74658.wav,7.323619516083092,6.652496263190252,3.417431538436072,3.571727332821786,3.294366429685626,3.5609106489026003,3.124710898243258,1.562327794724251,2.0312157504652966,2.095183641844589,1.6429344399466883,5.413970852541761,3.671635370352329,0.9526512070296808,0.4004337448998916
051a050k_1.3584_22hc010x_-1.3584.wav,5.691369343645116,6.89892771152028,3.821807759294464,2.810272708706344,3.328497311057233,2.818939250742841,3.498276258660078,1.030690185679266,4.2498303421953505,2.529107153918004,1.6573513535150322,3.501840048619484,4.681702705172878,0.902662830237904,0.4801937608524658
421o030p_1.8173_22ha0113_-1.8173.wav,6.640396173157151,6.560042863824737,3.431686854075644,3.4150129197858496,3.1644911713731565,3.350542488008258,3.299929583304229,1.5922503061642057,5.355343317321736,2.6691692383347476,1.5663996687840027,2.59302993761291,2.1211777277862893,1.714230567037009,0.4440636212948729
440o0304_2.2294_443c020b_-2.2294.wav,7.532656701905059,9.41759175127773,3.0137162865557303,3.7510933607838304,4.811015789180252,3.6042163281065367,4.841464718092667,1.0964591792143852,3.766293375581169,4.128132415397057,1.6093128923242142,3.057140166785315,5.644626792082758,1.119682206316804,0.5143255455085575
22hc010t_0.3854_441o030d_-0.3854.wav,5.742427980521355,7.222804688064009,3.01657656902198,2.82542637986774,3.785127331750094,2.656046218738896,3.799631159381688,1.671423292490597,3.60312576722456,5.088060348486643,1.3149006965793286,1.8998976543051695,4.512094091658938,1.4219570249204223,0.7098120278891686
22gc010x_0.3174_440c020o_-0.3174.wav,6.141034774661143,9.083913279755492,3.7700863214289786,3.20718766605112,4.455826967640003,3.2561221021300946,4.59762055341042,1.3965325294833568,4.534294142919098,3.197121722589615,1.1496687690053256,2.3330161234858386,3.6668829779472527,1.1309629627860682,0.2371936566766135
423a010y_2.0154_444c020t_-2.0154.wav,5.396024300359511,6.226727179801086,3.459730666335602,2.845615143800968,3.1598213670280395,2.6756922478909253,3.1547018508844284,1.7124076940593078,4.55117259352968,3.8133846912040723,1.4729865904137285,3.6425077282955898,3.361897023229192,1.7174603049716182,0.5838964440320719
22go010c_2.1682_051o0212_-2.1682.wav,7.557067034171911,9.726458298656787,3.3731052853324424,3.921582370513776,4.685867179899653,3.9317910130932834,4.835519388759676,0.9571267190216473,4.843427225936279,4.270991025501725,1.394844098987198,3.8973661282721994,3.7760099610296383,1.6095345281146471,0.4909438528962795
441c0214_2.2927_422c0206_-2.2927.wav,9.841520780212678,9.314075535775096,3.300265738478402,4.83742899054727,4.625627965478219,4.829589718545813,4.775422978127129,1.265681740587703,4.975965343700521,5.59880213187924,1.669166281882061,5.57101382214619,3.8834478072384497,0.9708470653672536,0.2544878789925321
444c020w_2.1908_22gc010o_-2.1908.wav,6.111632907364175,6.629127474570359,3.946578352759655,3.190258226794806,3.2177709528658247,3.100284148877086,3.3620091770051146,1.208560076028672,4.5498401807549,2.0111012386254754,1.530859331279793,4.720967923128805,2.6418653145485838,0.9077288547046476,0.4934183746233241
443c020d_0.18285_22ha010t_-0.18285.wav,8.331834338075478,6.049339728346638,3.472092925504941,4.200088069282981,2.8626698785382256,4.299695586175779,3.000431783934641,1.2862172732258343,3.791247432655466,3.9304155197381205,1.1229845029820833,3.9649918002279527,4.882609807372905,1.33552317237435,0.9801815727476028
420o030i_1.8281_446c0209_-1.8281.wav,9.316603344282104,9.3392080683272,3.721988675061999,4.785667288552751,4.555323579440715,4.917324462152192,4.4834459846019445,1.2643073299262169,5.580704381915083,6.345566441169655,0.994179011659488,4.382515429732434,3.366500669814102,1.1712973035946466,0.5523495670927008
445c020j_1.1202_446o0310_-1.1202.wav,6.361070071268864,9.777967237150182,3.2469978697720934,3.406608569726169,4.867558677850762,3.2465387439809086,4.810307905926865,1.5786940470767503,2.1611407953102457,6.526155366182451,1.0931942912070691,4.131138042216858,3.3018791533850056,1.2837817887226797,0.8124474826484838
446o0302_0.79737_447o030m_-0.79737.wav,9.327220864416171,9.752332361781722,3.627909561660785,4.704159669911318,5.089866331623396,4.8338517124664655,4.996164815638467,1.4767570099698668,5.569995143366098,3.370868323865668,0.978097145320692,5.069790634196832,3.855690502617688,1.521390038641386,0.9835360835813636
423a010w_0.49845_444o0304_-0.49845.wav,7.751060691180203,7.854537722956696,3.094919171909704,4.147725363641217,3.762342364311428,3.9805558027154224,3.7314500044165113,1.0655322907247875,2.83313925172974,4.126600297933258,1.2131358483952064,3.042062316945591,2.9617362564522054,1.407370659073908,0.5458253950689756
444o030j_0.2682_447c0207_-0.2682.wav,5.222361302055847,6.370727374609204,3.521122024748224,2.634260376598601,3.1308705837663604,2.4660596356231914,3.155538594130457,1.2983993105688063,1.675144764947411,2.382344347239089,1.204242100426525,2.126388392210705,4.489824675866333,1.2534383336704509,0.7450964588979545
052o0203_0.6133_446o030e_-0.6133.wav,6.17978959713126,7.797252375081234,3.0795008793888137,2.873685371667183,3.814764421522628,2.914059304994739,3.979900563864824,1.022345619130045,4.236138262671086,3.2668931418347555,1.7153090023111397,3.4109791635173434,3.235040229626855,0.9936264072612142,0.8759528801785964
422a010k_0.16101_051a050q_-0.16101.wav,8.118485356888865,9.868726789312024,3.479481295088318,4.19782258082543,4.841876372983115,4.168130436150675,4.694844483433216,1.540905072928618,2.4209085178303984,5.49749036938825,1.208028005373592,2.6960163796019634,5.605993373725347,1.1923709625111163,0.4296164826956276
422c020o_1.8526_443o030l_-1.8526.wav,6.0496600303591,9.689965082126816,3.758713273239637,2.9802770385838198,5.0247403434907625,3.1264802127031737,4.9912048119245895,1.1635467350788604,3.839546026903795,3.6938790838474094,1.4686584048316058,3.1815946366033554,3.5803337099119714,1.2337119893568125,0.2740936609927349
22gc010i_2.3901_22hc010a_-2.3901.wav,6.273757442642713,8.775108265972378,3.700952074734496,3.367820731669469,4.619374586042013,3.2528307034048973,4.52305587861862,1.6533842244766794,2.477163719709228,5.189750392414597,1.7242510112932004,2.5249671431583205,4.487051279385406,1.3596151391284608,0.2091394502399179
052a0513_1.7596_442c0213_-1.7596.wav,6.909664309832591,8.50260532901958,3.5338531312202663,3.4355049621039293,4.395677312191041,3.477248043395885,4.230881938578025,1.7351523502509076,4.506409944598665,3.717480033993323,1.4274988874612804,3.993716913833908,6.048311155039154,1.647158264624264,0.6019694100112964
053c010c_0.65464_440o030i_-0.65464.wav,7.359770712188483,5.662848167481719,3.426324727021056,3.625841186293637,3.0508260256665163,3.77361881991286,2.966791681485683,1.527828241718873,3.9972571779669654,4.77350876517318,1.2066205198799205,4.106001793047268,1.8591436579472689,1.220448555259953,0.863982654260342
440c0211_0.39833_447o030n_-0.39833.wav,6.557646972612657,7.6413619413994915,3.6750024350166393,3.475961141264569,3.7627250080972674,3.4374062286047065,3.617764604159536,1.371602276461716,4.234793881848209,3.823949751918071,1.2499776096924395,2.8676692419623646,3.0025621266728937,1.488970986096186,0.2841165694339553
446o031a_0.31989_443c0213_-0.31989.wav,9.324437349116792,8.543532005417442,3.1157619324774246,4.668308896000961,4.451280666037443,4.720560078189444,4.289509797337587,1.068625009672515,6.173603405565801,3.9584887802491537,1.5904928619259384,6.210194065210093,3.150069424917424,1.0111217785714957,0.5701622508449512
441c020x_2.3462_422o030q_-2.3462.wav,6.9694424924135365,5.765054033368939,3.619850884150276,3.435089928093213,2.928923511129385,3.561672723159388,3.0267846167497225,1.1960088079154652,2.2529970597510625,2.6131684432756677,1.38340682727773,2.64531673722764,4.237049549396899,1.0317768639752265,0.6276126460289873
446o0304_0.23788_22ha0106_-0.23788.wav,6.083215446531749,6.462692637454906,3.0413770118546597,2.887710378880469,3.1257887393165915,2.8881479832580554,3.275788100989929,1.674505223412201,1.5905841308836401,4.461909082553363,1.3830627986184405,3.533671083420206,3.4354175627264922,1.3968455988554704,0.8666003601990145
445c020y_1.634_050c0116_-1.634.wav,9.8206512526233,5.5048108468453485,3.841290881588985,4.863116500775391,2.6429831652333733,4.811597435440916,2.7838582372193783,1.7767902019488448,5.234433435800076,3.953973286631185,1.221459675893787,5.482483272935539,2.2164816710964637,0.9162629119212822,0.3051620988404044
421a010e_1.2474_051a050d_-1.2474.wav,8.177620962166888,7.936951829054823,3.399389716815402,4.086105578406394,3.845588675276632,4.235587919856392,3.8331375871865743,1.5322481583417369,5.23740774165842,4.9276583692027165,1.3937889084567523,5.851214834964957,3.817320134078878,1.3855757435587888,0.4087961212636976
441c020d_1.1493_446o030q_-1.1493.wav,8.660414811980571,6.43919741912488,3.3616582517031808,4.28685630555205,3.181341687502121,4.168511493508966,3.27350732894451,1.628210550995465,4.681346086489216,4.080964201821213,1.052026908407011,5.15191684100482,3.6457703220712414,1.7024961809015058,0.5795838431144272
446o0316_1.125_444o030p_-1.125.wav,6.375149925109508,5.291872978637648,3.7965873474874856,3.2773461298308386,2.5945485302057865,3.363326730637979,2.447894732829642,0.9198673364480568,1.652308817017173,3.1257099807963535,1.6436550025119874,3.827019087598982,1.3922951737060314,1.510734836783204,0.9945964985510888
053c010b_0.61204_22ho0114_-0.61204.wav,6.588822508082316,9.660361530300673,3.341766832480684,3.060915280672317,4.715165599379202,3.2308309434101106,4.709811390158751,1.5470085644077427,3.3156676005009786,2.947878366407029,1.2711885781506531,1.953594068453888,3.6197238541431473,1.3441656810794456,0.7101415322992597
053c0106_2.1261_447c020s_-2.1261.wav,7.695069474450465,9.91325592452926,3.625175281359821,3.785715480093391,4.909568368230234,3.6195418978587215,4.873702777933989,1.6262050781399804,2.762038113699941,4.354380787988664,1.165036433037132,4.7811637720249935,4.410257597711789,1.1016234295866163,0.6075039287110611
442o0307_1.3792_447o0305_-1.3792.wav,9.0691343929212,9.938490900284773,3.861714030997673,4.293325218309851,4.817995878254614,4.437417169960709,4.859679321843727,1.4183168641215635,4.436284086284501,3.8877395363836835,1.0274794208703426,2.877584110804399,3.6307402131449233,1.7174580178045156,0.2981720976825376
050c0104_0.021425_446o030g_-0.021425.wav,6.890705667362773,8.772737873710506,3.750672438894159,3.616504638764696,4.267436961833592,3.53605616185981,4.140835055988206,0.9458020304144136,3.8466842680773774,6.152567270759448,1.6208965502911912,5.3356737641725775,4.446371189254692,1.0231645249517205,0.4320395304263276
440c020r_1.102_444o030p_-1.102.wav,9.622602774920768,5.094533511522038,3.1673878549953822,5.032141074585733,2.570360916877981,4.964991332445744,2.7265368181256866,1.1068058938562562,4.200896655148483,2.829490176535587,1.1607475330619264,4.55809113614915,2.1013052765468134,1.6667653513256615,0.7109075604187307
052o0208_2.4522_440c020i_-2.4522.wav,9.462597241548131,6.21622434176264,3.842343971314816,4.948561750694738,3.1034007215745696,4.912720102075491,3.2695794693862394,1.3696379696998129,4.82384536769521,5.060884579106663,1.3352446826924682,5.327757704846598,1.5566374546331436,1.033252899000291,0.9523211160956444
447c0205_2.4995_420c0214_-2.4995.wav,7.182061172814874,9.083172550518688,3.2532825259075624,3.7715670200237534,4.316350752444079,3.637915504566818,4.384448273809139,1.165197324688542,5.148457714726598,5.6355482132449035,1.206025475921754,2.391413085694688,4.9102047418852495,1.1012585421206365,0.5660441872602652
422a0110_0.36986_053o0208_-0.36986.wav,9.888192533897914,6.439004251880935,3.357628778910166,5.035593131903314,3.3588693581335898,5.125075697736598,3.479255696278297,1.5657701730647235,5.286404115572473,2.8129710470109646,1.3368540926442247,3.8430640077290676,3.083015851625955,1.5740750234065044,0.5413785037586998
447o030m_2.4706_421o030y_-2.4706.wav,8.500429020583905,5.892536649330325,3.9944772976469434,4.192964628954816,3.0083359532485034,4.038527161136346,3.079392751190847,1.1586816374270028,5.134465518895233,3.028590483581027,0.9945801516594042,4.376022403358126,1.3482964588067945,1.1546738197047133,0.4837122729760176
052c010s_2.2907_445o030b_-2.2907.wav,7.022731581556455,6.509065114277046,3.215725093071314,3.571560816217752,3.2113116870940672,3.4297153518352976,3.1176107573541447,0.9680365769002875,3.126860695481328,4.12199166304343,0.9180025983470516,4.762481157474263,2.7981662635894033,1.1502422111864394,0.9935323248289316
447c020s_1.6408_052o020u_-1.6408.wav,5.84565206546069,7.416114376452828,3.685357863065225,2.948728178384045,3.9614729054311577,3.080377335336196,3.853915946224476,1.3195700443688216,2.9591955812664907,5.0810033989521735,1.714790181772836,2.3471584731100754,4.7088542631606565,0.988167530288941,0.4481389382100288
423o0310_0.63342_445c020t_-0.63342.wav,5.969063450875237,6.279307060259285,3.662967265331303,2.901268344608845,3.0928074556810303,2.995966604490833,2.951625871983569,1.4783925619829084,4.590393698084798,3.2277960762611544,1.6074024714162098,4.679556339185115,1.9637692896197132,1.7988027983451955,0.6238205200855594
445c020j_1.8778_051c010d_-1.8778.wav,7.039724537155688,8.0417063309683,3.09181893118228,3.5630865312926407,4.131049834967917,3.731918222295986,4.150946068605243,1.7476501725517155,2.5672194125626935,4.143849600841222,1.6906163003606332,4.351353376637421,4.613822851998231,1.5798419973314086,0.9667208578288792
443o030s_0.11975_22hc010c_-0.11975.wav,8.609355140949917,9.756148250638615,3.8849267419257214,4.394984225969903,5.079560299118586,4.4659250899166985,4.9473960307913165,1.5469807802424973,4.188151176188482,6.5886670609745055,1.494980641551915,3.9827897140199373,4.491305561139876,1.1073931880820356,0.3956840628138986
22ga010s_0.12808_446o030c_-0.12808.wav,9.903277146586005,9.66217174999398,3.11099983399521,4.898860471488098,4.660071015638996,5.049542854354178,4.738778191257234,1.594104781396001,4.484935969155032,4.099001279791291,1.770820861534366,4.106214252184401,5.8796745340368455,1.0525906699744605,0.4804765697800757
052o020x_1.6427_441o030k_-1.6427.wav,6.749801225193614,5.81504118660248,3.326765331908401,3.5301763313895704,2.7300249215737558,3.3855279861678507,2.7697345705852765,1.5990087108495843,3.656466962241555,2.119527454392229,1.627390389677967,2.0158727781148165,2.3349635019082178,1.7732336082904228,0.4688339995908945
443o030b_1.804_446o0303_-1.804.wav,6.771953795939368,9.90839336882036,3.28312086829646,3.502605752628634,4.983159163182658,3.354573546829936,4.958942102122909,1.1913491577035071,4.833901049677051,5.770970473722604,1.745024624591768,4.203150028246643,3.8796135652224173,1.7982159205792516,0.8963728785448005
052o0206_1.5361_440c0202_-1.5361.wav,7.22149620863106,7.887200429595506,3.751136960315328,3.5788416928651947,4.134710632199706,3.443269702101347,4.070521573004799,1.525158462722796,4.910737500092557,3.032253442346013,1.3139316501666485,4.424652895729306,3.6969760303345556,1.799801231545796,0.5338690825851363
421a0114_0.77921_440c020g_-0.77921.wav,6.774789797814657,7.811758890055521,3.420506567270873,3.3964686048485326,3.8095825443636255,3.326371379659899,3.9534101460986686,1.1197930359822772,1.8645818394097295,4.579516199460692,1.504174254334386,3.626886752964593,2.7223551156479044,1.6440750307853795,0.519555609210676
050o020s_2.1596_22ha0111_-2.1596.wav,5.5341405394056,5.211946468946334,3.2611936348080093,2.607804532549662,2.32510430587443,2.6479706764545767,2.4902911118966107,1.5250735887175435,2.1964820482836873,1.7690303313305404,1.1229124516740607,4.441576908376105,2.8035993428030217,0.9697445564120524,0.6886958196231846
050c010c_0.80731_420a010b_-0.80731.wav,8.604675875082634,6.046000227628995,3.461646849550731,4.430110420723014,3.1685216179608697,4.565561978454388,3.1040788099203724,1.4000703389511249,3.9155858649433193,4.307754785676872,1.5317387995314546,4.841454500914741,1.9075044638936793,1.7299280832669663,0.561361622059996
446o030z_2.4376_050o020j_-2.4376.wav,7.1495562705684,9.537906421287328,3.057723169398639,3.627911101563931,4.60152326053066,3.765696513005547,4.542234303769179,1.797090450237273,5.114006234497131,5.4188241462926445,1.5566634130757675,5.29970321820859,3.755381652817633,0.9232764868319434,0.3836969939762763
22gc0105_0.6128_443c020h_-0.6128.wav,6.619755914924141,7.64334948935599,3.4287494552656748,3.1607983867117886,3.774138083012544,3.301317593203821,3.826620009490615,1.1111191570666492,4.17520846965666,4.480338897426323,1.7837466914520543,3.2159577538380497,4.550607654303502,0.9511661544641844,0.3800549236795014
051a0514_2.427_447c020k_-2.427.wav,5.821113585536813,7.560267168418528,3.7935563261953815,3.0438162906641466,3.8153175027993815,2.921993654036915,3.919044284322716,1.5239205081462797,3.840265061581346,4.736092049082128,0.9176021200182278,2.0125484872219777,4.932351288358175,1.6382282182629406,0.5384243725039953
22go010e_1.435_422c020s_-1.435.wav,5.695273620632811,5.506077393347443,3.25029618483609,2.7562254314238497,2.8651692817890644,2.7257826209220943,2.6979172704745387,0.9168449577818548,3.3935078857556955,1.1861553940984175,1.791598563091753,3.5172846706913035,3.795863095646067,0.9647200291404974,0.5885089263549863
052o020a_0.59342_420o030j_-0.59342.wav,8.574707425938051,6.660347735819128,3.237080984441694,4.225154713283352,3.432327276737742,4.245952180029136,3.2837760553460686,1.7176075145914016,5.414365918853425,3.013450892945659,0.9161788041100616,2.808368502874686,2.7044588873633826,1.4548753246135109,0.500780510671749
052c010w_0.88304_441o030o_-0.88304.wav,5.219544302919788,5.02888849762288,3.101865180418023,2.505031330669378,2.7297372474313706,2.6709123537540984,2.6925420033756264,1.4165335358645332,2.650939444436908,3.576707147407375,1.0403393815072066,2.0524669197332632,1.7242699228301386,1.675602091394334,0.6276672217051102
051o0202_0.70181_053o020f_-0.70181.wav,8.082869650592514,9.859830575256431,3.509652382238586,3.8953770022072582,4.964336494104947,4.032032223966993,5.0654569686182604,0.9842013381746036,4.867913706957032,3.763652628861976,1.2087187610583832,3.195787282193445,3.28929018542028,1.056656049710223,0.65925271024513
441o030g_1.7447_420c020f_-1.7447.wav,6.326025703890291,6.67945181411249,3.810873945200748,3.077103120841563,3.0817695873874813,2.979329601977358,3.220839134769037,1.6859518520265908,3.889781757464553,2.3968564404311734,1.5215951080362715,4.453264377722144,3.821003258063147,1.5523384429816605,0.977899098669976
444c020w_2.3343_053o0205_-2.3343.wav,9.90416850392295,6.2859032832498825,3.021145890584669,5.121046739024217,3.2476301618161902,4.989839166982663,3.139534958227129,1.0720092115295503,5.434310043007235,1.8790171014995285,1.672662070086638,4.6061277492760935,4.113337607294168,0.9169285626280276,0.4803117756132968
051c010u_2.3824_422o030l_-2.3824.wav,7.885464256598381,6.417860949904415,3.885922932962138,4.168778292911402,3.3061485882339814,4.011793628389836,3.240911979607756,1.166717422645899,3.6691480562939582,1.5968445318449362,1.5509796755974348,5.210634503432046,3.0912554604860865,1.7131647435146449,0.7811039232537229
423a010y_1.8722_051c0101_-1.8722.wav,6.7220915617783,8.9939560535316,3.993029282178899,3.5732254018200016,4.5793505456486505,3.534755918453071,4.744940698886944,1.178967173804239,3.8658296821701446,5.575953998188428,1.4652557852165875,2.9459578617698527,5.75831329942302,1.4953112837275024,0.8177568680285485
22ha010o_2.3431_051c0102_-2.3431.wav,9.298738753032126,5.856028641176506,3.927121120852594,4.641736978281171,2.879032562923093,4.669491565990593,3.026442477315173,1.0213093769055397,4.584672054948678,1.8756770062657582,1.449930298538399,4.6708497207907165,4.045212588654143,1.7244379993727452,0.5519191389791116
420c0207_1.794_423o030p_-1.794.wav,7.305871196923968,8.845546664814574,3.43711654690778,3.646787406859923,4.327827160061237,3.647517270683136,4.497825593285781,1.431870062736882,4.185487627259171,4.873692681500614,1.0586689303509085,2.4481062911363383,3.9456121554173933,1.786071984522229,0.4552586142114637
444o0301_2.1867_440o030v_-2.1867.wav,8.537518845280992,5.872732372409606,3.124208738246476,4.269469637343332,3.122208320271443,4.438061355499852,3.1440448165341817,1.2383660696682135,3.167171771085305,2.9897024451318823,1.1406153049476484,2.5216977147005792,2.520982903962995,1.1280238998144272,0.2610635190182675
441c0205_0.43222_440o030e_-0.43222.wav,9.879604319814115,5.7990011284147895,3.838619946373109,4.991966742481327,2.955813844013243,4.9079862959700575,3.103622113754039,1.42410256684313,3.517933108437908,2.7714074493165297,1.7532212981832551,5.7815911129835715,2.1853266951580004,1.5778093420309998,0.7652886001392138
443c020n_1.188_050o020n_-1.188.wav,9.623455369352552,5.526987692405191,3.5140862402271367,4.949027856666484,2.978400884357066,4.900756579607401,2.83638016822352,1.492691894485565,6.189223640307547,2.0313453619006276,1.3614722430828998,5.809173781389743,4.63937151424694,1.26753703099262,0.2027577489415212
421o0301_0.50202_446c0213_-0.50202.wav,9.147454261992491,9.970224285728817,3.832925743296888,4.719460075366079,5.115734696632343,4.763495101471594,4.95153689982652,1.3021171468522876,3.7183750537888494,3.959830745783784,1.7281815464008916,5.522457921929771,5.846442150472199,0.9084600898426898,0.7996466369981561
441c0203_1.9426_051a050n_-1.9426.wav,7.69011438564279,8.837932986960585,3.629665376605662,3.6811390219451017,4.549763745104781,3.6730164687906512,4.399983826122786,1.5226571262958952,3.946565022609531,5.781958728547456,1.7641257526581378,2.496589484817022,4.457927211184187,0.9430688649454442,0.2869733667746618
440o0310_1.1793_445o0303_-1.1793.wav,9.457386876923458,5.552725057852169,3.9377708256584456,4.876158689723746,2.630460857329417,4.751681894963121,2.714159886989989,1.1436436830554482,4.254156633428799,3.1189626883629757,1.344534597817299,5.382711419556916,1.8392846540336263,1.0213240644033277,0.6067802040124324
447o0301_0.32331_445c020s_-0.32331.wav,7.83734427188522,6.854341083533327,3.3144500081641555,3.7945240462700767,3.2143727961501,3.7556769819962135,3.379874776794751,0.9321075337896436,4.115889164718036,4.660705403506656,0.9135164475407004,4.6116215650255485,4.389907559920994,1.01335727982912,0.9697864362730158
22ho010d_0.86211_442c0213_-0.86211.wav,9.4341381975219,6.271126034064377,3.379086712998687,4.782044517279445,3.029973294143605,4.784215888856835,3.1999594263587743,1.1665321984832884,3.6781225156030413,2.8639516749546123,1.7044419364609702,6.021755609020162,2.881515400866395,1.2862778514046072,0.8068366861649894
423c020d_1.3017_447o030n_-1.3017.wav,9.426427218129495,5.169906453416819,3.966206948069808,4.933712779766893,2.555398446138166,4.768280015692726,2.594539225011116,1.122153320917994,4.003971986766964,3.0642156455251075,1.703505796653729,6.085009544546936,3.0759766790150933,1.4125668623154113,0.8166985452137533
447c020p_1.0423_445o0307_-1.0423.wav,7.234944590662701,5.101953949274211,3.195592677243629,3.6428402344362936,2.446126394168619,3.625915793687645,2.2769709529160678,1.2135892051448185,3.4479858930315888,3.1444203742562626,1.564355769732395,4.664594539058943,3.747961531738896,1.241709147221183,0.5711768924690312
447c020d_1.1143_421o030u_-1.1143.wav,5.327950510307439,7.035969053342922,3.720636944309324,2.5332200954554502,3.669514567045801,2.604816991904301,3.5153267451567403,1.7289935601308102,1.8576937847076733,1.8669219301856268,0.9106034921396192,3.567711882645899,3.97594568401876,1.6190140944209777,0.9126395156634178
441o030r_1.0223_22hc0106_-1.0223.wav,7.647582080177926,7.80524428942662,3.050647952033239,3.835585998410001,3.665806357299211,3.880715929580496,3.82970659925311,1.0927841847312367,3.471593953352794,1.8300438110224952,1.2655240767896243,2.715529191778871,5.1904823810509395,1.1783014890790446,0.7845802450543107
447o0312_2.0302_440c0206_-2.0302.wav,5.124066132319549,8.293550263309898,3.881981916965736,2.578176891754409,4.15578712497301,2.507644845806301,4.0234042314619,0.926274973273045,3.2206264300871066,3.006807812996518,1.5891284583801526,2.0634911630106414,5.242643882882286,1.4663911874275208,0.3377575206593275
447c0205_1.1068_420o030z_-1.1068.wav,9.105922529464344,8.71221749485153,3.806999535504152,4.567233900739424,4.189844586247836,4.53874648078547,4.3574407285195695,1.4153405676210884,5.465246498450063,4.389228296841936,0.91781577550501,3.020349490626362,3.416177429011307,1.6371748711047,0.9809705688214734
420o030k_0.85607_053c010v_-0.85607.wav,9.564442777985624,9.762211099112406,3.033272585796139,4.930396783329588,4.688762083823401,4.975735727244404,4.831745929640644,0.9339589127688076,4.138751001212847,3.34531500664115,1.635752337337455,5.256603637449593,3.33414415263053,0.9736016889229558,0.8582091885779997
422a010z_0.92211_22hc010s_-0.92211.wav,9.690518599927127,6.895408815525752,3.49778502477938,4.713075381534227,3.4438879247516283,4.577846280230111,3.5087962459476136,1.5060674462136978,5.4776564565040955,5.318641801006972,1.2370039624094975,3.5174395202056763,3.3777447289684313,1.7071789225115477,0.4512836594858818
423o030w_1.7661_441o030e_-1.7661.wav,5.302772538946654,8.069225719148644,3.3769729529816117,2.789056760715408,4.067353747961856,2.756465748066638,3.920937130412727,1.355927305535917,3.6057713731851146,3.8591408152859707,1.269711140104566,3.148239892557828,5.77957917578293,0.9466553517126084,0.5616938159250724
444o0304_0.030352_447c020g_-0.030352.wav,6.373331167132539,9.77279736742526,3.845318039090005,2.978446261849692,4.864473683900233,3.060237553079114,4.715442866016737,1.0867222451736718,3.5898255523137808,5.477398764675622,1.5748250273055209,4.2223787184889785,4.421769360086703,1.3864267045688596,0.1388013371059466
440c020m_1.1933_443o030k_-1.1933.wav,9.022538188206283,9.483172213744991,3.875960711134752,4.763837634836551,4.993689466253628,4.650683115628383,4.866819238135412,1.2277962334915014,6.040081116557523,4.266313373091628,1.7751670275103528,4.155984874998372,5.583187434442877,1.1160617773632957,0.9239760080112542
445c020a_0.25797_444c0212_-0.25797.wav,9.184898264942204,6.715503160948503,3.7085788228137617,4.485605125444804,3.284955212009545,4.367606441441184,3.407332949255394,1.223541358760563,5.660525318690231,2.6755019877260264,1.6422904801753893,2.9346016280179246,2.4269774318754953,1.293666897836535,0.5083175374174411
422a010r_0.41613_440c0210_-0.41613.wav,7.614030210934676,7.503032809837322,3.018800482472076,3.845789858767992,3.555190621511369,3.940869414658792,3.6712073360468542,1.1257845870942556,3.0976178333088824,2.961557692829635,1.1483608338949534,2.7064311003446293,4.115617098247634,0.9466341351148368,0.8529879029071097
441o030v_0.32137_444o030n_-0.32137.wav,6.003750056967051,9.218629848509169,3.967180170153465,2.913905735792686,4.658302966698735,2.837398724582454,4.506491645527759,1.64000004088059,1.6670728891033042,3.7027263158574875,1.6283779898469126,1.2676202634063676,4.213487493572519,1.5932714297181043,0.1687123140832593
442o030p_2.2089_441o030z_-2.2089.wav,9.242313689528926,6.110593917096356,3.2967591776967766,4.869877983934272,3.1059410829106366,4.706941303260633,3.154434774160704,1.6719893199499345,4.8137164208330505,3.793574152185745,1.568507470994564,6.3105977383358836,3.0711154499114404,1.3726230437525817,0.9138755583360264
22ho0105_1.0453_446o030f_-1.0453.wav,8.657717621796056,8.971273963139755,3.097089697008547,4.207932572915657,4.434666621324963,4.073981495315777,4.367160260070406,0.9114455151480396,3.4193769859950494,4.172940471189264,1.590780924409657,5.28555679704774,4.839572460002338,1.3720903661668404,0.5320750888177342
422a010k_1.9843_442c0213_-1.9843.wav,5.0771239356106825,9.32018472067256,3.457939441782516,2.690589525991381,4.776131661954966,2.587497996009494,4.667172328045504,1.6485904811199013,1.0324060858066282,5.653799592276069,0.9437276363727984,4.230501560012728,5.482469017449372,1.218873420039497,0.9126877999277138
050c010o_2.2086_445o030f_-2.2086.wav,8.927217322104266,9.868478453026324,3.908223440524104,4.303219891294009,5.059658064856157,4.472603444531843,5.045193905961643,1.338797399223827,3.793446344240813,5.26175373781675,1.410537842315151,2.46549648089407,4.893149980205385,1.4395304680745529,0.2749636069495975
423c0206_1.295_422a010m_-1.295.wav,6.783904192440354,5.16653188577757,3.7978978870615534,3.3728364841435874,2.6351941882599705,3.518716353290111,2.547906939604779,1.591683336792239,2.891188780070157,3.082198233120028,1.330772994893184,1.8509848975465641,1.4327883179548773,1.4403233690499562,0.9134741694831232
444c0215_0.01945_445o0304_-0.01945.wav,9.195934668856957,6.433640525364861,3.065818286220708,4.763519529745879,3.096214587273197,4.686190586503733,2.944820285738915,1.5903255978366448,6.674876042690085,2.5996533562702897,1.382039513202053,4.184013994488732,4.494211373032296,1.3510779715182135,0.5180195772574137
22hc010k_0.19184_447o030g_-0.19184.wav,7.382020004476133,9.291391268867011,3.881459526681136,3.6491456866262326,4.369987035553112,3.618467600447755,4.537196051543357,1.221890800899879,3.3057499408501227,5.072353646630025,1.058112334031337,2.941163116810911,5.735554636632463,1.5479140949653127,0.784047395379573
051a050t_0.36131_420o030s_-0.36131.wav,8.644089641756967,6.292062023756396,3.9411220729239274,4.3324451174775,3.0507795489513683,4.501428337200505,3.032214219650589,1.498430947793706,4.464488732918201,1.7625929051286982,1.525151135539784,4.862332934513246,2.250118660023507,0.9547542502315238,0.6537168779783704
052o020p_2.2672_440o0307_-2.2672.wav,8.726100692180609,9.699476466182553,3.8033648980574752,4.226878148127711,5.044004207406847,4.395148940475486,5.019818665389924,0.92539411355697,2.7373444924469807,3.814740815462324,1.4652835731843543,4.040323113687499,3.144677241592936,1.4673828487143172,0.7968405499178639
445c020o_1.0281_444c0213_-1.0281.wav,6.404419120128334,7.49737668272893,3.0892975722669624,3.156404572438076,3.899543659892417,3.007305651062977,3.915960469715957,1.536027650505237,2.74948626879826,3.3781097563464484,1.5579127726914694,3.0851669907520227,2.0497945754461235,1.2484781200225727,0.5301666352219577
22go0106_0.95857_421o0307_-0.95857.wav,6.555572005972778,6.984368040224172,3.877601073490182,3.3296672455878187,3.525114183873993,3.203661902785972,3.639231025687063,1.0515630259217732,4.063156064601296,3.7323917219885643,0.9544432562329376,4.352645931648734,4.031403175382548,1.54566579727634,0.7473873954659107
440c0213_0.35158_445o030q_-0.35158.wav,9.958668570133716,7.331180433553276,3.2788776618377398,5.190707426147839,3.828784545703027,5.052783365633146,3.7698188477834793,1.5986229849986875,5.259800636218478,5.034990358390543,1.2134369243336585,6.365363627718431,3.598722829417331,1.551292363712727,0.4038696448419753
446c0212_0.35205_052a0502_-0.35205.wav,6.073350841202693,7.796678592424386,3.60590352839417,3.055519563065998,3.675022040238969,3.216525333085954,3.7295852331466537,1.3290579924912955,2.3171311050289436,4.510001546691486,0.9954437401700512,4.363835727375989,4.009311410526653,1.4303137361917149,0.6633568360780888
447c020c_0.65774_422c0205_-0.65774.wav,6.792891969946852,6.58973128376803,3.251385566137676,3.282854536438171,3.464271618230852,3.4456413953415708,3.41527734746003,1.1900827125299944,4.323119259040554,3.4610497049626803,1.1445041213708915,3.602552946406389,4.202120308767748,1.1544674810311684,0.913762341719799
440o030q_1.4878_051a0511_-1.4878.wav,8.328386282185914,5.823318744006286,3.3558158851681315,4.114493281282708,2.8697145852865185,4.168202432317755,2.729659856358522,1.446285883351489,4.054424617951011,4.340041604281588,1.775222823174826,5.017109119688126,2.0608293458037044,1.753525988233744,0.5915543759385105
22go0107_2.3093_440c020g_-2.3093.wav,5.822118822427673,7.80652597960927,3.315733978068528,3.099579518949111,4.045394747660277,2.9650531622825764,4.149330590188388,1.55792167717599,2.8055427332763125,4.945100506643922,1.5573113197038726,2.239016866902954,3.4385285783704473,1.591604008242024,0.9828214220771622
447c020x_1.3773_22hc010k_-1.3773.wav,6.416228604547975,9.434902760381796,3.1773559412704264,3.013049045335207,4.5403578783521885,3.050617964414481,4.685576941560897,1.0083250378869084,2.102130541526624,3.862895201640176,1.037956900425675,4.070652297613246,5.142757731253888,1.352539881657184,0.3733774770657695
446o030r_1.4428_422c020g_-1.4428.wav,6.264847857418301,8.923908898493536,3.487763673305255,3.206135921817045,4.21009687150984,3.3104237766161706,4.31791172828476,1.750599945029497,4.459045374132467,5.148887808853734,1.412496052070066,3.199893074229719,6.052613715739199,1.4102274250647242,0.5317291081935558
22ga0110_2.0102_447c020b_-2.0102.wav,6.59296676926501,7.392290733178378,3.7900065952307314,3.3905389755370585,3.689174765579503,3.4593332239872607,3.544719404376909,1.0189670313854842,5.216185738291349,4.046565244104064,1.1322940582600272,2.582607361032891,3.38215031255624,1.3959803883013355,0.8338082462318934
051c0109_0.47958_22go010t_-0.47958.wav,8.108354361894332,6.598654751778543,3.59225866362076,3.8700167640923895,3.474458532541985,4.016300819706286,3.507639476970233,1.5554576304948071,3.529134960386828,2.588649496825944,1.758727291845388,5.358558656241072,3.273786668874567,1.4110160453888805,0.3337001671758538
050a050q_1.3825_444o0312_-1.3825.wav,8.50024853883059,8.987755889969478,3.7607225506909474,4.10907318578211,4.270044930470694,4.201555466621164,4.412687938469007,1.1196770357343686,5.184044360836313,4.869142200334118,1.29907272004387,4.762872396763609,2.536994677014359,0.9094030189414092,0.464011569643791
444c020u_0.7342_053c0111_-0.7342.wav,9.773904172717614,7.742377655242123,3.673292790028616,5.0627175080209845,3.841819083960762,4.915289982344802,3.869479971021713,1.2630299861872332,6.132571497991298,3.3128795743603234,0.9403137781188844,5.717182956577273,4.633906389913941,1.1417039340152677,0.326274510621466
422a0110_0.53209_420o030s_-0.53209.wav,5.327375626198414,7.632526449408704,3.033116698546132,2.703743396567765,3.565249529766671,2.747787411038602,3.708637551544269,1.3014410996175116,1.5229855552451153,4.047973865369651,1.0410169977398591,3.1640872705559797,4.531740691742359,1.4616665555433237,0.406980236079045
050a050j_1.2216_22ga0109_-1.2216.wav,6.254600101850745,6.312768475232646,3.799959937300178,2.9375292427063653,3.318443193975019,3.106932339156731,3.30420975050451,1.3584245833975852,1.9870776984828722,1.9157723785701968,1.404628051347292,4.015023341741236,2.3566796464201745,1.2022787948810318,0.5771731608563264
423c020x_1.7301_442o0311_-1.7301.wav,5.850456597475615,9.887659686784712,3.614645993269488,2.9660096826355384,4.912979135908113,2.837370772358923,4.835829730448026,1.207525024714117,2.166030981354011,5.601002946491172,1.7112185149119377,2.895724138387578,3.764441180711497,1.4982307427683996,0.3577583755429996
443c020p_0.25416_446o0313_-0.25416.wav,5.818211417174744,9.6986744402046,3.7139517549636967,2.744606266618689,4.666689609636069,2.8383560075612406,4.783783529517524,1.6259150892656935,4.499948973640915,5.070670754258679,1.0033873081976323,2.233171899054965,5.771943039098349,1.5010100750905822,0.8009433161915083
422c0216_0.67161_050o020x_-0.67161.wav,7.0851421083365365,8.169114572449296,3.745803966571407,3.612782118554012,4.064133035733099,3.737896765572811,3.9813905127998384,1.2486182612249914,2.8496203836099125,4.192394507050002,1.678008149733234,2.7240940119413026,3.8051600604516125,1.7612453833480508,0.8843597153818343
440c020k_2.2877_051c010e_-2.2877.wav,5.318111527621398,9.406334620884284,3.1574841596290777,2.605157150539098,4.8368146830909255,2.6130670299475502,4.666998801007583,1.3454796449363926,1.8502592032080298,4.26206279877537,1.5996282717379635,3.4852192613437896,6.1254537095558135,1.174286981671107,0.9775006084907788
053a0512_0.56025_421o0301_-0.56025.wav,8.50399983015047,5.4155610161800345,3.6624642230582207,4.029275876840169,2.858437515371157,4.19863393047266,2.8436777840113288,1.0063976970792032,5.703813864700661,3.29440086303399,1.703031024239373,5.124378031313655,3.036358279186334,1.292465510035265,0.4942097517263055
440c020t_2.0566_050c010x_-2.0566.wav,7.929610849770608,9.734363937602865,3.039121600989976,4.131484980619597,4.835734879836893,4.092831914130088,4.980669142352551,1.1019427188824995,2.8483746227871776,4.736079323251545,1.7046762523230106,5.712110998121059,5.91864595575685,1.11826019150631,0.3742590461590742
052c010x_0.53933_443o030g_-0.53933.wav,7.07732001262854,7.702882916009528,3.546534754081335,3.552183152243013,3.672664027158353,3.6656476404887055,3.7707752390922753,1.7232668217918028,2.8323577628475434,5.032193180966428,1.541199213319166,5.33677244536982,3.0334158932039768,1.5973151465848856,0.2831168000292444
441c0215_0.36703_447o030n_-0.36703.wav,6.121678204499586,7.143769370502804,3.921397656179997,3.0358076729763432,3.7737686429756905,2.989387039118223,3.6102292753842433,1.725827142968922,3.2746554351581727,5.4265903529259925,1.6139707511618684,3.844465519423852,3.8477161657116565,1.2429412582424786,0.9441804239377514
050c010t_1.7628_22go010l_-1.7628.wav,6.320649024749814,6.9822266689199655,3.510334289575208,3.2801911988354737,3.53178858853098,3.1494176648263954,3.4583155812236943,1.3375626382464485,3.290104657940877,4.074756455039435,1.7010856053177563,4.058916022767622,2.225391845253295,1.2672141246078574,0.5961784746870935
22go010h_2.0111_053o0204_-2.0111.wav,8.556228845709128,8.404861782411139,3.552644424333192,4.214677143091008,4.212937614774808,4.269448713286332,4.07329494544219,1.1784015602776263,2.8809735019336604,3.4032515955227454,1.2909980053738863,2.717370939340662,3.813564130989631,1.490440917546363,0.3782518236015673
442c020m_1.7038_443c0207_-1.7038.wav,5.303608055588434,9.600667845986646,3.159412026199233,2.633486289280244,4.785329099277595,2.5126041438255733,4.696517462031816,0.9093515143993004,1.0871023657093708,4.956590944080143,1.267766925374035,2.971922639439895,5.339637949227046,1.681035305480152,0.4191130907264127
420a0109_0.85261_052a0506_-0.85261.wav,6.903572223068508,6.050854569570566,3.584020299267709,3.58313978248833,2.9782865029637757,3.68609790174143,2.869201097524438,1.2991470234306897,3.394779467029941,3.7941683990155455,1.5993030595273106,2.270642637674663,3.791229084257004,1.0067435198744563,0.4372432222570933
446c020q_1.5165_421o030q_-1.5165.wav,5.530821529660534,9.076226880328033,3.762661212102711,2.8144447331423823,4.51336702467635,2.662465775014563,4.589540486501203,1.795618310854206,3.37202883415776,3.6919210051138895,1.6825862796936586,4.2376941423173795,5.778675006610749,1.7705705734301906,0.8266499725407146
052c010u_0.95107_446c020n_-0.95107.wav,9.454150133488072,7.18340789960474,3.180773806929622,4.639224780302095,3.7788665537988457,4.469289014353581,3.783539395706272,1.7893516493715094,5.3827827677751205,2.8656176365570305,1.0512374734986614,4.241561017389138,4.450823599056429,0.9236698107807472,0.6445591779320315
440c020j_2.2366_22ga010j_-2.2366.wav,8.178090090765094,7.06173933016574,3.003226902656837,3.942578081270698,3.630666723534603,3.931477723237181,3.461029516379074,1.0317553008579174,2.8586817522724073,2.4489509351800423,1.750919221553349,5.390558438439309,2.9432608895946872,1.1059896589771825,0.5982746548051163
446c020g_1.0794_422a0113_-1.0794.wav,6.8524939443997805,9.330363750324125,3.144552699996053,3.415047123583104,4.728127098259153,3.5243402065331138,4.597915647075771,1.124251827356656,3.2915668459345,6.334729705702383,1.6606619628259287,2.4172984462291214,5.10413879641179,1.655898207157145,0.8803937499002483
22ha010a_0.95283_446o030e_-0.95283.wav,5.630449301889239,7.407039909741615,3.1108676383387857,2.924144613399006,3.793768082105529,3.086620951795202,3.843782474647724,1.670622560119824,3.9684876561217446,3.0592905211868655,1.3369284550772431,3.593105069146266,4.820360635012645,1.390115952574864,0.526894592109745
420o030c_1.8107_440o030y_-1.8107.wav,8.187863956811874,5.652986549283543,3.8302800554920657,3.927365056180713,2.730590949852705,3.9186548869913,2.580844053548668,0.9313655378034444,3.0045796363853055,1.155576807854071,1.0947239577087535,4.6965537675660425,1.010452729365638,1.728076120287361,0.4627372208387177
22go010d_0.71111_444o0304_-0.71111.wav,8.496276162017045,6.204452035825475,3.072348511612211,4.197525347111865,3.0425729922283424,4.04946253984051,3.066602247375464,1.0279367197043472,3.9328139037577547,2.516508281856801,1.2219788394244486,4.7861769773928975,3.9994591121763494,1.2850110516389526,0.367168128241168
053c010h_1.6163_445c0212_-1.6163.wav,5.799467098835399,5.554891400503844,3.2045259159830706,2.947024623335168,2.680701209542748,3.0695489647397425,2.798547659482384,0.9836645861193476,2.8840485682148356,3.8294022483969354,1.7811311138189108,3.9484822502773884,2.2848170356571904,1.3388979326485762,0.9127462632956268
444c0201_1.9484_420c020r_-1.9484.wav,6.591778938916155,6.73685972980956,3.4435456365490973,3.1832600439316585,3.575416006121312,3.329729521995693,3.543063386511001,1.1641070563914209,2.583168619615806,2.189024639510059,1.2978871913811072,1.6174166524301519,4.0032294070076215,1.462287599971995,0.3488472256454126
050a0508_0.19796_423a010l_-0.19796.wav,9.764450875310866,8.467427155171015,3.875958892226424,4.795069140575269,4.106987622122245,4.895545546445462,3.9956121676297567,1.459626246215656,4.282129471289082,5.021830638687337,1.64579094894096,5.324653896792084,5.401384924947994,1.2612413774241067,0.2553141363772779
050a050p_0.0059009_442c0206_-0.0059009.wav,8.506512859826131,9.92363943620245,3.888655329184596,4.202137996802688,4.849812981932099,4.046320861850275,4.781834893879981,1.7502880790866246,2.624912313287549,4.753749871228828,1.399652018820924,3.3121918567559483,5.366866397675394,1.7151940357195308,0.7250983379839597
441c0210_2.492_445o030b_-2.492.wav,6.831865144566018,8.09734328916214,3.662791242245751,3.4214315691453314,3.9615785987625625,3.566267408131809,4.000598846648537,1.6975745100384934,2.843003296564039,5.621757073656517,1.2672617212046902,3.6013283614311273,5.0336047852201755,1.365721338987135,0.2919772660238949
423c020u_1.3686_441o030o_-1.3686.wav,9.092269735267442,6.395451136005358,3.999134216655764,4.372939134604425,3.210085342620816,4.359125705689729,3.3795232049232498,1.2141398170168975,5.606541509091255,4.456210338972408,1.1786563937987782,4.899703289813217,4.169409431018456,1.003722726013634,0.1457662575947525
051a0505_0.54979_442c020k_-0.54979.wav,6.516496519875366,7.888741439243301,3.84513489192483,3.164913837156516,3.7191456722937617,3.0932117016974336,3.873284582925073,1.244142963660002,5.086709848647491,3.8089883135882996,1.730051862349117,4.215301860797717,4.610687039063974,1.3189104370149614,0.8595406996054866
22hc0102_0.50072_050c010a_-0.50072.wav,8.667216887872083,7.418582337157441,3.2040529951019776,4.39364944212749,3.795014372277091,4.512912474536906,3.673868472220544,0.964828579862018,3.7028493310690807,2.234175445499292,1.5645935079965094,5.376595376597814,4.085602469149504,1.6436421285591072,0.9670512350872724
051c010m_1.0549_421o0301_-1.0549.wav,5.837166064826648,6.947771155481577,3.9355728231543337,3.137956919684226,3.42354633509743,3.0113901929746434,3.343042523448404,1.097472791182193,2.4340010336988063,2.3939576082633605,0.9932761275427662,2.4088337316026722,2.718032790514677,1.2057030481394992,0.4228043381441553
050o020x_2.2523_444c020n_-2.2523.wav,9.314323726748924,8.781863453912095,3.132067547620481,4.842052725540399,4.298682920561149,4.672856823925982,4.2821678705495865,0.9954773820720446,3.507101487898863,3.1899143386555764,1.3655107042780088,6.383519743880809,4.526832215532177,1.1915473942227133,0.5615559147435308
22gc010j_1.8752_053c010e_-1.8752.wav,7.878521189716643,6.697059313463739,3.458355733954313,3.933478302986969,3.187714085039113,4.052288217694823,3.3093043978403904,1.526351143303292,2.3826345717423547,2.8491886555030077,1.2784171374662674,3.190987396674151,3.4952468634464156,1.0366880317035634,0.6715253412674953
446o0303_0.2656_053a0505_-0.2656.wav,5.011659534748595,6.871501392127117,3.197632385061273,2.6721997639757964,3.647481343065152,2.670199379033048,3.497494682124651,1.2560868082534882,1.8556525896447045,3.2831054857789352,1.1008799560329623,4.212497002463447,4.6931802022977935,0.937840190846472,0.3708215534928081
446o030h_1.4348_420o0304_-1.4348.wav,5.5839439423513895,8.002785336737485,3.5126420476691127,2.913111815777869,4.167588469372962,2.7632285526751192,4.161671760687243,1.2153048862824465,3.3750881109321504,2.815885816605766,1.4619241733046962,1.8656461366324328,4.426897442305563,1.2141165442182436,0.2360448134792251
444o030s_0.54473_053c0103_-0.54473.wav,8.774779204277497,9.641959651945587,3.461933909514105,4.458149392161375,4.915841760884576,4.315652577168831,5.008549137705304,1.3938047633789692,4.680696417643295,6.394411829305473,1.793974491607714,2.5738426364613733,4.331617480869176,1.1366073784427009,0.5835249614832556
050a0513_1.7662_447c020d_-1.7662.wav,7.205773821106804,6.448592706480755,3.4035166875248626,3.695596464537356,3.208186023420184,3.783655840566995,3.0867547824100106,0.9956536673508528,3.2276662816426414,2.2062657753007104,1.637185871836512,5.173606131988176,4.105646733606107,0.9851040533376348,0.5757452359267965
423o030u_0.10736_051a050w_-0.10736.wav,8.301176542926004,8.993841635731021,3.533859524578592,4.152979718468904,4.641526041829793,4.140235141852456,4.492068436580452,1.569265009418776,3.343880353719753,5.789960803666914,1.507296492346475,3.23486643843507,4.996978086248404,1.5001418354387617,0.5664794954193992
444c020e_1.6195_22ga010t_-1.6195.wav,8.792466139085667,6.772849749448983,3.2189472241617776,4.502937727619335,3.391017362229084,4.6294084610907404,3.47167189449606,1.0692885382033,3.3186586596016365,3.2847235855155867,1.075078838184998,3.266795995706067,4.476976009739781,1.0511676696262024,0.5834147744567435
422a010i_2.1917_22gc0107_-2.1917.wav,6.727213398283413,6.297002276767438,3.597141022244199,3.489366794544373,3.128265319001534,3.321842849648159,3.0993563604175534,1.0964487820785944,4.558410236751265,3.2636841184116707,1.7319591403054928,4.74955099356782,2.9816448540672376,1.09380133844309,0.9075811886215308
440c020t_0.695_441c0209_-0.695.wav,9.081900517049888,8.729667379240697,3.9625273692613456,4.423092220545769,4.319399344349127,4.2865083212606585,4.257392582975267,1.3093889723971226,3.329233303982238,5.266086758410577,1.4660771352294608,4.493559431942898,6.242880504954336,1.1109720779490837,0.4254533619800041
22ho010j_0.5387_444c020k_-0.5387.wav,6.035863085643557,7.647246427939437,3.739527076242253,2.74905787054626,3.679931846048109,2.9087544599259028,3.621648063222097,1.2322492603956965,2.0603509878176487,5.149757034438459,1.3956728669600094,1.7353577972724756,4.961186843023089,1.301011626983143,0.1156018144689832
423a010q_2.3735_050a050z_-2.3735.wav,6.364624167104854,5.9372323990533165,3.521491865471285,3.1524638711932496,3.187261987047409,3.254556297056629,3.051331355542476,1.3998323579877296,2.322773764377608,3.6526350702862653,0.9096687101089256,2.1838360894752884,3.7981016458452546,1.20349399941763,0.5768023713041875
443o030v_1.6269_441o030f_-1.6269.wav,7.870192688319012,6.199960872278345,3.77860271832926,3.6904431271835993,3.2284970613493056,3.84030067938981,3.148230542508864,1.320484465978867,3.0485938991226855,2.517612011221063,0.9736549393935896,3.7615479167500854,2.1803061086063478,1.2201814424436974,0.8581840115973922
22gc010l_1.5676_421c020z_-1.5676.wav,6.741744825057163,8.145983922420932,3.045089904205406,3.6346454699099815,3.8527283598943782,3.4713374443196634,3.8999564106459386,1.2115631602420431,3.1977864867434045,3.0325193952610707,1.5616394285641904,5.412293172737288,3.3228334892190494,0.9595554021361506,0.807078799571948
445c020s_0.11636_052a050k_-0.11636.wav,7.839437443459187,7.5458343919707875,3.875788439084774,4.016477744333478,3.809149768498867,3.901199769381682,3.9340937098926494,1.499151878462245,3.984352696908706,2.327094318653633,1.3932775787481422,2.049079093823813,4.4466318069314,1.1786043071990966,0.5699964949669405
051o020d_1.457_052o020x_-1.457.wav,6.71274649587582,6.017399318544299,3.600383655832234,3.2742784348237146,3.0541476235386504,3.1391618677185145,3.119289877826523,1.5876027933486023,4.58133710625993,2.666702500469876,1.0159124216466642,2.6164120723041653,3.5702110685014006,1.791688756882999,0.569668799718856
422a0102_0.43287_440o0303_-0.43287.wav,9.274430259690368,9.911744984135392,3.9024070143354006,4.560280506314946,4.695925459861506,4.576546501638942,4.845040909752253,1.083371258095798,3.837740973912414,5.663208278865431,1.0936563700063953,4.41595503177967,3.783700765544259,1.0126629268497511,0.4025947545353313
446o0312_1.8188_421a0104_-1.8188.wav,6.136322722920982,6.870993245878762,3.258188879496858,3.151952262515364,3.4212787334041708,3.0840312545784827,3.2875374283378678,1.1732532296883005,2.5647831716503133,4.071837824695529,1.610410587001665,4.745763284346948,3.2508224363263505,0.9061333586137018,0.4451844542011989
423c020r_1.6961_442o030o_-1.6961.wav,9.271514038706009,9.460505023294369,3.3663957910027995,4.612811068725632,4.601348835884421,4.444416118312409,4.57804345720635,1.382419059428289,3.3701136398237654,3.934071962441756,1.3874744357115285,5.331182643541643,4.109142845021033,1.6534177259901994,0.6976003323813824
422a010l_1.6002_440c0207_-1.6002.wav,7.071826318968413,5.42762246114831,3.241658992397871,3.4247601706810875,2.753470164239536,3.409602637108993,2.9227930781525995,1.5993342501612204,1.5058970432670782,2.531971343904605,1.082108493926922,1.7969961668582897,2.2834603389761017,1.331264996456412,0.125990312876971
423a010a_0.49897_422a010h_-0.49897.wav,5.4499539066128975,8.119074253768712,3.8802211033074823,2.9165655316948627,4.089849688718305,2.82043692497907,4.204998683376878,0.9355887107294584,3.379909581436373,4.558039837301367,1.2226783971083608,1.8661938709658852,5.649521018347315,1.7380490229474836,0.2125398771728009
442c020d_1.9817_445c020h_-1.9817.wav,8.253163866735001,8.95703399379295,3.680469974514824,4.099376062077759,4.530591128606655,4.214670047390031,4.434636467694254,1.1425136152588422,4.803878375877803,5.566560907724152,1.0318456932216626,3.818258474900342,5.52324452407539,1.2543267244546503,0.7082654548875307
447c0205_2.2338_441o0314_-2.2338.wav,9.035721965938317,7.813670518225226,3.279344169580097,4.479991932572901,3.959556685119897,4.373097359128554,4.064787622434696,1.047940265771305,2.618788083897618,4.103486321697695,1.583277279234625,5.891450147627008,4.628611453972148,1.2484808136903924,0.3868504187210938
051c0107_1.4914_446o030l_-1.4914.wav,8.70754549274902,9.682305519534744,3.75299420358626,4.356035112613921,4.861699158439705,4.229925466720016,4.942917119584476,1.390603580260817,5.090622404179285,6.555935163017568,0.9109185994372166,2.736683691973065,5.987153008101511,1.3165556430220542,0.4784031634850515
421c0214_2.2541_423a010z_-2.2541.wav,5.968423472591806,7.762353688952794,3.4090263883102674,2.875940099996313,3.9822911137459487,2.7764615401587034,4.1201461685413205,1.5349188480766995,4.736883003115832,3.672178074028092,1.5458702663831856,3.3681954905286853,3.16497901460701,1.708231744811187,0.6835068821565233
446c0207_1.8079_441c0210_-1.8079.wav,9.481917145091614,9.85842518815928,3.464146832833443,4.706954010069897,4.848711939387329,4.729059173428074,4.680155237494736,1.3399362633666922,5.450659710599413,6.31055635004161,1.46595591857177,4.119550715573096,4.0097094820987325,1.7177506646594205,0.5207946241075779
053a050b_2.2102_447c020j_-2.2102.wav,9.934296235566396,7.199674644866152,3.4195227600472946,4.916202332100196,3.4459577747003243,4.85841685307111,3.605835347903633,1.3268011783199052,6.3693986520211565,4.176878660849043,1.686079856270767,5.8307967975775945,2.901379576579045,1.3192811059098013,0.7926727956865716
22hc0114_0.48731_443c020y_-0.48731.wav,8.897536164005462,9.59875834452583,3.5685493068780496,4.66423553283624,4.52839824860485,4.628224620292419,4.694540399119887,1.3658742226187202,5.209052591251835,2.9579002116072517,1.7574996728952763,4.436208969094531,6.122979260171051,1.0046501668102938,0.4045872910509049
050c010t_1.515_421c0209_-1.515.wav,5.421054917084167,8.482808258595025,3.070654286693202,2.6326678370875216,4.275150460294556,2.773749403761694,4.18030325925646,0.9339722652775648,2.568646630049638,3.48792949622953,1.2273434456028356,3.3578348098878803,3.867572548182538,1.409504278053205,0.5872133603947445
051o020c_0.81171_441c0208_-0.81171.wav,6.811507014854419,8.72040935313773,3.3667793377719235,3.484572076395454,4.322975728113422,3.636888018479696,4.398473104140603,1.2246295331655306,3.9102430276440967,4.966847778393379,1.0073983208578876,4.97475427708718,5.5349754391873045,1.0207824476765517,0.4076454837239706
22ho010u_2.0704_422c0216_-2.0704.wav,7.067125689937081,5.633701045217432,3.5890614443359463,3.6683381420893753,2.8566331811648844,3.515585162446396,2.9312423442093225,0.949695446589456,3.3638334079756227,4.800141231020584,1.347359046648101,5.216024210875756,3.408036188999784,1.4138056387011444,0.9860758782972168
447o030v_1.7882_444o0310_-1.7882.wav,7.659693666322668,5.7150564449011,3.358214903572454,3.694560725210842,2.955375627029767,3.789006003209543,3.096726571362474,1.2344296504859928,3.2110883606934575,2.5546162033319413,1.397191787676578,4.6393862358287175,1.717392922160958,1.4992457273318949,0.6409745387960288
050c0109_1.6965_441c020p_-1.6965.wav,7.927034875731388,9.16704202587688,3.0734498198734164,4.047677763314045,4.701988592055464,4.104507508256068,4.541768805231786,1.714747745714933,4.365550402367324,3.3514154181854097,0.9607432008583792,4.211946031292681,6.475027350971582,1.7166693531191972,0.8732576198701769
445o030k_1.4848_441c020l_-1.4848.wav,8.366716221638955,6.618051918611625,3.585376817916885,4.181915032319108,3.1515934018560623,4.131437008868413,3.292844841312484,0.9109303765612904,4.507655899429617,4.285561652084789,1.480123184817928,3.046813473319265,2.2212278578352,0.9922749712674864,0.5046035005635323
421c0207_0.95309_440o0301_-0.95309.wav,8.436866258666226,5.074214576788695,3.398498154770733,4.240780398068407,2.3250365487295244,4.100512655569447,2.4210832062155903,1.6581838734677872,3.1425175625089627,2.6016156053393193,1.6304166519617749,2.6170510518647645,1.1711653038688457,1.7406674815152474,0.8389688983959348
445o030c_2.1632_420a010k_-2.1632.wav,6.638979851713636,5.2517037840854215,3.2091722197718213,3.31593956229756,2.584693077751992,3.216798917733245,2.6972592031866545,1.414151172444024,3.0327789105468708,2.0011155730882684,0.9405351617703596,4.95460124587685,2.1358977361298797,0.9194247062904206,0.3326586689998235
420o030p_0.79949_443o0303_-0.79949.wav,5.467179474232646,7.277743261657338,3.866416751841892,2.593055237406459,3.496541212353304,2.7513872906809165,3.519583801311456,1.6666300284368547,1.0903968108989042,2.2472308187520484,1.0405240177654589,1.538953601422168,2.288056459870547,1.605909111999289,0.4033407673974874
420a0114_1.3815_053c010v_-1.3815.wav,8.675043620482318,7.610931200350617,3.3469822294022102,4.281871811742557,3.6221932124193095,4.398760034304979,3.745632037049966,1.4927726092855178,3.835677527771303,2.640593747324994,1.4005258845516997,3.686203365464317,1.9711151653031398,1.2415210521891828,0.8450648986756685
052a050e_1.0821_420o030o_-1.0821.wav,8.682821989393602,7.229527608250973,3.3569237564333445,4.308640158773367,3.420293795559737,4.4743822295117495,3.458103397347551,1.0335166119116366,3.823954291642196,3.0744873793455354,1.500707261496707,2.8610980351712243,3.4588682652060334,1.3928588407018436,0.8135160347019541
440c0206_1.3471_050c0110_-1.3471.wav,6.06787916244245,8.908780219698725,3.9253322586002346,3.235552470645344,4.579642098441512,3.11655274940781,4.458237541915039,1.770440506100155,1.7991693333708008,3.79440084803059,1.3541778075860298,4.078833048814802,6.002407855622305,1.5826564761233683,0.5901415695766381
423o0301_0.52128_053a050z_-0.52128.wav,5.258348858633884,8.403621347527155,3.561093067414733,2.4698161873443945,4.014441160277946,2.4184248554723413,4.176487237084564,1.402654370759107,2.6084014303698533,3.245273587432985,1.0700248658760474,3.9863958887888717,4.663962393623505,1.4928600196952524,0.4479588195766869
440c0212_0.76751_420o030o_-0.76751.wav,8.426491735946614,5.2436164181145095,3.984840015815229,4.114442176554886,2.67854165293585,3.9530733640451943,2.732021615063847,1.5994908639679468,4.537769267110442,1.050748391004965,1.703101483969704,3.457126310143753,1.890913107588196,1.7512493863663596,0.2751178344060033
445o030b_0.2065_050c0106_-0.2065.wav,9.111712740827308,8.337708317689437,3.194818339405351,4.564232940825753,4.15679512133004,4.428466335641619,4.259105574934623,1.3226346471259465,5.5859837489326445,4.266615523058586,1.2734157719431172,3.024416941574027,4.056216281268504,1.0576299511719356,0.90324207071434
423c020m_1.3376_22go010l_-1.3376.wav,7.724438950407771,9.678084865206824,3.059287047965945,3.811378518081906,5.029431877769273,3.641378522426816,5.029393442507981,0.9234469457868923,4.167958840659078,4.51914233390458,1.2191295517859448,3.959799640422719,5.660294416152898,1.5175703277174586,0.2088585935848239
22ha0102_0.22055_052o020s_-0.22055.wav,6.660075077711303,5.757759618415161,3.4184663710540537,3.2033493721314787,2.8504795567883456,3.0802924253674044,2.7482201422921557,1.3808574913890277,4.534306353905119,3.07140637482725,0.9575467124154456,3.7681954737233947,1.7590054729586613,0.9120218666609669,0.977706903369182
053o020e_0.38152_22hc010g_-0.38152.wav,7.335467026457657,8.140467546425606,3.80180810330372,3.559090404518085,3.9433035961439615,3.6857059574476674,3.862876599704108,0.9280654713993493,2.8614305369413886,2.993030591192512,1.0633019415296598,2.711295362228086,3.268260050425111,1.1368940780455312,0.3856351845962102
447c020k_0.082782_442c020g_-0.082782.wav,7.50711366168827,6.463497380917024,3.2030229302955133,3.591826020488336,3.176400352183381,3.736608050643962,3.265496725532781,0.9998828997128854,2.1809607141353458,4.041675018273172,1.745331362894956,2.4869927649783348,3.889391963865599,0.9410500509952912,0.4564179550790994
051a050p_0.13839_420a010g_-0.13839.wav,6.605102377139104,5.716025970517091,3.508003048804734,3.097253606192789,2.642803752121578,3.2398152128575,2.715441127522787,1.1892688130071272,2.092347784155785,3.3853404306218136,1.270164637375438,3.8369372574435694,1.3388766445246398,1.6359751450174929,0.4962828618188937
423o030k_1.6268_052c010i_-1.6268.wav,5.643888806352527,9.696040486932038,3.757182157685068,2.61440930514162,5.062904422783897,2.6792414765680483,4.927638796891233,1.134305537992497,1.7107343931499877,5.166611929807806,1.191532253163527,0.7954091329593568,5.325223546646807,1.222967756246931,0.3948368885556292
22go010y_1.7453_422a010c_-1.7453.wav,8.178188525007847,8.12189629515198,3.3650613866881134,4.193751360731121,4.112790642552979,4.086394942136994,4.008030920394879,0.9542364189720692,6.0247311951707525,4.157268844502862,1.6740252239055065,3.292202554750253,3.7022600644905106,0.9756919457768438,0.678223559074693
22hc010i_0.65277_441c0202_-0.65277.wav,8.98730531152186,7.99815512848641,3.411629609325604,4.650989595318347,3.852790828731126,4.481605499280681,3.867248629722379,1.5387089734185784,5.512714004273317,5.439163038746399,1.0335962207251008,4.987343902061704,5.1466746663522525,1.091292460496475,0.8773095941692557
422c020k_0.088435_441o030y_-0.088435.wav,6.39960908186872,9.606706871847042,3.571386476514561,3.127943445361369,4.800406180978765,3.275324064934114,4.828315910005646,0.9853900653397322,1.942464872504233,4.643969961160619,1.5201899385343771,2.449052527163446,4.605826573455752,1.1693456771669066,0.4910042196888711
443o0301_1.8891_050a050x_-1.8891.wav,7.17012716890691,9.600985674248578,3.95447297912588,3.844243022286567,4.848113255308562,3.674469802369421,4.8568912846411925,1.491308928087668,3.039881506308334,4.99678763179471,1.1423184643685218,3.9892921421090044,3.815776895399132,1.0938244416962148,0.5356833825583106
053o020t_0.34557_447c0215_-0.34557.wav,7.766645813763564,6.129019445935334,3.980549718519829,3.851419897281759,2.9488416894313416,3.986753715894298,3.01353139139192,1.1275353319289394,5.5723262590452025,2.472159761506632,1.760503157349344,3.526163143863033,4.129734363183334,0.903383559268109,0.902430508377702
051o020y_0.39095_423c020t_-0.39095.wav,9.261337140774147,8.037116921622001,3.5236225425615637,4.66646097350363,3.8357673648737,4.698909271388276,3.982215676452869,1.5611413504976135,5.279595412405185,5.605439141231319,0.9904722276019984,3.5099772629823485,4.07853377625711,1.1793953087937084,0.4731300075927381
442c020i_0.72623_423c020h_-0.72623.wav,7.859567419542087,9.766492740028127,3.959000222312511,4.096278598041223,4.786893901975101,4.07127694346491,4.61874243076998,1.5882207459237585,4.278715449688208,6.717549973540106,1.0200229303050177,3.2741109182929526,3.0203596700969633,1.5358619372849915,0.2412300370775675
051c010v_1.6754_052o020u_-1.6754.wav,8.687497629701804,9.785088940314624,3.4862106251551075,4.06368513004344,4.767098716679004,4.233416120451195,4.776658575213637,1.7784719949786978,3.950069832807315,4.156608722876007,1.7917062790584883,5.493590033394742,4.98281959410771,1.6901487116208798,0.871880353770702
421o030l_0.37189_422o030o_-0.37189.wav,9.045535650783172,5.911857414441673,3.484381554866892,4.407753666578061,2.6859373804838507,4.445594437112184,2.8516723378265425,1.7928639305058454,5.046526318823203,3.8385892300262046,0.9136110455477208,3.4391021100877293,3.597411815069319,1.5706961576814074,0.4270913137775147
053o0213_1.5399_441o030j_-1.5399.wav,8.378673177768228,7.136769328402048,3.1803315685871376,4.033048626182639,3.5555358397050925,4.042270021057334,3.705252124312228,1.083540337502991,2.916973788243082,2.6657621733691284,1.0775973993315189,5.32314709653441,3.020136508393954,1.6631004925341155,0.8048316756823537
440o030b_1.488_445c0205_-1.488.wav,9.00557147786584,7.45845908328635,3.268402233855967,4.76241588223567,3.5847501004869184,4.595361679191088,3.5532398919008217,1.635926291221108,3.4925754669834257,4.717116004627048,1.479340649987533,5.499010606596187,2.647696709979896,1.6304297063550734,0.6656406579200094
444o0312_0.27954_445o030k_-0.27954.wav,8.727257718543996,5.725105646976874,3.4721972044199885,4.24127448701296,2.823534903815774,4.235688766035816,2.993443113509024,1.40821543354462,5.102771888846463,3.6394941527033526,1.0784171039372288,3.1217963584449917,2.270019874600895,1.713505548665883,0.9459341878714556
443c0214_1.6419_050c010e_-1.6419.wav,9.790407184171794,8.063033523818035,3.684903051125393,4.991765139373993,4.250353215682592,4.851681111523688,4.196720528436519,1.6838876302679453,3.1998640472985866,3.2928403323090394,1.0623896503542505,6.486484423834938,4.5782418017049755,1.4622878471729326,0.3744519525283545
423o0303_0.017372_442c020c_-0.017372.wav,5.360256953398838,9.325439855303053,3.305035459294372,2.6963132384048,4.644791394837705,2.7223436829284857,4.792515515948306,1.5340284404441409,2.1915907153242986,5.315973763299599,1.7125418807617792,1.661097596193368,4.285068359127209,1.3089783421827033,0.4360637039980204
441o030j_1.7373_050o020p_-1.7373.wav,8.36316114078951,5.276110963598521,3.2169372656954183,4.2804608267043545,2.492166721330487,4.185770400487515,2.621138513528911,1.5860711817126996,5.3944558316926585,1.1783332635134873,1.0036697375445285,4.484728863017982,3.119610129950239,0.9999157611812276,0.8865904589709164
420o030i_0.39328_443c0201_-0.39328.wav,9.816653114490592,6.620189014470871,3.020389661895192,5.068979149915854,3.23717871423344,4.904949035700985,3.1925231252141804,1.540461812374685,6.677590195121373,2.7212093948754603,1.4749692822601532,5.307458830449528,1.5750089550443604,1.7927915341101903,0.5322801516759094
051a050h_1.406_443o030p_-1.406.wav,9.706645010146309,7.297829467222908,3.0162574545988563,4.725754874048236,3.759810657688664,4.732568110137662,3.929674072860942,1.1373019826961683,4.821108189891404,5.616610590267632,1.6541856784799158,3.859917499089551,3.8683536134083973,1.4929058708038374,0.9280338438443376
051a0503_1.8797_052a050j_-1.8797.wav,7.734580635771772,7.547777049406273,3.5380585181112165,3.7167019160855785,3.857113429143195,3.657439719373496,3.7193165059523694,1.0740654703305172,4.242958835118735,5.135291715883677,1.6521728091547765,2.739992058205359,3.6375900683216242,1.4135307517207731,0.4856877739955088
053c010k_0.67451_423c0204_-0.67451.wav,9.181815164780312,8.973004590396306,3.4564228956447547,4.607225878249723,4.403621629835279,4.565795427193013,4.547786527522745,1.667890939244014,4.89487845901454,6.147026310708974,1.536930272237246,5.174007414333246,3.176943616278061,1.586580198715624,0.4278345428577048
444c020l_2.2046_420c0213_-2.2046.wav,7.449188672076882,8.82734681023447,3.132054856989157,3.7160264491210793,4.298219997294776,3.662562006825002,4.158071670833239,1.3930033922761575,4.089071547874647,4.972606396366531,0.91898115167213,4.6694422033841105,4.347577196026156,1.6710099678223571,0.5598334827165194
440o0313_0.35151_423a010w_-0.35151.wav,5.880237361119934,5.719643303624827,3.938967141922957,2.860715315953981,2.9500183701188143,2.799994927539297,3.108804498073273,1.146142230022069,0.9315499508702941,2.9851502576736113,1.0716776184672487,1.9183908334950774,1.5913425569410602,0.9953683055781782,0.1891911361034782
422o0308_0.062848_423c020r_-0.062848.wav,9.36259998564377,5.167710186290473,3.3606194439901698,4.747059485311369,2.4266152360792708,4.890315470621901,2.4710868300771125,1.2953488461302871,3.188207349271255,2.895997000715842,1.5813152929758534,5.651583639772013,3.0929954180668786,1.38490083693166,0.568201572828453
443o030m_0.79886_440o0304_-0.79886.wav,7.561963305227112,6.264868507207774,3.682295575807848,4.04021331690157,2.991619627286528,3.878039079552808,3.0426050834514724,1.2627841172840772,3.2747370663094473,1.3789072065013734,1.1204366284010348,5.674827589599307,3.0839152502735137,1.5731632440451189,0.6495084356860535
440c020m_2.0792_422o030c_-2.0792.wav,8.42719799250812,9.169318866718328,3.348800328318575,4.400690222952084,4.464055471299132,4.402896957879746,4.314071704440985,1.7021103147130685,5.133826316652927,4.765989614098138,1.3043642904273174,3.388349106427874,4.176824366529338,1.091952309219593,0.3648532768337023
052o0209_1.1478_421c020d_-1.1478.wav,7.569338482733551,8.69931488014542,3.8413336357440233,3.717881494289387,4.6078022975660025,3.7960070489728817,4.4568175377211885,1.758978143839634,4.374920899748472,4.424083450295905,1.7520568414250688,4.977241976763325,4.7523155797061944,1.2868395910365953,0.9915773913443232
444o0307_0.90691_447c020r_-0.90691.wav,9.592842044866067,9.0279067459119,3.2985024729489814,4.93969747798838,4.437819406877946,4.866338583355812,4.568656987787591,1.2333831809024252,6.324303306856307,3.938343273330854,1.487731604337887,6.286734476009973,4.688698297957241,1.3225926811560944,0.4059946875720752
051c010o_2.105_444c020e_-2.105.wav,7.844608302037564,9.813372481633529,3.589805701341337,3.861638186431801,5.074288075656789,3.940462530130902,4.923666952170055,1.4843725323579309,4.544475819677637,6.2716414163855285,1.5061613086509988,5.334410360212129,3.9310155135599514,1.582677188760491,0.5615061176069022
052a0506_0.55077_443c0211_-0.55077.wav,7.332363432228275,5.08157607376629,3.13856201607367,3.787361907245172,2.6025699005835548,3.894682069083174,2.4707276354973358,1.331819050558252,5.231261439051609,3.2257570505957713,1.3861380330088162,3.818531572497605,3.458249025671457,1.2459551880381514,0.9244801147794752
051o020q_2.4659_050c010m_-2.4659.wav,6.6062206895984845,9.985304410098824,3.937920004072326,3.219008734626512,4.911257047700537,3.1031580000953918,4.786843996501719,1.0039228540704532,3.518902616281796,3.68039386443749,1.4015962614154214,1.5570098391793534,4.410066556755619,1.6631395125249622,0.7521397178167204
441c0202_1.8694_052a050n_-1.8694.wav,6.299367161634136,7.427660541186805,3.2962554468870704,3.1950983283215098,3.874457613226301,3.0989105801241768,3.734286585204364,1.6653513583465376,2.164183593888265,5.077877735931454,1.5355525120364075,2.8935100575878208,3.115131538896546,1.1507393879334005,0.2550753585167733
423c020w_0.36765_052a0509_-0.36765.wav,5.950499672117383,6.993371986027997,3.5421165807665003,2.972001071290156,3.479121477102251,3.1196116054557064,3.3947939596280543,1.355144915750257,3.9158453358512384,3.0347215271000167,1.5316071599655343,2.05894295225823,4.079415833165321,1.2388381559850972,0.9718157901975952
441o0301_0.81314_052c010s_-0.81314.wav,9.406184886536952,9.288674603728822,3.624440019507716,4.851941075813191,4.798159237179575,4.864267355834835,4.628606700127404,1.2662502421824136,4.012215926234285,4.790017173718218,1.1020899901821184,5.514812865526865,4.742186337620267,1.133050947960096,0.999248792370898
420o0314_1.5694_051a050k_-1.5694.wav,6.640507186511298,5.730588751721613,3.126354185082755,3.1969621624203906,2.8094131156656745,3.3031028207962536,2.915404439081973,1.2600327033250585,1.3898552294924393,3.19078054747083,0.9966491330098451,4.0702745459987435,2.293789491039424,1.064888269639935,0.4062597736745144
053c0105_1.8622_443c020s_-1.8622.wav,6.439881688645986,5.602276616557424,3.2415670177438485,3.376431712817732,2.936217048064235,3.4330616790930426,2.775926540174163,1.373086049678056,4.375144673488157,1.9131319192647827,1.044912921626886,2.323611796709471,1.2352390940196039,1.4178558552869038,0.7583255785932606
444o030u_2.379_22go0111_-2.379.wav,8.698526359511188,5.111133506456055,3.985264986270457,4.400707864478944,2.5663318724111823,4.310122419154139,2.710186928267091,1.4840252592211507,4.786596101022498,1.2487366790521734,1.0980774692626003,4.502718107671538,3.6818668367460257,1.7912508963878708,0.4210436573404462
22ga010h_0.060887_22ho010s_-0.060887.wav,5.450952504552766,5.492274556906002,3.680866110351078,2.5713375625464185,2.7277046642270104,2.7003066512300653,2.8043008401374934,1.216326631800887,0.8240457684663497,2.7073920126531146,1.5297697706684947,3.741245358791785,3.425614904156371,1.4152211247567048,0.429207640206637
441c0204_1.9549_22ho010q_-1.9549.wav,9.255936500708078,7.05325085226092,3.769893371337931,4.710637341110197,3.4528240275637985,4.704474674725074,3.2829357656295914,1.7767720588880431,5.2098598213803164,4.28518790352323,1.682585771820046,4.507464334575373,5.265137135931769,1.2971927906424,0.8965688097334573
443o030q_0.61719_442o030j_-0.61719.wav,8.769435214054441,5.014293572812496,3.029289025530423,4.380274051932108,2.703227255884903,4.445935382754612,2.568362176510672,1.030915857640938,3.3214845274154623,2.867799239679728,1.793366238830382,5.653317982900555,2.2189480990478025,1.0641307886664353,0.2840965355780018
445o030u_2.0928_420o030z_-2.0928.wav,6.956927243147079,7.8951027412787775,3.202343425133748,3.738731153148712,4.0811880829272775,3.5916620449235284,4.051680839649582,1.702520137470176,3.283573087513144,3.6025950010088033,1.4224167500564202,1.9630471409272172,3.3596594229289933,1.794233052447742,0.90514532390259
443c020z_0.31828_050c0102_-0.31828.wav,7.172777669487608,7.083962044301155,3.951242425053565,3.705910552750056,3.45040683385481,3.5887903025425385,3.3271881380683004,1.4102747978079038,2.533641902855212,4.148137943139949,0.962104119956823,3.6816282101012177,1.5582354065457138,1.492196742945561,0.6121275385216393
442o030m_0.59084_440o0311_-0.59084.wav,6.255041899260651,7.340123758410629,3.137939818938844,3.0540535333595304,3.669427471655304,3.199599778931341,3.633146755014777,1.533391982526647,2.8136863382806143,4.792352195438614,1.6923266022869383,3.7804361944895937,4.689819654473973,1.1446378608304264,0.4673512576346887
423o030w_0.58397_052c010q_-0.58397.wav,8.582482702458334,8.67335917265467,3.658130656964556,4.126159768818055,4.134139555332078,4.229178634743378,4.24316759421869,1.3298256565825992,3.9155523297158292,6.031272102924308,1.4148026415593145,5.481363250609231,3.5779895910010544,1.33982668239641,0.7575810580268086
443c020z_1.9616_441c020g_-1.9616.wav,6.495379192306158,5.995054791199847,3.989753602804903,2.995194254671139,3.1318282173887457,3.1305912289863453,3.0672708061466007,1.28159532029609,4.0243538876357015,3.319880835194948,1.2694745048264675,3.95526210030162,3.3548456851167927,1.5397808245635636,0.2262484725464395
421c0212_1.6791_420a0102_-1.6791.wav,5.6922454496694215,8.043026895179581,3.583322418059007,2.754572605259632,4.133297595104879,2.82492185651104,4.288058645916659,1.7201632816220285,1.633069856631252,4.678143082322608,0.9310318871162038,2.163062309237385,3.992048495913559,0.9608775332182876,0.9979146416635628
22go0115_2.3045_422o030h_-2.3045.wav,7.173265837547637,8.825411938521988,3.3792938447958054,3.4660573669054964,4.411383208310452,3.321724678654,4.501205672661506,1.1607439161973117,2.0751243595488194,3.152538786982358,1.5556679692846187,2.5052916938422234,4.332191274084634,1.48785303399598,0.9126091089787534
447c0214_0.53759_050o0208_-0.53759.wav,7.866580423553236,9.798458811119866,3.140431114513682,3.864130377054156,5.004128114805102,3.983050805369362,5.125610342844137,1.668842911436618,2.3451924298581406,6.330664585721704,1.2860689413721291,5.764717194800837,5.218183077447013,1.2280412395318965,0.5265755746124291
050a050c_1.7355_052c0112_-1.7355.wav,5.2808834279114265,9.569543198883622,3.0335004208674192,2.6348704022739806,4.88526388859703,2.505866276212989,4.808726737753534,1.5368277353245543,2.4818826755840755,4.011526378123972,1.532826931270109,3.3193833215111646,4.779513730888365,1.6231891897070394,0.3657716243375822
22gc010t_0.77146_420c0214_-0.77146.wav,9.811709232715309,9.264120875750022,3.7735654297762986,5.11719916046749,4.635398048403438,4.967212251545161,4.633416344105395,1.5551289285657712,5.671150200541964,2.808963830050253,1.3137368944775147,3.8678843551329476,5.767949432055044,1.7598474410996063,0.505775645629011
051a050x_0.86596_053a0512_-0.86596.wav,7.298792188565839,9.46437702506672,3.0003547948185174,3.806727630933966,4.906518394631893,3.6568392880856537,4.900731799934941,1.0697845623435476,5.3987200994577975,3.7590796850893895,1.7364501004998316,3.267788696512418,4.081081509752113,0.9813938498593272,0.320222836011033
442o030e_2.3455_444o030f_-2.3455.wav,8.090080311540992,5.4595666254713535,3.6574237294487,4.198593891160113,2.527773202322484,4.127647145470808,2.6822612577704605,1.6005042054074703,2.9609771762610886,2.9107625941922324,1.4256486886547082,4.6851322216275095,1.1546892495822467,1.490060333004446,0.6757676083088222
052a0514_1.1288_446o0317_-1.1288.wav,5.585136079910821,5.33925237892894,3.66458238037848,2.665424699202038,2.73655187058124,2.8027707067793126,2.676252001571572,1.4931367242918507,2.416957741912631,3.84570462874829,0.9694052233800438,1.9132284828928374,3.0211800135558944,1.2180938572211757,0.2382324595604758
445c020c_0.92877_440c0203_-0.92877.wav,6.218122542415433,6.44772509226235,3.50765367090704,3.2011055768516017,3.325297687070188,3.3108043855537965,3.1954278623636023,1.174466071266372,2.5538056275617143,3.570871359778969,0.9119520753665176,3.8859317257271258,4.341714387478245,1.359175506123734,0.1360527199465526
423o0306_0.74238_050a050l_-0.74238.wav,5.535616319132232,7.538578652885129,3.311916921657055,2.671477323766453,3.921412228714697,2.6329264549381524,3.776450749305224,1.7327368432516934,1.7864889145554523,2.3005692377668856,1.640494306859941,1.2365611941633639,3.581323119333562,1.2996872331376237,0.4910429565562196
421o030b_1.9971_446c020g_-1.9971.wav,8.648970711779212,7.283456584284975,3.854653565272502,4.299539374241248,3.4420912764641374,4.156539651805855,3.487380120381826,1.3859960617851943,4.000145953789035,5.222361106644464,1.663593995033663,3.3441615637360957,4.7951123860054885,1.7537283203457488,0.458585257042564
443o030k_0.21228_053a050b_-0.21228.wav,9.78364743030772,8.510691321320834,3.056060084549731,4.75864260722593,4.176477401198626,4.65474039061678,4.284663950194818,1.3490163651249636,3.649120496764908,3.3851224743405086,1.5713189593032606,4.160840515922992,6.092555606023095,1.1056776720205297,0.3725952677551302
22ha010c_1.0586_050a050j_-1.0586.wav,9.766925021768742,6.5441031596731625,3.929280243973466,4.745323727796952,3.136472921523559,4.860335995984693,3.0112843510935425,1.383337024728092,3.8881516113367613,4.242524375938145,1.0609213959078658,5.735224059265327,4.671736187213284,1.3322576457476714,0.8163478262478685
053o020m_1.3793_440c020x_-1.3793.wav,7.8414765809448514,8.266801903062621,3.4768070341187114,3.9943504410918496,4.114679024189553,3.9547831171820618,4.280010288258446,1.5276904848453334,4.868305662769182,3.611997901515488,1.7948151192773552,3.33864352714551,3.6010409363031965,1.079101175444435,0.9035815827520344
440c0211_2.091_444c0213_-2.091.wav,5.123088615238746,9.549002852310988,3.3112313158272197,2.5525366013070765,4.899730797998223,2.639154360508043,5.046009175727138,1.04658954057791,2.9410153780427764,5.632602035936159,1.4417661188719095,3.5926841938410816,5.044086422205302,1.5649502570980829,0.5449508555647056
422o030s_0.45317_441o030j_-0.45317.wav,6.2017841424889095,8.078612931335725,3.77085792479018,3.1610782047117767,4.120548327949537,3.130539405034129,4.26740670092925,1.567022735285057,3.163736221818658,3.3343477438981877,1.5526321975103785,4.337232392471702,5.077604034652793,1.6432518851200366,0.7113763738493433
442c0214_1.1761_440o030b_-1.1761.wav,5.841801009383751,6.27639305101947,3.624830060397035,2.758767836055433,3.1741727830072985,2.92646372550087,3.202067023687124,1.5445814033587326,3.8105237413805866,4.868266593714629,1.0067050780409377,1.4485253269996878,3.481974886877659,1.11990018007729,0.4479753716518369
442c020g_2.281_052o0211_-2.281.wav,5.889943741168716,7.645123926087231,3.879841281486757,2.952432484590501,3.825235198787929,2.953807208530334,3.675241498473251,1.0710156225153835,3.8603975023530066,5.030973727503281,0.9611371020745868,3.9008346789207526,4.694619885389493,1.5570915935394791,0.2725957963909453
421o030s_1.1397_420a010w_-1.1397.wav,8.737368968846038,7.089409656850149,3.366091028848693,4.341152597484007,3.4050182503784483,4.291195709202412,3.546454841518153,1.0838014299351386,5.0258582173835675,3.795181455529268,1.3058111341438794,2.628932561609414,2.9291414333602375,1.4162835095452238,0.4606455000949931
22hc010q_2.055_22gc0107_-2.055.wav,7.707031555409332,8.567280612484343,3.8418187308003433,4.005944031114557,4.011810718606943,3.988073182219097,4.160742356480685,1.171996099392461,5.242761391484204,3.314998982736183,1.3651272851944398,3.563291973344028,3.2905940030314396,1.0655692385319158,0.5555569674700308
440o030j_1.4134_441c020t_-1.4134.wav,5.589432146583522,9.52546875617633,3.319822500060189,2.9870983128468067,4.632684839945791,2.8643239286181403,4.750270768429058,1.258207480856273,2.9742476706598375,5.965510304028398,1.6744257580665276,3.6487407588612006,3.6436026875926233,1.7272845046951326,0.5140723827678981
443c0204_2.0665_440c020x_-2.0665.wav,7.613761303290891,7.007032093030492,3.769360463028813,3.8116286129235295,3.535855061233609,3.644148843094035,3.565018852102761,0.9768158913503516,3.0982536765256605,3.6130241827623166,0.9988526626583344,3.4593764242466682,5.049385386021458,1.3847626238478037,0.4294318162487864
447o030x_1.6276_440o0304_-1.6276.wav,6.606448474245415,6.210042486398895,3.4481587455163774,3.32491922244088,3.1206949621340097,3.4011559780063307,3.272642180275224,1.1571554046697885,2.976921722291758,4.080615148267892,1.079419289007112,5.093865402180204,3.929568272849947,1.5330916012338554,0.4770003151785157
445c0210_2.1697_053o0209_-2.1697.wav,8.1365947634436,6.289862902124103,3.0619333219641485,4.160986231310534,3.0527706792467177,4.231565086431199,2.9204127357380023,1.2488077162982036,5.855406734610771,3.9670060579849316,1.3629112168241422,4.358241333418707,3.8052777242845464,0.9747171018266544,0.5849359589533369
442c020n_0.41949_445o030j_-0.41949.wav,7.986221074641456,7.609677952146852,3.857594238540517,4.2487637660109945,3.934952858920886,4.085723208068779,3.983096149895757,1.675492011537432,3.8809383725707542,5.177944873461122,1.3796781703475247,3.454075605146586,2.7711598349902484,0.9034014727068104,0.5570294897413697
423c0207_2.2386_444o0310_-2.2386.wav,9.064325612157448,5.4863736013242885,3.9906086419212734,4.543878596384827,2.629337406598542,4.483538613036576,2.766665795541006,1.7009349583913478,3.807540909888079,1.747121510357641,1.6829184805943591,3.7471466553953072,3.756582380274788,1.1650744772293151,0.7750038030304085
22go010q_1.1763_440c0201_-1.1763.wav,9.635339908865292,6.951255423945828,3.9725687899097903,4.932620110957438,3.526955775753821,5.084039480631206,3.578648855441521,1.3322172753934791,4.262430791981354,4.742115869189454,1.044868229242099,3.842189888924469,4.02150229978634,1.0061361160481186,0.4224204984652585
22ho0112_0.98206_22go0106_-0.98206.wav,6.910100798319299,8.83560239626592,3.6481491146221336,3.4106919168282337,4.400908397719444,3.422608866791677,4.231326599452151,1.2378560289585434,2.0214161782975464,3.178564321712187,1.38517883291057,3.9530624490414716,2.5102272744471565,1.7851864056954438,0.5845523290023258
420o030q_1.2911_22go010f_-1.2911.wav,7.6922599582279005,6.892264954729352,3.2678921835049923,3.921946621943505,3.410863081446962,3.902395065982679,3.241991128004389,1.2328099226680205,2.293250194087436,3.348962795625973,1.7574834816189302,4.210798639669287,3.974668308678237,1.3049141532811954,0.1890788990157331
446o0308_2.1267_050a050j_-2.1267.wav,8.153424304804805,5.253735448140649,3.0689985519527214,3.956983500969175,2.6080817562215457,3.924452851793481,2.7749402497548625,0.9339875707787216,2.341280749677524,1.9680328607629696,0.9876355910716812,5.562329008569354,2.01790921709084,1.022834549106746,0.4765653531802337
423c020b_0.71669_050c010t_-0.71669.wav,6.053095967649728,6.300229292639885,3.844471502451116,2.90762641148018,3.146246448611125,2.861536255670845,2.9826136354669663,0.9271513916856872,4.428445331502323,2.13454500496365,1.525935186994961,2.965248132748675,4.653229379907876,0.9355072843546854,0.8370736292573859
446c020u_0.92473_050o020a_-0.92473.wav,8.262325536855963,5.92559093465262,3.185117692456032,4.268778690847785,2.936869093359239,4.147698885129326,2.848327122254118,1.7402476757364584,2.9817931951646557,3.229060260639308,1.6215465638642248,3.2244820960150262,2.841054981243241,1.6971480145221165,0.293118740934536
051a0512_0.85674_441o030i_-0.85674.wav,7.095477623700489,5.153247184346139,3.2628880461219003,3.554305134487462,2.6487528221703416,3.705891834581613,2.72570392583082,1.143817338034841,4.01967243505229,1.8699734734702549,1.076122352200651,4.8282586424292,1.5957356715452855,1.460008745453505,0.6262808904891966
443c020s_2.0174_051o020i_-2.0174.wav,9.155470177832502,8.341939619225409,3.873022197041074,4.427651348837187,4.129191729584569,4.469849752546932,3.98524974570096,1.664830660760925,4.651315364450702,2.307299325962818,1.3712223697236292,2.98754694528486,4.005464184416293,1.3010683433610104,0.3215743461448796
053c010q_1.3635_051c010j_-1.3635.wav,6.78054394501944,7.283516189297414,3.757432713711194,3.1331990960680383,3.648742745522693,3.262821050053132,3.724228830631712,1.2275816131209325,1.9257797521383693,4.625477586640311,1.4167886916720145,3.337968538375306,1.6887742317940155,1.5438181972147689,0.3074390702323393
22ho010y_0.36637_441c020f_-0.36637.wav,7.340057713639002,5.160001067187008,3.649963246160077,3.6075448324832,2.675829908862169,3.457672189608335,2.68200978893408,1.4686893430738066,3.7419153798308797,1.4053689259715108,1.772744532926408,5.100660164342227,2.2522302068594064,1.728816946931441,0.3038034559214637
22go010x_0.33244_22ho0108_-0.33244.wav,9.789557329094489,5.937672065534063,3.055562177160591,4.841519016915773,3.177736182793292,4.697122493863732,3.1371203714572937,1.0962028090055305,3.1517221040484023,3.789491857543308,1.5510259671022282,4.101672806301421,3.4954821744861575,1.09630608484356,0.3704812690556213
442o030j_1.7162_441c0214_-1.7162.wav,6.003556080799464,7.598850781355731,3.6016779618064216,3.057374864475112,4.027527092048629,2.943730018042897,3.929624850606473,1.029009915810802,4.00008727002869,4.1629150880684,1.0191720532611186,4.013027616120917,3.8078427926207263,1.4348163967946324,0.3646663616107727
051o020h_1.0483_441o030t_-1.0483.wav,7.443176342991088,6.766603806254596,3.556332944269744,3.646602468077345,3.1639085593292973,3.5897097267553053,3.302700547516164,0.906227732817202,5.012281312872019,4.034128535918218,1.1292967278318211,2.4222140994758794,4.4594551023526705,0.9810887981389984,0.537848010010828
053c010e_1.4238_423c020y_-1.4238.wav,5.604849337119704,7.242175031694913,3.340337693994407,2.8546942212509165,3.493986201615148,2.8991686495364237,3.3507310961959083,1.4428670073290384,3.6384273581983373,3.0899057309189057,1.0537106762906094,2.8517321334162493,1.6951375970679352,0.9583096497958088,0.6505305678450919
052c010e_0.73159_441o0303_-0.73159.wav,6.813991418685241,9.708754058211442,3.1661008670661124,3.3303747112269813,4.788633730787804,3.2188740128576283,4.688296328673006,1.5289790532336882,4.0567430226748415,4.268602267762931,1.3579080058354152,1.6156069673342235,4.247767265798647,1.6380032441907777,0.5097057161588691
440c0204_1.4738_22ha010r_-1.4738.wav,6.718673944756189,6.503231429179594,3.35716255051184,3.2566326334240947,3.1300456832502546,3.2224094465025144,3.296565272118744,1.16772298228315,2.705390691369418,2.508286512115017,1.1222425830739753,4.618804570485189,4.193535850586623,1.1000483560275796,0.4577312761547198
441o030f_1.4511_444c020t_-1.4511.wav,9.39807970136492,8.82756361203766,3.5887750074065106,4.792617070494996,4.63291833959934,4.869071127756239,4.503864950925139,1.6885050081112252,3.7674953495709835,5.820279110434672,1.7308435016430983,3.635429402329095,3.669898420453334,1.2949975639511695,0.296950627897891
050o020g_0.040762_420a010b_-0.040762.wav,5.45944029957707,6.79140607442764,3.3286875002389054,2.7897288826078777,3.3741347959588803,2.6228189832095428,3.341868939657868,1.3130548450183392,2.2099636266053158,3.7726917219415967,1.4496236943223122,1.7000522482402187,3.1503060971127264,1.4674855897700645,0.1628119273140885
22ha010d_1.9918_446o0307_-1.9918.wav,9.76770482439155,9.54839775393727,3.040055058867216,4.870930872016399,4.665833885478194,5.010659862010004,4.611282906061073,1.0860267866405708,5.82197781077698,4.008776532368794,1.0730852225479168,4.799651432970704,5.542674178229148,1.5496701387875742,0.2195526644584667
445c020t_0.031898_422a010h_-0.031898.wav,9.587720607566345,9.302197441508293,3.7657593434132224,4.565789646047029,4.694199359054604,4.732844476985233,4.72570623862412,1.6706937654707827,2.977839305022885,5.480463090978833,1.4091046531741125,5.779912826995931,3.6090105119846685,1.368322001871516,0.9621755568050466
440c020j_1.2279_441o0306_-1.2279.wav,9.97999811259714,7.952194789970955,3.6221054859443576,5.114036758776696,3.828975654338476,5.250071127450522,3.727021495328098,1.326608891421147,5.683870291471852,3.2661218897909983,1.7964557685609377,5.99663154360748,2.852045506900418,1.3797610224006964,0.9143246760910824
053a050a_2.3182_441o030q_-2.3182.wav,9.098630209656038,5.525586298092634,3.425340172966976,4.736846438753826,2.850455168874757,4.627427775130714,2.9805611105182206,1.3224736974493143,4.312436152398138,3.619950088960076,1.1830456898484512,4.136675550075024,4.423150637973388,0.9007078165117705,0.1461551768595728
423c020j_0.364_421a010t_-0.364.wav,5.642809267500065,6.90023765693891,3.799048144393542,2.857503582505394,3.601940121272384,2.943096114893351,3.4787576614844062,1.1653673132027638,3.4455161430342316,1.6599166559311518,1.106373525579333,3.4484816602763626,2.9504151555072022,1.6923612706416584,0.68673512689263
441o030j_0.65051_422c020k_-0.65051.wav,9.678869410217468,9.21822904672069,3.8142181396306474,4.753075397563191,4.730194371131094,4.882623744382413,4.620116099722034,1.5801790636607511,3.7322498925185346,5.814489983942059,1.2086496577866015,6.004732019176838,4.793254469744162,1.7821993632656137,0.8760220493267028
442c020r_0.75948_052c0115_-0.75948.wav,9.187943101139243,9.700160114372338,3.2677036209742574,4.410928127715388,4.604101299353967,4.489972352387242,4.754607148230432,0.910107534018862,4.297418311543414,3.2893070274326743,1.3433489288660572,4.487723809374685,6.2081906691011834,1.145211500769998,0.4067460329883568
422c020r_1.1543_447c0204_-1.1543.wav,7.724475925597936,6.312606755484044,3.341941200681011,3.992731010201058,3.0806807703504298,3.844175767518719,3.059912046952215,1.1271382786051891,2.512742324120195,1.6500981652772333,1.714679168686334,5.136318985162518,2.9538598017896223,1.420290990512532,0.3059320282176954
053c0105_0.99725_446o030t_-0.99725.wav,8.845206112036763,5.581084793208056,3.349900639252418,4.393698477254269,2.6559113507943364,4.493666916950101,2.530986128902275,0.9160396721390842,2.9555756170180096,3.196774364370147,0.9520622561018252,4.099028593004159,1.4221283114531533,1.723993476960715,0.7057551774867304
444c020p_0.87826_441c020v_-0.87826.wav,5.122519861281231,7.362151750620205,3.256049703735271,2.5046958021548003,3.6089141598893786,2.647920085002287,3.6534877485133954,1.2646139731555477,1.3404117420658659,4.0909196343413265,1.0057780387104824,3.2683991172797833,4.977463412831197,1.4290357604916255,0.5186472088877331
443c0202_1.7315_444o030g_-1.7315.wav,9.246551779637048,8.501356116202947,3.377204117916929,4.711901804115894,4.275493764977795,4.570017093056616,4.324163352685365,1.5914492984357371,2.836777379627385,3.84541302854227,1.4939279459273045,6.063180586120263,4.393161157274729,1.1017157759873204,0.4188260881978937
421o0303_0.14791_052o020w_-0.14791.wav,9.52632057278341,7.313335275290482,3.420719114920897,4.895276868432536,3.606026004298229,4.754304506340148,3.554773754336955,1.677476155339642,6.300711189108551,3.6627703537792513,1.5444865042401643,5.870687143613303,3.5083901294443094,0.90788768163296,0.744817495231082
440c020u_2.0064_051a050w_-2.0064.wav,6.3202998699509445,6.2788826389444505,3.912488766222346,3.079168204722842,3.138486442633353,3.103026055966572,3.286576965402476,1.0895205870080362,1.8436843411048003,4.071431506978841,1.0281386270955506,4.18224171000973,2.514010179110724,0.955433279560052,0.3982760600584362
442o030d_0.16584_22ga010v_-0.16584.wav,7.64379114272289,9.759276154240672,3.345629355200301,3.7410395479304976,4.834483101618159,3.857867312043203,4.928564308734278,1.580773791512239,2.273975553094607,4.694954175651421,1.4992306928801065,4.254418160263034,5.58912761889379,1.602532516558695,0.3958927409864547
421c020c_1.8867_423a010o_-1.8867.wav,9.380857359465216,9.15532354581508,3.7386663496681263,4.656228093936568,4.473663999858866,4.499502972893101,4.539521698223679,1.6874247516146532,5.453266552331979,5.420425328537216,1.7601981864080891,4.293088719240129,5.558887009863358,1.350238612473409,0.4919799207949588
447o0301_0.56098_22ha010i_-0.56098.wav,9.05833033101934,9.994460076809863,3.9092446265764114,4.540702830169155,5.03536263723588,4.474827178744213,5.170123160199171,1.5711532681351026,2.7154993173051416,5.398655500454176,1.7960256463908857,5.847270185163969,5.422197252190352,0.9166897849162812,0.5354031935327059
421c0205_2.0632_22gc010t_-2.0632.wav,5.878904030538285,8.320869051358336,3.288229150034414,2.905634573806913,4.253576296907282,2.798014396984768,4.358065040515243,1.3569669222788532,2.127830732564964,4.838104503461633,1.0959459424446223,3.421420201552631,3.7276466323303468,1.1231977356516976,0.4855381607231359
442c020b_1.7375_22ga0106_-1.7375.wav,5.580509094745048,5.287636784908591,3.0800022125567104,2.894811827798657,2.6386126314486957,2.74814856847018,2.552648171564696,1.057802441410082,2.87390272767502,4.535270600668521,1.7366366367406174,1.6879596732301194,3.0912133922917064,1.3749377016718345,0.82589618896424
444c0213_1.3484_442c020o_-1.3484.wav,9.028156179143402,9.497862452870848,3.573356506986384,4.332541287150654,4.757069330671849,4.500521696601885,4.783195601752833,1.237453502948635,3.0883134284447866,3.397524354748129,1.737521083942085,4.094385792395686,5.709281084403919,1.7896143187446962,0.7665936427864644
442o030m_0.53_052a050z_-0.53.wav,7.492485500137806,5.595229407157914,3.625923144365324,3.667356070061745,2.9842465012487227,3.760329925904345,2.8419234106071847,1.2005683742237538,2.0288528837136903,3.429152726447455,1.0934912124356169,3.1973843351000584,4.531230679523011,1.7443596286841427,0.899607778045098
443o030u_0.28058_421a010g_-0.28058.wav,9.393018873409044,9.724180139206489,3.5128325835113507,4.567233957166186,4.701967061841757,4.435105120432057,4.772973896043021,1.5997637809604135,4.938398151640755,3.655746269754088,0.928891386160668,5.415280433963893,5.3090198805657165,1.2876057566379393,0.465383539963568
422o030h_2.462_421a0113_-2.462.wav,9.127064904360118,9.587979389735889,3.479269122647963,4.479549771090332,4.582446456590903,4.623711268485534,4.623888737763313,1.2424730570903957,4.712118286250495,5.582983013361157,1.1067642002159483,5.192016611897997,6.264243175226809,1.7163994723743414,0.3379768047299307
053c010a_2.2093_423a0114_-2.2093.wav,9.254259816167451,9.070122413526471,3.5613294807817977,4.561108100680288,4.4879679624135385,4.391570305470493,4.475440552649275,1.7973023673799688,3.692660716879197,5.906161950948362,1.6877035298546166,5.102409712028781,3.4930590152992114,1.531230282479331,0.8379799095936589
420o030i_1.0833_443c020e_-1.0833.wav,6.963704633206486,6.75543386246824,3.1879001531007143,3.541069074081172,3.4252655003633303,3.38389968436393,3.4552285265107305,0.915362336253468,4.4337101972812185,2.2567745790854867,1.1174563565013087,3.623112746803312,2.559179629127023,1.0293377020747414,0.9590660971184218
421o030z_1.9553_22ho010h_-1.9553.wav,6.58446521433942,8.017961816415383,3.1639505717429164,3.0760327123739803,3.760868338874478,3.143310391878141,3.894934419001165,1.0759112139123572,4.865685350992104,3.32998597941164,1.2699847050470174,5.174794016361117,4.00970910437822,1.7750824089648156,0.7171465479001571
444c0204_1.229_052o0210_-1.229.wav,7.187123941576345,7.446976610875844,3.0227699182671395,3.356752922102639,3.863606979496237,3.48280236424464,3.944918344849981,1.0663407182399316,4.936213311748698,3.836881977831304,1.4226311544986956,4.603092479464507,3.858527595829076,1.5083296838892897,0.3987807657389642
22ga0108_2.4908_440o030e_-2.4908.wav,7.627994864138106,8.181707771176363,3.5926004608285727,3.6997662823038393,4.014134540532999,3.668691785383767,4.181270340531577,0.9794982246963088,2.9568582551174116,4.180005172667276,1.7846506478577315,2.8021212022858606,5.2106604056782295,1.0051935140750026,0.6764675188600342
421c0207_1.0023_445o030r_-1.0023.wav,6.2616743418982805,7.5926744719474115,3.32681916508398,3.207382020093823,3.874705395591733,3.1629622043531573,4.038799514832994,1.6380370922227796,2.6268994329870408,4.841183472539169,1.1535701503444962,4.834692568631404,3.9413506511077343,1.274786129680885,0.9580375600426788
053a050v_2.3639_442c0204_-2.3639.wav,5.189560987696499,9.866685141325828,3.981478985777405,2.548258098625146,4.993604161192192,2.3783571987056424,4.999407970849885,1.728966553535938,2.817094970661581,6.073971608298521,1.517724145085988,2.94313607748293,4.134402628071473,1.6063584110499325,0.6651942438704952
440c0204_1.3289_051c010x_-1.3289.wav,8.169278265804087,5.757955359988177,3.1416590148054597,4.076919762882642,2.9469251727076693,4.203209357678287,3.060727361818212,1.633325923167019,3.698236428524172,1.6585877977429337,1.6649924650876995,3.2693882635318383,3.113544606271208,1.0803532726835396,0.2116810479218612
423o030q_0.72494_053a050p_-0.72494.wav,8.730728550372188,5.491022576550292,3.377048621282297,4.32748758114538,2.5690634578815423,4.477481198566298,2.570447196652765,1.0871891152976043,3.5685482395535577,2.7962952917652264,1.085286009721437,4.941959458309045,1.965188093185739,1.381001554700836,0.3349823638293249
22gc010l_0.71345_420o030a_-0.71345.wav,5.712656333130119,7.314593670016201,3.9929902450187056,2.914233316130705,3.65473769331032,3.0842278161983665,3.6533702333490976,1.283774366782087,2.114525640680249,3.0553903678154013,1.4569588141736425,2.3182644387808375,2.585553813695163,0.9587602709717036,0.432613567505
052c010c_1.97_051o0212_-1.97.wav,8.969625835827145,7.957732264347621,3.8709433053064215,4.31062530137576,3.933306934263499,4.377233665964754,3.7989070616192895,1.2565175475809531,4.7842820610544505,2.8450220656494114,1.0021514539108456,2.9606631702012556,5.108778671381513,1.7413185852692918,0.56013537752808
051o020l_1.9672_444o030s_-1.9672.wav,7.13995599422234,6.432237667051501,3.908129893987375,3.666193191456816,3.097489126598216,3.829638096268984,3.050736981289776,1.5199592402050084,3.8734605594036413,4.603272228396308,1.0792055807862224,4.951821033119934,3.7240808124055573,0.9123525155756664,0.9965171413366676
422c020j_1.9204_052c010o_-1.9204.wav,5.618277616910186,9.488711938603911,3.953498349225422,2.624890603951099,4.7643563261145925,2.7518853482191026,4.684529420072179,0.9798461069362108,2.2606748262611003,5.415112215697598,1.3083604231182129,3.2294594802211445,2.855023023175425,1.3650650563723077,0.4270524045163506
053c010k_0.31693_22gc010t_-0.31693.wav,5.392911481236762,9.056559411566395,3.744782248823887,2.629650094140096,4.671329832390072,2.552350444798058,4.519920571736709,0.9053939618179316,4.222497053677156,4.165159622578134,1.3236263137208577,2.2421394503834855,5.522721229066553,1.2922003714783452,0.8612515978458646
422c0203_1.0927_050a050o_-1.0927.wav,5.909651610531667,9.652264315924992,3.614268195706367,2.912879645981844,4.707083323062461,3.0037158386019875,4.82645160239276,1.4786892033133785,3.076816262246575,3.672799414944779,1.0185971191484156,2.1915920683268255,6.217134007103801,1.069560417909401,0.6075472909073593
447o0303_2.2469_422c020a_-2.2469.wav,9.567473936593863,5.854224821576344,3.378362105052671,5.034754690914042,2.9265835681547308,4.868099812748408,2.8930253860883863,1.618082726493164,4.473259705756326,2.370931789093746,1.0286555615711577,4.582969181184139,2.05739057285143,1.2541686518110595,0.4216642438761335
423o0307_1.2315_22ho010d_-1.2315.wav,7.74967514564701,9.200155577967491,3.6344161956275056,3.695343416987119,4.4948519285822135,3.813020571723083,4.401835331927379,0.9690487571783406,5.270381368770164,4.55048786216526,1.4359514895716958,3.4572893779160556,5.979981797986613,1.4165396313887282,0.7484035375494347
051c010n_0.84122_446o0304_-0.84122.wav,8.952956780089394,9.943515198766397,3.414318598102245,4.3594505479640135,4.954288056355607,4.420031111729421,5.091510486351091,1.4315459067566607,3.0689041381416495,4.591247924045863,1.257470284886686,4.9556736996374315,6.784551470402344,1.1281379464023884,0.3181931292226084
441o030o_2.2635_442c020s_-2.2635.wav,8.328431429170397,9.59298579283413,3.738655293640421,4.0075509198363095,5.012449237038593,4.0919294842478005,4.8648678768745945,1.2503852795608796,3.326593723883015,6.224828286697828,1.6139703767562996,4.427622290216814,4.449296101724393,1.6269574606492716,0.4458069783577269
22go0106_0.742_440o030p_-0.742.wav,5.250707996480242,9.274670114182449,3.752402425171372,2.384237710293285,4.751220646382552,2.5437624744683185,4.692468202902302,1.4658633787223971,1.374763431969503,4.19345972411098,1.5374689752685842,2.841477429625475,6.239573187235905,1.6627937018213603,0.9734933722105176
050o020l_0.063413_446o0302_-0.063413.wav,8.0008591998845,5.466420530497214,3.044150600530427,4.0135767027002665,2.647982232816008,4.182089011980487,2.62554116285383,1.1497372513774424,3.3727957565177045,3.3210479547015384,1.2855617976104663,5.958360664560466,2.2885023790935106,1.103826638077657,0.2373689468475294
052o020b_1.3563_444o030c_-1.3563.wav,6.026115761717119,9.944874229363718,3.132491267169833,2.8563893282798865,4.889948954732287,3.0030183023029715,4.975971881774661,1.5398009961265915,4.162434512377,4.48303746410781,1.4209999563574636,3.353090222164195,3.8149614465717043,1.2424419318265538,0.8312288136461246
447c0204_1.0419_420o030c_-1.0419.wav,5.599109309148064,5.269500200159053,3.949430128456785,2.7174679068216183,2.5128213633979324,2.5638959008122923,2.585729792062055,1.2325707419133671,3.9247386722258097,2.7299146565162995,1.328703210298072,0.669861800635307,2.166014798323476,1.2138553284537794,0.5326305220714297
422a010t_1.1591_444c020b_-1.1591.wav,7.528881124013335,5.887742364547006,3.433638073433764,3.912314528167718,2.869295044523912,3.967697449914926,2.729893710316729,1.2855745836547403,2.7955640701531457,4.173731635130501,1.7285173266479943,4.9361298874165564,4.017070687826492,1.4048778302223996,0.2320557002014557
420a010c_1.0683_051o020t_-1.0683.wav,9.25254272382989,5.826099920930914,3.5578843366053112,4.689204761308019,2.775374872409796,4.590350984248362,2.9136786350521744,0.997047462908169,3.189072382151118,3.7481505115942975,1.7556825502288185,5.623874910801701,4.235870472076273,1.4251755004884543,0.7229792741384473
050a050l_0.87662_443o0310_-0.87662.wav,7.628707287421255,6.174090984334749,3.037123942468754,3.821866310489504,3.175137162924301,3.945874414021457,3.0588530700379204,1.2010549245279936,3.7847661163911432,5.0258402445757815,1.651124240435807,5.146792712752799,4.470465943932029,1.7148443926133912,0.943144880138084
441o030s_0.78299_440c020t_-0.78299.wav,6.06897469303367,8.596614653900428,3.634148374685661,3.2570739597177463,4.455845595447106,3.1691197880080457,4.310366855835915,1.01564693474591,1.587957165226535,4.036484222596343,1.0870446573486368,2.6699653330364765,4.930849097125153,1.020766380151818,0.8340692453750111
22go0111_1.4906_447o030f_-1.4906.wav,6.450565543546356,7.710730024052096,3.8248507236726574,3.1693238440052496,3.97709483653593,3.19627680751031,3.809245088968962,1.1054337859515588,4.343984289047608,3.056113643933654,1.695449572007052,1.3555660834242669,4.410750713832607,1.6938982919604313,0.4418017187998919
423o030x_1.7925_22hc010i_-1.7925.wav,8.99377979813448,9.274286626742192,3.725666506033819,4.373332985616479,4.4748024177127546,4.263478459437796,4.576939497551847,1.633956569023406,2.923847750223468,5.273732369165844,1.3059106479706313,5.298147109158958,4.221962760672796,1.4470819661756709,0.6478804686932562
446c0205_1.0806_22hc0108_-1.0806.wav,5.568874296853978,6.777529448003495,3.416904607337703,2.7332020215523984,3.197604649485557,2.665946745252536,3.353735132767424,1.255388328603475,2.776052278756325,4.409354225402084,1.7997435236650037,3.387395589444539,1.9856020247007493,1.0719691136070295,0.6335983128054337
420a010a_1.2678_22gc010z_-1.2678.wav,7.952136288478941,8.809681805930712,3.216568229688537,3.888877430208942,4.388387480953661,3.7873548364749303,4.512053009543962,1.3688921755668015,3.75437671751347,5.661394744447699,1.4157111199793575,3.2807945989006453,4.831936180268449,1.145616875220239,0.6017841900688568
447c020d_0.98188_421c020p_-0.98188.wav,6.396328697286963,8.567755897779975,3.5534411447658334,3.059337794635624,4.234254260470902,3.1592255276877115,4.0966953974859415,1.2149655107096555,3.6431494254153876,2.779422890758636,1.6622826856471735,1.970992415039359,5.617125874600416,1.1116537159388318,0.6193353447608396
050a050e_1.6411_441o030s_-1.6411.wav,8.19037606439007,7.188051841901828,3.6378491347491018,4.096876858375478,3.481675695725529,3.998252793872109,3.34320803198834,1.1282340340733938,4.889128161460172,4.537825018993373,1.246924684730944,3.410342461661634,2.2890577148606415,1.5294747341653865,0.6203413968112187
22gc010l_0.60412_052c0115_-0.60412.wav,5.706984585326716,5.332657278250617,3.730957269297979,3.08191969988646,2.711302162152605,2.937804663710297,2.752905723874452,0.9170261321100744,4.65982584453104,1.9960790077057837,1.7942011026229132,3.140615734518438,1.7538334315344946,1.220343137220138,0.4598253865739046
421c020z_0.8704_422c020d_-0.8704.wav,7.458295438360039,9.572237683343776,3.355439998303825,3.549143554202917,4.810972715218908,3.566859574706321,4.959922849886597,1.5857333070035051,3.2348552083360054,3.8376016915372873,0.9902385146398546,1.91890839058462,6.033390273787368,1.1593226604615203,0.5607212141521476
052o020e_0.090388_051c010l_-0.090388.wav,6.262653886626603,9.131975245979728,3.3821255194237905,3.247549064759339,4.312289208725061,3.1461386438954464,4.448729402730376,0.9130962011768924,2.1637080051243416,3.2283346879272217,1.4950736294127551,2.29596483821044,6.051822748138918,1.4822513649379654,0.5695612975516613
053c010p_0.61617_440o0312_-0.61617.wav,5.789124651957643,5.52456443506668,3.31745983887962,2.882283150343406,2.634489639128607,2.7353334975136563,2.5490156692125203,1.3635596944807753,4.545732577097847,1.9468906377666797,1.5024962648361415,1.4074739228022735,2.2799742007166564,1.6612976164735431,0.1146567054500509
053o0204_1.6071_051a050z_-1.6071.wav,8.752660112871805,6.574168515563361,3.634695843613292,4.24048081745129,3.094736697647082,4.23490502629804,3.2446330303340942,1.600592685529138,3.3946438881563243,2.7575461332676645,1.7139178933888746,2.298103232606495,3.160180657031254,1.0413908416392992,0.5673600676899837
052a0507_1.6424_422a0109_-1.6424.wav,8.200216245481379,8.386898634172079,3.7012499376014247,3.909633861073352,4.148768615493741,4.044026169043081,4.044659501778518,1.1627271571471722,4.775296232718432,5.274080704321665,0.9739263508329454,5.483679854940031,5.171804505449743,0.9717153494731678,0.2251610058298698
444o0314_0.32895_446o0305_-0.32895.wav,5.065539710221361,6.187938582917999,3.06488964769357,2.796318085072744,3.2057141858989806,2.646524431706148,3.197848983353078,1.0408970872451075,2.578453388104938,2.543458012915288,1.5380043057690949,2.943466570949145,4.65671879361709,1.6485184868369225,0.41549361033123
443c020f_0.54941_441o030q_-0.54941.wav,9.918400104521638,9.064662354588982,3.4602555932154835,4.684949691405717,4.7540215045480085,4.844196999106104,4.694521126480483,1.252895505151434,6.2070437741703,5.01608989782668,1.0653144203902518,3.154788996908597,4.679024194506492,0.9869045987352943,0.9538959734682824
421o030d_0.97195_443c020g_-0.97195.wav,7.575412320681815,6.33371114220103,3.1304902409061635,3.72129466903388,2.950332609829597,3.6890272798251234,3.0968208878372603,1.1312390803927916,4.328964354514396,4.66383968033081,1.2815440967091054,1.8792343355320311,3.530821771416137,1.4361159711653089,0.425900290581369
446c020g_0.65629_22hc010p_-0.65629.wav,7.973835500404646,6.509348826515806,3.503960456264176,3.9541031040554944,3.296566190338986,3.877102469374955,3.145004644230502,0.9006316814157229,2.696629598230894,2.656409706520349,1.079784657364986,3.485753062448165,2.486208263348109,1.113618283914806,0.4579799765478083
440o0308_0.71228_421a0102_-0.71228.wav,9.492287485249836,7.547965392110767,3.2996022323814427,4.860251677359215,3.6752690780374766,4.704605363031562,3.743637380899385,1.2651329468619512,5.268693584966958,3.1910423855757166,1.2224927889670498,5.237536573630375,5.420110213926083,1.667331442201157,0.8507876650344467
053c010o_2.4757_441c020g_-2.4757.wav,8.511080920608446,6.328230448885883,3.9635118811963017,4.364697391421301,3.0365051816845,4.46819347941621,3.145080315899246,1.6294626100892386,4.90834429279485,4.356348767921896,1.5196257138967022,6.27799184677409,2.745078954329196,1.714833210589866,0.4359203719858668
446c020q_0.77707_052a050x_-0.77707.wav,7.190905053514011,5.883646660630216,3.7671262797211496,3.774746763742967,2.909701385026948,3.6474203243631824,2.830404614381063,1.2403696379944569,4.702869229804573,2.600453070592324,0.9552887876594838,2.147571197635039,2.7627985326488473,1.5982138248936535,0.416786817567513
053o020s_0.96081_445o030d_-0.96081.wav,5.067526151056254,8.922304960157511,3.712240704860836,2.257346676037802,4.35133383385482,2.4133865926424978,4.283868698962792,1.0691899197056671,2.9518494943884255,3.1171804055475896,0.9071133554201596,3.030040105853918,3.6353921907455997,1.3667128684413143,0.7518127721540493
422a010l_0.52211_442c0208_-0.52211.wav,8.358241519032187,9.254176501128988,3.5103698945203843,4.077270672447794,4.700857616177829,4.247077745910147,4.692760838908396,1.23799189783037,3.5382479103823035,4.316223117994765,1.1776061218920604,4.6568224027639715,3.1242023119244253,1.508333989451859,0.924353362401593
445c020u_1.5422_053c010m_-1.5422.wav,6.803523232574289,9.029099245821191,3.996927156838017,3.392223980532209,4.383593072407682,3.5401918284176035,4.358985837858369,1.0782893690583757,3.5069856755983135,5.25321374475602,1.0160829984732556,2.3321394020200037,3.287479386055468,1.2250578032582515,0.2467753307814692
420a010v_2.1831_052o020x_-2.1831.wav,8.181165011386888,6.746088387975891,3.163836683852605,4.121391064717687,3.4580127309641253,3.951603832970144,3.4665154326233494,1.070457897260181,4.972418789069174,4.011877949299375,1.7060054250127252,2.001380607418979,3.2626645923927526,1.7959406022496338,0.9701759791705896
443o0314_0.090968_050a0503_-0.090968.wav,6.505582568055331,5.811780802308961,3.931431484145208,3.2024490295768957,2.943261243670001,3.120181328828421,3.068688614740113,0.9226773395111788,2.184030253270536,1.5092536291639909,1.0577124282383323,2.1539360302966335,2.3958329097460767,1.513417696546238,0.5849526525656484
444o0303_2.0362_053o0205_-2.0362.wav,5.769295980581183,7.264203273174157,3.688687543625888,3.0749045853023564,3.811346603271386,3.058604687153015,3.642129838970916,1.4680287573144493,2.640820046634568,3.16955565507655,1.4394788650000034,1.5694265576813236,2.5093732584632367,1.7638676629817476,0.1674226963767264
443o030m_2.1589_423c020j_-2.1589.wav,7.696754634471717,9.83415896241672,3.4861659059522503,3.910746636455547,4.859699580319751,3.9895841056753385,4.987310917774611,0.9046400850079458,3.158230596989503,6.77625477506366,1.4513457892695625,5.4975860400451255,4.232138745446122,1.5800381961702752,0.4754062784581571
447o030n_1.9191_22ga010w_-1.9191.wav,5.393639750973523,5.967404272893394,3.498622805810736,2.5332391140652115,3.0109716641681006,2.683079348189782,3.017892952884355,1.078833631806731,2.7043414073942205,2.320257002167445,1.5086515608939433,2.080711538228931,1.5473580376563798,1.1773664940312425,0.2644292483970502
053c010v_1.8793_22ga010c_-1.8793.wav,7.436305639284548,7.561363087072615,3.230423914172124,3.701287885358052,3.5809030521956355,3.624297274799236,3.709637064351634,1.5630449676180933,2.5729342147465104,3.8289296311614622,1.0588811185256002,3.7377230626869054,4.915042444054223,1.7356188562718384,0.597823974746799
440c0214_1.9647_053a050l_-1.9647.wav,9.61386425976384,7.745941996774325,3.115337148545633,4.955413325432163,4.117028868163688,4.883680304014964,3.962904328786081,1.1290469329088422,4.9663139820668265,5.373719180831073,1.1467834720682448,3.4478046241020466,5.156005408106344,1.195758062062249,0.6488228717928984
442c0213_0.93005_053a050r_-0.93005.wav,9.019696681113723,8.985432442994798,3.4483800311441417,4.697282622420041,4.387822658061035,4.676774184552957,4.556581077039917,1.2975167617141925,5.437094289782961,2.640990201026919,1.263854026271911,5.056899694114824,2.6250314796875234,0.9728508554328376,0.7747982368392421
445c020c_0.13539_050a0501_-0.13539.wav,6.705751124898367,7.506025597720218,3.067664401279866,3.405253129215659,3.914370488251517,3.509118329541576,3.806148401036119,1.0763279696827657,3.124042075893966,3.149201397892137,0.9243902910065368,2.40737495595191,3.0983253785101708,1.5605205494673586,0.6679998928420281
445c020k_0.92625_423c020i_-0.92625.wav,6.313263923397328,5.554253800088215,3.1548975394758707,3.107812779780493,2.5794258843484754,3.023572000227246,2.727085936699344,1.6678597121875591,2.573524836498621,4.253580232183788,1.6773048108879187,1.8617966859523252,3.529409720328085,1.009549406344982,0.6526260336801112
420c020f_1.3931_051o020x_-1.3931.wav,6.309395166839567,5.331984730935531,3.732608450786445,3.157817320456829,2.761881454113973,3.323429030213425,2.8002580301923183,1.496853648065485,2.003455484885753,1.4901933971634398,1.4648082351512095,2.365286495634299,2.9581063641720577,1.7229663867105742,0.4514858253892975
421a0104_1.4548_22ha010n_-1.4548.wav,5.921106435905327,7.640171134319704,3.72842479503464,2.952487310703276,3.686748437582796,2.9617094076743893,3.856498114835671,1.003287108205586,3.8773343554194524,3.43255277134217,1.279473365578909,2.367857090358665,2.8084535764816674,1.4357715079901865,0.9907533166816848
051o020a_1.4538_22gc010z_-1.4538.wav,5.3453134672229865,8.496760465460339,3.298956401550028,2.805646136387665,4.313534846866051,2.665227546899932,4.366285389292414,1.789414783246976,2.6560787482350845,5.971322801479312,1.5686775281220164,4.014452199245826,5.733139658227973,1.5648595948609816,0.7417431691207338
443o0314_0.21393_422o0313_-0.21393.wav,5.476119815574154,9.981101790715844,3.655549722339626,2.83754112470538,5.070701276430052,2.876591218535117,4.925873481542853,1.2654652087301492,2.087206786400985,6.834008314889455,0.9843363444908396,2.3162094860778955,5.779292651191983,1.2039316545185628,0.3207323106480124
423a0105_1.8879_051a0511_-1.8879.wav,6.409050972925368,6.951376552158512,3.3678058830513,3.36435731276712,3.5609046847365176,3.408470026411982,3.725081627377336,1.5696145035875704,2.396032572240487,3.529786682749489,0.9240199120059824,4.025492943117381,3.0258449553598306,1.4092158263020618,0.4438025455262149
441c0216_1.6841_22ho0102_-1.6841.wav,7.470036031969027,9.583096437247267,3.7282694154934255,3.699072742071299,4.641546974923305,3.838438816958418,4.69701856378245,1.041786590089446,3.2357542319099686,3.6913378646268065,1.335593761505511,2.90209135373646,4.568673563644239,1.1963659520875027,0.3312227070488654
423a0110_1.0627_22ho010o_-1.0627.wav,8.93795857806748,7.044128770211383,3.119397980227041,4.240471489878527,3.453512316018116,4.3009671298599566,3.5907722065296466,1.5802394817361909,4.60762353714689,2.31782825323161,0.9631922388754276,3.0103873403957775,4.010400165834907,1.137696442679394,0.5042220649706857
446c020h_0.29221_420a010b_-0.29221.wav,8.397923967415446,8.03471996194711,3.1921049415376936,4.091959224506279,3.8881711839319326,4.207340315590945,3.9840210864885446,1.7633423408506408,2.9829271200093705,2.8174455657538706,1.383004507032344,5.080962489971951,5.608736380541861,1.5049604757175543,0.2733957235066609
053c0108_1.3931_052o020j_-1.3931.wav,8.154226735549983,9.056780935161632,3.012387368371851,4.121229067816798,4.471788309370482,4.1503948559745565,4.324651105369806,1.572651777329659,4.79873223925005,4.161546155427452,1.3182953553030623,3.317848326095657,3.7838310542521274,1.3581614905599777,0.3842544181341859
050o020s_1.6931_420c0208_-1.6931.wav,5.41109631494434,8.116007082436992,3.767041322152224,2.781871663244649,4.25793237046884,2.893130738966155,4.129396701996637,1.1491705308190456,2.3232447700049286,3.4006475747683234,1.4553578961228175,3.2503441058238076,2.5573717882109013,1.2853528300836188,0.8956854666067504
22hc0112_1.0573_421a010d_-1.0573.wav,9.647440740956853,5.033508752383119,3.317253384104621,4.800680386748158,2.365898380044149,4.784961605962384,2.5351701140419105,1.615513790809013,6.340612156578132,3.2335791536547056,1.5856858635525988,4.929220980161658,1.678785374884981,0.9357960226175358,0.4800577041378602
445c020w_0.87572_22ga010s_-0.87572.wav,5.676721084067421,8.88329465776315,3.917277510200657,2.5802573961080566,4.35086401262772,2.7185575132345945,4.449722889835516,0.909631892649371,4.155882451279072,5.600908721621381,1.1862817784834885,2.7322389073401587,5.075892130408256,1.079537560913667,0.7266299900098896
051a050b_0.6667_421a010k_-0.6667.wav,6.940562835147304,9.481699833741663,3.934747922549021,3.413874803704085,4.806779862607797,3.493552998150076,4.6796917619459855,0.9869029417872268,2.3150094445192333,5.8269774757647665,1.6809675926948604,3.2997596686354593,5.501921074712653,1.3737481454981275,0.3654569686911014
421o0312_1.645_445o030i_-1.645.wav,8.046838379597236,7.203668584792573,3.5791223872595315,3.9627272715909503,3.694687368474903,3.996005680116369,3.840949282608472,1.39578897989411,2.5048665130222907,3.6919275657610537,1.1881910408485787,4.385556048964716,2.3551069150544786,1.7611350974852469,0.258684816197214
051o020m_1.3283_446o0316_-1.3283.wav,6.243768349312537,8.724538761097644,3.470018994955132,3.0774073698601594,4.419231374723704,3.2258821319325577,4.440567846492598,1.440170991470594,3.3577751324846346,3.1918597303448593,1.1564328495765273,1.3890697486865757,4.0186756010937295,1.0715364681210284,0.4029502567026007
22go010w_0.049796_445c020n_-0.049796.wav,7.621044785657894,9.164647661139254,3.2425457769670416,3.976013822216883,4.565758372060988,3.861700599328677,4.439931160882677,1.1053152671702324,4.218527549558741,3.7808824926620845,1.3802505220246335,5.086487326376034,3.8145533102608224,1.613993213833846,0.4890062980950817
420a010q_2.2199_441o030q_-2.2199.wav,6.93865801751188,8.60894267034024,3.517866848884104,3.520341187281263,4.334944571420644,3.684436662467272,4.290529765066482,1.2531568691473778,5.1336735695822915,4.5354056408310415,0.947565732138884,5.475539237114762,4.33954216463926,1.1945661934130678,0.6788258386957335
422a010e_2.4257_050o0209_-2.4257.wav,6.906496412854756,9.734231088079158,3.8437721258344375,3.3887179036164894,4.975986431500991,3.4084010568704364,5.144843096983824,1.6089897928044996,2.2719882592681637,5.826940696886786,1.3366620569446237,4.429469516178071,4.324515815398403,1.2937115183007415,0.7933956588075691
22ga0103_1.1112_441c0206_-1.1112.wav,6.188726767600453,6.862465270617919,3.4391587936964814,3.0925803614606013,3.418106468450488,3.21879680317457,3.531989785231588,0.9054325693893628,2.3498184803733846,4.971022356261304,1.7379734473846336,1.5725531806879407,2.4833603651821803,1.7960024437404136,0.9302073047266718
050o020u_2.3762_052c0105_-2.3762.wav,5.238980529602609,8.561793176419275,3.757083921470148,2.7629209910384778,4.344144148047247,2.793799939443693,4.490931376869744,1.3241484785637558,3.6816731046404128,4.820665822856207,1.546531345689769,4.037948788530046,3.835906777160189,1.5144337470894629,0.438162461578933
443c020g_0.57253_441o0305_-0.57253.wav,5.159332105230463,8.058512912276827,3.9262706014349,2.6394548289032014,3.871224797308479,2.789439530827073,3.8733670365125055,1.1013186255872682,3.600010152666296,5.129307271714122,1.6735844110676812,1.9469713026041922,2.077687728407411,1.2540685072852644,0.5391842341268211
22go010m_0.3947_421o0310_-0.3947.wav,9.3070921034009,9.7973940939885,3.62604122030876,4.756637824721135,4.712046885402415,4.7520468747485785,4.881984883443906,1.1645430126955958,5.973156104836651,5.546812007229567,1.2043543190199002,4.6414163177256285,3.142575958830853,1.6616526583062114,0.8088658124376129
22ga010n_1.7826_442c020w_-1.7826.wav,7.838805471558266,7.252941694057149,3.3652049592449806,3.812485685311327,3.3634110440270453,3.8413510473918913,3.530942506361611,1.599330558249906,3.226989433402107,2.528098391751943,1.5022029060135098,1.939729905685135,3.7862677268545926,1.4636447552705054,0.633038259360383
445o0305_1.7953_422o030d_-1.7953.wav,8.499962022972758,7.658814219630777,3.967457788616983,4.194799343836116,3.7841814409274055,4.237995436811208,3.6197609508670503,1.282090116349668,5.267187975048053,4.3534582482100115,1.4082517251235225,5.865119468797833,3.63847671528633,1.6282598882548722,0.5096852684811757
445c0213_0.57512_440o030h_-0.57512.wav,7.50896064867958,5.600718757766227,3.0427702390947218,3.869900102372656,2.8346940603572657,3.761866641206487,2.9387554425720808,1.5246707507189776,5.758337230308564,3.339669337085949,0.922369665570565,3.2820383609555455,3.8057467130741545,1.291930205290999,0.8436981364164335
22go010o_1.3845_446c020i_-1.3845.wav,9.367899672002292,8.304523155633195,3.031077494944652,4.840284744397732,4.177948993424528,4.748958651335019,4.058955108178687,1.4627761224476128,4.269478664451418,5.709299460297646,1.0578471522212165,3.3455490035568194,3.6172731332667967,1.7520086936383756,0.4188016883861556
443c020v_0.80216_22ga010q_-0.80216.wav,7.455022168443424,5.8981131329890095,3.31661031147954,3.804036590518277,3.0557537525305083,3.872703915846875,2.900239128034237,1.1852025093591223,4.806396593218832,1.8672672713078864,1.447698534485455,2.251673894451539,3.3721502012284286,1.1370222440618956,0.498442524107604
440o030a_2.4297_22ho0108_-2.4297.wav,9.84122249448497,6.518473769022588,3.7876757927326112,4.726008915972533,3.4276343193007746,4.802719621095384,3.2759258234294,1.2804930175486926,4.900695992966242,2.345797051695691,0.9214069895967816,4.194124421456721,2.533491148399373,1.0828516772916716,0.8758401418574067
422a010p_0.62883_22gc0106_-0.62883.wav,9.58175078266338,5.498828994690118,3.672089643287993,4.976412588917544,2.8423555902178346,4.830019399690251,2.8096595025640805,1.035403619020362,4.931352725730161,1.5690782206167813,1.7093291872196184,4.287440132300209,3.4065964136623275,0.939032344188294,0.4359568108148851
22ha010w_1.6889_422a010f_-1.6889.wav,7.741198543293405,5.459717036489204,3.4543908796883147,3.698623437439143,2.8329823551075317,3.7645494088811153,2.9787690701724925,0.9508306990180512,3.2338424116213487,4.491008346528224,1.7032813941774545,2.171869730976954,2.9055454161743812,1.094581742045445,0.891776746893076
050c0113_1.4501_420a010o_-1.4501.wav,9.290684139541046,9.91605066343222,3.250355140892608,4.604545628614283,5.1352395534292175,4.670828827260306,5.00067901843752,1.7124472750533242,4.559299530154673,6.7461974752359595,1.7780923231309125,5.845389998956123,6.402985624567269,1.3617904351061971,0.440922714612373
052o0211_0.0029623_423a010w_-0.0029623.wav,8.851548151851045,6.918046419837514,3.3071093953852646,4.298312273762961,3.344780853094817,4.158773106611565,3.4418829685748364,1.62543220584445,3.760801880937015,4.377867763481936,0.9974918784555452,4.926680265098676,2.6292583188290886,1.2710493799063105,0.752443293918764
421o0313_1.1695_447c0212_-1.1695.wav,5.063066682082019,6.435520209028068,3.95685650567789,2.376683790230264,3.485153962439877,2.4622920280564204,3.338282489320349,0.9250270251138676,3.0556479251201734,2.1729554563146305,1.243496131040799,1.3476333577403,3.2119482548236453,1.6027806562603164,0.9086936752066598
050a050l_0.96279_420o030g_-0.96279.wav,8.507514675937214,9.481033023108438,3.973692819301457,4.31551752841238,4.776167925455215,4.265417730247515,4.63478189282172,1.4854561400307584,4.707172789145419,5.295381084146861,1.1631544606182922,5.120823387999522,4.570850021919357,1.2801733887263824,0.5674398530973725
446c020f_0.91782_050c010u_-0.91782.wav,6.560372331996803,5.056313242066265,3.9009572466603655,3.278512102259193,2.3730242390872784,3.1607760027439378,2.495654622234906,0.9940362500523224,3.2263528275406164,3.2415220512247886,1.6990488930273453,4.21282286440932,1.021009781541685,1.5208343099372204,0.5729317151763722
22go010f_0.045907_444o030s_-0.045907.wav,5.522888262599873,5.647547095234915,3.8429105706820583,2.746233334489052,2.7108483782840778,2.881198652180448,2.8142135707835867,1.1587957635408557,3.8015755471277126,4.041596626929643,1.7633166079568174,2.929391506221393,1.4070269843595644,1.252140638673032,0.9287820640881624
053a050b_0.87228_22ha010o_-0.87228.wav,7.568844679065614,6.2077301735536095,3.5845198683778063,3.684251069605781,3.3315963216249087,3.6811439941928783,3.161624717871874,1.3987478256437986,2.672559721651455,4.4376553101526115,1.0594820079486025,2.0098858050755504,3.757012658882345,1.6454435604213409,0.5443180654885298
441c0201_0.34953_440o030u_-0.34953.wav,9.852924813065744,8.674147433142931,3.462420245546346,4.902547973091486,4.426401534442837,4.755184121950864,4.45439966611273,1.743006407108585,4.227883780222064,5.0906154527702885,1.2385719373153634,4.518182196024625,5.2540012641400455,1.662014953868293,0.3070409255915567
445c0209_0.23126_050a050d_-0.23126.wav,5.970052575537423,8.023616291658639,3.195462325977936,3.172827490796352,3.858375386878514,3.0601711658593995,3.957413523228608,1.454112681833556,4.347976859450046,4.38963046705088,1.3829416279659292,3.799309814479812,4.906756318765566,1.3754989181738553,0.4891939188296338
050a0512_0.15462_422o030q_-0.15462.wav,7.542851052032549,8.837423793146769,3.3644452932657374,3.7288249970774583,4.268483590755549,3.787538897128115,4.428022545060889,1.670289460420591,3.993234984611354,6.148668444860748,1.0704184051863084,3.717196560401423,3.4823355472194897,1.2631242073101838,0.6561704777487452
051o0208_0.55453_441c020j_-0.55453.wav,6.378375000844146,8.257786409021374,3.6466396854985774,3.042988890895659,4.108642353998954,3.0352284190943664,3.938819578502199,1.2226346249611753,3.11056039989009,5.141947139651761,0.9459855124919792,2.4439172347136076,3.487560883814641,1.5835852152626528,0.7652753760905655
052c010a_1.7919_053a050u_-1.7919.wav,9.86617199469645,6.918258638026261,3.40565237568356,4.9758859995688605,3.455398087600605,4.885364943109461,3.599293668969438,1.6927085413212033,3.5885665394235655,3.0878934742238076,1.2189382330359697,3.7918347399484635,3.135015339962341,1.7255221845825628,0.6375565561322175
051a0509_0.54163_421c0205_-0.54163.wav,9.517000627606366,6.098902742349397,3.440549521876417,4.693778088706234,3.069630034203895,4.831646217367088,3.128726388571608,1.37731293057674,6.323518840430593,3.1543997444999836,0.9012356107491718,4.119732392374345,4.581510465572244,1.3952440899990526,0.3160116472476794
422a0101_0.75299_441o030r_-0.75299.wav,5.772951847191559,8.711844348113836,3.332283613656164,2.830690149870436,4.147573572320953,2.983593767321578,4.2218735303987,1.6074946436539672,3.4360996341946466,5.7332343886352035,1.3398520549997557,1.3703635476949823,4.197363895025826,1.446398543598116,0.2225833047810346
440c0211_1.3223_445o030f_-1.3223.wav,7.396162451998644,5.600220128778071,3.384147052710747,3.84984723986244,2.798442946100481,3.710482276322478,2.8539173270119,1.5575847990212288,3.918652090220302,2.1748324881009338,1.579206330704086,1.9815027402198482,2.484640995900086,1.556486686747523,0.5381521079250089
421o0311_2.3562_422o030s_-2.3562.wav,5.809350017497979,5.418657040964734,3.596282149705619,2.8889014294774484,2.7524570476060557,2.777299955411081,2.652231746477977,1.0276003416350732,2.4100155761164115,1.184115972438567,0.9911234182433526,1.3712728666042246,2.7977782570017227,1.1760354639128414,0.5879872326254918
051c010r_0.82037_053c010o_-0.82037.wav,8.927705685045055,7.040696171680995,3.363724040573155,4.608616494714006,3.287139144126097,4.544205199947232,3.4226056902047057,0.9785651067743044,4.395830675083472,5.196793249229404,1.24422332693391,2.7866044906787906,3.731726847833986,1.3376095054261392,0.2486520119731736
443o030m_1.7352_422a0101_-1.7352.wav,6.858919877365622,9.782655390631756,3.422105357200864,3.3179219194149354,4.7843943742251405,3.149641656843272,4.808513935349092,1.1532465590976992,1.7218237399856207,3.844108587915428,1.583423052371106,3.927160050289983,3.672212005729064,1.5121902562757872,0.8580740752149383
446o030q_1.1084_22go010c_-1.1084.wav,6.366455529286295,7.023333197621239,3.8961775056006074,3.3131535687785028,3.502400383208132,3.2976955133326267,3.333104640432857,1.163673112368346,2.262802421752841,2.324837365267659,1.5532906203491887,1.9700176408469616,2.7643081424747273,1.1130210263167344,0.641315566175249
447o030t_1.3876_442o0305_-1.3876.wav,7.127120979287594,5.752608043405,3.3649063804401003,3.320515638522576,2.77321609585832,3.4511081605413976,2.8470103584589,1.6647290636095335,4.293208807335325,3.207909942962298,1.7882075880460968,4.071702528249028,3.099792274255237,1.453461587344584,0.5278505791068808
445c020w_2.2736_443c020b_-2.2736.wav,8.532651460451373,7.225252279013851,3.6867773961642607,4.462510691468729,3.486037688418479,4.340236614008688,3.367931592126646,1.0049808630496408,4.361115697815959,4.6809257820721255,0.9929096371883768,4.880018669789738,2.3870894368209084,1.6759445199410004,0.7793951854797269
22ga010k_1.3852_22ho010z_-1.3852.wav,9.560229692992545,9.26603836076837,3.6871033518932137,4.794610121145109,4.487336136623343,4.919074676979987,4.603131535240156,1.6716461244952163,4.84828892782718,2.9683014702453794,1.2277119421771785,4.923028606699187,5.81197350817632,1.3739319859563217,0.515512346173459
422a010j_1.3587_420a010l_-1.3587.wav,9.407995342757712,8.386242944222875,3.5947698650679434,4.96306537458973,4.126700676255359,4.819512572287305,4.083196734467045,1.074016613582176,6.158958675500137,3.5175226907818145,1.254875110395578,4.151546634611534,5.365143529316606,1.30510600842622,0.4556171388699812
053a050z_2.4132_22ha010d_-2.4132.wav,6.586115422867012,9.678095462871632,3.81372485708261,3.363513614128653,4.815963769638194,3.4224329920278884,4.975426953188401,1.125926735399571,4.383932722803682,3.4774569132467303,1.4563215594751258,2.8322413476381625,6.042087702519357,1.1299198994208417,0.7505502011487366
051o020e_2.2012_422a010y_-2.2012.wav,8.781519895748612,5.979652057507632,3.994565938791929,4.3026624200938,2.929499093247475,4.1333084950098,2.9443061205873198,1.1819741906670305,4.776150704971055,3.698440571141705,1.3975662248953569,2.928794956998152,3.114888261337381,1.7995079047681533,0.472258280226939
051c0113_2.2969_423o030f_-2.2969.wav,8.503264441801965,5.330281615665712,3.0743367933606005,3.997435869651405,2.786343483464929,4.145464347274623,2.702751798396661,1.323676766255316,5.09724434045809,1.311832092091138,0.9972712082578544,5.37840422818284,3.975567779835483,1.2350067511521212,0.7724234981748874
22ha010n_1.7862_445o030x_-1.7862.wav,9.230561367621664,8.104698910291953,3.728607310753054,4.582358142112353,3.995465901155841,4.726344330582075,3.9534185762711154,1.689536802876784,5.851211950017307,2.600038717200564,1.4552888947189484,5.63790444802718,5.394347946699134,1.4352120561110993,0.5880418436368691
051c010d_2.4151_22go010n_-2.4151.wav,6.671485520116903,7.271396755718534,3.3539421460015646,3.2813718829451948,3.6651697741129263,3.380359847201237,3.5524693618135714,1.6822592222056252,2.295983237623531,3.670911005253658,0.998408150320478,3.5057100698543704,1.8323586041931956,1.532066270075938,0.4971866057046649
22ho010y_0.98276_445c020g_-0.98276.wav,6.433198754506523,5.112467965740204,3.944666638873914,2.960679745779729,2.456553199057261,3.083948636536521,2.5420212081108824,1.6158982399661306,3.1977107283049455,0.5624187463081074,0.9198355824620932,3.2135158706180653,3.471955284379148,1.2144241111859588,0.5829674386851098
053a050d_1.9428_441c0206_-1.9428.wav,7.721839344101575,7.663063026273084,3.1324652619236444,3.836348578206532,3.802209254277321,3.6981406801426657,3.703221492848102,1.4336964422456304,5.23786694278608,2.9946584405143724,1.086706948993876,4.084960775133017,2.3888865545569433,1.5954660481805014,0.5090037371729549
051c010p_0.13734_441c020t_-0.13734.wav,5.00544107459579,8.679685664729158,3.566348740296478,2.50210875701955,4.399494954193592,2.4028513898154085,4.537509355817852,1.009164973587408,3.3511339688444544,3.2772616016218756,1.4458010639837815,3.566468569815548,3.071367949721528,1.1568864244213586,0.7051531282087992
422o030z_1.8306_22hc0114_-1.8306.wav,8.992194154731903,5.079134296156257,3.0353244651976605,4.525459141895536,2.481783627665683,4.661377857325905,2.5452352060208234,1.7458102346699187,5.952659814410419,1.596417760374616,1.1286399005284375,4.3852043839430905,3.4950678686600223,1.547854754517215,0.2005746446734415
440c0207_2.3636_442o030q_-2.3636.wav,6.60847676252313,7.190517502753528,3.376033870635183,3.2702394071111494,3.478439663541536,3.15497736597037,3.367468217339995,1.2030077101627064,4.116455064457837,3.4048347005831796,1.1813582956377973,1.3740418913614907,3.0313256278488656,1.1236187924878955,0.8369095808544451
423c0204_2.1037_420c0213_-2.1037.wav,6.15931305816138,9.999819670631096,3.390258319398022,2.8757142504186746,5.061253454638277,3.008312426664812,4.991126971365563,0.9977837151739116,2.24610634223192,5.718856405704845,1.7251070299820166,3.2306774782935026,5.8903899636511445,0.9379819674337324,0.2068406958083157
444c020a_0.21951_423a010o_-0.21951.wav,6.219397205638615,5.144006794269866,3.885808634102242,3.1551887814519466,2.446499340201841,3.301063867062539,2.4814344142407254,0.9597027890393238,3.767455155317886,2.035299952135113,0.938960631260147,4.057033018301708,2.065634056569177,0.9928584331339458,0.2670955395084239
447o030h_1.386_051c010u_-1.386.wav,6.154989124570866,5.80577199134853,3.863919206384765,2.8765025738044288,2.708718523680777,3.027566128250267,2.7866916121035734,1.4323417240800786,1.4453830955633389,2.3073972308299395,1.146213595158241,4.867923360011771,2.9604068156245686,1.0896293709784135,0.7117821873247022
423o030g_0.3837_422o030j_-0.3837.wav,6.04051497379579,8.301316001274792,3.5314835639398394,2.9075866503283416,4.156759369737309,2.808404166022496,4.044230107734395,1.183981255140499,1.977966782291821,4.56826434496489,1.189419472158762,1.5700958065447372,5.3629837922978,1.778918419131576,0.7340682064278425
445o030l_1.4247_052a0509_-1.4247.wav,9.516770304045254,8.291332980358293,3.946213418750229,4.505877521500402,4.136574552549451,4.645774614356464,4.233160283433584,1.7270418688287237,5.4026701571502915,2.478884610777596,1.411655373640063,4.120166359946777,3.4665565484836884,1.157130383295612,0.8402701998873419
423c0208_1.3289_445c020n_-1.3289.wav,7.454574132957411,6.355103998454225,3.3769873336395992,3.8828722332674954,3.2822911555281915,3.7564110637635166,3.20162162839628,1.0826632220166643,2.30025982191402,4.276993973249344,1.2059227939316537,4.272868047968814,4.6918312425305055,1.2764049760194367,0.5531566780716601
22ho010a_0.97167_423o030x_-0.97167.wav,7.825302036867253,7.223809050321464,3.090676236430938,3.937817003949948,3.762577448773514,4.091307704234828,3.8356568913415647,1.74645315627344,4.7591626462100125,4.098082404342983,1.3503713858420632,5.053691444711012,2.561729049859796,1.1315180703779764,0.4614018860825231
050o0210_2.344_443c020g_-2.344.wav,8.207388994756808,6.67515529738326,3.672129802565223,4.079872443091404,3.4357342048068698,3.920711469344973,3.419370084418413,1.2882414634124306,3.7271892916888683,2.0168347596547664,1.7588676405698478,4.951129900775543,3.07434303719995,1.6119424750900406,0.776264065194486
422c0204_0.73184_440c0205_-0.73184.wav,8.02203683395445,8.966462770122025,3.367464064772644,4.0213000599852045,4.287870032748945,4.029171319772264,4.4576877093004885,1.6492919969432536,4.836148277598277,3.235195559770951,1.459153101683621,3.3472578754450626,4.529835296442886,0.915970937763218,0.8048863318429403
052c010d_1.2104_446c020o_-1.2104.wav,6.796000893601581,5.636696054332263,3.8929312357685744,3.324459777323825,3.0806299845920697,3.2616173474938988,2.933487777822323,1.6406733508325884,2.456156951987685,4.130557688513558,1.2523367510890189,2.283254263016259,2.8451735232883975,1.193419701178135,0.949572257627318
444o030n_1.8224_442c020a_-1.8224.wav,7.172866253703566,9.262172701164957,3.825109503150168,3.494814933618734,4.881959067952471,3.506731092511532,4.732433133221262,1.1777030855636808,2.770670832935139,4.28657656469339,1.2692803765557572,3.315646453497101,3.593642081809975,1.2157930987710028,0.4039793875653056
051c0113_2.0343_22ga010b_-2.0343.wav,8.308590139526734,5.622191344776804,3.8334738202213448,4.141441260838556,2.7870011008318274,4.258771387078983,2.8957836429808568,1.450098811194371,3.931084264950599,3.707747873473034,1.4085946142337291,3.379387617066389,1.2984124779161557,1.0194976309958144,0.4968755886689022
441c0210_1.3718_050c010b_-1.3718.wav,5.6457112527198605,8.13602909602524,3.570934407415445,2.8502693629845743,4.047219933093691,2.8006555566365807,4.209819042007805,1.7644478858260169,3.2603076982372143,2.3601828802152984,1.214644105408838,3.956696964417558,4.072102080065757,1.0730593505684156,0.2730736422470926
441o030e_0.6801_052a050m_-0.6801.wav,6.959031656857156,6.334390057773044,3.17341380525368,3.3697389215876536,3.167447929659337,3.2785256086747885,3.035994015501334,1.732575725823292,3.4065644732198277,4.6240219369057565,1.691929211983482,1.7373920680909622,3.4389665603998076,1.474682806601182,0.6838201680977969
441c020c_0.29583_050a050q_-0.29583.wav,5.943128355424452,6.116980329767599,3.7490025826193394,2.9050482772761392,3.1064762175318057,3.0017024050461827,3.246326064099516,1.2200928196275225,1.5075156949705983,4.378839314648803,1.4690620534415777,3.8513293128169765,4.128390478844909,1.4684361738101162,0.81346170072638
440c020f_1.7841_442o0313_-1.7841.wav,6.327598244328737,5.000800627781088,3.5489013532719342,3.2852561000553404,2.4845355176025645,3.250802137397531,2.3180635245912047,0.9812453899337952,3.471245042777454,0.7831453931463574,1.741192926720295,2.310362574810496,2.6185745109710834,1.637404150133246,0.4594077048707299
421a0112_1.0872_420c020e_-1.0872.wav,5.462861251901103,9.57326622675535,3.99836853077969,2.634742124498638,4.900619185153845,2.788393626032732,4.827878439513466,1.1953036479767245,2.4836367068544902,3.847174173547351,0.920911920223656,3.4896481137508406,3.2429144225003355,0.9791387914160296,0.5963899329981087
446o0305_0.7099_420c0202_-0.7099.wav,9.967500479294436,8.174890609925543,3.941685380160019,5.061840453324857,4.174883371216395,5.063271461922417,4.024890197323734,1.7820960995533517,6.145504425277312,5.42490912314874,1.0436290518438396,4.048829190098465,3.342204689902818,1.6597597307991914,0.4727862221852158
445o030j_1.8161_442o030y_-1.8161.wav,7.335873632709484,8.463257724487319,3.3721219036120984,3.8058359307566487,4.179870426936053,3.804459386025333,4.349864853681763,1.2475229960878884,5.354271537754686,5.178480445298842,1.005661476883729,4.162320746793459,2.7749376630520164,1.3935876094965376,0.4244802392085086
22hc0111_0.62209_050o020n_-0.62209.wav,6.913383161999748,9.316392160355212,3.3293627643635064,3.5347923704834683,4.763613522912118,3.516632360453527,4.614716867356286,1.4502986116404375,2.383203739827427,5.348807307857577,1.6258046282012453,4.267446426064482,5.867506476707938,0.9854734553997572,0.2013815266656291
441c020k_1.4728_22ga0110_-1.4728.wav,8.758118839422918,8.991979403868083,3.802841727190244,4.519262562946368,4.640438138237003,4.372694329661416,4.672340379407925,0.934850718967096,6.235011587687159,5.52845707842573,1.114237897346501,4.424706607587801,3.361669266306662,0.9913631852595512,0.5881271362976382
442o030e_2.455_444o030i_-2.455.wav,8.781474877974752,8.440851688403333,3.674499356549384,4.319762052401093,4.415852758314496,4.275916120792778,4.251604366293754,1.1203068932319638,4.552822220671148,3.457079174305487,1.2107795700932822,3.9800194624888103,5.4519114195252385,1.6167216161882934,0.5974265378651289
445c0207_1.2447_22hc010g_-1.2447.wav,8.647922805373751,8.551587638610208,3.9760416761341695,4.388373277975877,4.246883706006519,4.401882730131154,4.416346075582966,1.2377586727492442,2.3828038148321014,3.746114697583772,1.7946465227343056,4.892870546575197,3.5262031013687887,1.7702246674193995,0.703634148309555
053o0206_2.1746_050a050n_-2.1746.wav,7.069682955104236,8.812323614309484,3.703679417011028,3.3004213816316232,4.142431083144469,3.408708380767636,4.273480409041694,0.9121526032422996,3.3235013550091352,5.098439565676961,1.7275722329725205,4.066408943118722,5.723155004322527,1.7135648323969854,0.7031599703199614
050a0511_0.75829_447o030j_-0.75829.wav,7.612126015156155,9.862701939184706,3.186509585123083,3.621678903130258,4.907556028634461,3.628192014269284,5.077431216296728,1.2939653447677333,4.872931375480908,6.3219672698345235,1.3885108415645044,2.1057157833169877,3.9033910207189466,1.5194511045022183,0.2627720843409996
421c020g_2.223_22go0102_-2.223.wav,9.65479844682028,8.554476594156194,3.593370790819065,4.925943341150425,4.2385979219886,4.8079000242358205,4.146046448030599,1.7120589549015586,4.220327815004753,5.138618758629133,1.7578655842765314,5.3956493858814465,4.611961463129984,1.5971570585882005,0.5487838888933709
440o030r_0.22678_421o030h_-0.22678.wav,6.666454705439844,5.057956918058427,3.623027695441854,3.218993141618772,2.367643022617448,3.1692424734076545,2.509152283842808,1.330181854488271,2.650062827054306,1.6027709176681095,1.355649592017788,1.2891153605115615,2.617415282985911,1.254288992819876,0.2704382219294621
423a0113_1.6185_446o0307_-1.6185.wav,6.653818129851547,9.838409797443605,3.353997730349636,3.1675225909372418,4.686075918525027,3.3159452422560105,4.768965704237788,1.4131989889137664,3.301975976542185,5.849398792708125,1.1601528883019063,2.125605395840775,4.611135676510736,1.7256262115563592,0.2348520170325695
440c0209_1.0798_447o030m_-1.0798.wav,7.957121349463073,8.490628968639635,3.895301110823088,4.129490721415874,4.138896999374413,4.0904987372031,4.283740449924139,1.026099152100573,4.528190625519655,3.4602635330765104,1.7254242393907295,4.591196900275841,4.977817992056656,1.793661766218937,0.6156689115765971
446o030q_2.1018_22ho0109_-2.1018.wav,6.368834956665612,7.655193033268404,3.9016956464012034,2.979628312954505,3.924979288182095,2.9942242192906976,3.775691112098973,1.4493024711615503,3.8440230199128065,3.7953660417635935,1.7445094269916162,4.639411609364459,3.4617598505597504,1.2919839096274652,0.4727179205674904
420o030p_1.7301_442c0202_-1.7301.wav,7.568940682034505,8.373990907974582,3.829964824578392,3.655225928860315,4.395320435468447,3.7126508038695536,4.256747769584539,1.2222113633235034,3.544305961023052,3.646288327960486,1.6045380339713513,3.506993074425991,3.4504634700105887,0.9060292936308504,0.5607785461472414
053c010j_1.9771_422c020s_-1.9771.wav,5.818818589528637,9.377257528922314,3.82108766220386,3.0070654570764668,4.571719622673877,2.9670361243318006,4.427159418883148,1.346650272383504,0.9794899042662195,4.472119919748326,1.550532927429885,2.2959237631677567,5.528287433963329,1.6208827358074225,0.9548416491293736
446o030z_0.26601_22gc010t_-0.26601.wav,5.749551700604384,7.88851062236627,3.938225553263997,3.101240715740521,3.8028543966129136,2.953661403629975,3.77601512246144,1.106420369653021,3.61211036322277,3.11633425459666,1.6420721479061164,2.4282316980463,2.9931923158836717,1.79438136867749,0.4281065899766286
422o0312_1.2176_053c010x_-1.2176.wav,9.459935307267774,9.461416650323033,3.0264109110814257,4.874368944060635,4.502047313519322,4.900752613092786,4.649708757398223,1.6591886610116608,6.299198744014772,5.150392920898226,1.3434000723968025,5.963498564128956,5.192976266133254,1.169972283167256,0.5711098862516298
051a0509_1.4217_053a0504_-1.4217.wav,7.9491371609126515,9.22424947102617,3.854588250218591,3.834802132635671,4.634873053939945,3.963961011884086,4.540437976181236,1.096065400535542,5.139804824678376,3.549345400360149,1.3573179617520224,3.3170902632564103,4.980829429185424,0.9920522724809342,0.7902178050560036
22ga010x_0.48458_22ho0107_-0.48458.wav,5.154041135337779,7.606512962527835,3.1718427426100866,2.767144915604426,3.784151589867183,2.700266378506337,3.627859359492095,1.6295455169900297,4.146756666490857,4.590246228940852,1.0236165602889808,1.0610946192916197,2.890446563584124,1.2782618109062862,0.8563401114520414
051a050u_2.4571_443o030i_-2.4571.wav,9.20705555435546,8.843706540032775,3.7474912380964,4.550495125351479,4.531089628194574,4.4359314877529785,4.62791510490499,1.4701403324140787,3.233164740794998,3.3174654945187956,1.197181615053465,4.052795730952447,3.021847537233601,1.5677485653857672,0.6240763612572764
442c0206_1.5615_053c0108_-1.5615.wav,8.438066980405567,5.304012067428331,3.974516023825475,4.096519455974039,2.6123555094846704,4.165572715162088,2.7676991524041927,1.4020296806626709,4.215899021594353,1.7620567905671756,1.5887247236028768,3.2765788652203627,3.8160068283866373,0.9048994795035424,0.6733773406977331
446c0213_2.1972_053a050n_-2.1972.wav,5.324106526771384,5.67251806130187,3.097696150633368,2.773901754253379,2.8800634540802967,2.879964660247666,3.0129192404505067,1.2019146107623264,3.4329669035552657,2.1341736406576644,1.2292260307896516,2.3424239912988374,3.5229129365616414,1.4318709389696171,0.8302831527821268
421o030c_0.050599_050c0113_-0.050599.wav,7.966891582754878,9.95441836734688,3.5930035361130943,3.92426015727772,5.032485876703619,4.041298087672487,4.93866624736674,1.545782994226926,4.554478167841548,3.3346445179754483,1.0829398794205245,3.426638442714998,3.7895446334943212,1.3470213654253391,0.201391919983768
051c0114_1.5751_441o030j_-1.5751.wav,7.89702570851581,9.533429853040015,3.7727917337712222,3.843914566767357,4.834229163449459,3.768537432904384,4.963914504527791,1.6942473015914483,2.1191300157561423,5.762583578563751,1.7466764288160253,5.069689814855781,5.826515130629923,1.5076288100296242,0.6246002765071812
053o020g_1.1176_420c0206_-1.1176.wav,8.534306566445169,5.521639445125086,3.388197117509661,4.1028951701981,2.7580626976323,4.053706562922328,2.5953344551103887,0.997099810293233,5.582285698108913,1.9996226668959012,1.0851279293265377,5.833053480993306,2.637767107869599,1.2464325297259862,0.695703044017365
447o030k_0.45818_442o030x_-0.45818.wav,8.886691495892235,9.339620936667712,3.927224546254184,4.21599847825723,4.787601973532906,4.384195287318571,4.762907167974188,0.915499866213244,5.277070353549533,3.2027189390225925,1.5148621762834256,5.166801958723904,4.402362605342065,1.7648465686803017,0.2307561307313665
053c0104_0.53193_422a0102_-0.53193.wav,6.384099003008848,8.632898392155592,3.805109581092167,3.362725380593505,4.296855217095767,3.1955070337221767,4.327482402236099,1.5811246212318897,2.8553760294972896,5.8765648978971115,1.1301932609593548,2.3620915542822285,3.4752163886261145,1.4143076385466418,0.7400672027746906
441c0214_1.0466_422o0302_-1.0466.wav,6.536243781770279,5.370008606548255,3.232391368373506,3.2730402801747656,2.7097694412695943,3.117024973322734,2.7772914675119007,1.235708541530059,2.689511817831848,2.174127716433558,1.7341012547315513,1.268474545013168,2.33087265008035,1.192648091958974,0.8205416649885702
443o030y_2.3402_421c020y_-2.3402.wav,7.636917241554311,8.928186273136935,3.882345949013129,3.6531857215939465,4.315896000756381,3.593929954119026,4.475234489581141,1.5200509079287323,4.274792226264394,4.052012950558534,0.9084268092985012,1.8985194631047497,4.469334954457708,0.9888263613765944,0.5820642713636077
420a010y_0.441_050a050k_-0.441.wav,5.6849107907109415,9.167383533827412,3.8343207791146816,2.9792632612648866,4.571714019468989,2.9971974668704684,4.7407653852407465,1.2785515886081549,4.73563560893207,4.448291727813783,0.978672595060716,2.5701070629332654,3.986509768948878,1.0127704420803187,0.9160291586753996
051c010m_2.109_442o0305_-2.109.wav,9.91273712726518,7.432292837381436,3.856789672792294,4.883390671251524,3.716916829924668,4.789154487335301,3.858407259427542,1.2803622811059534,4.113635568870014,3.4807286317847246,1.0108341382171495,5.84317221092394,4.163540091694776,1.4471292784629346,0.5426201116874679
421o030i_1.7343_422o030s_-1.7343.wav,5.217649590751529,6.860219009052839,3.288555356051793,2.867530256696828,3.2854723725875115,2.702896574190796,3.243096075150109,1.2324021714791693,4.5827717163457145,2.7048904736370436,1.112656142398056,3.5626563302536822,5.078102614860645,1.4688392049518306,0.7012046833672512
440c0210_1.0725_422a0109_-1.0725.wav,9.20997456154417,8.534182290969442,3.4928646868740456,4.38669492061752,4.115426883655452,4.529155142381951,4.068468548774101,1.1467280302418572,4.865147088956839,5.37072179401138,1.4300541277157248,4.975209226227848,4.706987333137621,1.625242051387007,0.4207762102077316
423c020a_1.9629_442o030w_-1.9629.wav,6.197193951619441,8.528002917289923,3.565853979945977,3.0631606335922434,4.466811742993435,3.096630265449773,4.300139058538778,1.6114015759642286,3.3772010884316983,5.3323350705946435,1.6857133187854,3.2508286938656212,5.61591941144076,1.2060647631931212,0.969768496873734
22hc010q_2.0985_443c020j_-2.0985.wav,8.011717893654975,5.62737144425065,3.937926650949673,4.1879720071086695,3.008010549023579,4.025576839021108,2.957733224295501,1.6536710430366768,4.230945662022115,2.257896421011978,1.4257941816452409,5.813025924655315,3.443376489864402,1.0582595816245657,0.9734779822431494
22gc0106_1.2044_443o0308_-1.2044.wav,8.415429882169619,5.235297874396221,3.991561536981148,4.269460626438423,2.79976190818282,4.24343055219301,2.63176656528672,1.7217645367046153,3.098725225147333,2.001072445439079,1.041913173677044,5.46562382373903,2.620907096106125,0.9612104860905278,0.6095108442062857
443o030f_1.7669_440o0312_-1.7669.wav,7.444515812331,9.05378604086644,3.4207766703291163,3.887907392790643,4.416789625130209,3.770809039261828,4.293550120096958,1.744289433630982,2.60004885119334,3.1556838524274458,1.2925607460665007,2.76121980567275,4.076412710816337,1.301242155041475,0.5122340743940195
050a0502_1.3461_440o030j_-1.3461.wav,6.158847862100374,5.49026624832015,3.546538921701221,3.2942877793944216,2.608409200432367,3.1994953046172547,2.4921578059219347,1.7329075204987854,1.6577897616892547,2.8311176163358507,1.233900396638782,4.353504721527166,1.7603042027141211,1.6292692356841527,0.5292967399546566
445o030p_0.97369_447o030v_-0.97369.wav,9.23687767419407,8.863233219962204,3.761889968129774,4.759507361969163,4.190586450312348,4.698054972026453,4.349090720823679,1.3449771473823473,5.639606598009354,2.523519412904776,1.1188622697401345,2.794015707711044,4.564575439952643,1.320171510133505,0.5627779309396385
445c0209_0.041406_052a0501_-0.041406.wav,5.879661106237181,8.668010651779294,3.8238766156286776,3.056199058358036,4.379758770560288,2.955598641956912,4.516797291494807,1.0961665703485486,4.168661905391682,4.068500848924836,1.538897652553774,3.500507103204551,3.6088688321668463,1.7207454191547191,0.8283639211727096
420o030r_2.39_446o030g_-2.39.wav,5.125389547274666,8.19611902851344,3.763241246961949,2.301727718752312,3.93868985603238,2.458494591344353,4.004448107664479,1.1137015756173556,1.7755538905547366,5.254002433724072,1.0322034136834972,4.290995291251411,3.749329174982489,1.5707417988033048,0.8915927112860642
440o030b_2.4116_445o0312_-2.4116.wav,6.695613399549064,6.364012415569691,3.4964158778593912,3.30165265946029,3.415095421024496,3.178965157258528,3.328794918108856,1.6703964519713308,4.415882659521272,2.7310509159695493,1.5123880119286397,3.639926280866688,4.1320063477381,1.6965415784443598,0.2995924256951545
443c020h_2.4725_050o020s_-2.4725.wav,7.364763060047817,6.499749952488413,3.507886094328961,3.800707827053402,3.01314043159549,3.9330028733417066,3.103129434965764,1.7424580746116547,3.0594419839482865,2.9372811318124734,1.435217929329374,2.811558785941361,1.9730796024954185,1.215666789405449,0.9836653024293806
443o0312_2.4721_22hc010h_-2.4721.wav,5.200074901411477,5.480419518153679,3.5102811391936606,2.8217921341102463,2.8696598127879467,2.6856026072248285,2.806791595326927,1.7229641050052469,3.0178160673929355,1.2324776729104956,1.3526018720094055,3.0561990779039814,1.9653319281247537,1.566838170424905,0.4030399138016617
052a0514_0.010018_442c0209_-0.010018.wav,9.243426407314177,9.715058392631368,3.827871489477463,4.68203986693734,4.881284071992159,4.810894029032757,4.804494717842719,1.3453915244305084,3.69182741467291,3.728292404828991,1.3348900897875853,5.994120866738041,3.4727908262690534,0.9214480626891208,0.3366354626017277
050o020g_0.90423_423c020c_-0.90423.wav,6.515870071620915,9.834135248992578,3.2031774401961304,3.419424145730248,4.71541623621163,3.34018765720538,4.842780198486083,1.100943187820292,2.6741091475533065,6.164168668576023,1.130718810876167,3.1427697046392375,3.1859206622725775,1.0407814576992225,0.3136242601782872
440o030q_0.93862_051c010c_-0.93862.wav,8.25452410981347,6.969715999144567,3.418599361281469,4.125714915539691,3.6638494431894895,4.208472629410663,3.5387448437742397,1.378992834645261,3.840299839957686,4.411296709256917,1.4869685311335217,3.490959877179806,3.545770446481874,1.278469134493306,0.5654075907732377
22ho010q_0.46185_443c0208_-0.46185.wav,5.719333372778506,6.675684344758638,3.067114575208472,2.929009821472052,3.439290213557012,2.8144848543248804,3.536161426514934,1.4816069507793288,3.5354161381388436,4.193328382817818,1.7713369964144543,4.220215443161857,2.519238329837994,1.1902359429875735,0.6943559122852933
051a0504_2.3695_423a010h_-2.3695.wav,8.240127333858414,5.5614419974846365,3.985550377481346,4.197044635908227,2.6848319076065152,4.108238291934317,2.5398717983695684,1.2612004621612205,4.148628444724437,1.1517325859946625,1.2117340038471054,5.463105018027628,2.9371942724991182,0.9596757785856382,0.9327336771131474
447o0302_1.3388_22ho010i_-1.3388.wav,8.564584211607137,6.32499463113643,3.523898367510389,4.29947964334619,3.303800691234969,4.265486704701635,3.137233947488483,1.5571712505313875,4.97981849749414,2.7244114951766565,1.1481454800288364,3.528307590600097,3.3345900508233677,1.2933542718234845,0.979775324573952
22go010l_2.3665_445c0208_-2.3665.wav,7.140761121577271,8.380904461144535,3.7760005264455136,3.550388540380832,4.355028042808643,3.380565848732331,4.362790349247984,1.6560044931253666,3.686556542749648,5.303798115485462,1.3178762780681452,2.4664341411708284,4.515045247950742,0.97611456925111,0.4016891250613332
423c0209_2.2269_22ho010x_-2.2269.wav,6.233179343825452,9.86074284588602,3.4107407854057232,3.217705287179275,5.038094078727719,3.08258504487099,4.934931488034433,1.5526132471991412,3.2997691518683556,4.275923179558373,1.4676189368224932,2.3116560832051767,5.008273988212273,1.346256129206782,0.4998412130583983
445o030w_0.3404_446c020u_-0.3404.wav,9.032906979444595,8.60995325913896,3.0742139547565936,4.625399518644508,4.317017820231619,4.718623913490265,4.43453042468596,1.4842791855040285,5.66253207149458,5.890695473224747,1.5966430975991273,6.066553792417496,5.625639931879058,1.0654799772598835,0.2825005172034036
442o0311_1.4625_443c020u_-1.4625.wav,8.916611487083136,8.698717812403418,3.585116677577385,4.559206087227506,4.2218695838481,4.67086810654883,4.093683806785728,1.3795414194520292,5.594117008535809,4.192102397448124,1.3327176517835118,3.443791094897111,3.890717777109078,1.707968784306281,0.5985080303209509
053o020l_1.9853_420o030b_-1.9853.wav,7.488770948502748,7.952727928383815,3.7458059844350178,3.892153073627831,4.024012199711856,3.994163048488286,3.914039634819655,1.7974289672447914,3.3056156783599526,4.475731486632458,1.4194809307244665,5.128176867958814,4.901768131595549,1.2696220340931696,0.4785430460493326
422c0203_0.88605_420c020w_-0.88605.wav,8.935762573426326,6.419606502246756,3.718138565748024,4.684050377657928,3.106957781936923,4.518034358012556,3.143545774791237,1.7842486281032943,4.414847361325633,3.7184389946693446,1.3060841731635586,5.13117057232864,3.60818884185509,1.4867845029093014,0.2528741561204949
051o020v_1.2682_444c0211_-1.2682.wav,6.28459741706686,5.0543884739243365,3.134649245621801,3.07600313412507,2.5858358830707475,2.927556468543876,2.607366964739466,1.7381988281073737,2.723711135897489,1.713180151606793,0.9479303363548556,2.399975349846792,1.5068851504335279,1.012742740587694,0.3595341161367429
420a010u_2.0785_22ga010h_-2.0785.wav,5.528201189289988,7.854760373017932,3.3625813461181866,2.6503124093436035,4.037028564642249,2.520146654132193,3.96248410696602,1.1651592089039524,4.388250405176824,3.225190692539119,1.532451958071244,1.435994751009084,3.8335345353880483,1.0118605747940503,0.3853162442025931
423c020a_1.6837_445o0308_-1.6837.wav,9.473325874004605,7.674992253987543,3.1115779722039725,4.7933949636654685,4.026612323256914,4.702886041986265,3.882709108920097,0.9742975125046844,6.165704454050736,3.603053907600694,1.4871457259235137,5.314503141844524,3.129445670850043,1.529611468148537,0.4783381480915
445o0304_2.2198_420c020v_-2.2198.wav,9.93420217542317,8.134342108476726,3.141619524953783,4.918736904434661,3.9196144862775633,5.075848155303316,3.889348088234733,1.7073316569822747,3.9164576960235133,3.598321492871783,1.617103902016248,5.627757912061303,3.60208856921386,1.0022148012048815,0.5287553028862324
420o030e_1.1666_22ho010g_-1.1666.wav,9.562066897618376,7.95866254231966,3.796505602951301,5.0295171261421165,4.247402135352391,4.931766363384241,4.108316591961809,1.376183136022222,5.650822048726629,5.340723717257581,1.2101271504078637,4.439941082123505,5.230802374056125,1.6402559330454825,0.5204295704992902
051o020y_2.2841_22ha010r_-2.2841.wav,5.935200845748995,9.171760139236282,3.838890003446144,2.7265458196181585,4.680862218381792,2.8191570899403184,4.798858627688668,1.118655414685788,3.205673764661514,3.8224657774224107,1.08170546810587,3.0747749204980597,6.717156307698669,0.9610719692571068,0.6475000304218621
052c0113_2.2632_423a010g_-2.2632.wav,7.304394484732328,5.594551470908928,3.627936628562294,3.607164998157804,2.963049571636088,3.745215068096019,3.021719650808132,0.9322457640156564,4.404856479352676,4.818639108384458,1.09193978946797,3.175684813089661,4.338578721620529,0.9795196382987944,0.4892952234617405
051c0112_1.9647_421a010v_-1.9647.wav,7.973181530048029,7.023286840250812,3.130889488705339,3.976415033327959,3.659178170874146,3.836033068051848,3.755057802836397,1.4818262229790864,2.4104565242829215,3.3071091149661527,1.0547638415878,2.890901500175779,3.383719425562188,1.079752129668254,0.6740651276374469
442c0205_1.1453_22ga010o_-1.1453.wav,5.588197889707055,9.313917799832357,3.8808730360237034,2.844062370079502,4.734857452074784,2.732548463444813,4.863172099044918,1.5939987466675265,1.5663550703376177,5.283998781199483,1.5344144622163705,3.3763872412106863,3.866671194854836,1.4162487144369695,0.6711498188751681
050o020p_0.15608_052c010f_-0.15608.wav,7.89863710072895,5.623253250268619,3.341039269323133,4.116207166254213,2.736082126688025,3.946638457398016,2.723980350915749,0.983800058391174,3.8823220271393173,3.5928802963908866,1.0741511787044262,4.894701339007578,1.7959826892689166,1.3081460368950046,0.93835932186574
050a0502_1.9707_440c020w_-1.9707.wav,5.85317639483749,6.853876006965454,3.829515062172384,2.9336591261946574,3.562458732472942,2.799837320175925,3.4946964698639893,1.6471227319611992,2.511170077785457,2.502582283942779,1.238213618192386,1.729432835018203,3.6569825612287823,1.2866809967453237,0.465160101654492
050a050f_0.59652_440c020j_-0.59652.wav,8.047374041646188,9.20503176662006,3.318900699852888,3.773629732514541,4.469009693508353,3.9143294546668432,4.3735969680139775,1.7461050646073102,4.95438759024522,4.0586954215759325,1.267709832146346,2.6167850405495248,4.965687631264305,1.5055099804097476,0.9293979411550573
441c020u_2.2799_422a010r_-2.2799.wav,6.563549391581791,7.469833119319267,3.876887435953455,3.237996153897846,3.7615876142339912,3.13435715041974,3.653148889794494,1.1985285858196455,2.114883024937755,3.74157530126979,1.2549762199051575,2.732637348996873,4.574049204453727,1.7167633222309475,0.8718034731652926
053c010y_0.67622_421c0203_-0.67622.wav,7.592091756138592,8.859356477264146,3.752718057027151,3.897556046589673,4.473081180599819,3.986174026529908,4.328005842822125,1.5388124586670973,2.742903945087645,4.609703217851046,1.090999636097524,5.335833686502072,4.543511195630465,1.3074710157203753,0.9328704360854692
22go010h_1.174_443c020z_-1.174.wav,8.845277531966737,7.257248474094831,3.8035511743846913,4.435573860730266,3.399362741694683,4.27864435850598,3.464731934221724,1.4970515155688338,2.932043975392684,3.693412343763012,1.5417660427098645,4.913388222713285,5.077200801927104,0.9389865629326676,0.781045464711029
443o030k_1.3735_442c020m_-1.3735.wav,7.219279882131032,5.316430571301654,3.8632647362154895,3.699351150554241,2.567838870061661,3.666362557081913,2.4215113172880387,1.491696379478562,3.1403256699421678,1.5959239468802455,0.9025993475233588,5.041837131077815,3.619400892942563,1.3920420026273117,0.8634642855444161
053c010w_1.3553_422o030h_-1.3553.wav,7.227059765102233,7.975418710538378,3.247733266899673,3.4444663634470865,4.07778744498629,3.441783403267724,3.9078086177027846,1.175989553361953,4.941523356159338,4.8430647221157335,1.3934426630491814,3.6713643502057645,4.806833328109971,0.9655204845601562,0.9911912779210686
442c0212_1.8734_422c020m_-1.8734.wav,9.01523950294002,5.817819652472985,3.969772627110099,4.452147454361235,2.946526795229224,4.57060800248531,2.854509956888931,1.664485294006914,3.0374120140669234,1.609659917619288,1.5765996909787252,6.288561318144418,2.8119901079583665,1.2440831204870353,0.2316814475110028
422a010q_0.89818_053a0505_-0.89818.wav,5.330897811966104,9.169616700882244,3.152775972336633,2.651150261870792,4.5884309188673855,2.719541939615569,4.744066963584715,1.6172227243549395,2.0443128061601983,4.1657875275181375,1.5855970397496246,2.1832948658281617,5.091484608516945,1.6607994470621112,0.5412028190156022
22go0103_1.6924_445o030b_-1.6924.wav,6.717702439643478,5.009108964264341,3.8908432708658314,3.3347003990786668,2.494784378534914,3.281537842129584,2.6562580374970977,1.6627310092591985,4.20941820978397,2.5091471715025073,1.7140443749383096,3.4767382007194145,1.5213944567320203,1.6968500162689604,0.4504345393608786
440c0201_0.68548_421c020y_-0.68548.wav,6.527174756123009,5.178877765179538,3.604175176530252,3.388611657795126,2.757002398116566,3.2308976912227774,2.693549228392618,1.4642601136153643,3.9633774250314224,3.252320418867079,1.1872945308753735,1.9324285454095793,3.5585651274078116,1.3788664511405868,0.9770909035332862
051a050k_1.8089_421c020c_-1.8089.wav,6.581534864052484,5.014198432821385,3.5956077170442606,3.243571131642223,2.6728867627375683,3.34249101388911,2.534630273210813,1.4536470879228245,4.649302577210784,2.7662242903105048,1.200752640016756,2.766559482516518,3.8363982709693,1.3436290586908133,0.1807962671035307
22gc010m_2.3162_22ho010y_-2.3162.wav,7.233806599186102,5.962953713174106,3.4812734268825376,3.386003461326395,2.904594811001304,3.4537068385851604,3.0605315055531546,1.3136382791483925,1.941392733059978,3.7416209604982917,1.2390113121605164,4.998603244293896,3.8993270156635154,0.954190682545817,0.5238372839137834
051o0202_1.4041_440c020r_-1.4041.wav,5.846569329587726,6.937364794762282,3.395307009418685,3.093293385782981,3.4808269003378656,2.9715704501687044,3.568482630016208,1.142446909305976,2.9702615806681822,2.3881584244389193,1.4885625640708422,1.8697547047875065,2.438301982530947,1.0510354583692323,0.4282774011831187
050o020r_2.341_442c020i_-2.341.wav,9.483562043944865,7.755216164406173,3.6802240867768714,4.891227341098186,3.6415134357152312,4.891696598654471,3.8115127880591326,1.7650584839322674,3.9038008870006142,2.6062990790871643,1.4277935426781772,5.052383378380676,2.7280199110451946,1.0497652933449382,0.5473487523134636
420a0111_0.79431_445c020h_-0.79431.wav,7.188907941033964,5.596022235956658,3.3229800334761905,3.6187388319125176,2.6513951319284814,3.6914114492493337,2.7826151406520623,1.4981759649117246,3.798747037658079,3.7040568226019297,1.099032555672107,3.5874003964465593,2.0345178741895404,1.5915304002697317,0.4786592879370224
444c0209_2.0879_050c010g_-2.0879.wav,9.62776800955762,6.673581188995437,3.0376308601563338,4.965058793582508,3.382171710522352,4.977051167955795,3.212595229379209,1.4458788038124737,5.348159720984871,4.208678751752358,1.337396127136579,3.414868768635921,2.0789343805622873,1.573970284921756,0.4305162018758768
445c020n_1.8528_443o030h_-1.8528.wav,6.4241828263447776,8.688411029595342,3.1760023678900238,3.2545487924876126,4.320171074549929,3.2476891047617262,4.150309528918484,1.596374531454935,3.8319033787691064,4.84031997931098,1.4001560393715984,4.007211908590515,2.4337366566944953,1.3578126189989017,0.5434814514611208
420a0110_0.73648_443c020d_-0.73648.wav,6.62875401954565,7.646359776449199,3.0179847480920494,3.5128195587337365,3.840292712921002,3.3629821223162044,3.9205967766277783,1.327041368465972,2.4826179229753125,4.981086831084449,1.502353994597312,4.0454987008605485,4.831361247245309,1.0036330971759695,0.1518785064750136
422c020x_0.90868_052o0202_-0.90868.wav,6.6658543317218815,7.799753636289584,3.3369798898560714,3.225150168879628,4.015730827599902,3.2812328143969625,3.855248003373205,0.9735699681481604,2.5104902838465017,5.640466139716447,1.7361520813028155,2.4379790315649124,2.5954570083376645,1.3919011246567168,0.4220263252340213
443o030n_2.2137_445o030w_-2.2137.wav,9.152533127675907,8.616884577509008,3.996525369494911,4.398497332069883,4.094518170931425,4.41124164023165,4.243975799072239,1.0063510003109617,5.7570542884776374,4.046616267532457,1.7857081592375592,2.677823880417152,3.9898309129718412,1.5986586201377757,0.5811982959547048
442o030h_0.55424_22hc010d_-0.55424.wav,9.218991670271665,6.100836858370082,3.281382399741684,4.740186816617439,3.05429903360696,4.833296373183297,3.196533384156006,1.7109922895129477,4.375476268474618,2.2376153608952642,1.493779961091966,4.2382334610349295,4.733038815680079,1.4369458618241948,0.6895203716294401
440c020u_1.232_051o020f_-1.232.wav,9.501805520363073,7.690423015336127,3.5872222825634523,4.81224250118807,3.679830573055236,4.952678627362445,3.77563085731961,1.3655579582216806,6.202118138879589,3.25705929336413,1.5062444026687798,4.325428357725174,3.1876707600673644,1.240481331938379,0.6533940404357818
422o030j_2.1088_050c010i_-2.1088.wav,7.273357311591075,5.9263023895610765,3.268913550464594,3.6474869909957537,3.0662299385102543,3.793142766805305,3.1020683951360315,1.3303214886855013,4.80959838352094,2.9473430234158338,1.5760361861834469,3.655000920986414,3.8817230894555443,1.2468534687817174,0.5469215514651822
050c0101_0.55987_051a050p_-0.55987.wav,7.642245072412395,9.644316852757903,3.833992311973212,3.642212848877638,4.655611742129639,3.801277461034533,4.672887423284851,1.1249465537033043,4.48322430488192,5.332683201129426,1.4623759220705483,3.399079262761608,5.332219542412685,1.0138538003523887,0.6576701127005813
441c020p_2.4834_422o0311_-2.4834.wav,6.372564224972599,8.990206365028833,3.364428763263502,3.294004723415973,4.287130802508134,3.44300314299702,4.304436031843526,1.4388631657543818,3.52679496602682,3.644652936651931,1.4253510712355326,4.703097159318254,3.2615501912417204,1.6770626526079928,0.5354806171759268
422a0109_0.42938_051o020o_-0.42938.wav,5.257976223078828,9.206255242204968,3.2160908332313105,2.7229870671279706,4.477305795854961,2.777256774914877,4.638410726930094,1.1680668409877233,2.5303088442941326,2.5315456475611304,1.6253028506732048,1.5105164212804867,4.863976628007005,1.6671503697792405,0.7665829452691237
053a050n_2.0991_444o0312_-2.0991.wav,6.008228185587033,6.132314575009001,3.1696164385573926,3.1913787725553164,2.9986673428656627,3.021919670680386,3.0122177226294187,1.0567592030359398,4.0497416211150945,3.397328728531659,1.7763422842166066,3.9347283266658257,2.204243795903104,1.4598758702457435,0.6062464088015951
053c010t_0.9082_050a0509_-0.9082.wav,8.365915321670833,5.030673547428365,3.6770806266038334,4.057827702578453,2.413370358754485,4.207608823814907,2.469634163470756,0.9706585089580344,3.3107497517647126,3.173613943376339,1.5677414107554464,2.234913137653897,2.0779116997427534,1.0801928206967852,0.423644075613039
050o020s_1.4824_440o030p_-1.4824.wav,7.782810361546559,8.380265805270547,3.626111374891398,4.104998725596372,4.106899269023643,3.9908656106628575,4.009566684163415,1.1237610396558335,5.29066824403882,5.0355890283622164,1.6109293158800162,4.378740443559723,2.5865510746913247,1.2414484638621783,0.5294669332123823
422o0310_2.2917_440c0205_-2.2917.wav,7.319267707066901,6.217629925462402,3.3607477861848984,3.478404801579364,3.266210233878149,3.5074365277241597,3.1190465193386823,1.2379431806927856,4.815487820295977,3.6168941031042805,0.9193243961630104,2.8856424787574957,4.296735312243342,1.1088753857584024,0.5976668743215405
444o0304_2.3331_445o0306_-2.3331.wav,7.244490936374034,9.464799146751863,3.7671287707439913,3.804569455691442,4.896694854242434,3.639437589610084,4.937086274178955,0.9798771333474848,2.3181155050769173,5.372835624342681,1.276760772943435,4.189431682662513,4.412730199396814,0.9522789427108737,0.141696465367785
420a010g_1.9473_422a010q_-1.9473.wav,9.41929730487337,9.59831141399881,3.793421813214928,4.7465248137313045,4.6830636036893125,4.763553116706109,4.852208621049559,1.1373963475889182,5.493142294407341,4.154516172321894,1.4297761215756968,3.973314431982658,4.14007196540821,1.2255191773869134,0.9229520934115478
423o030h_1.6534_422o0308_-1.6534.wav,6.6818795630603045,9.238712698945744,3.781032820225096,3.5024532772522745,4.567365309363638,3.338260485092775,4.523311626170659,0.9487241560795092,2.8096965114050323,5.562680412181782,1.4870593648265602,4.830329501078693,3.7407537797005697,1.1151861969828574,0.8564973615751545
445o0311_0.86011_052c0113_-0.86011.wav,6.811340388111242,5.365931265051628,3.492771732427502,3.304201289715796,2.621095783195361,3.1576335261395623,2.685266576242208,0.9372773714462326,2.52480442944476,2.3135179551618363,1.2771163435656647,4.031132448702137,1.9004263277302318,1.0973774871140178,0.5017500356063351
22ga0101_0.18217_444o0305_-0.18217.wav,7.651102412153493,6.256270237593094,3.618940751418599,3.5653161143129624,2.951462015730539,3.711248249674252,2.916766023614815,1.4755914796232683,3.7769629281722064,3.6407325005579048,1.7703137474746526,2.4463725233076685,3.4105609878620022,0.9869156610197694,0.5780286974192936
050a0506_1.9887_447c0215_-1.9887.wav,6.814844615083627,6.811426147221042,3.83557645744754,3.339787154037211,3.5768016902528075,3.252125106570668,3.431146736907672,1.031893314830389,3.1425444062517833,5.014477739120968,1.4794904831357525,3.7282103116468113,1.8695318242359815,1.7261890983860086,0.8383143632178479
421c020f_1.2603_422c0207_-1.2603.wav,9.395420446658992,6.444984398940263,3.8126583771504654,4.614418387438233,3.208714555115657,4.674655488945723,3.0497444585503706,1.1235857081908698,3.445592757600002,3.406255376748786,0.9472734662041064,3.9225791710232794,3.332382570332689,1.2630403993569146,0.955558358471424
441o0313_1.4966_422o030e_-1.4966.wav,9.81501453944605,9.114022845011124,3.202113957182513,4.803942998510276,4.589736039468836,4.819161484334924,4.4204185929690585,1.456538655756253,5.068224431149108,3.239236011872582,1.7873521185716772,6.119049418202704,4.2500115934988045,1.3432622118185669,0.6164337119627272
22ho010z_1.724_422o030e_-1.724.wav,8.014915324612216,8.043818000612127,3.095497799154835,4.0925320091748905,4.087173496680507,4.16950089351732,3.946903076266645,1.5171135598132863,3.784128233204964,2.5758597283462725,1.3004556351960357,6.026956335010389,4.15118730810271,1.512370891787837,0.545526525282561
421a010y_1.7887_444o030p_-1.7887.wav,6.641683466273641,9.533545295289873,3.6200129565227903,3.221868263347037,4.877694780641261,3.3110054143116483,4.998337096260252,1.2415196909484951,3.300985646796909,3.6001446827453427,1.647935365162409,3.751820102447215,6.100630420941198,1.0887395919789271,0.5174469325889952
051c010z_0.87073_422o030b_-0.87073.wav,5.189821046847997,6.324481215857437,3.08096381335266,2.512249442532909,2.9626848117422284,2.459206222281091,3.1029931036758027,1.6743956807679798,2.28184956638241,1.432943291377962,0.913356073168666,1.7493510659207088,1.8364384194639507,1.744984776341527,0.8866765043076572
051o0207_0.6162_423a010v_-0.6162.wav,9.56573237688328,9.5439660039576,3.2224987574330157,4.719053197904636,4.745794269851572,4.582175858588558,4.846613880948578,1.446089384498885,3.967948276659446,3.1358735755299487,1.6677830813672694,5.735100128752391,5.065016977024099,1.5509014087096251,0.8357259797010026
447o0304_0.89045_446o0318_-0.89045.wav,7.588214198811951,9.72123297329105,3.036563028985766,3.7342230564591032,5.0292272847251605,3.7825774126872806,4.887234833398485,1.478585529181636,4.907349863129296,4.037844101735031,1.7299273834389126,4.3030469366548125,5.537841351263248,1.218252317198619,0.4094839124435029
447c020f_2.2307_420a010x_-2.2307.wav,6.428477670415962,5.338964811266519,3.357906863974557,3.168492155554585,2.6963687164801136,3.140224683429372,2.8436811396481896,1.461382727188728,3.0639279176290457,1.610937387073173,1.4223308615129164,3.102344529343365,1.8083058963196386,0.9450335691228632,0.2620719276387978
22gc0102_0.84835_442o0313_-0.84835.wav,9.505485328182596,6.639473802092097,3.28179904728548,4.8376496412217405,3.2166986541349827,5.00611618534152,3.239480741667486,1.053523029118555,3.6056783244011985,4.046357058351138,0.9161544505297912,5.945992585743215,3.9115908233577423,1.2323020135489573,0.8278297712578923
447o030x_0.03457_441c0209_-0.03457.wav,8.082082957638354,7.67293717668424,3.066967967135271,3.9485386420669055,3.670619234979743,3.790104056198312,3.6929459454550257,1.6291924855096769,2.884420112667665,3.99108928949999,1.327287752094089,4.852909927632371,4.489185643767194,1.0232824655877075,0.8346594475424731
22hc010n_1.23_050c010z_-1.23.wav,6.758090526500402,9.647775272518164,3.0999245115044034,3.175140980827236,4.633857769786439,3.269151128898032,4.750742722024557,1.110951520208765,3.6676359148583444,3.9982850048095897,1.3704360436648626,2.572356157931433,6.181319308697166,1.685689935481781,0.5113193810109153
052o020o_1.9744_22go010z_-1.9744.wav,6.360892795039342,9.784224472900773,3.6461178196632114,3.059913608155008,4.834968278167445,3.2095967919503687,4.844712224435993,1.7764089759439423,3.9051780242622174,5.145165345864881,1.4765462707714851,3.866349495244543,6.457839930127499,1.4630107640493497,0.5588512514504527
423c020g_2.4725_420c0202_-2.4725.wav,5.913096510044124,6.472677053333587,3.057499414524364,3.090110758384883,3.2759086056181856,3.02791205695424,3.412405204624687,0.9161224490232804,2.4606852971846656,2.992451193397136,1.7591191899002192,3.113898788807784,4.916225899211394,1.7758269185998183,0.8864032376711181
441o0314_1.5216_051c010l_-1.5216.wav,7.577557570103595,9.752971009630151,3.245514641303925,3.8622650445500057,5.052927427170997,3.693693041517401,5.074915601119177,1.620342293303191,5.724353052430535,4.705486935630003,1.5825473002387849,3.1055965122076805,4.822083139859594,1.6721825363099216,0.6740594282421359
443o030h_1.5486_052a0509_-1.5486.wav,7.772922997070179,5.599027595744223,3.069646440990563,3.971439542007344,2.9010874921942538,3.92832466964624,3.065529298865446,1.7911617750450777,4.072982796103794,4.714260859595063,1.5303266550765984,2.445560165644181,4.22970475020993,1.776119600260066,0.6063659955321414
445o0310_0.52656_442o030w_-0.52656.wav,9.740312414357463,6.702607456131512,3.204583415755338,4.760656708370864,3.358119112049789,4.844336071835843,3.5060980434221167,1.2815229268397803,5.35744264078368,1.9801089179267966,1.1976821215478843,3.8906129465378827,3.3308779572390677,1.4790762155247288,0.9511946896754152
446c020y_1.0636_421o030l_-1.0636.wav,9.81583972769342,6.4463200120065824,3.530264786134348,4.885092733724171,3.029753940499908,4.969001534574694,3.1659865105403613,1.4863385249191303,5.841682373717206,3.7162877839359774,1.3438085924604706,4.939549144316386,1.4894373797319738,1.0917400377324915,0.9767281558245756
052o020a_1.8212_441c0215_-1.8212.wav,9.19531864573364,8.768657616984406,3.276383962231966,4.497463410467072,4.209637453883021,4.439185240182232,4.3693360915361055,0.9726472472576044,3.287298204994453,4.593555983663893,1.658112562889872,2.445645523047886,4.181363350546233,1.3925118862628283,0.7255974526910611
051o0208_0.096791_22gc0111_-0.096791.wav,5.969020608351737,7.040513027663307,3.893247774477212,3.1919941815608723,3.5191431579289816,3.111093952593253,3.392829449437041,1.4987564816654655,2.265348533436804,3.584741687654999,1.7142872351780212,5.067853193520232,2.9000932599426767,1.2942485223656588,0.4149368491245805
447c020s_1.2246_444c020f_-1.2246.wav,7.710748255187226,6.66950545269354,3.1628912518457666,3.946153741476792,3.2131168361439832,4.0834062928339065,3.273629125358345,0.9566451311674532,4.659003045379538,1.8092171000427808,1.6659320161356472,3.183925775901592,1.8438703899363322,1.284766743743266,0.5961273482381568
423a010z_1.7777_421o030n_-1.7777.wav,6.618063300608112,6.118328084580634,3.3433858427970486,3.2273223828590742,2.900182230386924,3.355302172664807,2.8219443022364383,1.556304462253724,3.919593471876894,3.9221982804129136,0.9069894133710144,3.4958878068326364,1.0513860218974076,1.7800927512834526,0.6389477128658436
422c0215_1.3984_446o0305_-1.3984.wav,6.493061581887522,7.420696498911454,3.303165717337265,3.1825499502657277,3.5823972041177736,3.3385776862779446,3.649890504488269,1.4110819871873526,1.7319813083227442,4.903599785655074,1.3874708808256082,4.293562694112518,4.008989675830563,1.2652684480901972,0.6313007100371062
441c020n_0.8191_444o0308_-0.8191.wav,8.622057954605996,5.08111564796681,3.281058146990203,4.524133204900021,2.431237080871821,4.383873138694852,2.335179213790974,1.5645202025420175,4.55509646144318,3.1365442785770856,1.3153339096490746,2.986072248753708,1.4785426624423397,1.2546131848385056,0.8264214665405096
422c020n_1.5029_444o030g_-1.5029.wav,9.86146069566463,8.526308352116335,3.276057031914579,5.039019927630115,4.3283727269850765,5.187636603562126,4.348697186016489,1.404757569936118,3.637223575520473,4.084331708509643,1.5541152080056184,6.04439963752266,3.344981846505765,1.6635034473169827,0.3873893754565657
447c020w_1.2214_443c020x_-1.2214.wav,6.758103079779818,8.732734928934223,3.326752041260417,3.2580582050692346,4.272139955725241,3.31512664013146,4.432274879210246,1.3536531060375092,2.154706356250338,4.0684116848259855,1.6013991456896943,4.347176593944381,5.189515287470861,1.6465141131165706,0.8223308001460767
446o030s_1.9689_421o0306_-1.9689.wav,5.764923270562535,7.958667678616404,3.500690230211308,2.7617923719849005,3.991105935249632,2.832789934916314,4.145570643380001,1.6577107926898855,3.7739419722401037,5.054486521460914,1.4163320373462214,1.767866072112575,3.9636328083542627,1.1577445527489223,0.9312461361211506
446c020e_0.1779_442c0202_-0.1779.wav,5.97721481623364,5.183882456208295,3.835795623727028,2.9462906617830305,2.529720454381141,2.804097105954253,2.5774801935006995,1.6528598779487744,2.6602013513473213,1.135165490855037,0.9979846896936272,2.4522682532358306,1.7142567985493464,0.9587173297012002,0.3087061318167834
442c020m_2.4157_445o030j_-2.4157.wav,9.764730823422717,5.445116509055743,3.068013398634023,4.670030700541901,2.8433676459619277,4.7366272050080855,2.9997802592413088,1.1997148964325572,5.717254016515146,1.8109246336765246,1.3063155569485767,4.8013549628361325,1.8178199781865583,1.5123170879481516,0.1855245080707084
050a050i_2.1935_421c020b_-2.1935.wav,6.811435100095934,5.028782661609368,3.5072083345007865,3.56061304342569,2.394748798730945,3.502288967079859,2.532945405485256,1.4138410895823816,4.152195753232878,4.208793385891886,1.790994973139764,5.096865558442347,2.7442643110368223,0.9416198120289406,0.5619911111795672
420o030b_2.1786_444c020m_-2.1786.wav,9.254672854712297,8.987176950845724,3.4778163352230846,4.858075109457571,4.602467395670298,4.7437575080511,4.476644162487109,1.1962947919984916,5.841416608667518,4.799790185136014,1.5678251095272584,3.958677408936425,4.948060520385058,1.0134727796142664,0.7572972038760881
052a050l_1.387_444c020p_-1.387.wav,6.328170585880333,8.226124957901174,3.840204239528683,3.1118460944036954,4.075993307514191,3.2785634896260394,4.042747102764222,1.0471448653187032,3.9590208090436616,3.487600339639441,1.154272537970798,3.3583535096435457,5.153829596886777,0.9736879363246456,0.7239037344794532
422c020p_1.5917_446o0313_-1.5917.wav,8.379844575241448,6.888507452955526,3.975334712215491,4.133981668891998,3.477086510172944,3.996516741545289,3.5771034774813155,1.109890463710711,4.9659681637319295,4.307064909376588,1.2337224312269064,5.148423406647029,3.89655736037014,1.2210118377135684,0.1432209423391877
053c0115_1.0366_445o0311_-1.0366.wav,6.536024183253423,6.649295783292295,3.0829647570642544,3.4321132565172183,3.44602819081055,3.4962862350933843,3.28860573745442,1.6927819007552012,2.739809329733504,4.0193099527316365,0.9218910698680132,4.0376372887295355,2.604895118592986,1.4993403939289842,0.4168492695648177
445c020b_0.51913_053a050n_-0.51913.wav,5.132814738571453,6.066970755936641,3.133295013952258,2.637615937794713,2.91925023124237,2.5726728919840416,3.0544626596682845,1.1568904961387083,1.0988608761752476,2.946215495548164,1.622785226502209,1.237526269495061,3.858254378098384,0.9882805154770646,0.7469927539306054
421c020t_0.38268_445o030j_-0.38268.wav,8.776100959776112,6.373661567997541,3.9682512158976384,4.306318113577569,3.041194385317365,4.425637756948942,2.9502943154288963,1.3982971515556673,3.4906184857604283,2.648955582546043,1.4240011248348623,5.4004549693038975,4.172210799863159,1.2905722634560075,0.538604618504265
050a0509_2.4594_443o030b_-2.4594.wav,5.276098310811189,5.844383098973358,3.607411967557773,2.8811424470420346,2.747913869491785,2.751348287961993,2.841473883753782,1.4714803123388374,2.1401755419710837,2.951689031076409,1.001566413365062,3.424277444476319,2.186989985329813,1.275640938603123,0.7787913762603262
442o030o_1.5803_444o030m_-1.5803.wav,8.843188557094543,9.151543568602843,3.766243771393973,4.561982554005112,4.623516455917644,4.395324928362366,4.589971921115051,1.6657333964379166,3.0904679240823167,4.068686513139853,1.554182465088818,3.6277300410560303,4.041003866481654,1.4183003433813517,0.7743861956076674
22ga010z_2.3311_423o030c_-2.3311.wav,9.059856703281476,6.207901193316868,3.292082622613109,4.6544381946969695,3.113967322083842,4.58074154313173,2.960772010314611,1.0542820587499813,5.225638541286427,2.20211411821968,1.5240792894426427,5.828961332752242,2.2475569244871325,1.697622844463373,0.5298504082525399
447o0309_1.3517_442o030c_-1.3517.wav,8.619328210515864,7.313203267559043,3.082515475550748,4.204947175133231,3.7542172125281126,4.307913762769262,3.863294624628839,0.9827753267446292,5.456486271215262,4.966042214406288,1.72924181246207,5.745709101649274,2.8521505122386164,1.119561046527093,0.3817829495697695
22ga010y_0.37129_441o030i_-0.37129.wav,9.979483950452622,8.894753738050854,3.193939869498582,5.094977783285897,4.56121439264406,5.237446078010548,4.514280556254417,1.7703324927601949,5.910183231415112,3.498582404322119,1.5644509783850895,5.948816825468622,3.1853558651453873,1.2770811917677356,0.2952205871143075
444o030o_1.6726_440c0207_-1.6726.wav,7.400600586691576,5.3275462141325445,3.310031330816218,3.4770549495543666,2.8115803383995743,3.5611266637618204,2.663823961649804,1.7783157414990864,4.737681733521253,1.558649370551078,0.976978300809358,3.621723625803317,1.9864866546843365,1.0274770287570116,0.4310040835844767
445c0202_0.49536_422a010o_-0.49536.wav,8.244344013105783,6.357380153430492,3.5302787610086863,4.290669864275694,3.281583178519559,4.130365123707142,3.224993513816107,1.6204343878872076,3.5495148971713246,4.8145774090121485,1.0543554409392617,4.9457702061522415,2.8436146857448272,1.7111467437230683,0.917777856995736
440c020z_0.69169_442c020z_-0.69169.wav,5.226554327210793,6.675912259074677,3.53344034204702,2.8817438036595573,3.346481477265804,2.714424432412676,3.3164110930722424,1.6829688250981016,1.062560835235593,3.304751171229108,1.4461590399029078,3.114382479325895,4.110436200913348,1.2168937909854238,0.6341527073395634
051o020p_0.62966_050a050o_-0.62966.wav,9.095959762167206,7.808840911688764,3.5589612867717864,4.418845270745989,3.978310736798293,4.519637961673397,3.8414135730014776,1.072894092701842,5.205736115606389,2.438787146025811,1.4678722619482514,3.669221372701573,2.7221427806191363,1.58789659068993,0.8959626509328831
421o030j_1.5683_051a0502_-1.5683.wav,6.923594996098609,8.96248183348045,3.698570464301585,3.3807518407253747,4.391149495429692,3.377811062057228,4.241178325464178,1.3597329258892377,5.303119310236959,4.594204220972552,1.1754484065335469,3.4009661573525003,5.675151012638805,1.5921328091689273,0.5778162779061131
050c0106_0.93305_444o030v_-0.93305.wav,9.667295187655728,6.081405379386525,3.925412886603797,4.718569242954054,2.9994296629428496,4.775361326169056,3.159662803348012,1.2400345582587082,5.813326815050689,1.7913890888814463,1.0070980157592873,3.426224217488264,3.07830425898637,1.4429675357353018,0.7653496161042899
050c0116_0.14678_053a050e_-0.14678.wav,7.458025675132868,9.499873189714856,3.123105498097376,3.722597786310996,4.682532108284156,3.804578985661649,4.533605673582225,1.4615211907430703,4.821734581335026,5.216208455941342,1.010423788824787,3.7398622174072704,3.1775159175579493,1.6208578792632218,0.8160272115702307
440o0306_1.9192_050o0213_-1.9192.wav,7.026564196958253,6.715061431777763,3.0672731528978034,3.562254027968356,3.304735823690516,3.4967074677525103,3.439656720677864,1.776242633837024,4.620663674753617,3.1734033336005014,1.1211600386494271,5.246575565819352,2.961457235791387,1.5089608792070603,0.5371853550979797
442o030r_0.15595_22hc0113_-0.15595.wav,9.40575296070629,5.046089215419976,3.6989921021908,4.801406150770704,2.599146886597294,4.968467246360393,2.567673241425932,1.246472407882472,3.387096832112526,3.5067296155159564,1.1389354207712528,4.178624188991801,1.9544858413581132,1.3312770034858024,0.9942850061909244
22hc0108_0.36829_447c020e_-0.36829.wav,7.829317776535296,9.651428756437625,3.786711138769564,4.131582886137789,4.92869152763631,3.9650586054546513,4.894491177594773,1.0388704313239452,5.11216816041136,5.349990922289005,1.1755327830570326,2.68983183181097,6.006591007072909,1.4072765957284337,0.7440593287796557
420c020s_1.0922_443o030k_-1.0922.wav,5.553496564168007,5.706851505777469,3.021624245525801,2.901374746975771,3.039509926922911,2.803548849956036,2.92579935629606,1.666826183056668,1.3488885534134365,2.193007054394871,1.2998682560137294,2.5128229880652584,3.55989121290234,1.1368407159835772,0.5618892072284594
447o030k_2.383_422a0102_-2.383.wav,5.0976610038596375,5.08544453859276,3.4121325272509213,2.5141510334296884,2.6814215562058554,2.364382437684146,2.689750285305084,1.0098420110710968,3.1833363628926707,1.0723270779722918,1.5064119974726515,2.083193873564259,1.7098483035963745,1.1995998369388947,0.5835639606427379
440o0304_2.4702_445c020g_-2.4702.wav,9.222673306808796,8.180802633835915,3.395756697302504,4.754760294878098,4.256689788543392,4.64305024975171,4.156585513820181,1.3225634963911723,3.2874799918209305,4.190136596220532,1.1068355497250475,4.284316954519898,6.053063542682928,1.581908915942752,0.4928008130687673
447c020p_0.23487_423c020l_-0.23487.wav,9.219087461103015,8.143555459332468,3.4542734461837967,4.5322069158463485,3.873666632252364,4.482366098400934,4.015144167276031,1.5508753337206025,5.479017609963629,4.18232677020592,1.484104414389222,5.983189959269949,5.002709278295636,1.483701214735224,0.4059636803663204
444c0210_0.27085_442c020l_-0.27085.wav,5.088264312012426,8.190567223865244,3.9234444297268536,2.710178184023568,4.282068831116482,2.576883483207828,4.213275497613574,1.1853139508570527,3.3849349101240938,4.3714555259653185,1.7415145347045202,1.8758138136830675,3.5972612446738044,1.107152875831093,0.2675916620022028
443o0309_1.283_446c0214_-1.283.wav,8.896433940526698,5.689389849659396,3.831321338315611,4.383066694463035,2.6314633303767674,4.475456434963012,2.749633275161162,1.1542655352017277,3.3164358249617645,3.808248081208765,1.3840120765202817,3.623192774518061,3.779883068735249,0.9932838057732648,0.2900052739780233
050a050b_0.37193_443c020s_-0.37193.wav,7.921823160897544,6.313339992958172,3.347221546765806,4.034639632174209,3.412625437214091,3.9623224876714143,3.281209187796593,1.2696653176152757,3.460342586999801,2.751899385814948,1.6655288664837011,4.985173868902861,1.8341660857436728,1.652419921857755,0.2098069429113138
422c020i_1.3562_442o0306_-1.3562.wav,6.417717439572271,5.669786443758997,3.0411590918043614,3.323408948793458,2.744959781292604,3.351136310939089,2.902538946756966,1.2545293020679535,1.9269049832194105,3.5072047462368143,1.4658636246291046,2.140261418716535,4.12322950826946,1.3599334341726672,0.4906284508523405
421o030k_0.19729_422c0213_-0.19729.wav,8.646225829852163,8.114781457397045,3.9531222869936826,4.384910162620883,4.187547722263064,4.497627745765127,4.060289141215968,1.2779585985717403,2.8145618201383957,4.853120187841282,1.3844674446232914,3.886641169789774,4.537041344813746,1.0225376964376718,0.8378325183803806
441c020c_0.11911_420c020j_-0.11911.wav,7.0794373105803725,5.570401399627066,3.124027952616205,3.466020479207164,2.8577336751388307,3.29771966858189,2.833757913568536,1.6620373839760154,4.055207962295648,2.581514495029065,1.24135319684124,2.52586355519892,3.141964430652322,1.472604218077267,0.6066733691389085
052a0514_0.11766_446c020y_-0.11766.wav,9.476244017972508,5.180628450067802,3.017080191127709,4.877638152551639,2.606247109115789,4.720943474861305,2.5403170098930348,1.5099002232293135,3.1273995247098805,3.3499688203729585,1.5830306786652897,4.711471196407367,4.376703899775114,1.2718659638347318,0.6534996559928241
422o030w_1.9697_423o0310_-1.9697.wav,6.6179539490558135,9.86448696189438,3.425816509512667,3.229923776731472,4.858166470704168,3.0942191733896967,4.794258250326417,1.3420504345400197,2.6954005276753663,6.73072964655946,1.4289078258660737,4.302579250154696,4.933681718635132,1.2831401238576587,0.2397705000642667
052c0105_0.87368_053o020p_-0.87368.wav,7.374942971161062,5.821186347404227,3.361558867261322,3.719935351617068,3.018109438884918,3.869408180776142,3.0306742048271125,1.729688426717214,3.1761575304610616,4.39560293389,1.3099217723147705,4.4260604460657165,4.413955907260919,1.3088468083749107,0.3401956942179196
22hc010b_1.8764_421a0109_-1.8764.wav,6.298357075938229,9.739438569541036,3.836760057444989,3.1301975874940973,4.8891635235813045,3.294057289867014,4.934440426503867,1.4522539295556716,3.075498211664135,5.587387098056166,1.5074579494299305,3.706828595986609,6.717388355299179,1.3107686793038886,0.515351531334601
442o030h_2.3142_22ha010g_-2.3142.wav,5.621932470656645,6.695204262622459,3.650472949413614,2.964360422304504,3.188492588622188,2.826837934929844,3.2483888778752488,1.1294012314177633,4.794045762574904,3.2084041468816213,1.541838915182466,2.2659431238522982,2.7327252157653326,1.2486305513850149,0.3307144927388218
442o030w_1.556_053c010p_-1.556.wav,7.266747994522154,8.838746735055157,3.7019679297717625,3.762352106462629,4.253316503405849,3.6761850853106406,4.376097790521569,0.979291345799968,2.9282163434571866,3.6675025121425495,1.7420805943131854,3.737889593039394,3.682111854646611,1.0250006615359828,0.4150517553162186
447o030k_1.4768_050c0108_-1.4768.wav,5.333646828781243,7.107947466813686,3.8766648252842337,2.566931898160929,3.5866407983282875,2.460841575728868,3.4805990919752623,1.3782737104051683,1.9711512490901846,4.194105232670543,1.2573346374358882,2.5297333010324574,4.538458651160262,1.0265723614807112,0.9697341961210916
422o030g_2.3964_442o0306_-2.3964.wav,8.455150564535648,5.897927074261029,3.7778747310824254,4.385327498894561,3.1503675123421315,4.348589921439775,3.0049359119151493,1.5059912145989427,5.33909617704078,2.4688466241330356,1.6520442639974653,3.389404155013809,4.77334635908738,1.6492753906936786,0.3536228346742484
447o030y_1.9399_052a050t_-1.9399.wav,7.569153849658674,9.720587585109246,3.637371803974149,3.8308603423406926,4.946668931056824,3.779531906899477,4.805724290452235,1.0069069094844836,2.521648010144233,6.336640579245534,1.281545430858242,3.5189718683162328,3.2926807565721776,1.542140378815683,0.4215561696697414
22ha0108_1.4326_446o0312_-1.4326.wav,5.61542578731215,9.93992328285741,3.49567866661298,2.8007637788886472,5.1414278130358975,2.6832684064257672,5.048181700785524,1.6960036022509808,2.5099056065992262,5.88204834230417,1.301052792100015,1.4319761270614655,4.6646232335479345,1.7012916681264765,0.2515248113889641
22ha010o_2.0276_423c0203_-2.0276.wav,9.32826075689794,7.642262896133911,3.6123549520467777,4.817270893519326,3.7742258382253575,4.867127365117612,3.6327538189432063,1.2297194565239693,5.3365830029479415,4.913688876635416,1.668876529933078,4.018711403994081,3.874985987937684,1.1469888243954376,0.5459823146909453
442c020s_1.0984_423o030j_-1.0984.wav,9.35637554418028,7.5367840435465725,3.442153244426549,4.508541518059421,3.809016038215172,4.639923113073247,3.701132413453936,1.7158039794286302,6.016394179316813,3.6266897294436014,1.6961747561755889,3.4538695278544105,3.4360887266402425,1.4852319153948792,0.5482151203337584
441o0306_0.80222_421a0111_-0.80222.wav,9.268003667720272,9.59547136962113,3.515615569078649,4.722104383052689,4.746298613140605,4.564361064989716,4.809678780436724,1.3619546836987757,5.825562149609437,4.131274274158731,1.7663987689869156,5.896967320472207,3.8366794392904175,1.593302242508949,0.992189497546445
442o030y_0.82232_420o030r_-0.82232.wav,9.20687905949358,9.355819012448904,3.864282723104564,4.616395483213876,4.790594648484199,4.712566600134678,4.675481155486179,1.2670785994302844,5.286945691503527,3.090101003955561,1.792890637973127,2.8622913425859724,3.9964835470893805,1.1725631545663715,0.4528236928613929
22hc010j_0.9841_053o0210_-0.9841.wav,8.539752178440228,7.171338614590923,3.0519369836234254,4.46588696535771,3.6024228850912894,4.468735292035355,3.77239902175505,1.1311711168028862,4.080165950266934,4.257214184999886,1.212014476554233,5.173331218097222,3.461879389466831,1.548999076206926,0.8575530149493714
053a050l_1.3529_443o0304_-1.3529.wav,5.72643883059262,9.584093278379347,3.584469218473432,2.8635776046582757,4.8625853201223,2.7242572850528304,4.918171726239593,1.492071515238233,4.674593753624729,4.514402791807933,1.1641599491385914,4.034238392897143,4.567164812514016,1.6963375708793342,0.8886069974272415
447c020j_1.4913_22ga0109_-1.4913.wav,7.682345765130644,9.07710769520155,3.45436648029147,3.85031560280013,4.446175640035161,3.9582557478545,4.314840476862301,1.0801244370399323,4.797939461721048,4.548442957172317,1.1441269581810267,4.199497029746766,5.290363416915143,1.7147149979837404,0.4059334456902704
051c010s_0.87815_420c020u_-0.87815.wav,5.864013445124781,8.402074297973217,3.280149782644909,2.968896424175196,4.007769272272636,2.8549678436022607,4.133944858376431,1.0218891260578984,3.8669457613067793,4.489553111526651,1.6239195071349144,2.072285111709666,3.6042793451335933,1.7039861752458616,0.40280941160334
442c020z_1.5666_444o030e_-1.5666.wav,7.289644703590631,7.446745813002226,3.71301576430191,3.569596147598761,3.768292304643774,3.716400637621321,3.737495523818239,0.9135203831991632,4.377153873550505,1.9565796809461573,1.369145617355186,4.240273424824874,5.296108043284969,1.0177689228897029,0.4906872709341661
443o030a_0.47435_446o0317_-0.47435.wav,8.969048382683035,6.276923438234628,3.690172522661232,4.555183929183948,3.2893539205734523,4.721778687969807,3.3232092945203053,1.085198558968199,5.899903466572923,2.274632963978153,1.4931575771925023,3.9570565858612636,4.3752551092267025,1.5471814874037872,0.5242268567264653
446o030q_1.5596_052o0205_-1.5596.wav,6.073747445397079,9.230715806575004,3.982454946889757,2.8782461493879428,4.853797771108156,2.9030317027688737,4.685614310733478,1.665193000141819,3.453294770069525,5.577781017480105,1.2871857729940308,3.624933424251683,3.0289928282402867,1.4152623234208126,0.8163580122790173
442c020m_1.1994_446c0214_-1.1994.wav,5.883952229913184,8.516376693699506,3.113976588240035,2.917072026661557,4.263670627167471,2.8017792781689166,4.167714480178272,1.2575125577205883,2.5179382968330413,5.685602769926797,1.0290880774563909,2.8368502070135166,3.2841700148542676,1.385844779211043,0.418230337585511
050a050c_0.050237_442c020j_-0.050237.wav,6.575052649701508,7.34161172816014,3.001089314046115,3.0891924882268817,3.657545123787532,3.2439967362048554,3.587290979369043,1.0340086384300096,3.889889419016943,3.449886346379308,1.5957829861001247,2.3482974367660074,4.065010027841339,1.0070203150398425,0.7068071876047477
440c0205_0.7546_050c010e_-0.7546.wav,8.809860539715213,9.041405965969632,3.838917973649664,4.232058260834528,4.456102600528038,4.207779752317078,4.614249854769672,1.0970157857751317,3.2683107972845664,4.51436601816317,1.225774838230291,4.643096404356502,5.810925368860221,1.7359292132956727,0.8566529840425867
050c010s_0.20163_421c020s_-0.20163.wav,6.737204221780086,6.544451365013269,3.332271049413749,3.224005485757826,3.3487832775399884,3.3621325896249203,3.407271765101977,1.27586134255412,2.6721227996321937,4.85934321665496,1.2653976173915369,4.18835652726215,2.7424510945927096,1.767613882807112,0.5919567395452316
446c0211_2.2929_053c010u_-2.2929.wav,9.07314425687268,5.0209223544375226,3.264471464191936,4.447645955118763,2.3724588649825336,4.290929988146691,2.438338343547626,1.3314358255001753,2.7489057692600123,1.5267510594470046,1.5006325596583134,3.3464852475071694,3.04380359576354,1.6054410779067196,0.9338240907000754
446c020i_1.9128_053o020o_-1.9128.wav,9.56240534175535,7.5470116569376,3.82721484710641,4.530608739389355,3.8759647329491616,4.695112337470763,3.918843238266752,1.7482915047667291,5.4506638847107185,4.192920902022146,1.0761333917906717,4.42037954467685,4.667633897502367,1.1627488007689128,0.5968301453558627
053a050y_1.3068_446o030z_-1.3068.wav,5.3491788716619775,9.170334592576287,3.6332151574476654,2.418029347076455,4.452256542274508,2.5880101688339576,4.4548100172879295,1.2539809431860087,1.4792947961650196,4.686976318533212,1.3669767263797978,4.428291217319579,4.4476120667212635,0.9751974126259008,0.8260338390222968
052a050x_0.69905_22go0105_-0.69905.wav,6.585766144025625,7.011475132764744,3.725226966119765,3.0788742526805764,3.3827906109567603,3.201535214997867,3.4691288314816027,1.380837151430289,3.5545426011194614,4.156303008014759,1.3591457275691212,3.6650843441380507,3.947471471984113,0.995916087248294,0.5417589053791035
052a050s_1.3745_445c0204_-1.3745.wav,5.593719494790446,7.528912878822943,3.202062747929314,2.784276641570714,3.8948336827595655,2.693011855954815,3.775792770017417,1.2423121807876538,1.1661388756578137,4.32121172698097,1.7877412658203875,3.4154995061749758,2.8988612635863107,1.3547203404372734,0.2747780942388946
442c020n_1.8408_444o030k_-1.8408.wav,6.594702950782137,9.5783995156295,3.5113877741726838,3.169275557691821,4.863569897462065,3.3281810095937976,4.8448868207393,1.3748972432866169,2.554714625310787,3.6091662343845283,1.4345951365218492,3.057581825565222,5.987363926342005,1.5833117340750813,0.4815322239203394
050o020y_0.48559_440c020a_-0.48559.wav,9.781598741057415,5.893430732563545,3.5368614326123056,4.938343064609006,2.8203624816383623,5.100556009697058,2.8712246527074425,1.706754032906869,3.720897706283555,3.111234216584971,1.7761482383673262,5.85896185489362,1.8419475067019988,1.3354373068019727,0.586329878833805
443c020l_0.88713_421c0208_-0.88713.wav,9.471836425715573,5.3242124126645365,3.277562538143442,4.607828683304903,2.7279268235216847,4.645374051360002,2.873151977464131,1.0515361907419711,4.97831366864915,4.282785130155227,1.060327955609328,4.391227833905832,3.977692894972584,0.9861168039261164,0.5136567573268831
050c0103_2.0721_444c0212_-2.0721.wav,9.83899999721518,9.44157200982314,3.757035210124897,4.725812529205802,4.77489124057641,4.867800696588271,4.681406694669783,1.759719957307371,5.083579248021131,3.330602409930108,1.3506675936743224,4.624114407730428,5.459555828032579,0.9311128450780536,0.4906018884330777
446o0313_1.6883_22ho010b_-1.6883.wav,6.444128391572798,5.901416957121324,3.872795747734881,3.444844635796478,2.8309367573576423,3.360990305570015,2.9788166116389863,1.231758403530639,2.1488914697388117,2.399209137957699,1.7966438368780586,3.0879436554632043,2.000504823221941,1.731549007448554,0.5845556782593203
446o030m_0.515_421o0303_-0.515.wav,7.881863158820424,9.3511533346664,3.4670020214506736,4.03703305578565,4.828379871050299,3.972377423599211,4.671155034505396,0.9716970362146744,3.1315102263941514,4.837804326264859,1.6086915340250016,2.6532832782969855,3.319796630922185,0.996594667536161,0.7334657768090582
443o0314_0.88116_423o030m_-0.88116.wav,6.1818365536111735,5.531148065481767,3.276323110817952,3.1362308278323985,2.7360381609840574,3.101442679844747,2.59012796682481,1.7953642342394978,2.511697901677429,3.9208442840856694,1.2325031482889035,3.0908632458302643,1.1616306699326104,1.4567035903180474,0.4097590351285823
443c020k_2.0235_423c020u_-2.0235.wav,8.775727424709782,8.241178503184436,3.3003202518390213,4.274360851010393,4.0422547413658645,4.376094280614763,3.932026299932028,1.1637550076493492,4.017349548829526,3.422831064500354,1.478915324967505,3.9471553704099915,2.1250632535064793,1.0449219667150071,0.2356041162022023
051c010a_1.9044_22ho010o_-1.9044.wav,7.730097095563616,5.947826162391731,3.265490450016502,3.7945023045156674,3.117664683604987,3.870459795079501,2.965577670263133,1.6132595615624643,4.411339580726974,3.4024748413519226,1.6161100433586433,2.570446506750825,2.3990998948956967,1.097649028931636,0.7099842666848778
22hc010i_1.6123_050c0114_-1.6123.wav,5.867765899527376,7.071541368501855,3.3427529512951875,3.0265470952965807,3.416649501692066,3.1294071608993383,3.5258273698897757,1.6953319083389604,3.8583627534915985,2.5634933098972117,1.4446546615204463,2.5096061288410922,3.8383400096829967,1.161175803326948,0.3628748533972504
445c020z_0.056032_442c0214_-0.056032.wav,7.690730730189131,6.729405073217656,3.307750389497279,3.92856413020316,3.2903606774099186,3.8083612613324473,3.410574113910378,1.5930335566820897,4.261664722955567,4.000554666260752,1.2108755362153514,3.1327766601492626,3.480761905848379,1.0544607847726852,0.5661540989503511
420c0212_0.17702_22hc010d_-0.17702.wav,5.696779390135936,8.56213140485523,3.234237827883116,2.9786135760469543,4.187638512320995,2.8831741101356867,4.32832009727998,1.1149591771442853,3.4285465285608745,5.327941825966039,1.4362531905060862,2.014459872075534,5.100574744813136,1.4316784384707733,0.6362988951493012
447o030c_1.7112_22ha0106_-1.7112.wav,8.869406794536756,8.321983074486733,3.842207089732716,4.380095992575223,4.04230485496701,4.516193379530703,4.144174876385924,1.1723266921044244,4.331324423946804,2.2146683956189186,1.387671362757564,5.570053926551589,4.6248017466112135,1.4491524146414974,0.7978093610900983
053a0512_1.5824_444o0310_-1.5824.wav,7.5579872669510095,9.37694254667785,3.607612782229194,3.7720931321872473,4.663052532296347,3.847793886214884,4.792549234337932,1.6224027130791274,4.761311328071284,3.5613476845389003,1.5729632532660314,4.512424984784412,3.5810676342908554,1.6938926759859618,0.5546578468469052
421c0206_0.01983_440o0307_-0.01983.wav,7.716569171730586,6.729657583160327,3.303883132670141,3.987090122839129,3.2770580800074818,3.9172879520965975,3.1442888932221797,1.5289606165902194,5.6213633346751255,2.613968488006907,1.3733959028619185,5.651712495797383,3.642284941033485,1.249141111383059,0.5564032073267404
22gc010u_0.15025_053c010a_-0.15025.wav,6.779046596424792,7.7680305350382035,3.550123438579699,3.596251233880018,3.854157142388292,3.4944522647476948,3.743989225626668,1.4335044908667514,2.113080166245614,2.795299944163404,1.3946642423321602,3.0631426314731294,4.437865519328427,1.1806963692357235,0.5173502524396554
441o030r_0.9022_22gc010s_-0.9022.wav,9.431308607364254,5.813518900051651,3.4455542486913098,4.731260090580422,2.9787675951482626,4.599136947866626,3.0857417750209297,1.1651155941567588,5.323780707141738,2.1146758490652457,1.4346105854476858,4.987827241542224,4.912734593225535,0.925285026753159,0.7551883410091658
447c020o_1.5207_421c020b_-1.5207.wav,8.593083807711505,7.601368011384598,3.187085290224215,4.4571923383676255,3.9370871035400175,4.461183496092324,3.787140210741212,1.1082309224933056,3.8489245277932853,3.3474386071088564,1.5457975944964333,3.410383864360132,2.8927154831663504,1.398173174353187,0.2204840583687111
442c020j_2.3213_420a0104_-2.3213.wav,5.718647787398013,5.41817929477403,3.1810798651049543,2.857223087393322,2.6103636294668244,3.0264817024832187,2.626223049943321,1.4591612630425583,3.495308282371283,1.8712566491381661,1.237394321006845,2.495754750392808,3.2689300999961164,1.3375706487531387,0.7369410321621046
22hc0101_2.1221_442c0205_-2.1221.wav,8.204252502031608,9.929572684972872,3.471229443903734,4.20855569055864,5.092069828488967,4.3417908698700565,5.160978369279313,1.1704808557241408,3.504800324901499,6.58553506373996,1.2163217705852607,2.800819599182001,4.03458430372235,1.5758374289523966,0.4404099029537817
051o0212_0.95449_421c020t_-0.95449.wav,6.48687334061165,8.877812413168606,3.292230787716333,3.158133607729356,4.475974845506078,3.268885803210204,4.57713783872085,1.703338807992282,3.025263426277373,3.554611229443098,0.9614406642314808,4.690220439279346,4.868283098837152,1.284099497310316,0.3908369421162277
442o0310_1.4884_447c0207_-1.4884.wav,7.503045513691286,8.28032543758832,3.7980324388661457,3.7918590986355767,4.06733539010968,3.647927737603277,4.157799544952301,1.438868373686758,3.0463639992355542,3.6457098680030233,1.754174118641131,3.756093399106915,5.838350609305613,1.1030938945838424,0.5418014801671234
440o030x_2.2185_441o0313_-2.2185.wav,8.039502281219162,5.092160790299676,3.135229716202791,4.121797384503579,2.6853519354485598,4.045759144142031,2.533305278126803,1.537098679273916,5.140038301770961,3.377493854351503,1.6773850087435658,5.041328702098853,1.1358087847784548,1.433993195830604,0.8780497868433454
052o020h_0.59052_440o030i_-0.59052.wav,5.440999055560049,7.144987164719893,3.276471655931544,2.6120502560652303,3.785411316007359,2.496288352540084,3.690021685060202,1.0449138183792233,3.0765168500786046,2.4590902548903726,1.0496242545006238,3.776080329050074,2.2664205413020557,1.165484445081236,0.4669787475068827
050o020f_0.94367_420c020x_-0.94367.wav,7.318035576866736,9.066008361427516,3.1970645215856046,3.8557165034292433,4.746766332464536,3.688230088492512,4.717640728408292,1.1227198822089717,3.925377405998961,5.693588145345145,1.285410782160162,3.0346514706462617,3.3733952251620796,1.068838236389699,0.4535942720483435
444o0306_2.2307_443o030s_-2.2307.wav,8.774896458043035,8.948072667921977,3.843417837739453,4.406013211384055,4.5378027226407305,4.555322149538995,4.523420755214664,1.7758748947860603,5.215490725111665,4.020180674067345,1.538288689325409,4.516814144829973,5.328628077334908,1.464357850102172,0.5960028569498168
442c0206_0.7486_22ga0111_-0.7486.wav,7.024840875522004,8.89910506442384,3.702497612286075,3.5971837722576367,4.470873836408526,3.5554068850366107,4.306087029612224,1.542978912556954,5.308027839342371,4.239613879079521,1.5036581392849269,3.1655520202818783,5.5944834324604935,1.789962930845482,0.7919809927203598
422o030o_2.4725_444o0302_-2.4725.wav,8.491782603182921,8.666023114517358,3.419509057542248,4.329305472262432,4.456198062796632,4.238850885795609,4.60013543732846,1.1213906334793595,2.538383403857287,3.8954617134118745,1.0104914442905086,4.644665585654153,5.060842832893424,1.4004710355343368,0.5925849976321026
051o020y_2.2855_440c0201_-2.2855.wav,7.673762667466503,5.544549496666541,3.4610587425180124,3.8365010142192713,2.9233071525801995,3.759141367368093,2.7947945654960504,1.1864788961408843,5.131710432236096,4.057586739693062,1.6430649767635752,3.480557290149478,2.063088228664063,1.5804169233371244,0.2192804714901606
444o030v_0.88043_446c020v_-0.88043.wav,9.555425489212652,6.348751825368497,3.803614128752128,4.722343938040676,2.920980593293706,4.617072506049138,3.027835287184293,1.1621452646271069,5.252512529448037,2.670310740411479,1.7902687770994548,3.592772488146586,3.9795491902857085,1.746045481987417,0.9376485991081228
421a0103_1.602_423o030j_-1.602.wav,6.797453332678974,5.319995295378453,3.057322382340548,3.3857426849493293,2.7190022409548043,3.326095582333735,2.8781946501631737,1.5851457044438657,4.928078725991187,2.840067460950479,1.0359095136164431,3.0859834694671466,1.0313295242609577,1.6425377920624429,0.6281551725062886
447o030u_0.96081_052o020o_-0.96081.wav,9.094346507949767,9.547456587420356,3.633262605547219,4.326753649341696,4.881009936195393,4.399424921208424,5.034694308352331,1.0721657799120403,2.9380720253037738,3.856666858388127,1.2536998472686005,4.23336259814933,4.014512790081146,1.3133371479914353,0.1780609455810991
423a010k_0.14232_22ga010u_-0.14232.wav,7.056351736468471,8.493807832711347,3.162399858612459,3.6018898590008583,4.243566827867048,3.770779425458607,4.262965651071405,1.3474157190116869,3.1309975356735147,4.662598970323822,0.9733640198397546,1.7824029808158988,4.68226514457601,1.0188707794496268,0.7701003055801339
052c010y_2.4734_440c0211_-2.4734.wav,9.829269671972138,6.696178169365429,3.592937898034592,4.904861892564332,3.2679259458345387,4.824833639678836,3.4179108742110094,1.0184288209661696,4.6388777393241085,4.013754092746655,1.318817073585233,4.685706043028679,2.6548888059852804,1.0152577104050808,0.6868559355271562
052a050f_0.18034_22gc0101_-0.18034.wav,6.707231604728685,7.311714446177901,3.140397385112946,3.304277220373238,3.5548157067393173,3.4478845013360253,3.598139474517236,1.7709228437599105,2.267233923988673,2.8294987305206534,1.3177456698186123,3.9262059660049684,4.821023956828427,1.54798139440634,0.4644312333912992
420c020h_1.0635_443o0305_-1.0635.wav,8.691231559023722,7.491060595992783,3.670393637964414,4.550148588563556,3.5812072318976766,4.411629551372001,3.638761348479592,1.2164366159065547,5.75512182413001,2.1859266514697717,1.6535197878847252,3.869087900767001,4.404587161980568,0.9644487691279507,0.5326913154987264
443c0208_1.5966_447c020r_-1.5966.wav,7.145663584602714,8.918558765644399,3.9439292098135175,3.3779017786935146,4.472727230487374,3.527644704088732,4.481505401941758,0.963548006657854,3.593911644531186,2.7957366042475806,1.2793715812303748,3.0272543097970237,2.916889183544701,1.673750841444956,0.5057732143890088
420c020c_0.96987_051o020f_-0.96987.wav,6.538161467238325,6.198065592985756,3.937208123440972,3.1511123466873703,3.0720448539871463,3.139141365246052,2.902466861301386,1.4728881812888417,3.987602759040652,1.8573216491375244,1.6802452563234198,3.497316112423954,4.312490646837732,1.680250194479957,0.1426573479875471
422c0210_1.3995_442c020s_-1.3995.wav,7.129108335742036,5.261217204100884,3.7319818223533447,3.4790561588481013,2.461981007445645,3.44104178586716,2.6276762320203617,1.1126850185101391,4.3591403589057,2.1151776860232783,1.0763349872744985,2.637277135869982,4.029094113409991,1.6595622935577563,0.8955020628920245
050a050o_0.52962_447o030c_-0.52962.wav,8.64784469096678,9.257023445660543,3.2802268793402165,4.126764084559053,4.880869172021656,4.159495356718715,4.714049917069447,1.4600802378739604,5.465629887802177,3.943425197366544,1.4771756177763913,4.286747248389059,3.4078539877533314,1.5512244575653087,0.5857647612694936
422a010e_0.12037_420a0106_-0.12037.wav,7.1399598285231605,9.786412483220548,3.7351070394600177,3.57933800855451,5.104626072570427,3.572900818373733,4.934747991045538,1.5046883892752585,2.6458187132372486,4.564336433297556,0.999729168861987,4.839720058032469,4.3710074300535116,1.6476380781182185,0.4290434027120505
423c020v_1.9779_053c0106_-1.9779.wav,6.518108788479238,7.62053930678408,3.979968181526933,3.171085310233764,3.722817712485904,3.1529225191211747,3.553790753041558,1.1117370605729886,2.897057505293898,5.277871467309605,1.2890181779722192,3.315613891660704,2.7883100427771987,1.5733362941937168,0.7422152044755963
442o030n_0.18036_444c0214_-0.18036.wav,9.029242559719664,6.622740896523084,3.3428601918821905,4.635892319352287,3.4674969167574567,4.481285721968549,3.4263046839286493,1.274101286656116,5.653683415475627,3.1394345010150664,1.0300022188838232,3.2546680843743205,2.6539793751118412,1.1990235609098872,0.6485225114321411
420a010h_1.5124_050c0111_-1.5124.wav,7.083568624232409,5.572694555252047,3.14106433677273,3.67688117813156,2.961156825317289,3.535960387441673,2.9097629467777466,1.1163310633668355,2.9804772661913317,3.001785250045555,1.783593056153664,1.7063256394867972,3.4011876901919287,1.2892655237773247,0.4490846136809204
053o0202_0.19483_421a010g_-0.19483.wav,8.941325355118856,8.086359196458472,3.13224691025796,4.487448025635515,4.254868230883544,4.630261851085362,4.208996548329049,1.0621559561749303,3.6947833217648833,4.863688998334038,1.093290446384959,3.7033476168476755,5.84938413580137,1.3714333812290036,0.4844725353902326
440c020z_1.1981_445c020m_-1.1981.wav,7.815222881099991,7.601890395334612,3.0855696579409084,4.08120182894372,3.8417981610327336,4.064868853967634,4.011011735926802,1.4518007538181503,5.136315208903233,2.685161136616532,1.466604051948969,3.8401033977136922,5.154404776975309,1.2885944093095278,0.7481338320764764
447o030b_0.70785_444c020l_-0.70785.wav,8.930928362779976,6.181672972768665,3.3299276172983685,4.202898146161664,3.0139358426619296,4.367100538071484,3.057953730969909,1.6467573304340004,4.004111369889554,5.058716259117911,1.1622105576086454,4.160598829756263,1.8617642561114551,1.7895614398028254,0.4958045714453971
052c0107_1.1896_447c020z_-1.1896.wav,7.585660249072673,6.951506180367924,3.354977601427574,3.778234342258013,3.4259458842075268,3.878753219349077,3.314608759454138,1.0374141765752698,3.013951625721911,3.1258818206511116,1.1532705019875018,3.244432891662643,4.851245928618849,0.9590285531146906,0.5199117016679938
421c0214_0.73817_446o030o_-0.73817.wav,8.588433911230654,8.620634833733165,3.344173057655284,4.440375776011646,4.419258612507894,4.441558412433343,4.589254498843694,1.4042734026194772,5.668334951524258,3.4084486272774273,1.3359066791102472,4.166782046576635,5.25882470845307,1.733381104595718,0.9826276424489322
442o030e_0.82679_445c0206_-0.82679.wav,5.666739453446063,5.07591150634516,3.762217521059476,2.6991485333073637,2.696474690916689,2.862280119120568,2.744308629810209,1.644268163174574,4.305946282028817,3.276023959519216,1.5555665903308995,2.742801104551381,0.8109709229995185,1.5666210511925458,0.1872165799116545
053o020p_1.2702_444o030f_-1.2702.wav,6.91522356649296,9.361566477720064,3.9846190097672536,3.379673504062391,4.823586689336594,3.311372444663904,4.6679108553576345,1.4746196803179918,4.475585611704472,5.608713663714097,1.4360232759047495,3.4291558642572397,5.682809510245083,1.3853817195796745,0.7425930078082843
447o030l_0.15897_053o020n_-0.15897.wav,5.623628773352248,8.85128065224805,3.897621104360142,2.961597545481361,4.301959987079164,3.0522117495609007,4.182423105661623,1.702548250899906,2.3465569206867722,3.2081993205084913,0.9894372131348388,2.2193917088015627,2.9619642588481545,1.6282899202865029,0.3893689909036564
445c020d_1.3924_423c020u_-1.3924.wav,7.088281073471385,6.340852810955029,3.247082584204718,3.5730029952658966,3.3600444519565564,3.423840702545149,3.3442137719241,1.342671400417773,1.5720845271074007,3.696798678068367,1.4199950610572631,2.2352479759645862,4.626808624720771,1.6857827602373288,0.6282185488958256
443c0201_1.8235_445o030t_-1.8235.wav,6.542212390499116,6.187923718608237,3.470926398279365,3.0691898287496504,3.2270547430205085,3.165693668626075,3.112220040560384,1.0687325955114044,1.892795122323086,3.250094201059967,1.2797681465993234,4.024785052569116,3.6343520431812677,1.3541438114986004,0.2408142646481629
050a0509_1.158_446o030v_-1.158.wav,9.495513827849404,5.694342873101766,3.9893717517607152,4.55962585040471,3.0600514868395585,4.66650284628424,2.954802697051898,1.5012158444469668,5.008979956306965,2.0663932437729557,0.98640532068964,4.2650352919302525,4.5391829525399,1.401809207402573,0.2792916741636145
445o030c_0.89751_440c020h_-0.89751.wav,9.58921479900652,6.733238988177602,3.32472901717348,4.647408595035001,3.217022039978142,4.799538765524293,3.2928930570195587,1.1100446737614722,4.170051968859776,1.8895006312986116,0.9828586837651568,5.822992713717454,1.770971003098047,1.25491631658465,0.4780203169619965
444c020k_2.4658_051a050n_-2.4658.wav,7.394981347046692,9.86084304592943,3.783412249894793,3.8279360708213255,4.897106986061241,3.8991518290209535,5.051471216969997,1.4277322156232888,4.731328943587708,5.8018989609539044,1.4063285238382812,2.982198191115973,5.750571112431645,1.7967989677102492,0.7009391499363041
446c0201_1.9795_442c020p_-1.9795.wav,8.430159252640763,6.01527651957873,3.245144443366652,4.081920415828026,3.2210032858297346,4.08642760533727,3.071071016979004,1.453088601037191,4.305379697370879,4.884779517130832,1.700236774141005,5.551956516649914,4.09486225486698,1.0166788083160163,0.8452008313640782
051a050a_2.3655_052o0201_-2.3655.wav,7.017397226802402,6.519148272646885,3.6535907659906415,3.714818396881872,3.1814926973579185,3.640622802992522,3.311857623037361,1.0322323613684772,3.470504515661186,4.270131020317927,1.0209516102831715,3.035200196128775,4.981883461409334,1.288875948527553,0.982162897878876
442c0216_0.67244_053a050i_-0.67244.wav,7.702869542863209,6.066651458797599,3.860920583813356,3.871576583047696,2.971398764080662,3.925878474850352,2.8315727845680816,1.3942348038669412,3.7196939784944387,2.343320467966511,1.314514087436131,4.031308218541768,2.2144974418886574,1.4704883361332364,0.2818409287360075
446o030q_1.0041_447c020o_-1.0041.wav,8.937410337752706,6.975955701041368,3.345848081801269,4.552891965925256,3.4367913085884814,4.392990066810854,3.494509439705205,1.549609926013474,4.9919583955928335,2.975917989588039,0.9512920589555246,3.5598894540179336,2.5967085709824334,1.204807261426359,0.8067672772509293
446c020r_1.1814_442c020j_-1.1814.wav,8.736696363749672,5.763502509809927,3.940962291662484,4.396269941846667,3.0848848677980865,4.370756131552296,2.9168103441954214,1.6941550774754466,4.984190526079757,1.7508647762600071,1.358263920319533,5.305281381897932,3.3170862814152358,1.2811917519595282,0.5884883026659465
445o030w_1.2628_22ho0111_-1.2628.wav,5.2707311235792815,7.306551316603635,3.3915580106993,2.610003133051958,3.6926541540423408,2.758950330943991,3.710394848507661,1.7227110373493648,2.669456829344476,4.3546673189136955,1.6042350077562424,3.779280456040615,4.960957648941208,0.93979983430298,0.443040070957186
22go010l_0.28113_447c0215_-0.28113.wav,9.678887877546002,7.702855969594506,3.636201128008744,4.704468456298179,3.8605353680289936,4.580706895767425,3.9770818228656495,1.4999366106341627,4.0859250276227,3.1901643447336996,1.286242832483978,2.992635953415264,2.91873963158809,1.0658927714869066,0.9124529314167488
444c0215_0.94052_442o0301_-0.94052.wav,7.640051661703556,8.857712495738081,3.6417311263984864,3.973507945400008,4.472911051899319,3.814174444036938,4.487499929285345,1.3012975398928934,4.018493192737895,3.566032149342802,1.1352884142898017,3.4045816133801075,6.399975704617584,1.762460111231542,0.4043476867331745
445c020b_2.297_422c0206_-2.297.wav,9.712768782357497,9.75939478750877,3.5831386622813186,4.789657704117111,4.675300891305407,4.723856024333911,4.8100975490447935,1.2479385412334116,3.2127494739591196,5.3741811200540495,1.2131518263109728,4.192496140535724,3.866644151899953,1.5618127364480672,0.3973034797291183
445c0211_0.84314_420a010w_-0.84314.wav,6.724186061320676,8.19424898057777,3.886367902934913,3.4423592502889764,4.2698876001710016,3.359427728021078,4.121488265218552,1.722093388526332,2.8004207838438306,3.798355998821109,1.776945570259549,3.1283023921075785,3.1263915939486218,1.7763797318470207,0.693154331499849
051c0110_0.61225_22ha0113_-0.61225.wav,8.512300863264235,9.21632909797588,3.359137110948088,4.163462596155155,4.556653324704944,4.181025045711284,4.407685004698345,1.304431260996998,4.590073908906493,5.206166865158443,1.06105362746483,2.7794190251512867,5.013100987655613,1.4664397179528623,0.4026751600977319
446o0311_2.2881_447c020d_-2.2881.wav,9.024101800126456,5.724611239260373,3.936700484151799,4.284415274004188,2.981296635385853,4.42948282290349,2.9431468482783383,1.6544222709828438,4.56896247825379,1.4902519025231322,1.0060791833358549,3.071103963900764,1.602752178235836,1.439707305037822,0.5131198696180228
442c020z_1.9575_051c010f_-1.9575.wav,7.53392754319254,9.97216756062386,3.051093047413014,3.696377865381365,5.064981870363991,3.82786440072764,4.99279259815106,1.3632360255255347,2.0392467392413893,5.651055476828147,1.3389075934032413,4.665111187291486,5.566042316712388,1.322243291609714,0.5060275671815748
441o030n_2.3047_440o030r_-2.3047.wav,6.6777963594936605,9.629192389125407,3.979198625226277,3.2188024840783207,4.816332642756063,3.387272605300101,4.839088263062237,1.159951677675762,4.628090391962328,5.626215580856827,0.953939246586022,4.898823976923005,4.9633766563391895,1.4930094496915611,0.2754642700445524
444o0303_0.90798_445c0209_-0.90798.wav,9.212400354423664,9.897645045318423,3.177626011320996,4.428211970146085,4.877317743068317,4.401198857504548,4.7297701516091015,1.2850427135527385,6.100346219441364,4.06417903278056,1.0981597818917193,2.470940527825287,4.960091269264341,1.6569472154328848,0.5802181548736618
447o0303_0.14144_441c0212_-0.14144.wav,8.89568954582077,5.617712435793949,3.880507466202306,4.2532731320241846,2.920293929218148,4.257308238135143,3.0702396457914243,1.2278468928958417,4.978881337502625,3.043798033018551,1.6694451501305227,4.758077412037457,2.2285456433937245,1.3575019347976844,0.3982066335585776
22gc0104_0.64296_053a050k_-0.64296.wav,5.545720710768024,5.228501984192714,3.508340128957957,2.8039475199070445,2.6256751632071658,2.6344115220564586,2.613123452853352,1.731156502854517,2.4987873066658914,1.1241977708072706,1.3396387655089017,3.905631629770861,1.9709837333448388,1.6749656683915954,0.716109797824517
053c0104_0.80834_441o030v_-0.80834.wav,7.788363696737124,9.104812831818546,3.614827176710057,3.7781811382247295,4.650713068680648,3.8867325505588015,4.519882678937751,1.3620806198805868,5.2530007323494115,4.274997112066069,1.3177829421460676,4.09711570191822,3.260202871627201,1.7392576236865929,0.8759339665253112
440o030u_0.87308_22gc010z_-0.87308.wav,9.912930652068097,5.06422118262685,3.4939791439160404,5.047682217760001,2.616408939085769,5.118304455913067,2.7599794774223363,1.51394905466459,4.790815720788316,1.0824142433097819,1.6378193405040355,4.3241568276189515,3.293267236304023,1.4480796554427044,0.5157066600281212
051o020j_0.81213_445o0309_-0.81213.wav,7.054067246048128,8.840965014952266,3.795505589294951,3.538299434417062,4.326515569053743,3.5116773471623715,4.474134214455344,0.9513849931964946,2.423897039496235,5.987718701958473,0.9759792618334916,3.661354951481741,5.169615101760839,1.7694748051606486,0.4306784066981333
446c0212_2.0769_442o030u_-2.0769.wav,5.144762222781446,7.281312858547746,3.1379924806420965,2.348250833289326,3.81798235837677,2.464866349786447,3.723638194211148,1.4342759749422909,2.7118795062086654,4.795495705874703,1.0346491711406016,3.1800239329166793,4.444160534920449,1.4575244542367716,0.4195281758721279
447c020i_1.6118_444o030l_-1.6118.wav,9.446655497237442,7.730663170144008,3.204363066852098,4.970989855999017,3.848855482791434,4.813462916674103,3.784939417620581,0.9730977210247388,5.267031107547787,2.627144342437319,1.07158782702946,6.022177122810232,4.414422561351752,1.584945278729939,0.6695447784113078
422o030w_2.3242_050c010x_-2.3242.wav,5.145278357864044,8.019763499685938,3.774474678303365,2.6586796196155507,3.9282625625819874,2.815979172645714,3.992736205386708,1.6872970446021232,2.1910495101523417,3.6759613177479373,1.3968219537491045,1.9979184445269906,3.162748639154882,1.2808654446569294,0.185628276276683
447c0203_0.5732_050o0202_-0.5732.wav,8.255287299299924,6.364050484563927,3.4835171489210426,4.260292584641663,3.0737809096545634,4.291663060076283,2.9067004102807408,1.2286948717813302,5.212932789597505,3.690953222053044,1.763222903611379,4.668985514433214,4.020991887005777,0.997440957110862,0.7620969369193994
050a050x_1.2457_446c020h_-1.2457.wav,6.518804777603951,7.867768538026016,3.839434495688024,3.2097614119464755,3.705470649778466,3.0512719321738526,3.7669611758894312,1.6284203661044012,3.272520649517039,1.960594692831395,1.5306029920395858,2.5588575255183974,4.187155593300265,0.9033136319737608,0.9472104184466718
445o030x_0.51367_447c0210_-0.51367.wav,5.43692232770856,9.335549983756112,3.324471423501649,2.6145195639865024,4.57494084760787,2.529341575569074,4.71038349336304,1.0244597446979364,4.326546698193658,3.850043489118842,1.4267201887194436,2.2443807022431916,6.080581800400473,0.9645703601869188,0.6176164773153228
442c020o_0.99232_444c0211_-0.99232.wav,8.473349588545755,7.6927748473699955,3.109929090733792,4.460812465391371,3.758741911116073,4.348081736247505,3.6314949751738177,1.4309753581721782,4.862793641510865,4.722523056192599,1.0359041836365213,6.170289828835853,3.1412221484618392,1.7625063395514773,0.139148228005692
053a0511_2.3245_22ho010c_-2.3245.wav,6.985502675528368,5.66220808838464,3.6540137251097726,3.468719492653872,2.895656052576069,3.424012617907412,2.7316399090096373,1.075091501677059,3.862858265995619,3.705147839482801,1.250665771178756,3.974073361846193,3.673916273574044,1.6547402010377334,0.6689605340853767
442o030b_1.5391_423c020z_-1.5391.wav,7.348848891451867,8.330446143317856,3.190901771445866,3.7765762590070975,4.126789745682992,3.692038024613835,4.002881364506941,1.1091001615911,4.852730323434182,3.276236408965784,0.9019663085907386,2.014401835711397,3.903956214921176,1.5437055489618683,0.4214948973451192
441o030g_0.81368_443o030h_-0.81368.wav,8.792548631366301,5.68150262245749,3.1906538333122745,4.355775750277607,2.6953666804703404,4.403392298977028,2.837608250659774,1.0930347094068464,3.702271197003448,3.098793502157392,1.2933982412727305,4.553669973720552,1.7040709855788574,1.571601845577408,0.7709088424108733
440o0312_1.4057_442c0203_-1.4057.wav,7.479237340122896,9.28221269182648,3.537428506608848,3.618849971444264,4.659246533874674,3.728615243341513,4.529432878640245,1.1117190977367992,5.046145743270935,4.1625415126935,1.2209879034999371,2.6765707069451414,3.8593902395286395,1.3150897813409452,0.4269499653840886
422c0207_0.64331_051c0102_-0.64331.wav,6.365985792950196,6.065981605058006,3.4374244090208816,3.064219499494884,3.0168470708708064,3.00896230051052,3.156298288005697,1.0321534707350393,3.6622450195001024,3.7503860657306327,1.748677606277257,3.078935417217684,1.7905805006538116,0.9020375963124716,0.2703255658658553
423c020e_0.27155_440c020o_-0.27155.wav,5.180728841201442,8.07423051736107,3.956835799205653,2.545573065219478,4.136195693016452,2.487696304329563,4.274580231708068,1.0231888369526716,2.265430803244856,3.5897043691933854,1.1724496719392845,2.9761836878294594,4.969668931333998,1.230214669899262,0.510234656324297
22ha010c_0.65618_444o030u_-0.65618.wav,6.294790829760813,9.55633735929944,3.796225210605498,3.121199288955742,5.018224653783357,3.1524973251752426,4.871526211634836,1.6047173574541338,4.376512383930175,3.3377338051765215,1.355750534165164,1.7350894037016786,4.543241302577202,1.3378058030521056,0.3558985386381281
050o020k_0.37718_440c020h_-0.37718.wav,7.903355186559365,8.684064243441691,3.11401651916969,4.0314512216589256,4.596784445684151,4.13642210319436,4.463064162893267,1.6308412914460615,4.738475817976084,3.5536594253176985,1.467095740624846,4.974060138885777,5.954913754323018,1.109913704265363,0.4174382525096938
421c020e_2.247_422o030y_-2.247.wav,8.802940148223762,7.425400535620593,3.906269196167108,4.36451513335502,3.623319686319224,4.27159117269694,3.7410700049413648,0.960448358807892,4.279108661627808,2.59062704383519,1.6707592244268663,5.307584552409676,3.102710710736967,1.6647184297065656,0.3630663599179838
420c020z_0.97625_052o020i_-0.97625.wav,9.72748317275312,9.65456640393502,3.771750372913474,5.024545346732309,4.660361594214253,4.90237046442132,4.77857030003703,0.993587271722994,3.970459913020593,4.714430649982637,0.9765055508983438,5.8844122443212825,4.110061427856436,1.117504331957579,0.1554763918227563
22hc0114_1.713_447o030x_-1.713.wav,7.499248899220113,7.438085150038582,3.5300651577300317,3.752698980292085,3.887741728373843,3.806522372500416,3.726487139443208,1.582507494082539,3.5159824804556394,4.702402764002207,1.1540969131724188,2.970911140468299,4.371514069297024,1.2335495190677783,0.6748057453881484
440o0303_1.1666_22ho010c_-1.1666.wav,6.003539998498175,7.434503847439975,3.501027636711971,2.890641224323449,3.874708276867195,3.0371945020798323,3.842737402952641,1.0169956956546886,4.3556755486509084,2.4425450715960904,0.9498559956322522,3.007215430798365,5.101256472331725,1.5907253482437866,0.2643339655429774
422c0202_0.5371_22ho010j_-0.5371.wav,5.118077525403572,5.638570025842784,3.315453003731193,2.463498230385252,3.0073229775768424,2.5531240085425373,2.8628680714998898,1.7279878898567618,3.346603415723946,3.299997934468817,1.7425519100179248,2.434164642266272,3.6244509242831215,1.4174862157456376,0.6883406941295607
421o0304_1.6849_446c0204_-1.6849.wav,6.113632569216604,5.694986261456277,3.29873160027602,2.939566124592365,2.9692070527044,3.0652088294514703,2.85469106816212,1.2503662886401246,3.8468402173650014,3.381934282227248,1.7302442857422935,1.38887367782129,2.034391454520679,1.0572489162952792,0.4063005464486929
446o030x_0.53723_423o0308_-0.53723.wav,9.827469253047408,9.571572736893785,3.773746643851952,4.755419373069041,4.939229315054718,4.809187969818628,4.799197397251739,1.4366759686614583,5.850273836721414,4.824920989323507,0.9814160215981744,4.4554214798284395,4.010506514001055,1.7442859833166682,0.2801521682507202
442c0210_1.2052_420c020s_-1.2052.wav,9.567472038648212,9.122393191462706,3.270026475206649,4.754407569093856,4.487297778846561,4.848959201864367,4.3708504141686495,1.47298253745414,4.242810165746494,5.397808058389848,1.7560254230392265,5.768601036067884,5.8908584113118785,0.935754699304389,0.2386043786378373
053o020t_1.4889_22hc0104_-1.4889.wav,8.187019544331742,9.04256541827461,3.917123027082055,4.147431743944584,4.782014580047117,4.212519863385047,4.646871926870172,1.6390972240453137,4.211921030263502,6.1001722502975975,1.6314395009278169,3.4087332969535105,5.805572329308138,1.590217396918684,0.8172721302392132
22ga0114_1.6889_443c020f_-1.6889.wav,5.202091810719651,5.850735287728114,3.499336969831916,2.6554152205085617,3.0404606918874943,2.578594147595916,3.192113330362893,1.447951904810652,0.7525371758898841,2.1853162601060476,1.0798142292409962,1.4039047970144114,4.230732719847711,1.7954186375838108,0.9672306751470215
440c020f_0.98137_446o030j_-0.98137.wav,9.399898880873252,9.676752933028393,3.903430002573669,4.528443289594074,5.007516350664385,4.554647837461042,4.8598230140811545,1.1581470016482676,4.635629262309274,3.4623391179411174,0.928354560034578,4.964014739165688,3.8978396650892564,1.7517205329561902,0.5714654526425705
446c0209_0.32918_050a050t_-0.32918.wav,5.761595071848699,7.486080290088638,3.099480919279789,2.74327076890559,3.8697187788400687,2.8891571346161355,3.904606718013498,1.6045034520406234,4.488396497673888,3.3189643343839488,1.5565025890414426,3.980695061104252,4.363804904894133,1.4938558976306793,0.3849006659676202
447o0307_0.93266_443o030c_-0.93266.wav,7.150985995429201,5.332557043518582,3.09830214136003,3.387192830658195,2.824819835140365,3.5300418941335034,2.7790580053667715,1.134512069621332,2.7473000202143916,1.846009661066719,1.4257214678085093,4.1677494956320755,3.7863999804807364,1.6273206643565428,0.5336060922405321
444o030s_0.39188_050c010i_-0.39188.wav,9.882066023196998,6.9003179306853415,3.229138076651646,4.997176283449336,3.324872937874681,4.893526527633921,3.433301384877323,1.0321392243754837,5.632002135071026,2.6308536298108813,1.5473499117613518,6.826151853596541,2.7853097669574556,1.7939321092364595,0.707205317427577
440c020q_2.1122_443o0308_-2.1122.wav,5.165304531630978,5.577299003457721,3.9895394459211047,2.4439763080294283,2.594063675676661,2.434115320292928,2.743739194452647,1.3988667045792902,1.7219574049605897,2.2486522320544484,1.5415982593801192,4.421430573235846,3.036727289359176,1.155922261937688,0.5067471613173653
051c0104_0.097233_443o030t_-0.097233.wav,9.720960130673117,8.59570523243846,3.4567046915190662,4.940491267314857,4.374534527553389,5.07679772170239,4.437148826976919,1.5006606204473407,5.601195049945911,5.03499693288284,1.1463739547176148,5.522625355124649,5.061421309242587,1.3228130239906415,0.2111044682094437
051o020a_0.37166_445c020p_-0.37166.wav,8.965564987015485,8.061918426512458,3.783543507517302,4.377521575388689,3.922674045258823,4.545596531961573,3.948185003159757,1.3645869745851191,4.476799211850518,4.790228010247595,1.6217313623906249,5.157349046819567,3.2222761665217714,1.7023328843842658,0.5720713689427929
447c020m_0.77478_051o020w_-0.77478.wav,7.065480580151842,7.574531486166965,3.831130233811327,3.321546547548812,3.748824616873944,3.3819811051243964,3.611537821257457,1.016209011578756,1.8751709677604051,2.8322735534788777,1.3379530869205756,4.143779171216702,3.106788554548234,1.531374333436588,0.256357264093249
423a010h_0.40803_444c020z_-0.40803.wav,6.877008122455663,5.155036337291087,3.616966244872789,3.586338742967883,2.6716717066997866,3.4719185910612675,2.797401690544799,0.9474343627901376,3.4068309290111447,3.386409085525754,1.7744165191084749,4.954100669574692,3.2323059870083233,1.7410336743840331,0.6463938860557475
050c0105_1.7606_444c020o_-1.7606.wav,9.6121711439618,6.812740499969568,3.391948889587652,4.56936459823104,3.5216372877972426,4.719353752842137,3.523441033635413,1.7691293245343056,5.481046903250536,2.550449706123319,1.0090559202795593,5.541021665706907,4.287788598656999,1.329257705770216,0.607910347576821
446c0210_0.6257_423o030i_-0.6257.wav,5.711666601069512,9.265060421374816,3.207219368266443,2.693042023084604,4.765542291128595,2.845916796077712,4.691183002654956,1.659362474857117,2.512483630257514,3.054468019671216,1.0017232991701654,2.0098653888655176,5.374632665321149,1.1974783210175886,0.5592233434074735
447o030t_0.20582_051c0109_-0.20582.wav,7.241242176046136,7.686150285163561,3.692757766022413,3.6418363675667296,3.8004938386157354,3.628965502018805,3.970005905501981,1.7470019704519708,4.665722529419351,3.563149262749316,0.9053935054757656,2.930546633421976,4.633685691509917,1.7093898992184338,0.5819892388566341
442o030e_1.9328_052a050k_-1.9328.wav,7.051333908425152,6.876725863551507,3.2558857846325933,3.607755980176824,3.505664444936816,3.522797489584909,3.629285053559907,1.028850560838497,2.4869616051984265,4.371219687040558,1.637106046897951,4.689697572005089,2.741169785949228,1.6937413729295343,0.2724080055062757
423a0113_1.3327_420c020f_-1.3327.wav,9.975511742052475,8.460693068598722,3.202679976267645,4.936896402650172,4.207412209851338,5.074670113003998,4.107821021810729,1.576213724443151,4.843311073438862,4.851243514147209,1.436829629241657,4.680844642058985,4.874595493084577,1.2643657661276182,0.1846204970419537
440o0305_1.3028_445c020i_-1.3028.wav,8.240856924056462,7.089080216219854,3.910842328275358,4.028173755457114,3.657005618434959,4.074253250504226,3.514258709059648,1.326897521273417,4.309995210766098,2.467721806537818,0.9511778609479729,3.9107370209650893,4.655949035231573,1.0733570645909962,0.5127800490160852
445o030g_0.67863_052c010u_-0.67863.wav,5.5969745076449735,7.393790185884479,3.5984037000602047,2.8836123881314437,3.890081323554576,2.899077292189112,3.740880664231344,1.6397217600198188,1.9924593205903138,3.3623533302995137,1.637634395255927,2.654861306838373,4.995453285547701,1.4604945822313065,0.77054201434157
422a010a_0.47287_421a010s_-0.47287.wav,7.370128005816486,7.318230021680791,3.896252496109115,3.6549952056860326,3.719019246717593,3.564307519763792,3.5995381033431304,1.2464161789107866,2.951480110412634,4.550829813640971,1.1343866599013943,4.9424211146605135,3.4249072399577254,1.2086894936339505,0.2442422520650569
22hc0108_2.2347_445o030w_-2.2347.wav,9.08496684259662,6.373663973735329,3.128229103072265,4.388298672992792,3.211658581324787,4.507763808697178,3.302367353508807,1.5857886057386523,3.73704108997553,1.4468783357459978,1.1580905280235445,5.987053164400554,3.5851570699744584,1.010333233560125,0.2153460253631947
445c020b_0.87575_22hc010l_-0.87575.wav,7.0571339657225085,7.362902859173973,3.196089196772869,3.55951994317689,3.655098849453535,3.66603573864301,3.5226058861829523,1.5358284036668817,1.7643610108075904,4.299173417934476,1.20320588781058,3.279895037409286,1.9621476278640317,1.2790948960751214,0.6200020970659625
22ga010p_0.92198_423a0105_-0.92198.wav,9.703741776252112,9.747596721394064,3.7764154159499976,4.6820104114768375,4.901624868287905,4.694108564592059,4.752113548678985,1.483318509322883,5.442441125294831,5.306832242528181,1.0557604010454829,5.4639920450026604,4.469553411292094,1.0756315309163669,0.396905284196175
443o030h_2.0131_422a0101_-2.0131.wav,6.94871829432765,8.259636376822888,3.058056657619634,3.4881917981404507,4.226718213131525,3.4566093415373014,4.373355685951095,1.4084997427570984,3.153259645324095,5.024111492303969,1.032539988905644,2.5370800502285498,3.935774704456614,1.763078405379836,0.3452549381346361
422o030i_2.125_051c0104_-2.125.wav,6.146847799724901,9.947241879121556,3.9665492154311366,3.133772428784391,5.080643096617888,3.197387661946121,4.922994429925846,1.0261307682123924,3.3969787919440204,5.683446568401249,1.3172049559664556,2.1645121108465046,6.27995274187574,1.55936862246946,0.5681865350633729
051a050g_1.4274_050o020d_-1.4274.wav,5.840574173765938,6.010052928480499,3.3788733842196805,2.955772017293199,2.929076548762043,2.8492132469598324,2.8235055846429216,0.9218561877879564,3.54880247124935,3.1037537003381828,1.2313888041270549,1.0471512291745158,2.8687505115337055,1.4860399759094802,0.5861284309943477
421o0306_1.9628_445c0209_-1.9628.wav,5.671108741336085,9.72889552895193,3.07971849675882,2.687721230542201,4.844188364295269,2.7836666949217648,4.9594900029002345,1.14786878383468,4.53340599017166,4.568026732716153,1.0340474198659204,2.6287785832246957,3.2128126061179727,1.776136717802164,0.7419953045317433
22ga0109_1.6966_051a050v_-1.6966.wav,7.117656249474109,8.31166768682911,3.827800345402245,3.509373871455116,4.195958163475537,3.608885917167453,4.083720234244168,1.5165420617984966,3.657757991451797,5.005848036657687,1.7034965205595616,4.190607553857844,4.936863814008592,0.9253936247350256,0.228116292028622
051a0514_0.066778_420o0314_-0.066778.wav,7.054558340007997,6.945503548214251,3.188426915504907,3.34063230091145,3.598021055719189,3.4097551435693445,3.731145180591024,1.5946459131767656,4.196826225003083,2.0667751805566303,1.2669784298235045,2.4876626725639643,5.3285766886841435,1.4542236990427129,0.6830545559338626
443o030o_1.9624_422a010w_-1.9624.wav,9.518196310191056,7.963674655780869,3.492241399416666,4.775857864916421,4.180188633047976,4.886670796566806,4.064774187769029,1.332071434550977,5.366521475499728,5.905620543734764,1.2813122982933844,2.9053324892506325,4.539762376164283,0.9092784543683236,0.4729349492277033
446o0309_0.40491_421o0307_-0.40491.wav,7.031679107391637,9.139347342845577,3.7167575880660495,3.740815231565661,4.442641380068602,3.589573269515344,4.390431525489507,1.6426612151260356,2.1365463755373915,4.476056640668239,1.5940723222362965,3.493901210049407,5.113434111340295,1.6518062960582327,0.8860933956729666
422o030k_1.1216_421a010a_-1.1216.wav,7.23053197952164,9.923329916005164,3.1671150928974576,3.7844606846074575,5.1832114592922585,3.7181610152833806,5.048659038847593,1.774151561666598,2.677367003802778,6.343501705074808,1.6121984647703202,3.892431321181127,4.10740558202568,1.2575405438884788,0.5851656975113166
440c0207_0.19784_22ho0110_-0.19784.wav,6.36358174519786,7.821047612295088,3.616300669920853,3.383162031763138,3.810408983844607,3.2198917492034744,3.857767349873089,1.3989347395516627,4.35052356841843,3.8873370543250023,1.0250340807679197,5.293097594991252,3.6515025383181907,1.1747852275560136,0.4005368004077663
444o0313_1.3514_423o030h_-1.3514.wav,5.25176443777707,8.29613500817004,3.43636122807691,2.6949725431772467,4.315594081237418,2.800545523130344,4.209037308088908,1.2172288547801144,2.4299386831118817,5.932766322238032,1.4329696262119318,3.998679588757713,2.925402177895756,1.7469296875003524,0.5279931849061312
445o030k_0.55968_447c020a_-0.55968.wav,5.321531988627669,8.909370744039448,3.151919275034289,2.8280678450289205,4.645190584794613,2.6781564217895024,4.640036442544735,1.5431312353376845,1.688411398385454,3.2532443029810665,1.0324925506661913,2.5471810961704224,4.010628624548012,1.6317397626407215,0.2152310047285746
22ha010k_0.9802_445c020x_-0.9802.wav,5.978478923337142,9.399958167358657,3.333583395957162,3.028877098925842,4.627765613991626,3.159983151614719,4.700643614433059,1.561909771045913,3.788307010232489,6.130685437297442,0.9172918588251182,3.018547846469848,3.3076850198962386,1.2699702773099844,0.4464231760576562
443c020e_0.78899_050a0501_-0.78899.wav,9.101218297852684,5.120597255698044,3.645167617056569,4.66013263326448,2.589374814182487,4.559249237977186,2.4525444792588766,1.4399502185959718,4.641645099690233,1.5557847765060908,1.7536273374052198,4.833379891253833,1.7783149630738078,1.5335422983927551,0.7096664761006037
420c0213_1.5759_442c0212_-1.5759.wav,8.829198908357405,6.305181890541606,3.6642088210737023,4.587687082430937,3.1920973713362413,4.606175309246079,3.043241113593304,1.0421795926084385,5.1384599849081365,3.472413610926666,1.255745483514599,5.262592323110671,2.351771371413187,1.6504044802146465,0.5116303539795475
443o030q_1.9362_447o030m_-1.9362.wav,5.6469038574518375,8.731743140092378,3.129958004002652,2.955758667413172,4.508855211755197,2.9625298692519584,4.338990115794731,1.3789821244789826,3.614937087029553,5.142491202336893,1.5989271072353426,2.818181249032491,3.436331490137606,1.4015456564683584,0.1501403435146787
442o030r_1.9563_441c0205_-1.9563.wav,5.821577120352572,7.375889194206234,3.69321373551124,2.8477631403329338,3.4723887513477125,2.7218096807951557,3.553848717162002,1.0229244403702344,2.298967343855697,3.9501071844284064,1.015991659489153,1.9288561810689882,2.3182054669463774,1.6286964266246189,0.5635441033477706
052c010b_1.9997_423c020j_-1.9997.wav,9.661785516904915,7.033870606408982,3.954803644834895,4.720528986878661,3.399627372784391,4.74926310466032,3.2524052600590614,1.2255728980938771,5.44410873159914,2.7484314543392916,1.744142834023604,5.2652565225480625,5.208240393836126,1.511846402309986,0.4102372458224883
051a050w_2.0303_443o030o_-2.0303.wav,7.193907105816312,8.302972063838354,3.695419569151165,3.464348670853107,3.973076064414447,3.344936746199067,4.094075205942054,1.6404166766907595,3.7995567803790857,5.845171680078744,1.620451232675839,2.0448031482630498,2.8735318608359943,1.199277840423139,0.780986806063962
446o030h_0.13806_444c020w_-0.13806.wav,7.026622239156401,6.119160306323291,3.175689720187968,3.408187789761748,3.2109199967225264,3.374185187001203,3.044355225520724,1.5891699755157838,5.218819468112852,3.370986708888413,1.0437297469271734,3.8955145232371144,3.846911703035977,0.9252958676188552,0.4348754339980428
442c020a_1.875_052c0104_-1.875.wav,6.350754090443859,7.898575950628421,3.9796361230579658,3.2038520821355605,3.9612949831711326,3.3001225391421234,4.089091693252994,0.9520745692343424,4.0707321866933235,3.317357039563075,1.7830339371939958,4.117146680928388,5.762969801033382,1.765306996938207,0.6380895328497974
22ho0103_1.1928_420a010a_-1.1928.wav,5.141635953380791,9.712797929948724,3.918502837519318,2.7778022135800264,5.072852960534232,2.6226524834288187,5.003365110991974,1.2290911859192042,3.7471974005397364,6.153308655571067,1.231129576439283,2.9988336051966846,6.19069350282318,1.456326162183875,0.8953432281302337
052a050c_2.0806_442o030b_-2.0806.wav,8.339679046953194,8.667168324264402,3.300283561789982,4.071367523237033,4.215389078715963,3.972071597241859,4.07740241602438,1.6020957793408128,4.9639383979711695,2.787043318334403,1.6255319125163514,4.641977497461477,2.2949620194686955,1.441831720438506,0.5404677008182588
422c0208_1.9732_420c0206_-1.9732.wav,7.742573435688111,8.695789919959433,3.2836850690141643,4.080802139361815,4.278442088701169,3.947799251653814,4.172563706293177,1.0717200857381235,3.160698088327982,2.863851866317335,1.5688209661032175,4.424724961437958,4.876809416791611,1.5481166072740664,0.2523884146248762
22ha010n_1.9976_443o030c_-1.9976.wav,6.1575709977686985,5.983163166248853,3.356701874259331,3.0400211549645224,3.090152809410355,2.9522863977352074,2.968486822487496,1.742746260774158,1.958774456202896,2.8061279753990593,0.9068410234677492,3.142522513268422,2.047058139180677,1.495333627383194,0.4331849861320854
423c020s_1.3856_446c020v_-1.3856.wav,7.895888017246653,8.3520818099552,3.322868830025459,3.979476628634753,4.374574170605439,3.8646351621634567,4.2492288971456,1.361990803212294,3.791357699770837,3.479844272521558,1.7067625027920368,2.716312671451016,5.350280044513763,1.5487944040873431,0.7138290423802913
447o0306_1.3385_053c0111_-1.3385.wav,7.051366545261536,8.636715695765123,3.858822519290293,3.4641550180589333,4.46983842881475,3.371153586607316,4.352149288500318,1.250114296935148,4.056907583014971,2.729411331052122,1.7101707244397355,2.2489674652858724,3.6375379367064964,0.9506047694287258,0.5537771082725262
443o030p_0.18826_052a050u_-0.18826.wav,5.303936520852963,5.207649117168797,3.3810038364791244,2.4509892737039585,2.4163940809476294,2.603880037901115,2.49072048421867,0.9217432261213392,0.8935477032309103,2.416136467633667,1.6076564364251325,0.6266147944731941,2.1926334781622083,1.1707663399857693,0.4740747120211365
052o0201_0.11728_441o030a_-0.11728.wav,8.633393467490652,6.213177548348588,3.7477369689185,4.466525980189564,3.187148511918632,4.47878013216504,3.0376498973452457,1.3302614039480138,5.1336740423523,4.53807104462604,0.9160409096943248,5.404884155192566,2.3948433408005725,1.7818694257804593,0.4697653130610769
422c020e_1.8826_442o0313_-1.8826.wav,7.364575798100316,9.50976090483173,3.110020158844909,3.717419528031965,4.698266495647194,3.657738029260641,4.857446012873527,1.157817059985296,4.145183987260017,3.6225511681913836,1.0776260008810037,4.64026607633132,4.594931305513611,1.7133179920333377,0.4441449970165356
445o030k_0.22763_446o030f_-0.22763.wav,9.573955030508904,7.725109188961402,3.745182479535968,4.936989424300864,3.993704807473334,4.767037424815231,3.9896652690299423,1.4523452213126888,5.192149730502183,2.9586461198006564,1.4327438069152607,3.250118392688609,3.89502279631033,1.377914398357501,0.4925994036731685
052o020w_2.1144_050a0513_-2.1144.wav,5.234134339054131,6.28959576145258,3.493203921527096,2.7766849744926563,3.2123980258207454,2.805417600088701,3.359620429775977,1.7855191794577183,1.573755864463381,2.5776393940227695,0.9896580196240276,4.453343139619419,3.714925372775308,1.2269792524032668,0.2689786703822094
051c010t_1.0903_053c010i_-1.0903.wav,7.659217737063907,8.726443858105302,3.4051408225977813,4.094254733815362,4.595698622164463,3.943596440434367,4.516945345181686,0.9734719857696676,5.194232841262398,3.1801563626777494,0.9987222675234992,4.39805693550065,5.847348484333739,1.5012912882373768,0.5083719450261246
440c020a_0.30021_442o030n_-0.30021.wav,6.919947604179431,5.958705441608242,3.207171399972007,3.2143190911362383,2.871697969474864,3.3421115466809463,2.9502415134861555,0.950653035193784,4.031807257805927,2.653170313832119,1.77969155570179,3.6559816502747773,4.8219986138532,0.9054914705265752,0.2711951302315968
053o020h_0.045876_444c0209_-0.045876.wav,6.7635403788425,5.269564864066264,3.5044026541969098,3.187264613623869,2.421248702821809,3.314682932166531,2.500397752719838,0.954578627997807,3.9314334325580713,0.753750822145092,1.6016685133139887,2.8108209777740605,0.7331629581173131,0.9334948116543736,0.9970709320764424
442o0307_0.42641_422c020w_-0.42641.wav,9.076846419796082,7.36892803854548,3.42016768460813,4.628247741600566,3.9205911083570815,4.510951786405338,3.827094269400681,1.4168363181207564,3.8284712125368148,5.244066939700962,1.416694755245686,4.317176585152178,5.0367238724186905,1.0922501783987737,0.3948367795874125
440c020y_2.1574_051c010s_-2.1574.wav,6.198923084547558,7.467783579637788,3.5562975746561127,3.008460845295944,3.6173108972890025,2.990106175425947,3.786317128221366,1.5475588799644535,2.413639713647958,2.760717505329542,0.9946258389532628,4.11808219104754,5.257209412331203,1.6348953336741814,0.5582180867904908
443o0313_1.3448_446o030q_-1.3448.wav,7.69836426722842,5.0260429780352425,3.178720726872473,3.794241354624988,2.404250973183378,3.6675315443110046,2.4845293885276933,0.9841165595972954,4.538174886065347,4.256838102289117,1.4621922667800284,2.7758865091320932,3.0550338150482155,1.0859372039924,0.97076570741658
053o020j_0.62511_443c0208_-0.62511.wav,5.972748738666823,5.37425741187953,3.0421544959703244,3.1504352185764968,2.726236498232875,3.1655496515992083,2.5569097315525835,1.2474586776729857,3.0640341192757554,0.6224534028347409,1.610042594651941,3.479985336668381,1.156766254629403,1.2328724032082423,0.9175656320886758
443o0308_1.237_052a050p_-1.237.wav,6.759803033779392,5.234085872234038,3.393027571049677,3.3611914575140847,2.456637608425543,3.347875984964291,2.6261153302381035,1.289064331607222,4.170132166936554,2.1841989138107105,1.6482337705409975,4.15508155784486,2.6534753571139187,1.3082727678809951,0.9056288715678382
053a0510_0.25939_441c020k_-0.25939.wav,8.409771473846368,8.194506065877114,3.229911798340787,4.370868131664176,4.317761819794632,4.304516026514685,4.172168557099442,1.147881850033466,2.8704663718077645,4.109610812809728,1.5419258491128098,5.659003104992323,4.150090737963755,0.9877558233222856,0.4775264221693395
22hc0114_0.065075_053o020b_-0.065075.wav,8.737786966589201,7.965077989527849,3.802352264314048,4.524586559303305,3.735348714314722,4.592343138707882,3.880293689899912,1.3175320844453209,5.853861668992202,3.663999627892106,1.5082144533378368,6.406590807052703,4.063957643941187,1.51529779463048,0.8417440535639894
441c020l_2.0151_440c020o_-2.0151.wav,8.260464798207051,6.617304724838522,3.078720765354857,3.862774035506008,3.3415638414358155,4.019594582388749,3.4071939875227915,1.6851454236687018,4.916998372891529,3.3488858076950634,1.6905554017040048,2.3292817024208525,3.9805551647152204,1.0039447937862294,0.6122723418836244
445o0308_1.3737_420a010y_-1.3737.wav,6.993596697785365,5.531444928025135,3.5365086725442723,3.324066292225772,2.8370740874955374,3.303373257970506,2.688508282771468,1.4342886517085829,4.1709078503026795,2.418384477657959,1.316210577119998,1.6537689608616417,3.218084435210847,1.4974819009809344,0.2085708198363337
053c010x_1.8966_421c0211_-1.8966.wav,6.996165808826949,8.834887640888084,3.160395784617422,3.527572927850392,4.316914516968046,3.450551965584688,4.188198661799907,1.2586773165625167,3.9042315247136603,5.885455293815363,1.2161547016575796,4.141406722176305,5.968516196412585,1.687144070541991,0.4556722646817995
447o030n_0.58907_22ho0104_-0.58907.wav,5.1175657524344285,8.504301386585551,3.3621707983652733,2.6545583759352063,4.061939431341341,2.8153779835546207,4.1170489024433,1.0008730998115047,1.354675518025079,5.090435638789549,1.4693779947625014,2.0163634043640193,4.333856983821573,1.09820336254032,0.9644713177644584
443c0208_2.1741_423a010b_-2.1741.wav,7.292703361541548,5.865578839756872,3.163927998525417,3.509968601499362,2.8162398856472937,3.4965693806359104,2.666839548029695,1.6654655063046306,2.8394023676489866,2.9639204485264274,1.7845099003660736,5.334324819214946,3.5832674015915646,1.1811591004138655,0.3696478147212502
051a0505_0.45706_443c020h_-0.45706.wav,7.921099324592111,7.427847746194038,3.120066296102813,3.830252783232059,3.933876490323788,3.705459551091392,3.850649996874372,1.7460214400483856,3.594121704067333,5.117953964819702,1.7984515458514112,2.0830288316114847,4.5696513858307215,1.187721180695086,0.3089249754085745
420o0309_1.2025_443c020y_-1.2025.wav,7.620445683053447,7.0249575049010815,3.423808927320361,3.804188332821761,3.4360418971148268,3.8160495329416086,3.266456190371254,1.779657367400322,3.129223889630237,2.9759807744565734,1.1952281607685638,2.1622809089249198,2.8570168703490064,1.40070249829762,0.751660661549488
443c0212_0.78477_420o030i_-0.78477.wav,8.767957361282077,8.49707585456751,3.433615317099231,4.2544944209154725,4.18914282414429,4.420197257410049,4.227124003399962,1.780214465616032,4.358298631427853,3.207893388084685,1.2460139466785534,4.632270882509726,2.6399803655380785,1.4893206882182712,0.9993133627050942
051a0502_0.43687_423o030r_-0.43687.wav,5.258900370892487,7.396364151949539,3.1966116998317857,2.747881154171093,3.854478695939717,2.767752806984142,3.7058007977353182,1.5124503557946287,2.378119668928067,2.1072261402073056,1.4603281926501308,3.809802667942228,3.4218973911784976,1.5834993045441053,0.3543060854139828
422a010s_1.7295_445o030m_-1.7295.wav,8.23776432480102,9.000915528967994,3.74657506774974,4.157159943188035,4.351976419175057,3.987381694075813,4.343296204408817,0.9752309603632032,5.58244594732966,4.284326884895681,1.623650904777855,2.556611264336647,4.685043916464169,1.584532356318875,0.1214312995498295
443c020w_2.3819_421o030b_-2.3819.wav,6.047790854742491,5.529999201929908,3.096571612580208,3.0933774457675547,2.9811006157193334,2.926623504637557,2.948038203260268,1.536749571188376,4.539470225085637,2.5500845580636096,1.5810985747758242,4.536879988668159,3.5435029959977706,1.7026255228594374,0.1324832462247263
443o0307_0.77425_445c020i_-0.77425.wav,7.002298671792707,5.873611147500682,3.613557842309184,3.613291825175122,3.055992013356797,3.449889153941135,3.10289155529057,0.9961221411122336,3.8687015461586287,1.1651339648636192,1.1462569043790392,3.0057628332486033,2.4583321853976092,1.04600473965297,0.4887242800064639
442c020a_1.7479_443o030h_-1.7479.wav,8.57373781822598,9.349895419271714,3.064449322280224,4.043928969147524,4.503134795047347,4.14996654983964,4.609229241089367,1.3607876199376678,5.833380897454427,3.5248836775968693,1.0335159321065404,3.678045266818358,6.099465832002509,1.016580746333103,0.3683287214351051
443o030r_0.65078_421o0301_-0.65078.wav,7.63617691932552,7.695963935743748,3.3940732255854478,3.922984559697817,3.768859105683668,3.960838570778371,3.6031271719922,1.6209937499607416,3.23500970958236,4.536178345718809,1.0629430127579669,5.902688619619296,3.548004305631557,1.157942488867736,0.9598708273882564
22ho010h_1.4412_441c020s_-1.4412.wav,7.552635069722467,5.080409744784175,3.566017977100647,3.646088276700641,2.319244900170568,3.595024676068623,2.481394549231223,1.4897803065039317,3.2372022921893597,2.949228853903704,1.343386693372368,3.2132431314126815,0.9245615528525467,1.1661205585258951,0.6658046638200392
052o0202_0.15987_050c0109_-0.15987.wav,9.430535610486146,7.9339659081677825,3.4201431103501987,4.5934790308583,3.963171295620996,4.717251369681523,4.047908584592436,0.9676969267759274,5.09262508864787,2.156501994776148,0.9129150041079304,6.396678380545071,3.6099540032210546,0.9397465202734592,0.2592537886872202
052a0509_1.1794_22ga010a_-1.1794.wav,6.909394101059107,7.047621689483263,3.611418381377362,3.528904104559273,3.6585313112557336,3.358912753750149,3.660246143635197,1.2759327027485805,4.165859770073898,3.730471758725678,1.5349217437671128,1.6574007911324693,2.8567502054091394,1.248074617143153,0.8765396742888916
22gc010m_2.4216_445o030z_-2.4216.wav,6.353707814869706,8.447402188278955,3.12035287326127,3.247385951072073,4.359791492772432,3.126083175063621,4.4641257466521775,1.6754441562610194,3.4937012409617854,4.944542651905061,1.282408186404484,2.655380161895248,4.936506779401805,1.0505472023449862,0.4951296661253657
446o030j_2.1937_421c020z_-2.1937.wav,6.197416190351597,9.022127699172492,3.821138338266012,3.302427147103165,4.554093862064354,3.2356861156964603,4.688427903642687,1.51799619585515,4.283703403801547,3.1417496321190486,1.4798109060210114,4.942796457292179,4.779766062247224,1.6937666494148496,0.298955304349951
446o0314_1.0006_441o0309_-1.0006.wav,9.083031741702678,9.262293896207543,3.706460825129283,4.441982600585223,4.73742769754761,4.407108711020391,4.883317422431236,0.910597946651165,3.6747714245035836,5.1900799064097525,1.1265528605263482,4.852231376255671,6.717047868214695,1.3766943462227212,0.4357153260615813
443o0308_1.3395_445c020z_-1.3395.wav,6.6678041937387365,9.158065585919664,3.801566749554463,3.411848370489144,4.506475784031245,3.5257768467268717,4.408903747554856,1.003408265079326,1.6712165684400475,3.970768680053968,1.5522269319437918,4.32018241910295,6.101022356863237,1.4474566768389985,0.4676893273504262
440c020u_0.91823_050a0507_-0.91823.wav,8.217666683052574,6.558395696668317,3.736177249331488,3.986810782846473,3.3879934621944114,4.053196436402401,3.5444956826321814,1.4619194153760278,5.334444810173424,3.520131243719663,1.7173009670136974,4.296921833528815,4.186694115160832,1.7790864708271583,0.6065253644717318
050a0513_0.53243_447c020p_-0.53243.wav,8.485865484358097,5.220556635606616,3.772032655461665,4.225705656807032,2.5378040006458344,4.12062138821393,2.6714351964582383,1.0589222848721789,4.775850553549726,4.128412840067572,1.24285291497785,4.608872391682608,3.8135525837472914,1.1270790277893052,0.5516542079489326
442c0212_0.28582_22hc010d_-0.28582.wav,8.043792163952835,6.190931622675588,3.961881541766489,4.184041163614083,3.069008019228389,4.103544820247212,2.919273792330986,1.5537609663963108,5.058989521261671,2.294312688052928,1.6211206656589854,4.653173569071325,1.2281627927795673,1.3715604754053308,0.840393835078663
050o0211_1.2396_422a010f_-1.2396.wav,5.832351512739869,5.483565403424554,3.273122924181264,3.186938586092696,2.6377962759898765,3.0389960280200934,2.662555102919572,1.4650696579734837,3.932934263168754,1.6569376056704928,1.3743826643595989,3.760669571307962,2.9350536542705985,1.0988511194400128,0.6874770952180159
053a050k_1.4914_440c020d_-1.4914.wav,9.846788096539246,9.766528282980364,3.523514489495865,4.837203044212097,4.778176164367388,4.905435901911047,4.933881903279718,0.9452584786722504,3.368338904799937,5.983253204229724,1.7633346537666,5.696652027743068,3.081699385686914,1.7803204670728694,0.6070382212094183
445c020b_1.6286_444c020n_-1.6286.wav,6.689335570998688,9.222900897264257,3.3350080252222,3.251341042839445,4.6823932852478665,3.202871531887835,4.824346469460521,0.9697760386144132,2.6405323668784013,3.211760154449684,1.5504092932114322,2.7653243319022027,3.4623999006544026,1.305333831259183,0.2280943064123972
420a0108_0.66935_423o030q_-0.66935.wav,6.5415516024467895,5.787492588525337,3.187439744672038,3.1624252154070107,3.0232658733101507,3.2452960267158075,2.8748326269230224,1.228428398813272,4.026524278294179,2.589080043222684,1.6234944804029512,2.1717812442705555,2.2425072222198583,1.5352230894211698,0.7481725119755129
22gc0106_1.0901_420c020q_-1.0901.wav,6.4844590022037645,5.208798353341289,3.866668787719844,3.189837479735452,2.623697847671958,3.0409605908265243,2.605376495407488,1.36601016781241,2.8752561059347026,3.223405902043008,1.5498406081029723,4.991616082896646,2.671088085838793,1.6319037472186395,0.8818093047154574
420c020s_0.14107_053o0206_-0.14107.wav,6.151629623189194,5.492284766570173,3.2743382440744253,3.233227790334739,2.7654065895463718,3.0881516071479536,2.854023185463583,1.1679786636988254,4.1874835029890125,1.131918029794531,1.3240032148005352,4.470195334033691,1.8068110560413142,1.6755663419733549,0.9700447439184072
22hc010a_1.8427_441c020m_-1.8427.wav,8.609715520922874,9.455753077633789,3.018907250811134,4.253291125731814,4.691501674787991,4.121045151036968,4.620713242279496,1.117344800715803,4.833165586996766,6.592687101636434,1.6367403610633664,4.551585665099855,5.427258715671953,1.2049339868603557,0.396645070379693
445o030g_2.4318_051c010a_-2.4318.wav,5.271228792801761,8.825506940092822,3.675251642404197,2.583043332577219,4.540587655168397,2.445421691478611,4.440786433225347,1.3110406942207775,3.843738014771668,5.407327635558283,0.967306627256894,1.3604568508702177,4.980906867288332,1.2970259647457856,0.8786684242594676
447o030m_0.69811_441o0302_-0.69811.wav,5.118326035286528,8.86617644154278,3.153202002252219,2.447369036340857,4.630120351864043,2.617095767687202,4.62048517327277,0.9646891545508856,1.9747091199293045,6.443048162580074,1.2540887702376065,2.198918317234632,4.079731296070819,1.4468428772241015,0.9651072316775486
22hc010i_2.2653_444c0205_-2.2653.wav,8.938539901456526,8.68813900517351,3.861802581072188,4.451091794411029,4.478181163618109,4.294301308527023,4.54388309308945,1.0547165904386586,4.3139111369259755,5.288172563301499,1.1742657630694568,2.968179209112415,5.124661111474701,1.3096214977194824,0.945949437586344
052c010k_1.1438_22ga0108_-1.1438.wav,9.76238187818442,5.03046489124063,3.3631032751265453,4.832476758447902,2.451339086022428,4.9217629038486574,2.5718711740300426,1.4001612794466018,4.138745896892365,3.7579572473311544,1.0850085587968066,5.897677010528097,2.647097596554152,1.3407299075060772,0.5955284987088263
440o0304_1.6298_052a050f_-1.6298.wav,5.035531669372504,6.156268521920018,3.379884760153605,2.381269022218625,3.2095546964443447,2.5259013988400163,3.249322467727735,1.0222005511227346,0.7309639425807564,3.144356478707686,1.46483048405816,0.9357127230155456,2.259936847210502,1.7004865713976858,0.4561783989745848
446o030w_0.3071_423a010c_-0.3071.wav,5.804103814618268,9.58412267453157,3.912972233312588,2.8098655420644825,4.797765483539437,2.67395183685552,4.861227793112689,0.9800625504429004,2.1769066289352783,3.4489005224513942,1.6236628685650394,2.0564087132376243,5.111102312892022,1.1508934805831776,0.8258675342868216
053o020e_2.3727_441c020v_-2.3727.wav,8.607701348086652,5.0205967504948585,3.687504764668062,4.23403504069715,2.323186395747079,4.385523724399316,2.4003302789147383,1.4390594199599347,3.5596054248654667,2.8305643892411463,1.4026055543081442,3.104501901216839,3.9436653075401544,1.0111524047395828,0.847188020085037
442c020u_0.054776_052a0507_-0.054776.wav,9.350458202556512,9.575639198407924,3.254115480735088,4.415913238571038,4.850248854176135,4.5656473183935535,4.859176638879225,1.047794731750552,3.8190348576913924,4.72853293185338,1.7258785130225116,3.7133334671215654,5.539107662517447,1.0024328717100233,0.546593141560622
22go010l_0.7506_442c020e_-0.7506.wav,9.864603021551792,7.692316762384222,3.27472177652672,5.061841841403561,3.9011602692614233,5.187136748838904,3.818690964845971,1.1093190850958277,3.5367767427411385,4.461199309376794,1.7113964944846305,6.449417688341636,2.9186263988947267,1.0900239431153982,0.3755352698161757
422a010p_2.411_421o030r_-2.411.wav,8.642521364702043,6.030179728169369,3.526823984955171,4.208329748373711,3.179962035266239,4.068779718903754,3.124954860507537,1.791343929167649,3.864543203941495,1.3144970733738741,1.6135184510355858,4.479499413067328,4.595657017426765,1.5609477789404445,0.409630588326843
444o0313_1.2914_446c0209_-1.2914.wav,8.64876904234104,5.600388799495456,3.67343054950939,4.2488215336339294,2.640490941058564,4.217024128050431,2.797299502681195,0.9302698046594492,4.390804310668798,4.587998412351522,1.387156433244985,4.724395118549235,3.5236614042283896,1.0085150116682418,0.8628345259988313
052a050g_0.64105_447o0305_-0.64105.wav,8.724993743453338,5.095249320316392,3.3026840553765675,4.493476980733147,2.383732738018943,4.340929017137675,2.3354717931165228,1.046100002579196,4.4339070998566825,4.022022110112281,1.609214763989276,5.388181026629145,2.3961282509938644,1.643827287477453,0.9982284972642856
421a010z_1.4688_22ho0112_-1.4688.wav,9.343451144308853,6.532153425549097,3.785918527324413,4.524840427799271,3.292659386215536,4.558700641931649,3.4592531613060515,1.03672866445543,5.405047179392552,2.3422947813431803,1.3443301962670269,4.700156075757456,4.489349032049869,1.6680390064877455,0.9901637975818968
051o020z_1.1949_052o020b_-1.1949.wav,9.097578102894506,6.473168432149479,3.8167650155767623,4.561022493562668,3.011704044649614,4.405804212113054,3.081038632726767,1.354716643595772,3.550988769938145,2.257379169220607,1.6848983662819348,3.2710907569530376,2.5995511921208854,1.0480570313194009,0.916787792353644
441o030t_1.2981_444c020b_-1.2981.wav,7.680340017686997,6.393240586658673,3.4012006134191743,3.768724704125044,3.0419684750709477,3.800657871602304,3.208942343729697,1.1725713156170734,5.1161789018718435,4.442790188429137,1.1577098257426872,4.316155972066967,1.961001547676471,1.0869166566806063,0.4567239771356145
421a010d_1.6747_446o030j_-1.6747.wav,7.583313575925928,6.440662473088539,3.422803611505572,3.8524168674545134,3.371361923946265,3.79202798056664,3.234055032857567,1.3167914620463506,4.589286957533697,2.5793783043864296,1.6965320706843985,4.752542548743275,3.6982493247047468,1.657559183579758,0.5657586409840927
441c020m_2.1097_442o030i_-2.1097.wav,9.734638630948618,6.274512771651173,3.9198841718360136,5.137125733039575,2.936824565727395,4.987143095599224,3.016857112022238,1.2827278961860396,6.0582007072338735,3.491333337438891,1.7272870374222682,3.391370008540521,2.2025091291223555,1.1274144947139195,0.937633607563122
051c010j_2.365_421c020p_-2.365.wav,5.461573173629689,6.979474014140118,3.125870449253398,2.8121080898401667,3.312053464952133,2.7634938081223224,3.453957135140955,1.5173730912061294,3.4833990549243996,4.737255263021159,0.9227980721893398,3.6142554555696718,2.194101073054071,0.937417964251854,0.4439505561129894
447c0203_0.87169_22hc010g_-0.87169.wav,6.649097443983703,7.128170513347097,3.410045120729237,3.387419603031898,3.602473108079211,3.533992143983619,3.688592154979164,1.1874593629095238,3.3347198226064374,2.536539954192841,1.5285025684563205,3.3466256757969726,2.9535530892480026,1.2769842790277757,0.7565040690055138
22hc010a_1.7104_441c020w_-1.7104.wav,8.613271337585115,6.370705893155268,3.21618336766181,4.416458787163229,3.083115729908799,4.268123463618968,3.105400966928388,1.288793410543977,5.602956709784871,3.4694894788637094,1.0644548077820248,5.026121935638732,4.261864562542877,1.0929319245760178,0.3296354373620912
421c0214_0.4073_444c0206_-0.4073.wav,7.760756507418621,7.581770805325244,3.92453166857984,4.008929353319081,3.718362057396615,3.920980694637626,3.8638441299558575,1.5843192569572375,2.9829092194760594,2.4831289456355483,1.0510863596256668,4.891070467825876,3.0984732250116767,1.279341602344652,0.7304754071756078
22hc0105_2.0353_050c010v_-2.0353.wav,5.4589464275996615,5.537998634505336,3.233167175815871,2.8430914984980453,2.662421636583995,2.92531955266928,2.7878750028489647,1.4989885472662912,1.7342757219446276,1.763557894642414,1.6579621610215312,2.571630731022572,1.435022356817852,1.547081185478946,0.5337346962573062
420a010e_0.71799_442c020s_-0.71799.wav,9.25987071141793,6.827698159917595,3.249638172453503,4.4063318948893055,3.379569028227076,4.55515321442987,3.3983364161701344,1.474813753273939,5.379515287255412,1.978413969530877,1.2280534108977863,4.272479442564391,2.8281399388438646,1.2393880465741671,0.2127928640458588
447o030n_0.41297_423a010o_-0.41297.wav,8.084610053377133,5.729458476825128,3.375371864467782,4.108644377815637,3.029948590622697,4.268300001515496,3.019456602202532,1.2768581883500956,5.623445771999674,3.723650443428942,1.386698409876452,5.176719663179854,1.363586073774183,1.01252690593969,0.6913475391662853
421a0104_0.27287_440c0207_-0.27287.wav,7.118387231460552,6.38270661449436,3.974914915689454,3.5369402380192865,2.999246471278585,3.3691155887196063,3.026355272200781,1.474517928199245,2.0003435056903065,3.7556140876991284,1.2497541511481791,4.104175918734531,1.621151850485984,1.4229817728758096,0.8539513403999208
051c010h_0.47694_441o0301_-0.47694.wav,5.936919883301015,7.881964928610445,3.634036350373041,3.000681191384216,3.784665223035821,2.8322096651691,3.807410439120732,0.9376619348253068,3.1643836354532517,2.048068931058547,0.959136738965218,2.8720293363924676,2.1155120262340867,1.5443573079672748,0.857434431670349
423c0204_0.59528_441o030r_-0.59528.wav,5.174085990396204,7.249289530561787,3.432369445597265,2.701889632450342,3.8210089926706647,2.6443435541798714,3.66104509400697,1.3167539942427413,2.3074829154599454,5.079323134996865,1.729658745021453,1.1348768655749382,2.616846555429498,1.3159254983442903,0.8858398587874885
442o0308_2.1938_446o030j_-2.1938.wav,8.495506555803686,6.60760368052786,3.484137826555774,4.253021743667734,3.181136916480129,4.139846316988473,3.08269240014749,0.948683847127704,5.633948667677319,3.7206745912121866,0.9999968197025886,5.111181812723812,3.0841267648878476,1.0198202298281498,0.2190076682159279
441o030e_1.3995_051o020e_-1.3995.wav,7.917780827987125,6.846677638954511,3.192294713717727,3.9636704534102334,3.543699439464999,3.86707390029828,3.4289427144904274,1.4185907968587892,4.605163147375356,4.1469698111330455,1.7557460471482709,5.112057485224642,4.306059794667387,1.199996990770284,0.2522087567450738
421c020t_2.3412_423o030j_-2.3412.wav,8.780073712609628,5.974363631248391,3.0707204335901856,4.252505542029614,3.106942873989108,4.317761621429175,2.971881243237076,0.9152358973141248,3.930527427635019,1.9157678889063663,1.561971898914908,4.0126531897501785,2.118598924655142,0.9228866412121488,0.57246901549214
442c0206_1.8619_422a0113_-1.8619.wav,8.1534441942882,8.233021786274076,3.196598821059707,4.026111418572632,4.031978460157895,3.865616621269344,3.975930087848108,1.5665604690496884,4.676283118141534,4.051767132970855,1.6895360380250517,3.6125769252246553,2.002800869992249,0.9351642817673672,0.9226762061236322
441c020z_1.4832_445c020o_-1.4832.wav,9.890676342462552,9.785134454471056,3.981509935924552,5.110086536803887,5.03722217908905,4.97494516477868,5.1403570886354535,0.960053821109096,4.554417179170798,4.508968150406492,1.784905431074442,4.253800709276987,6.1333780506480355,1.7543238083596209,0.7042780789483176
053o020c_2.3533_443c020p_-2.3533.wav,5.204906404177006,9.595890831654128,3.702022735882228,2.7862131198509985,4.86498692167655,2.723282741840901,4.728826106742494,1.328682545461172,2.0140776262006357,3.2958155651804057,1.2127274222419424,3.7408601325530477,5.7662745611032165,1.3818817034670234,0.2613124062320642
445o030p_0.67162_422a0102_-0.67162.wav,7.730589922062391,5.19163034453711,3.956546697956071,3.744984636049504,2.599099346024222,3.91258038225254,2.627589096016943,1.3023910695513796,3.242210154881014,1.1880471365700092,1.4283299724160696,4.590450458694912,0.8439395597642102,0.9414073186078656,0.5929957801840944
443o030y_1.7031_440o0308_-1.7031.wav,6.321947288413018,7.560387313100354,3.4515134829972185,3.195031818604785,3.5796920277216744,3.192386976003584,3.7296687086011193,1.556927211476833,1.3508741485822182,3.3408890798049935,1.0451042329220634,4.228754928181975,2.9945236037046485,1.3062641037227218,0.8353928661677239
440c020m_1.9692_442c020o_-1.9692.wav,9.24216128591844,6.335078652472194,3.657945256050245,4.421115309199568,3.346696694172027,4.590205479891786,3.3642612657659,1.24722635443188,6.180918255179879,2.4857746410572275,1.18039610569301,3.61430479933786,2.5923991845424212,0.9814242444797184,0.9357836407281412
420c020u_2.4018_422c020c_-2.4018.wav,7.180745379292183,9.47259662589433,3.8045408945732655,3.579922468815562,4.99490343445466,3.6419786076366503,4.8366345631166165,1.735967803426089,3.4268847074743003,6.400413096040237,1.3555763110803976,3.3124404251217654,5.719868707231189,1.4542631951515976,0.7248485596806281
050o020q_1.7926_444o030f_-1.7926.wav,7.258198830214195,5.977322989367964,3.459321144817009,3.8439031080238135,2.818215255156232,3.711367107953483,2.8884591779208195,1.381929679486268,5.397229557867252,3.2783940350334904,1.4238600264309027,3.823637804127841,2.0914869448298403,1.3088923431238793,0.4584714589233952
052a050e_0.50492_444c020w_-0.50492.wav,8.827656737900591,8.652974947276373,3.21276031977496,4.21724814401257,4.475556475811154,4.340871927531715,4.560510346519977,1.3058304973592711,4.751781869231101,3.453180563111728,1.5725713046419931,4.567111098356927,3.7504619626126052,1.7437171665538649,0.6416009962325421
444o030e_0.74611_052c0106_-0.74611.wav,6.845035791842697,5.594007851907096,3.6575787273143834,3.303929896218038,3.025106800368717,3.302621332533447,2.865112151517315,1.4736548757406704,2.1068068806337346,4.223169936131114,1.7959164442793318,2.984847628551433,2.130492873767977,1.5227083443931986,0.9761744906759812
053o020t_1.2175_22gc010r_-1.2175.wav,8.019077100959473,5.37324111918012,3.96106794327555,3.780948738799113,2.7694787424896754,3.88575866054657,2.662171332198998,1.7227272155439182,2.5276323275318404,1.3322817228948403,1.125246564792134,3.221436743539317,1.6016310549317756,1.5829055773735463,0.9098415654897714
445c020m_2.3582_050o0208_-2.3582.wav,7.124171577589877,6.043794635877408,3.0733604287436664,3.47693622012906,2.796490805288072,3.3409957193579456,2.8985700894259363,1.65498532157397,2.252646658508764,1.2270639659118332,1.1895202869740378,3.026940081947309,2.0475265560394167,1.6110751659308338,0.7776953180983572
422c0214_0.81884_440c0213_-0.81884.wav,9.507145754199788,5.160923056132956,3.0449726728510544,4.689540315276346,2.422600873245069,4.768195461452947,2.561932736004229,1.4721646964183974,5.576417842717333,3.9282730858932644,1.1360801328967916,3.3459571302367586,3.742422546059548,0.9001880990222655,0.5312398085179855
441o030f_1.6983_052a0511_-1.6983.wav,5.255103883706277,5.262894256211246,3.0181231001165427,2.481659902870624,2.750441987523791,2.536435238485702,2.589508266358041,1.1862725979161652,1.7348720473095915,3.6527659923972644,0.9858757686496008,1.804644332110442,2.479996487427441,1.7986988996772235,0.7060756761194604
444c020d_0.85984_22go010m_-0.85984.wav,9.465977623879793,9.104455120807634,3.131187492197846,4.781734498958229,4.684820218594623,4.624495619045645,4.620198746591609,1.674497820112213,4.447761648263042,5.453861551956692,1.7613487231493343,5.635916337992725,4.2225783727904975,1.345715233025492,0.7580468174809759
421o030o_1.0515_443o030o_-1.0515.wav,5.213741811991584,9.306643034494432,3.660085612044852,2.842280215821146,4.631726043421852,2.7163971894163166,4.713294809890156,1.565265206299546,4.03589138619393,4.808975114209119,1.16490566277237,2.0320537881819196,5.145689440569495,1.5628143531825671,0.2644190094839754
420o030v_1.2845_447o030b_-1.2845.wav,6.876291839375513,6.922529563670153,3.184964432567305,3.309401505445724,3.561857096480809,3.4754364030726226,3.598359326139083,1.4711666178192129,2.121221465086885,3.0406560433175067,1.2613702867984538,3.758662577731313,4.707731476338082,1.461157671750266,0.9316770563228788
443c020e_0.78411_22hc010j_-0.78411.wav,8.56663863367844,9.013984813742118,3.0567256095410738,4.25434631906292,4.395237804835968,4.305884521133846,4.557237229919196,0.9818784656644256,4.056555126533524,3.5653788785716736,0.9073315121045902,3.5447590099913957,3.2085876681109493,1.5975182370997112,0.6852787433058745
050o0209_1.1549_423c020x_-1.1549.wav,5.005390757352847,9.852371561651283,3.348073941803534,2.654278039685185,4.811853976276399,2.507395583574565,4.84227673234668,0.953082353365674,2.048113165153982,6.230585769588411,0.9432762142421202,3.283812335916198,3.339684293122265,1.403650308944084,0.5937627898134634
446c020q_0.88477_447o030s_-0.88477.wav,9.1602460188361,9.754044890461062,3.006856360556021,4.472635499468676,5.115357646764353,4.356350415727467,4.991350472377948,0.96703218923101,4.708084923264597,3.433640090819051,1.7051843519780685,5.314014886488389,6.558677538187567,1.5643872353855863,0.7346236791384009
445c020j_1.6033_051c0108_-1.6033.wav,8.771925262361528,8.182323352127906,3.904724654156485,4.2870514208567885,4.230137621228838,4.344650154104465,4.091637130513956,0.9737748990105256,3.315567584101172,3.3659866790272637,1.2936104883559154,6.299816914811287,3.773556982658846,0.9096663513874867,0.2770385345161233
444c0207_1.0436_447o0309_-1.0436.wav,5.024232879066408,9.477196559661166,3.019494662915529,2.683495825827874,4.7759363349574375,2.659428299481284,4.627879743832436,1.239963320874522,3.3188169116471267,5.089676569391716,1.7943162948775997,4.01471771784904,4.854741824120447,1.1523745825405824,0.969207754568432
052o020m_0.94179_443o030l_-0.94179.wav,7.883049342999507,9.238030857789516,3.936369074633835,3.859492327699694,4.381733910608761,3.840676699729765,4.530549138808355,1.2515998686735497,5.224993973028122,4.6603037678742725,1.0266567084040052,4.980185386510413,4.947921353651359,1.11030844697675,0.3712292847076067
053c010n_1.0655_051o0206_-1.0655.wav,8.765520863330732,5.289348407621617,3.619799853840588,4.310478587450056,2.7829087522166347,4.381876663760037,2.650990919080876,1.1963497203455429,4.79412537177871,1.9280432349566023,1.598601289287536,4.791701659716623,3.3465230447432663,1.0866307285038772,0.525189819958861
442c020z_0.54875_050o020j_-0.54875.wav,9.449378258728387,6.308243147008177,3.1786830954773944,4.648481882332815,3.26097684836316,4.672952925328568,3.429206358422186,1.347635262530399,3.968031343871263,1.9940797795747183,1.4849956798099144,6.359005518940955,4.255510363366285,1.746196726207014,0.5244943077744156
422a010o_2.4418_421c0212_-2.4418.wav,8.305475007010436,8.020410743903154,3.91762714704328,4.206085125471653,3.9495997459625976,4.233769868981542,3.781869143576534,1.1497891077322755,5.618215460768542,3.1095071833699635,1.030364032990151,4.851174587273621,4.667694388870885,1.6899420192052967,0.8971075161440308
423c020h_1.4704_442c020y_-1.4704.wav,9.22586516873366,7.672249626720469,3.7272650011269297,4.430622196284822,3.693893344833648,4.584800120939495,3.7655115516610858,1.6162218081717652,5.101841324375461,4.55373031341473,1.080863774732983,3.454171376543868,3.6005823647457236,1.5538423952611409,0.5522434756892368
051o020y_0.77792_052o020o_-0.77792.wav,5.03905359443638,6.79968108438505,3.0995694464883616,2.417295681579114,3.3027303632784166,2.3901000747571186,3.470540967739468,1.1081648935957615,4.066185938560039,2.5387866619946635,1.059490580223981,1.8658709777507907,4.432677507715955,0.9360827871219396,0.957007709875796
440c0201_1.8408_443c020r_-1.8408.wav,7.360686847254407,7.430249984537825,3.659665998918627,3.651038308073369,3.821779380464174,3.765755756875633,3.918422574431984,1.2561502865941527,2.804912481850066,4.529789319385479,1.2858359773172978,2.5886565640596304,3.8775887338412,1.6541926585586628,0.4980436063780991
420a0113_1.5533_053c0106_-1.5533.wav,6.86232920535355,9.697729964285717,3.034271556638904,3.5096056891292857,4.730050262675056,3.5935975717377726,4.582248491184042,1.101473223312978,2.2194612184560754,4.107300151158112,1.2057695836127404,3.9839895559779164,4.062704450808694,1.010586806588291,0.5356029150376816
420o030v_2.1968_441c0214_-2.1968.wav,7.508613412323648,5.410529910112781,3.294815031391761,3.9469333732379863,2.567711035172818,3.806746893611731,2.47154580793346,1.2417797178375536,3.352946507925296,1.5709394379376118,1.3148857710368012,3.6422887944723494,3.2347861052879847,0.9365991836784228,0.811856732894729
447c020a_1.0193_442o030l_-1.0193.wav,7.943900371833786,9.900507523417236,3.608376897957781,3.974512115657397,5.077448193510525,3.8261019705423,4.994536018126473,1.0773161452519764,3.727376257895888,4.153034850124095,1.5702122414233814,2.0881842330154456,4.677967303835665,1.4145736547290002,0.8707055942478096
052c0104_2.4921_050c010m_-2.4921.wav,6.374416104307393,6.980577561151428,3.4101020225973686,3.1234151640351677,3.632005345997084,3.268167802171842,3.59267757270043,1.5369739292060027,3.8851109356062414,2.933711718295379,1.104060722659127,4.112113593597981,4.353924727262347,1.4845933683900598,0.3851192787258291
440o030x_1.9441_420c0211_-1.9441.wav,9.232860665582248,6.807169990618887,3.692609063834944,4.74031038052457,3.218271119532789,4.7712180444751136,3.365052304666036,1.457943695328773,4.927730269947839,2.190729414394683,0.977915064551887,3.8040093776604755,1.972375652019685,0.965142100695703,0.4956884402753912
22ho010l_2.3991_421o0310_-2.3991.wav,7.633371397893134,9.30366044529913,3.9408937213266473,3.734147637344221,4.424561825393647,3.78972947628389,4.563883967137465,1.2156878993427016,3.8750346131180833,3.2391917979474343,0.9613494611725192,4.016454205128354,5.229412353524152,1.205305718385115,0.2559076990908091
443o0311_0.96866_422a010a_-0.96866.wav,8.74547506081113,7.728666514028035,3.911970967958117,4.324375875499934,3.667398098433498,4.24907400290893,3.8198107881423535,1.119309951762342,3.0958215098557984,3.900830213282988,1.5902266797288656,5.9350979147960485,2.832437253126964,1.496845206491209,0.8404096549068929
22ha010y_2.353_050o0213_-2.353.wav,6.325874668870793,9.891778637068366,3.009535533780671,3.318293232084414,4.692838626551806,3.2053158751886417,4.819866642472883,1.2743513231943036,4.017995572835522,3.3903827413253014,1.1150244593980356,4.145980848076376,5.634978158224632,1.3774664793031173,0.9244550675396376
050a0513_2.0142_421a0102_-2.0142.wav,5.925782621271026,8.69690869406806,3.6800283370980793,3.073264572520316,4.38367774449755,3.0295527596711604,4.537590958411887,1.7457206677404449,3.886036293755691,3.9802293451742754,1.4034700393377098,2.988946396451075,5.86870208025863,1.150954639890235,0.7133348292624573
053c010s_2.2139_441o030z_-2.2139.wav,9.16303301330667,9.432227094089598,3.4147847950956995,4.475785992231522,4.6850042733251005,4.405357060630099,4.530279467319463,1.0848194419879844,4.054673787437399,6.443361774428691,1.0418025058023233,5.100095362955046,2.792269589914409,1.0451813280092863,0.8503181131863081
422a010m_2.435_444o030u_-2.435.wav,6.914347801359895,5.138899213601096,3.582825455239744,3.440904562910203,2.420450840954943,3.373356290969121,2.55438078890451,1.4560340508059364,1.6678413051562355,1.802306973487886,1.415662808197366,2.9304577220275263,2.005048807228601,1.5170030613354966,0.2533790290751143
442c020d_0.8411_050o0204_-0.8411.wav,6.787385671332188,6.223495734251455,3.116508624234632,3.607845168139366,3.154170524690235,3.5289647284006995,3.003578771175527,1.1572285615211635,1.7479417975395355,3.722674356779005,0.9972532823838844,1.946199172109691,3.687560996922128,1.3146920685585206,0.5406496296173707
422a010y_1.1872_22hc0109_-1.1872.wav,7.53826528605951,5.350918584775861,3.419703286149178,3.552690848069634,2.528640817354185,3.6787190384921935,2.447296516885036,1.3584038426017455,4.750455202294433,3.31374831264972,1.71540674327371,4.653125213451348,1.35573918288491,1.4431735609109313,0.6951473766104777
442o030q_1.1185_051c010l_-1.1185.wav,5.633990028031429,6.465022439159225,3.001322289156912,3.048283691731888,3.1833799682713795,2.944168309834192,3.075398547405117,1.3083121300075846,2.2817690471025394,3.964370964812627,1.3279172256744558,2.9868360602399755,4.964735644670396,1.420695260063918,0.3828701869604323
422a0105_0.78674_445c0213_-0.78674.wav,5.640346922929307,5.90801376967999,3.85381802618212,2.8962230853651785,2.955941614369239,2.9937597942450185,3.069900336812453,1.116961510057975,2.364195698721279,3.9458087438720364,1.2211379663882995,1.7085705024538045,3.1824981155738006,0.9709576167919264,0.6360371306577015
421a0107_0.96902_050a050m_-0.96902.wav,7.436805635802716,6.675335634243554,3.054461085842856,3.855320962369318,3.517561040485958,3.805248077428229,3.3761654740997504,1.2807976789856292,4.281532003192409,5.003501165471235,1.12782958394539,3.562792107901416,4.559579304520783,1.4905428187917762,0.7730613333775342
420c0210_2.2484_441o030h_-2.2484.wav,8.703474330656192,7.92567365726816,3.2379524873245327,4.517704129861375,3.87333091505512,4.529661434929073,3.7238082650802142,1.7434939178224087,5.247744883349156,4.291133062086593,1.6281869086526934,6.057288126753564,4.082147735462837,1.3688538982851877,0.405390219133185
444o030p_1.7163_053o0204_-1.7163.wav,8.311953077315094,6.334868361884035,3.9841179911777513,4.17982986314814,3.028211081858183,4.130130289657161,3.1697382961839606,0.936967263674675,5.040575209390583,2.720023077233846,1.6283698358952878,3.702966232209647,2.7147728781156717,1.0999850310695198,0.4730968303495153
421c020r_1.2947_420a010g_-1.2947.wav,9.39802822447574,6.479163135933675,3.730783687433528,4.699830969145602,3.2633136737402624,4.64530170818862,3.4243309389619934,1.739265937830608,5.096966191696669,5.180755596327965,1.6420633357118266,4.45225889888443,2.0233383269923992,1.5124708797667088,0.7831464153081691
422a010y_0.75209_445c020n_-0.75209.wav,7.192020409925654,7.694167601308988,3.1058430492081603,3.549567729830182,3.707549883017344,3.5376609937342685,3.8570765683799983,1.7933705957457544,3.0594154328321967,2.7645298869147155,1.4840486467029153,1.958023981569444,4.883875152184164,1.3694176409440608,0.4938341426782197
445o030g_0.98807_443c020s_-0.98807.wav,8.404652209180824,8.329691107819368,3.726460070123831,4.285607869155419,4.046360402530678,4.138843625597544,4.077348413323317,1.285505754676414,6.025084507888173,4.213186202507544,1.4963429966740578,3.23951710726812,3.802780452591883,1.6668856024902352,0.2794258296739881
444c020x_0.16943_443c0213_-0.16943.wav,6.120212818157504,8.446701365404046,3.371461151803844,3.091137313487531,4.302331410318641,3.041271946421084,4.464853547787137,1.291553781920097,3.689907038218523,4.627084238482679,1.5325817299474125,4.124290284180227,6.136452708115616,0.9309954285686924,0.6203290561072184
422o030v_0.93696_447c020v_-0.93696.wav,5.249715654964586,5.205241731389879,3.172622233712397,2.548350192069412,2.5543495058647547,2.4807651977658964,2.3983614661149266,1.7766078238943903,3.9279726073307777,1.5805224899035601,1.7659135343813686,2.2712600092188633,3.75740064186031,1.2166038925061868,0.2224074790552381
22ho010x_0.66464_052c010z_-0.66464.wav,6.925495149275982,6.987050586135413,3.773704121055318,3.381458818941044,3.2900302484241206,3.431045712840324,3.43159698164002,1.0715381320292996,4.694963822500824,2.890549475463757,1.7076851560641857,5.017422527509143,4.045416766027113,1.0977426303034812,0.4627166958829825
441c020b_0.23607_421c0213_-0.23607.wav,9.483222891918215,8.238912467796494,3.4695750445749933,4.755181972666654,4.122396315525983,4.599656635666636,4.053753256510299,1.2546091952987102,4.18002999848245,5.560901716228011,1.177613308561883,4.423985147119888,5.811314313111858,1.4145798094242332,0.694603635379107
420a010x_1.7996_421a010o_-1.7996.wav,5.312220391030157,7.295156244736455,3.155359119631413,2.463691472191303,3.6791694370570407,2.4919131836681707,3.8264906337712823,1.513737272751571,1.9879770935386534,2.974342270171452,1.5699169081090767,3.3083983500824607,3.9823903239890015,1.4165885717952174,0.4505605907447654
442c020e_0.50035_446o0315_-0.50035.wav,9.262087699329449,6.70470778663858,3.89854142530732,4.7496464414223984,3.463299326183612,4.787562125424146,3.6187419230053313,1.2657830432018922,6.4431564819366605,4.5298519069770515,1.399977000566396,3.7315258539731713,4.992294856542065,1.5979545271198436,0.7996989004143229
440o0301_1.1536_447c0203_-1.1536.wav,7.836515560816935,6.66807339663087,3.269558865286659,4.08657169308514,3.4575596412690786,4.129235384449316,3.3137548797374023,1.3720109394642033,4.444093520740734,2.8092334333972513,1.1688663727502844,2.2028126204242393,3.54298219621143,1.297485204107401,0.2487284682444552
052c010j_0.75492_444c020v_-0.75492.wav,6.119825676834452,7.386770668809728,3.88812453460424,3.067928577363097,3.684838286115765,2.9927283171407253,3.8373011368778025,1.2207744924491497,2.9865202359544227,2.5173062926314027,1.5261993550964268,2.6481841972048947,2.2805108865283037,1.5208744655354676,0.6840553876209057
421a0105_2.1913_22ga010n_-2.1913.wav,7.805362682483013,9.843043442713247,3.696110510493517,4.145680680987267,4.73478393137558,3.99812848789228,4.761771897450474,1.6153214321179667,3.0993054985327686,4.785890583995478,1.5502332176876872,3.090106218442415,3.6461708887630757,0.9748988372533046,0.5964275825629315
445c020i_0.0027736_447o030k_-0.0027736.wav,8.077461159480578,7.301676529394031,3.767865637024969,3.864284644969497,3.517765495560991,3.964367476825101,3.4060362390174923,1.75951713368088,4.7129486394321995,3.08735978211855,1.0158155809628326,3.082011302071153,5.013041742700839,1.020407227894407,0.574186995094988
422c020g_0.78713_053o0209_-0.78713.wav,9.763731233313017,5.408667652377638,3.916054903759959,4.79812048660968,2.7492471568771983,4.66555845198727,2.6428173350377944,1.36344676947686,4.15689891638792,1.127872305607287,1.0113191662591183,4.697642945332818,3.6751166623862193,1.5584686326903583,0.2715032776744636
22gc010m_0.78471_446o030y_-0.78471.wav,7.231583352775141,9.405978815960603,3.653376092267784,3.6507673236326896,4.628629357824468,3.5564301627183754,4.74525053973679,1.6849079908010989,4.969761231826899,3.4595030781353064,1.4629512894512977,4.288471835728679,5.971493900436195,1.2728630206283111,0.4967196655201916
053c0109_0.70965_050c0110_-0.70965.wav,6.402381847545885,8.31669836560576,3.5381630758489786,3.1870738111861785,4.293793159611734,3.0563150318315184,4.367292422340548,1.163265443149621,4.3892718229283245,3.766891127219208,1.356864889613013,4.065455760377932,3.7177234949580185,1.2400293857976867,0.5888800372229093
445c0206_0.77473_22hc010b_-0.77473.wav,7.0075349772107,8.790329730031068,3.521396011473159,3.688986587492697,4.327799747943868,3.711297772656271,4.49632930326458,1.36155319890794,3.009144737424106,4.634021292729589,1.4365791632347764,4.802383853003338,3.9113562267158013,1.4237936476642885,0.9718635353520704
442o0305_0.15429_440o030t_-0.15429.wav,5.60344478595151,7.004773684557305,3.753017156138679,2.91885655128768,3.4654129312393787,2.9551883336332847,3.309592516685984,1.1034774505627916,2.698782419734421,4.083708087479362,0.9246730456916784,2.5932565391478186,2.1014547495866562,1.5394423474296417,0.9661683775782376
422a010d_0.51942_447c0206_-0.51942.wav,8.307220755483291,9.392832003026722,3.2494095882230365,4.17041452150522,4.48310187672934,4.008138121491657,4.5337612292581495,1.2946369519941572,2.4757943218600946,4.557111277372007,1.4187353367333315,4.177098628513451,5.624370248429939,1.4470643376105294,0.2771344496480782
050o0207_2.1058_22ha010b_-2.1058.wav,7.604201134085011,8.369747920768198,3.741689443832791,4.0711268795992135,4.348804956882751,3.921639121717423,4.361190845767889,1.02833468052666,4.760644466841854,4.746590687048632,1.4957078065095255,3.764790648651084,3.202359263890535,1.148231319750996,0.5987193341895447
22ga010r_0.95522_052a050u_-0.95522.wav,9.723511461119038,6.712140438439012,3.0874392792997147,4.66045996071902,3.3011747119692108,4.728474776232488,3.167481088820353,1.2684505312940566,5.664064754751483,4.705286027289873,1.0188086575466908,5.503401716041492,3.2871629712691943,1.2402213516807823,0.2591017813527665
052a050r_0.61429_440c020x_-0.61429.wav,8.391545080935394,6.23131812028592,3.166506131089692,4.224044511588536,3.225056390857288,4.345648054747862,3.1062600176336166,1.0692551089889155,4.818600398289849,1.3567929627654474,1.433434899489738,3.9288890911060266,1.5577148213676628,1.005315967978317,0.9837952350721146
422a010q_2.2731_421o030s_-2.2731.wav,5.552700023759781,8.042166708166079,3.3388938810981927,2.772080937575531,4.12502050767571,2.8930300560734112,4.213740915331365,1.6058877320073144,2.0099550260432157,2.808937152570666,1.5641859035172638,1.0843775940076374,3.659552917168634,1.1370702385268698,0.9539551840510124
442o030v_1.789_052a0510_-1.789.wav,7.132266541092434,9.860104343530663,3.335359635883977,3.80191685404642,4.959763475147142,3.6397536146987033,5.010783900510473,1.2981330702507217,2.7574497490798495,4.162334306340077,1.6898725038630906,4.708268874423415,4.278976198056779,1.5968111118962116,0.6098980438199494
447o030h_2.0859_441o030d_-2.0859.wav,5.230451733927581,7.440382159215917,3.392222991181547,2.516724598588321,3.470196732880846,2.562229333175404,3.613127902085324,1.5020625268110244,2.9407272606303727,2.9002444167557386,1.2339041801996045,2.741927736133004,1.8311807337412422,1.3405209440351726,0.2708439032186117
421a0113_0.83834_050c0115_-0.83834.wav,5.165631983083498,8.623979502881557,3.3272522656561403,2.808591640405393,4.171269983990536,2.678902123259488,4.281181899370361,1.221979532653772,3.4781175413936927,4.055275494100592,1.563096636420949,2.527382815004034,2.775873712425782,1.7839343684670037,0.8441676528976085
445o030s_0.049955_22hc0109_-0.049955.wav,8.98295194017824,5.273441343161311,3.918754115431757,4.594319976292746,2.4738948368485905,4.742549867188511,2.557128840987701,1.5158461951727211,5.978075499030153,3.193454298065818,1.224996924278774,6.087291761230151,2.634102206275627,1.7257031535805716,0.7201072900507741
442o030d_1.7714_053c0114_-1.7714.wav,5.655483080429569,7.330581366097585,3.684373614595524,2.7305837151498245,3.5405018760456093,2.581005338157087,3.529263142299386,1.6629069448747429,3.344959882135798,3.913309861173494,1.6071725083708577,4.0297805228957495,3.146537299914685,1.0887461019222542,0.589384968164775
423o0305_0.73146_442c020o_-0.73146.wav,7.495543297894428,9.553488237818913,3.4641687260644387,3.697507603392818,4.558521476677751,3.641683830934149,4.719094533036789,1.2104595374044669,3.7030770369841424,3.1068948269501035,1.2156357649929912,4.899159304277945,5.071260234135915,1.6171175819893508,0.6641850945112908
441c020a_0.63893_420c020v_-0.63893.wav,6.028553783625586,9.938441661670906,3.082324312774299,2.9766887801594484,4.92487237114746,2.8545689493547366,5.011974305248998,1.43152263555183,3.1761178927036697,4.0018031618868894,1.3551797388174631,2.3583237925494664,4.321953911833914,1.3855951066934955,0.4877809963592131
446c0207_1.7031_443o030z_-1.7031.wav,6.37763820447489,6.431842924701038,3.0035029620388,3.0666611700860438,3.378427912790932,3.017215271281343,3.2157776650462835,1.2017315662976469,2.385921836628341,4.086079037442706,1.7523351322648009,3.364114930983651,2.4024399911206467,1.2844829064752208,0.1822303305127361
421c020e_1.4367_22gc0101_-1.4367.wav,7.341637152201558,9.9661289259601,3.441848980513214,3.823525251872124,5.03786879426753,3.845344770371778,5.206462710564778,1.19168140363559,3.1570728855552384,5.525992582984082,0.9995528527891244,2.5655355705762957,4.731396392549509,1.208027841485268,0.4719783456562529
22ha010l_1.3798_444c0206_-1.3798.wav,5.068282512437857,8.547349052638616,3.766411630239072,2.35819683552612,4.275004323755565,2.345533178377468,4.105476651124747,1.0915942054475585,1.630682207129885,5.664159156958722,1.4710595214054,2.354006297083789,2.341939568883877,1.1954813860388935,0.8136104359004097
443c020m_0.2399_445c0205_-0.2399.wav,8.299309527325466,8.597463138853925,3.671128976094365,3.938553535628104,4.236003212350746,4.054846156124678,4.141261318670918,1.6424914369332084,3.480207886912067,4.675262656903411,0.9252122500152052,2.3544407854589258,5.161699304224696,1.5779492326783229,0.3804840882324708
423c020a_0.85175_441o030z_-0.85175.wav,5.509983744347473,6.304261374105799,3.877571332384997,2.6690202055740886,3.09767571147541,2.7006325392613104,2.9510446767015672,1.3271046463908114,1.632665097841941,2.374525375230476,1.4719587638894076,0.978498296338803,2.7728662983920214,1.0206540176893266,0.5040813095245797
446o0313_1.0782_445c020s_-1.0782.wav,5.959504975928467,7.085637473721759,3.717064993766323,3.113490964849277,3.770152530177324,3.2262647565860614,3.6712481728551696,1.1861095231564454,3.325679015850693,2.967209471792851,1.424760156891948,3.701923654234767,4.421819325169252,1.4524655002822977,0.5152863954412614
446o0312_0.65599_441o030e_-0.65599.wav,6.87698355349824,5.389790722684527,3.291419007573369,3.2583282209269515,2.912334004483501,3.3777082543503574,2.8215132600479573,1.7031657291510522,3.4327164066382148,3.89579982720572,1.318369633139708,5.296471510396614,2.9893943238976433,1.2295818034073736,0.4233128863163978
445o030o_0.7906_446o0316_-0.7906.wav,8.545958117011349,7.278569903726241,3.175868299315768,4.095326563816598,3.665268792271884,4.265285345482792,3.66152546026108,1.2791314147971675,4.825529771398975,4.245015878231606,1.2236283719344865,2.460399562106416,2.8147190189501377,1.4286232236997547,0.5847288918044495
422o030r_1.8084_423a010l_-1.8084.wav,9.67337328036905,7.951492484838647,3.3518349319868204,4.784730192992329,3.930604846307901,4.678216925644433,4.036221719386379,1.2889299646041517,3.4992641249018446,4.788556987777629,1.3275381116356026,3.0772068167579443,4.90939961827309,1.253997562625268,0.9414947479778022
22ho010c_2.2745_423o030v_-2.2745.wav,8.614804033202939,6.833073209276112,3.135990942898165,4.411475853531324,3.306245195686352,4.557617307015769,3.272441711051574,0.9540808256244327,4.745794896356415,4.788293887939749,0.9657599178580132,2.778658677259884,2.9786655877770922,0.972464883194261,0.5780495639303552
422a0109_0.12904_423o0302_-0.12904.wav,7.540011652305649,5.695380751378309,3.186887734815965,3.6143069262434224,2.851841653132104,3.718336736903999,2.986295357037666,0.929375239829746,2.4271977653744514,3.4488657447893196,1.2354706848402692,4.020426542626131,3.537472231923517,1.7059279201548223,0.7134575503435007
050c0109_2.0554_445o030b_-2.0554.wav,9.638222338524828,8.030105652367983,3.930535433092699,4.884040724003527,4.167398795242718,4.9038144776855725,4.018707845063087,1.2891651578450378,3.2785168844673542,4.914466028254364,1.3674869301050767,5.727906086705996,5.547305344429321,1.3635141330803129,0.2789407307210717
440o0313_1.0739_442c0201_-1.0739.wav,6.511095675398516,7.576324590208676,3.1178791160449038,3.351024772375101,3.898895686015909,3.3666536996678693,3.729615632165264,1.2336107034995318,1.6720590465551508,4.079049951176307,1.7322681292429756,3.4658942271689135,4.6813495770807085,1.695405058873635,0.4060825645296944
444o030a_1.9814_447c0212_-1.9814.wav,8.696297941771286,9.06816038928533,3.41834309524575,4.522913901743444,4.514677526774839,4.390526851964846,4.585201771194179,1.2193383424784558,3.6292198090964893,4.4544225703702995,1.092832630678989,3.2071963648416992,4.155783926488008,1.5941541847013494,0.3664018138432449
050c0115_1.5728_22hc010o_-1.5728.wav,9.785768208623502,8.99409800789015,3.431593661525735,4.710006784726484,4.385063846788862,4.852044725834969,4.458719961848388,1.293768673710041,6.057651681479584,5.403907155439878,1.1299100918857807,3.8735734741516112,5.036807389836797,1.5621397949461917,0.4653633286828979
051o020n_1.5849_423c0215_-1.5849.wav,8.735014040188696,5.394552603142596,3.2547645773623866,4.587764354351861,2.75205423205874,4.419563309702984,2.727388292404502,1.7007040375148292,5.635042744426696,1.4409195735236824,1.3393249877680349,6.141480955254087,3.7639390326053204,1.769442620915282,0.4191318066355179
422c020l_0.55911_050o0212_-0.55911.wav,5.113572307155829,9.096489247353189,3.6844719109832376,2.5569189556017964,4.296582683361383,2.660950127566349,4.43103533398487,1.5794090071645777,4.048211376711262,3.3364525347546308,1.5759963425804937,2.5284649906311087,5.774586704695204,1.3593912221907898,0.8383807260265737
053o020x_0.77005_22go010b_-0.77005.wav,7.228972081424533,8.89432479167331,3.152048614577029,3.6428533452607086,4.582700483430831,3.492887885192334,4.5794816658714215,1.4516695960731711,4.868691715222699,4.259563033857896,1.273313741663708,4.438929183582345,5.964601659114147,1.525259966786928,0.2269697236156854
22ga0107_0.46055_22ho010b_-0.46055.wav,6.619344210484499,6.7536312187044745,3.5276345183697027,3.4585976113581203,3.3966738314824507,3.3087795148081383,3.3892888503626173,1.3892113901524084,2.531144269405722,4.262405777186374,1.4354063935192651,5.104597918970339,2.453560230752749,1.024674886726374,0.2884478775419078
22ho0111_2.4199_444o030a_-2.4199.wav,7.439228352192963,8.631076271394168,3.162896792770627,3.648819786119701,4.188462879360992,3.5001967138841232,4.208740512340665,0.9395642564740284,2.962685189335501,4.494281161580798,1.2401669576916248,3.9195033348420667,2.719624445187157,1.0317908854462023,0.908750948980586
444o0303_0.44591_22ho0105_-0.44591.wav,6.470928371698363,9.833987427637377,3.9182100313077712,3.30258805303496,5.010676488490826,3.407002781761268,4.8765214869999705,1.6268767703520852,2.3244363928245892,5.174316792832493,1.0426690548995052,4.315183119933154,6.532990038385942,1.641110153784773,0.4840333156078898
447o030a_1.0463_053a050j_-1.0463.wav,8.180140095027925,6.533541844515089,3.635709958295356,4.051820636610882,3.127208513486728,4.19944107239902,3.100596355781641,1.6588628859573484,4.6011904544373845,5.070141564698603,1.666034680453089,3.707458838185466,4.249591267775865,0.9112691688697488,0.4719615140426464
053c010e_2.4222_445o030b_-2.4222.wav,7.956397497022495,8.343750288073105,3.0212304769307945,4.175220633214069,4.409647492896733,4.139413462482516,4.243461312592228,1.219036250675571,2.706979299385168,3.5157283857756396,1.7551630989135465,3.768226607270101,5.534429719655651,1.1517530862462677,0.4084059571305473
440o0305_2.0661_444c020l_-2.0661.wav,6.689315030933441,5.490028629350084,3.376222856641581,3.178388307429302,2.637025310784216,3.3248494294571063,2.669415737369192,1.4768477015334005,3.699867082793558,1.6702109373284417,1.3327498756991116,3.801264062234249,4.325521002884666,1.5758498198868462,0.4764097250881956
420a010a_2.0296_441c020x_-2.0296.wav,9.526218862165557,5.963304846155008,3.240986719799584,4.569861107952361,2.8798398599268302,4.636310231291148,3.0143185348441075,1.6974399340925777,6.017314868573033,1.7778546456787925,1.2949295387983548,3.5605449575311665,2.485226275352663,1.2302546465482065,0.4056955186318233
423o030y_1.939_447c0210_-1.939.wav,8.287879873063927,6.777304852230413,3.108453172516189,3.9351148682785246,3.4220050595063625,4.085769992958684,3.3432457209641577,1.7840223961895203,5.339160942943628,2.6547224266809524,1.7428709788738226,5.6561713768599855,3.466145919198943,0.9008170744074556,0.7069067928315748
421a0104_2.3708_422c0205_-2.3708.wav,9.25637545613752,7.179971664926467,3.8236212015938142,4.486277011321969,3.815729421455773,4.408282948633631,3.664676694948214,1.5785614619237385,3.3167594491883934,4.5591034622865,1.3673038913679705,3.454380639616893,2.672924404467187,1.5133192964194984,0.7158781700188679
441o030i_1.8172_052a050z_-1.8172.wav,9.404156909221188,6.110446871642907,3.021099132444455,4.896944966982721,2.937691608345976,4.750083349972098,2.968214803608349,1.07787010634106,5.488472211497397,1.8212913968774775,1.5762962333506816,3.715687801601088,3.6834159360835845,1.17743160986983,0.2836986673548142
441o030q_0.77164_447o0305_-0.77164.wav,8.167568784268706,5.605247462459862,3.2440062948435147,4.010436195546002,2.736955130941029,3.948942679291842,2.8737708736708014,1.2614024187141273,3.2665666345149074,1.350362680746849,1.2823569271403268,2.811211727189352,2.106560631394265,1.252541166157577,0.3226642105248252
421c0203_0.8_052c010c_-0.8.wav,6.389227238888872,7.410964472261167,3.4518143103817334,3.0725586449598343,3.7673236247531294,3.050377447792623,3.925778648315747,1.4489415214621857,3.4632207942166535,4.682900086397559,1.511434645323484,1.1792930193371536,3.084646139488804,1.316041826438328,0.7363505587709369
441o0310_1.9574_420o0305_-1.9574.wav,6.956049925383632,5.285627930001996,3.7114843150394847,3.738722092074422,2.612668771235133,3.5951984470462675,2.5215591487036333,1.739020123134639,2.4078007763441356,2.7896511350063093,1.1747601624906268,4.052940197714221,3.3852029341862373,1.296538042950066,0.7455697370975727
441o030x_2.2753_446c020i_-2.2753.wav,7.844784036612069,6.151122207342088,3.919970212307434,3.9932782687804753,3.280287315665251,4.120514840371476,3.167544888647876,1.684044995118884,3.166482958456248,2.39730216422026,1.3836524777242225,3.247611216164782,2.8698627588295618,1.1721431341893012,0.6511443814196831
442c0202_0.37897_423a010v_-0.37897.wav,8.361703140575422,5.194644968294499,3.199612100383638,4.148776488696922,2.4350660829076785,4.305625752681121,2.369504597356976,1.7621889044111922,3.415292465175201,2.5668769027134273,1.1310655432131187,3.517677943135577,3.7401112762144786,1.5663231006664786,0.1719697544553814
441c020r_0.48799_447o030i_-0.48799.wav,8.209556094680499,8.92389406266488,3.104022456995285,4.318625831823507,4.563342108941147,4.152919684592748,4.601308841351741,1.5607742560389457,3.207614557443253,3.356847802402117,1.126529123098899,5.484521218338753,3.856899441650903,1.7047599574201804,0.709918445466692
22ga010n_1.158_420c020x_-1.158.wav,6.858261352453318,8.41170647514422,3.1841501643868435,3.1915983646813904,3.972519881491232,3.285727889781392,4.089308718733703,1.3284912393300423,4.529605217551536,4.405684417158829,1.1767032251580316,4.448183031911006,5.64441474755514,1.081106391502268,0.5031970800135301
446o030j_0.59197_444c0209_-0.59197.wav,6.900656990880932,5.638008838558879,3.2045448696534127,3.606467817016233,2.904741888032629,3.607345557586607,3.0747396220513243,1.74171678915563,3.385962669952472,4.037620853459108,0.92368611299694,4.02729916930784,2.475416974958459,1.019398379814321,0.4280230213421445
440c020y_0.92554_441c020r_-0.92554.wav,5.073664859587338,6.593219642250324,3.323856057717646,2.562825902112816,3.387892059986504,2.511260768891772,3.5498829147774336,1.52169551609001,2.519945329015881,4.340991104973717,1.3627540054404603,3.5604421576096223,4.944175792663469,1.6191841715027202,0.9070916929660704
22ha010h_0.32862_444c020f_-0.32862.wav,7.6116868486600975,9.6635912329267,3.382972806873343,4.009492518160641,4.851470467636898,3.860396640736092,4.835026035904433,1.1228559883853166,3.2218000519308316,5.907640494534956,1.4173500649809143,4.03538511315468,6.319800596644891,1.2468904096443412,0.3176954477307346
422c0208_1.8436_447c020m_-1.8436.wav,9.504620079298777,9.415744077461513,3.5820014720645776,4.714798121368755,4.899086826554876,4.724869133826205,4.729385398428646,1.3247531213152643,3.852644050405646,4.746912163172704,1.687434734746025,5.234335752454373,3.8725648519096842,1.57722308316778,0.1664571377188597
444c020x_0.76785_422a0114_-0.76785.wav,7.985771917120827,8.987910319264225,3.2597346596909444,3.9990619226676185,4.402307011777521,4.086069990402818,4.524493738343817,1.520585549015549,3.2149168157131176,4.180532789538828,1.110844450781585,4.969766485966227,5.999771703569075,1.78277090509704,0.5234013399416615
443c020s_1.3986_441o0306_-1.3986.wav,5.444582231431584,6.8996259925573575,3.662830109327852,2.984548518443961,3.5107768814852416,2.834548900320141,3.5104384103515884,1.073385279647459,3.8111450522860597,3.844274688267033,1.0009282227520904,1.8247559206068216,2.6419398083072743,1.5966977252691974,0.5545300048298828
444c020j_1.2791_22gc010i_-1.2791.wav,5.047086022328972,9.514590154934794,3.009334175799265,2.593142207297109,4.609692619796422,2.5045004967979745,4.754753459307945,0.9886409110864254,2.8255588736636787,3.0865467488197607,1.01719857351423,3.760697297759993,3.539655748136467,1.2124487893553564,0.831615947095196
445o030e_2.1804_440c020e_-2.1804.wav,9.20561255561288,7.7960133831467795,3.930321825612973,4.675863742087543,4.04092037150549,4.8216309022567465,3.974951174025105,1.547239384152621,4.449961644155403,3.1249223005401534,1.4118578534744328,4.395701057411573,3.1811992634900017,0.9938302400822062,0.8355111589512644
422c020x_2.3163_052c0107_-2.3163.wav,8.56904480055892,6.182935627700399,3.4255957451588843,4.396224372757758,2.9374201304064336,4.25205578223714,2.8960025314019253,1.3243153034814104,3.156106761660594,3.7223383507325565,1.2695687369878712,3.218337587711048,1.2855288657857593,1.6883054534882758,0.3545181319344448
445c020x_0.32119_423a010r_-0.32119.wav,7.135726776153515,6.445358816620735,3.796418522894824,3.5185142964766283,3.159147071982591,3.377892485937329,3.0828220669013637,1.3136916141674948,4.5555266101347796,4.002185710072228,1.4803342164927369,4.795261142817169,2.0670727097208905,1.0442076851527138,0.6750180475527989
422a010b_1.0602_421c020a_-1.0602.wav,8.924633036475365,5.827094663971522,3.831145595324303,4.309375275141656,2.957035178351431,4.333844786080267,3.105025863985444,1.353002457521356,4.732423923266854,4.647041626124058,1.5624674080429997,3.8943117400429625,4.279569129490229,1.40116736516689,0.5746838192432966
441c0211_0.80713_052c0101_-0.80713.wav,7.334993546893542,9.21446131821462,3.3191966207746724,3.629142782164722,4.784770775364373,3.750662188568149,4.665888338194878,1.0909322988021637,4.163121969795208,3.467289786490119,1.3003601262169735,4.957524620795049,5.7952141186526225,1.6604812043214616,0.8974640234222445
422c020k_0.014693_445o030p_-0.014693.wav,6.988886233713256,8.775212924966443,3.561983628207874,3.3323119378223125,4.132652719599477,3.279824565272485,4.273169891940851,1.5357980577720225,1.9417481194643715,4.5777153818280265,1.705534909823867,3.3379830100343963,2.6090824455436596,1.4462133617010489,0.3617551050306012
443o030d_2.1865_446c0202_-2.1865.wav,9.625976647756415,8.54108497126946,3.654746584200128,4.879984680623341,4.224304035334715,4.75673427298914,4.309798696091999,1.0698551771453917,5.5850025258720315,3.012242457399076,1.0843590131697998,5.312087345603033,3.3621055943990594,1.3275101913497895,0.528011691236991
442c020i_2.2764_440c020v_-2.2764.wav,6.982321617445606,7.308607214478105,3.621236665997954,3.561065169813692,3.5741762496692147,3.668656529627936,3.4425552054045463,1.0049450969780975,4.49336278581945,3.5527915683422795,1.1264485606611034,4.844343578874631,2.0970699366259558,1.718697836088783,0.6059732967186109
22ho010y_0.93902_050a050d_-0.93902.wav,9.523009483202106,6.86697579802152,3.922591990990449,4.661881107293739,3.465917871530205,4.7827460900724095,3.3463701574662723,1.770351304220051,3.8803875857021133,2.3721161445032157,1.5348157253796262,3.9400087225526006,4.054050404859726,1.3762431036763032,0.2589130864544642
422o0308_0.84384_420c020v_-0.84384.wav,5.535991544452196,9.057914788376417,3.4025926294232733,2.958359351757204,4.560408696591868,2.810252430729677,4.584164536794774,0.9030284250016352,2.77736149998839,3.263016552952582,1.535542370128392,3.7832477292918587,5.306785649538349,1.328376429006069,0.5410088516862446
051o0205_0.57199_050c0101_-0.57199.wav,5.928867731947715,8.122990644576436,3.7244653436932,3.0389902688918635,4.03565916966088,2.983742109661809,3.885500450627684,1.399467335755622,1.9122164825471306,4.361708665709707,1.6438374986840447,1.8815939642101451,5.212703859310022,1.0691017383097334,0.629355428296632
445c0209_0.0057101_423c0207_-0.0057101.wav,5.040534456003253,7.926456936615596,3.3077827656921417,2.2880066991094203,3.9442374486336593,2.436063204507781,4.0277794812234,1.6156282298433269,3.172289197667039,2.338057801946796,1.1666329581372898,4.054370809629265,3.2596833711294186,0.9211540402671796,0.4997090891391395
443c0201_1.9056_440c020x_-1.9056.wav,7.627727720441264,8.748258304497377,3.0505893580114742,3.8980115934470687,4.368039249168781,4.0415052795365565,4.276882449902619,1.268877305582439,2.913069502647692,5.641506476902402,1.6766957166248864,4.060452469888884,5.0942272759161735,1.077118328030909,0.7754976092317556
441o030i_0.8469_053c010k_-0.8469.wav,8.20375573663362,6.433233849524564,3.22765949843466,4.026044613966397,3.1157246605080267,4.188702027420506,3.165146981866084,1.0457480914724109,3.2488248998640286,3.596908703243741,0.9497851354935308,3.883308531972205,2.263346934535342,1.06835434901501,0.8281596083277337
447o030a_2.2879_22ho010v_-2.2879.wav,8.424375820071445,8.25118140083961,3.998402834380715,4.341924801086384,4.249983240874678,4.295504790950892,4.392619781280778,1.660413791603043,4.147979786848408,3.630127720607916,1.0700356727800917,5.802165686079859,4.703422502903905,1.2215934704184028,0.4220089169031025
447c020d_2.4499_052c010d_-2.4499.wav,6.405283277299416,8.364519068900478,3.7902383361200713,3.181323325075547,4.466738365574743,3.165025157520672,4.2975214345827375,1.4952215863485745,2.381909032292826,6.06008483974751,1.621012901021943,2.8489866154144208,5.882688565398454,1.5012054099700745,0.8309013910047103
420a0108_1.6118_051o020d_-1.6118.wav,7.988363642668697,7.51081276284679,3.1667622138911904,4.2044451380538215,3.813024898526506,4.177271617600707,3.645210716211112,0.9286651438509312,4.278573130152059,2.980820223674612,1.385062987748601,3.388814059640904,3.493327835998927,1.0803876642093024,0.4538766839100441
440o030v_0.90148_443c020q_-0.90148.wav,5.685592997183854,7.581684268631285,3.73612274451039,2.915858733754082,3.883553168618732,3.019942726177337,3.775541490911015,0.9461617941032476,4.367753843221087,5.053932228669736,1.436332010868929,3.6288244221740924,3.800178044136742,1.6382445467530653,0.4574143891764166
442o0308_1.7837_447o030p_-1.7837.wav,6.374467502097104,7.107179971559535,3.946747434181453,2.998773813045843,3.447445147935026,2.9822232559775923,3.59652928210339,1.0001165225665507,1.3240721119005878,4.218933004193109,1.2230383221450245,1.8637915801528797,4.618370920556842,1.2417470351582944,0.2533593345761415
443c020n_0.93783_441c020l_-0.93783.wav,7.486283543007736,9.43456149168177,3.2995557652543885,3.645718523969596,4.828124430907804,3.68301385196306,4.682834863113486,1.5311042612633543,4.602337148294979,4.079566344324291,1.5575989976886504,4.118697466331071,3.7649152638492644,1.0312940666871295,0.5047315612324617
441c0204_1.2954_051a050i_-1.2954.wav,9.824254602186157,6.439602124147118,3.1461867384103805,4.858319358885482,3.1310938175581544,4.69222022171705,3.167302609748757,1.1799050649914218,5.6127058581229194,2.299101409050784,0.9037451787140368,5.590128718546884,4.253170273982813,1.6250857855047491,0.4545082868153763
421c020j_0.25025_050a0511_-0.25025.wav,9.317185502083849,8.90722225416077,3.3268849627768624,4.742695148861392,4.367516914911296,4.60880811652522,4.435150209760896,1.2976976841092385,5.514494915568073,5.434337659510685,1.0538183289465568,3.6236300414923215,4.766811426465005,1.362757720665538,0.5828560418108935
447o030h_1.3141_442c020n_-1.3141.wav,6.85016281662062,7.464165679590801,3.119306704028764,3.387778318558224,3.873968622946544,3.2325706564235235,3.943326979434286,1.0078916786382048,3.383697786417219,2.52996137599928,1.332913966379723,3.289379498241384,3.192642210144074,1.2099345552617606,0.8374198895605344
050a050a_2.2408_422o030n_-2.2408.wav,6.3210394983534055,8.628587272560742,3.753805059256911,3.0728159646626616,4.351683566748689,3.095025030662509,4.203336819607357,1.5837188280858594,1.2153237782841306,5.043899103787084,1.058104069707912,2.3408196438295166,3.1506339991202212,1.6861437097606229,0.5219484117586217
440c020e_0.36384_421o0308_-0.36384.wav,6.047863884687319,8.623840752045059,3.862580192101448,2.991450656190576,4.445333002974718,3.0260558380218616,4.2993793069255135,1.577454987302252,3.5515745351303942,4.19463779106675,0.9262571429377428,2.1367499492977844,5.059261280915373,1.1314959651647116,0.4003291965739054
22gc0110_2.4468_441o030r_-2.4468.wav,7.329779317132132,7.659620079099194,3.396164090645588,3.656001793910363,3.616082321807455,3.724011781552127,3.7497784009607615,1.595492872933547,2.7853105697833898,2.685119681961909,1.6374874942108169,4.134771038729437,3.0551796246179674,1.0551785820534854,0.5056103120197415
053o0203_1.5766_441o0302_-1.5766.wav,5.333173100421487,5.189281181505524,3.1312096381932077,2.736119304303841,2.415631898125421,2.621255549858838,2.540956747675692,1.1015625523003232,1.7714523722852538,3.1797012838711027,1.148111737183553,1.4030832052218845,3.427839562156107,0.9620948075160228,0.1082696382162411
422a010k_0.06831_053o020i_-0.06831.wav,6.014276282475684,9.91196396102959,3.635455506415292,2.86713101389959,4.801216695671744,2.91692713630789,4.963760062786792,1.6822488860316152,3.7482700470073467,3.8255015584824474,1.652815907761358,2.6837860663094046,3.855456900410348,1.6669635915371632,0.8375613267586983
422a010f_0.049072_440c020o_-0.049072.wav,8.795118586319422,8.866716982128569,3.427567109585387,4.505316767435649,4.25166037129385,4.35875782483181,4.21971547588246,1.79454883061549,2.721123115230389,5.049854094219582,1.732158090412486,4.963646871511058,4.664523908833963,1.7345840682129448,0.5631558863410988
441o030o_2.3431_445c020r_-2.3431.wav,8.528317589700151,5.043369482868059,3.8120463452777975,4.30178125853163,2.273922925628851,4.186586920673493,2.398943981957076,1.6427847844111425,3.5237714788305983,3.2874974400748007,1.0949691053225852,3.426511209756588,0.9775424297089198,1.0593692356032758,0.4746149622031669
22ha010r_0.29298_446c020u_-0.29298.wav,8.100677171986955,8.340133732056213,3.1863374323070373,4.141084853587259,4.032494142666416,3.992774182017565,4.010045430040829,1.4890726139435566,2.8281364647089564,3.415259291134868,1.083596196528609,3.331287154823311,2.6487345901270323,1.4274655623516057,0.4002124079973949
22go010o_0.78708_440o030r_-0.78708.wav,9.468356778407244,6.962859755760649,3.249539814279805,4.581989332823229,3.5657492011375824,4.527573254313271,3.705530782183149,1.06120959474706,4.533721049580972,2.9504627641123795,1.4359039529881474,4.5406416323186045,4.7937321918103715,1.159140229796407,0.4159198544272385
447o0302_2.1067_422o030k_-2.1067.wav,6.299031980391275,9.542960594739268,3.157021173033122,3.2024847235683174,4.517912643165574,3.29523191211947,4.648288864217792,1.2624270901956702,2.763596598395081,6.320758913855095,1.4359098365775362,4.165302919667729,4.425065020171324,1.7123775512923718,0.6720095485509947
22ha010b_2.2488_053o020o_-2.2488.wav,5.600146851111909,9.624931431726466,3.580492073439236,2.7617804803924297,4.857832194707788,2.7176379344210098,4.714474475574281,1.2750275756312526,2.383658769840628,4.26737137479914,1.4224335448384102,1.0133545733947202,5.267508973664776,0.9435662286378405,0.5985295918283673
443o0302_0.1292_444c0203_-0.1292.wav,7.412998995418079,6.632643974420535,3.4637404487284904,3.464858997664398,3.174114275481125,3.5634869716370887,3.061098689166483,1.3095361139366253,3.5366186605604093,2.335567155962189,1.6017211177416693,2.5194301119522358,3.351577518941123,1.1449070491519808,0.268676481261817
443o030t_1.5556_052o020v_-1.5556.wav,7.492120829054558,9.463692302572348,3.3214990810294145,3.846860104634677,4.481554839414493,3.9415703846586254,4.597873207945801,1.5206158537498258,3.1698926174673483,5.48947292366071,1.6689364928570187,4.518903218069941,3.849055433790108,0.9530929676439138,0.4310956434236754
441c0214_1.5949_447c0217_-1.5949.wav,6.605430605625055,9.850129079095144,3.3026903722073127,3.071909962075113,4.838899825794764,3.2216645470145067,4.830322863067208,1.7717466186020214,4.220905740111815,5.150986222963373,1.6469441298972556,3.5160628012145705,3.738156185341019,1.7273204085839664,0.2185951188414478
440c020x_1.5802_420o030s_-1.5802.wav,9.802228389512283,9.20748589556029,3.3612133880598245,4.923621116037708,4.4763477020839,4.959716185339708,4.642471589505559,1.28955824578118,4.020300790291011,4.756622147766141,1.3870041781284663,5.249462359667294,5.643725020964136,0.952717364857156,0.8970228738173399
051o0202_0.6158_22ha0104_-0.6158.wav,5.796203017247622,8.457162096987851,3.023013662121414,2.6774952307599413,4.421507738918657,2.822628433599208,4.332984558713604,1.24946680818772,1.2799634891511291,4.830816880827207,1.3513080929225834,3.714446933018582,2.6694569772902055,1.6413834922796977,0.4411075029363855
445c0215_0.4339_421c0201_-0.4339.wav,6.220060017599383,6.553560340385316,3.960850465759992,2.9608013301148133,3.3848911237289467,2.881694977308182,3.5123359547172326,1.3629788241564325,2.0984704780233083,2.7424983437807953,1.459984119662436,2.6423702403680025,1.754285566209335,1.615633305159622,0.3291220406426191
441c020y_1.4146_442c0211_-1.4146.wav,7.391728068360143,9.596504049855753,3.138587817459048,3.789597804663886,4.741639443936118,3.737903104532292,4.8824501607807695,1.625604624228868,4.381648235606166,3.527191709861368,1.70874249432841,4.24926066945943,4.101298519488453,1.6183463927270352,0.3269672900313087
423c0215_2.3367_442o0308_-2.3367.wav,5.078557416516901,5.290755909034835,3.62212221771518,2.477563181412344,2.6659833982874086,2.416379355224382,2.8029379141421304,1.784403071255467,3.1404923698376965,3.864308967207384,1.637000888622388,3.7642295532522807,3.710128330318234,1.2040554660675815,0.2749021414854879
443o030h_0.79787_423o0306_-0.79787.wav,9.990560768182744,9.198860524043296,3.809387167411834,4.944944016349316,4.501850260821762,4.814537948847967,4.392789463287388,1.3096689589712076,5.424387530186486,6.191650201445867,1.4542129938101518,4.850994695811534,3.5064456621838245,0.9283997861297162,0.8797781829684113
444c020p_1.8863_441c020l_-1.8863.wav,9.952437208210188,7.1504460656124,3.165345139267732,4.872111772672277,3.5506151976268203,4.888836859768944,3.38143992915767,1.6449499707418704,5.543676936785114,4.2941366087645205,1.3203343129793936,5.878986183339145,2.6762154192285608,1.244637487928886,0.9452668491540148
442o030u_0.87609_446c0211_-0.87609.wav,5.842506825881114,9.396083531122242,3.229053150085216,2.8466595326310147,4.584734545909571,2.948004606197527,4.460923496064259,1.6180464093094855,4.605215371682629,3.650064952165189,1.2430554568685532,1.8457896662995772,4.418898589021172,1.7728682356011431,0.738204108251368
420c020u_0.83448_446o0316_-0.83448.wav,7.586986505198208,6.985803607837656,3.2607308093361893,3.800870257654362,3.357827778615579,3.947382039711983,3.4440501522682463,1.0256255640077692,2.743767923171069,4.895788787755961,1.3737194489764215,4.493562744700755,1.8265026190896825,1.1351796726595562,0.4485693743214488
050a050m_1.6347_051c010x_-1.6347.wav,6.261015673612612,5.894536817773898,3.815868399656813,3.041238881925202,3.0919709059025977,2.9293187933185143,3.191840289430639,1.153673567372514,3.0501450408255044,4.497429441742662,1.792293561299274,1.389591961694101,4.050948896693262,1.578556203697868,0.4676523790987297
445o030h_1.8406_442o030w_-1.8406.wav,8.118343684186359,5.253587288707048,3.590780972927233,4.134699670706951,2.73085975521813,4.208857760165946,2.883832229107362,1.4619442978903288,2.947856282940457,4.348331297231088,1.2679698639811872,3.165646736959128,1.4627306067170307,1.278047489207065,0.4953184030073213
441o030m_1.5096_051c0105_-1.5096.wav,9.850368073820132,7.678393454668485,3.2856616740053157,5.048266331606318,3.5944168914899204,5.0527366041731065,3.764358106806213,1.1413584322152437,5.088586833117535,2.088784722023964,1.1479082940617826,4.6650474480072495,4.825733483222597,1.2229351902907324,0.5620588075066799
420c020j_0.92895_053o020c_-0.92895.wav,6.102852612846219,5.355350118357432,3.8029225264342106,3.142583316344587,2.79951949729785,3.067287476269012,2.6697869398293665,1.2807848891902838,1.6988665388830604,4.094905275598229,1.3503377462996158,3.1539145854529744,3.507024576354429,0.9053528972048172,0.3301813055592607
445o030d_0.24788_423o030j_-0.24788.wav,6.424981628699416,9.471202622478614,3.528538584238809,3.4129728910710657,4.848828989609997,3.2789668170716446,4.916226112184047,1.676710917705452,2.50492180559101,5.45662760851748,1.6199016413511491,1.8151525356388036,5.4393199773035406,1.0975738855309745,0.3886200858328396
445c020a_0.48177_22ha010a_-0.48177.wav,5.78453052585251,8.842970797116598,3.9742264738775392,2.9595002118637765,4.222868619707367,3.109011490631492,4.234967277535511,1.598701936422141,3.6363145014791542,3.1609822099769427,1.2493958889175931,3.5154531098288735,4.6995170666904125,1.3614308283851555,0.343002620268472
440c0208_0.65627_441c020v_-0.65627.wav,7.9952611510798945,9.061765721025004,3.858763029270739,3.884763082568826,4.497599148496008,3.721048213377623,4.5433969825682325,1.0317141007248245,3.4702555647396336,3.6489977886407314,1.5276505959873312,4.713323690375332,6.172619710326719,1.371990897972594,0.697489306623394
440c0214_2.3527_052c010u_-2.3527.wav,9.637188716794869,8.826931605086019,3.6013925270620453,4.888319821167951,4.332518666582085,4.872508486117132,4.501781780354432,0.969172926253538,6.331744697972187,5.7851496525697605,1.3046792055361345,5.556401164935141,6.102058631641545,1.598118162282251,0.2738857110886589
421c020w_0.22385_423c0213_-0.22385.wav,5.647277971796819,7.344848078504074,3.3926153495402374,2.6748030170620525,3.50326271317257,2.728735042309724,3.643231769226702,1.161922741689673,4.127259946248546,4.373424603332178,1.7069837231654632,1.0167637401826244,3.5417786448022723,1.572882421295836,0.2366115482150571
445o030k_0.6066_446c020u_-0.6066.wav,5.676075899065209,7.181111415842549,3.1747760796582605,2.8820854866897494,3.734401098527447,3.0293945895821355,3.762685868369899,1.551097036767576,2.261348905036389,3.1618884251099755,1.1731805362659269,3.6015660059389725,4.801702996320804,1.4676126157603933,0.5804187555762607
446o0302_1.5394_421a010d_-1.5394.wav,9.173109736514824,7.688324759602891,3.419791553728357,4.764717120657339,4.115892709845945,4.801707508054204,3.949965884889189,1.6622257752975873,4.919740891670193,2.8849839500861503,1.0681436205531258,5.48607260477428,5.610530977423286,1.5747767545758609,0.6547757379202981
442c0214_1.3722_422a010x_-1.3722.wav,6.097760157023417,6.249866950897066,3.072458167396517,3.0742305358459694,2.896327656980564,3.1325221664699523,3.0560213819643494,1.3562309235022434,1.7458711257746389,4.424471035799859,1.022727964164064,2.5016857888587873,3.1839385115219665,1.0150987362855155,0.7493064974049164
053a0510_1.1749_445c020q_-1.1749.wav,9.157591803785134,7.939924435037702,3.1836695233326866,4.422390536578255,3.9340868308828414,4.565892279005815,3.890414758339234,1.639836200244206,3.9677379905841623,3.054945933889705,1.7716083484093654,3.8979314175017237,5.375619816395118,1.621162483717008,0.5259339684605602
22gc010k_2.3419_050c010o_-2.3419.wav,9.848219810151466,8.95127488576918,3.427289009505027,5.149015330820445,4.633239086627428,5.02696152768344,4.546044653664118,1.1121518710988598,5.9106374389279335,3.283421079836731,1.033793069385644,6.563484781530943,4.610721459363575,0.9459017827017502,0.2803020853833752
444o030y_1.9651_446o030i_-1.9651.wav,6.413845913947476,7.978401147997671,3.69139936666374,3.2619895065285007,4.133934127699269,3.1174869595416066,4.1741710996815184,1.6237390693817386,2.74228154211641,3.161524081593479,1.0024036209870422,3.8564291399297357,2.281997429613168,1.060527547687402,0.3384670024177107
423o030r_0.55472_22go010c_-0.55472.wav,5.801613000873256,9.275829524703973,3.524454452894689,3.0056738850580613,4.660610727459689,3.1426707673549643,4.5995218230585735,1.4931444901013773,2.652560499039253,3.570796439481994,1.7624760424442965,4.238912473443549,3.0526703804166915,1.725037545192471,0.9883944485168978
446o030f_0.87757_22ho0112_-0.87757.wav,7.097690720876532,8.840366581770919,3.525761048864526,3.614711720704108,4.271577068155308,3.5142531997824933,4.382968654795599,1.7138409736212528,2.93216958390381,3.200937387792046,1.714410746578125,3.3596750185086197,5.013185399519862,1.6496669206351025,0.5563493960127968
445c0216_1.9292_051a0503_-1.9292.wav,6.408145292977581,6.849201686087735,3.318125482983806,3.3990599780537445,3.370817938973308,3.2290666834591533,3.3723278372734136,1.0762908465444616,3.7171967019475627,4.055683414373258,1.3039294136939197,2.433338025397111,4.59928413401971,0.9437604738413896,0.4717367369863541
051c010w_1.3191_444o030n_-1.3191.wav,9.69865108207611,9.845388532398715,3.345214198245427,4.7429397192008,5.058799978154838,4.779170843137422,4.892705710769448,1.1012582096522645,6.248334093230652,4.23568660022851,0.9730428066426886,3.330471886483942,3.704392682657881,1.3814842121233464,0.5604770151861104
444c020m_2.478_053o020a_-2.478.wav,7.896084198065834,6.9328451355893925,3.638682471406389,4.146018110748971,3.308842911103973,3.987863579787634,3.3330739725004435,1.1934341412691143,3.6706586596463793,2.707822599146071,1.746053067845141,4.732251634613667,3.152141158005748,1.683844688592568,0.6970310371375055
422a010m_1.5013_421a0103_-1.5013.wav,7.682475351774791,6.177555861082466,3.212629298576547,3.8332237863731047,2.997179336315385,3.962940792838366,3.107058807708777,0.9944772660521723,3.25346241647417,3.1711606056525854,1.1597635560491133,3.300501304004954,2.7102480385588685,1.5458301988510477,0.8436920761772669
445c0202_1.1886_422c020y_-1.1886.wav,7.381162279055221,7.333329314353167,3.308318951802974,3.5810966632975285,3.873761353975953,3.717153943681467,3.8106074431348462,1.1930842551310674,2.1519096124307984,5.030300913915934,1.6431387585861743,3.326326586320979,2.346746653063139,1.7221131957381068,0.4025119261460606
423c020h_1.3146_446o030b_-1.3146.wav,7.283226323896357,8.431179453454543,3.4993504849227577,3.472956897385292,3.976636404323921,3.4635255626064763,4.146374584838176,1.3907958057774303,3.201008356126687,2.3681896817288437,1.6441002179595816,3.539452444958316,2.546706299637749,1.0301758137369486,0.5169531346557122
444o0304_0.82792_446c020v_-0.82792.wav,5.747163322214647,5.370925324306594,3.060553336842778,2.79875877554596,2.765440158576673,2.941868717380687,2.7205008155901425,1.0496985905549243,4.2558067675875,3.3969452424574382,1.726251546128445,4.510642473228574,3.7172542648593994,1.350403845349366,0.4181452650334512
050o020w_0.70897_22ho010d_-0.70897.wav,7.925092250160446,8.314731651279281,3.223581805572123,3.8898758454014506,4.110998350896267,3.790081809633641,3.985933765880471,1.064514387267891,2.9466239142144106,2.281611642944644,1.2227367554605852,5.47357600635443,5.1636776884030295,1.1267543047883606,0.5815489111286619
052c0104_1.2595_420c020e_-1.2595.wav,6.332634898493,6.563443327871461,3.724047075653844,3.2042881887607475,3.381463296557658,3.323483252915917,3.47252666285303,1.3225965150558887,2.6377396916006535,2.563489100096779,0.9442893428711414,4.148584948151568,1.8579111621303586,1.3406389769916098,0.562015614527529
444o030d_0.29195_420o0308_-0.29195.wav,6.92669101707879,5.719830209600061,3.719484338089079,3.567064396787548,3.1089198141080088,3.5509321118220987,2.9396869881498238,1.4864223266239924,2.9342266539030875,3.8925057602320083,1.5172421420869968,4.071545667283914,1.240611103628777,1.5208772423701598,0.9382371459483124
422c020q_0.18018_445o030g_-0.18018.wav,9.058248182492044,5.103231013851028,3.431701052153984,4.623813697891611,2.437346893192524,4.758689638725263,2.502985910432556,0.9653410083174544,3.098487057558363,2.0252159529823257,0.9586711868372984,4.197821690458159,3.0476299331717294,1.1236256534492346,0.4552624671680707
446o0316_2.1104_440c020d_-2.1104.wav,5.353536034530317,7.031874707937712,3.299525811487942,2.7865157419579965,3.4418965578429868,2.61749669978506,3.4601328782762035,0.9350743251802672,2.4014012956796575,4.335797181282828,0.9425476902112658,1.4027229335901128,1.9901248493931154,1.4912082209523574,0.7815278344698703
441c020m_2.4506_447o030z_-2.4506.wav,8.29019913030978,9.78442253616534,3.771618520744633,4.051059255004036,4.748793771781481,4.134068411698985,4.885576372666219,1.0791761015938854,5.007720777186161,4.409460027769779,0.9298287869889096,4.983590018327244,5.293731349700332,0.9179441348493744,0.6486741996284328
442c020x_1.8089_050c010j_-1.8089.wav,6.0883615972296745,6.188145008445009,3.356229972291749,3.2893556716027863,3.1845277309208946,3.125726534790612,3.138424525109338,1.5166591894507526,3.921494290977199,3.1512572493395914,1.060011163139117,1.8561673401366618,4.218825326505673,1.7507967085543037,0.6980699121476266
446o030x_1.8788_22gc010s_-1.8788.wav,6.601226523689585,5.660770047686478,3.716940863861716,3.4365358122385588,2.735504692666668,3.4021656498312978,2.589495473998467,1.7934907806935607,3.57338457576723,4.252689859313673,0.996693351386573,4.312394802014936,2.4854663889539297,1.7486551934075716,0.2230255115369008
445o030c_0.78651_440c020f_-0.78651.wav,8.306739074409574,9.340335809823788,3.5539521986477385,3.928783420447583,4.682521069418993,4.077479779771047,4.66278803305995,1.0410978454664304,3.337510975174847,4.213041329435321,1.1528124910056905,5.194037940906439,4.042578452925843,1.625248159780389,0.44890289526553
053o0210_0.18658_050c0116_-0.18658.wav,7.019117961946239,9.392333152149074,3.174817178947778,3.402045055143504,4.771855098071445,3.5404573342111,4.714044709702968,1.6287332282469384,3.6566424805427262,3.7351424636305706,1.5880651543114723,4.346108015727852,5.420459029612018,1.4686025633734756,0.3382569513030747
423a010e_0.88002_051c0102_-0.88002.wav,5.653309361215667,6.17840284567049,3.719214383683024,2.829380725954269,2.997687621741789,2.722622039418121,3.103056416216607,1.0824140565530105,3.4854361359643913,3.2944860184548594,1.2603409104828012,1.816327306769178,4.37290603592012,1.3055903268362543,0.9962631275881664
422a010f_1.4679_22go010t_-1.4679.wav,9.038346574515725,7.500911859464204,3.264581736585682,4.359783614793639,3.624208766145887,4.501933378604336,3.6720986883484072,0.938270113128362,3.5782962196677057,5.090333118266984,1.1394016423604525,4.130255351105549,5.070894587285332,1.465967605158211,0.2887089751877404
442c020s_1.4121_22ha010q_-1.4121.wav,8.932916232267177,6.613152855534288,3.696868531379086,4.461591435537811,3.218709662757853,4.621166948917201,3.1600951975661977,1.298229639348337,3.7747126710391745,2.7931130931411228,1.688377821074722,4.099918933285625,5.052684184607154,1.121353182001614,0.5470245293587331
052c010t_1.5594_053c010z_-1.5594.wav,9.705331467224392,9.295679636182031,3.6065717833260074,4.977668607572755,4.478382626046914,5.099285147139974,4.597165694300328,1.6739027535364666,3.499461386164956,4.2178815083182055,1.1191971339920364,5.266604547403589,5.440875360377071,1.6698900759463426,0.428439299589771
422c020j_2.4859_22ha010w_-2.4859.wav,9.291217038620134,6.621211307527837,3.679693530696355,4.467177597669499,3.231144088206978,4.539001848670459,3.3852261344296037,0.9854846461340442,5.165120304414082,3.718428387048188,1.0862228547777688,4.664176590920027,1.6526761088102455,1.643559428626476,0.5075298558680014
421a010s_1.3482_443o030w_-1.3482.wav,9.239832394490175,5.449964164352237,3.5542969744173423,4.45690506516262,2.957249092665214,4.463296137480509,2.807385307197785,1.7360504805502672,4.6930531162198665,2.1595148170787404,0.9441042191657292,4.039870774721276,1.3088271323116556,1.5337881165224565,0.4485597474830745
422c0215_0.49701_445c0216_-0.49701.wav,6.285475764151293,8.882912570999771,3.53126113333098,2.985966966722219,4.223064413904539,3.121415765422886,4.287513020798298,0.9071211357188916,2.94473129754418,5.159540801535555,1.2691052505530025,3.6147875535166927,2.5858630991805875,0.956317568629047,0.4993463906255185
440o030p_2.3583_441o0302_-2.3583.wav,5.15534555984941,6.175869248537767,3.45557139595306,2.671131221052655,2.918607664699878,2.5011883089876,2.9230129613810085,1.2467473055537377,1.636818906961685,2.9706022215275034,1.3268959572076768,2.4729760536995795,4.497799827943548,1.6676129401878348,0.7877569532684867
446c020l_0.67776_22ga0111_-0.67776.wav,6.573526995916993,8.800929858015053,3.367605228085642,3.038675359255019,4.42958398809412,3.1867965269005127,4.405917140071294,1.553216776581257,2.2218580049092216,2.6962845744696633,1.637159745964063,4.1056736945734205,6.0936393016161245,1.7580270165910843,0.512874116479284
053a050d_2.1306_22gc010a_-2.1306.wav,7.488127871239412,5.189733064910497,3.7055458378462496,3.5094309274013327,2.7149063911284936,3.6191664109405375,2.612641423263556,0.9469037198155682,4.261929172207924,1.840552290560425,1.3161188679022853,5.292756898681165,3.4379418813671254,1.078561187278776,0.3424508372891008
440c020j_1.7413_422c0203_-1.7413.wav,7.207604117791363,7.509880024703499,3.767462721597384,3.44619838736387,3.496394397385445,3.533648173381969,3.642176889219646,1.459984672140486,2.716433436263444,3.320070595534815,1.4482693911111943,2.652643237323919,2.221058323994286,1.5130329884018128,0.8864135297111706
422c0215_2.4587_421a010d_-2.4587.wav,5.242322738597195,6.156054085786757,3.349254971922216,2.745542933546253,3.150027281215029,2.826204991635353,3.000382259965304,1.145360516674025,1.5616146333625254,3.491222454647783,1.054320274941615,2.845103748812318,3.734661682292936,1.7583497406122963,0.4165863584411459
420c0206_2.3578_441c020z_-2.3578.wav,9.219863183313617,8.86460983069956,3.124248139684464,4.480157684098909,4.5532317387347945,4.555847425528658,4.682734877856198,1.6478960432888612,5.647583735717537,5.972844787429795,1.7077240251534975,3.0362392449417612,3.845054084836318,0.9838805723979636,0.5479775489189338
441c0213_2.122_443o030n_-2.122.wav,8.593218857037002,9.096943989590876,3.2522426490627208,4.298271727534044,4.480420774598143,4.4250733532517215,4.36718938444791,0.9672707568661956,4.753861228427668,5.246929110420001,1.0935904078040033,3.335067683848176,3.5846380251590144,1.6916596857916268,0.8652526419299933
051o020x_0.64903_423o0302_-0.64903.wav,5.569399529006402,6.02583294069804,3.2760557893711297,2.661480408731028,3.188927290133337,2.6582150862664986,3.0189586528227954,1.4712702540819973,2.1944401293205273,3.7889450858432117,1.7711421552450748,2.8280483401769745,3.933301461624885,1.4049226900617533,0.5749859546172135
441c020x_1.0441_446o030d_-1.0441.wav,5.01543519469746,8.935099007752418,3.7660819837350017,2.2726501921088267,4.609701110093515,2.402433436111804,4.516125955399207,1.3118829999154404,2.23926957179067,5.817903678588653,1.534612093178025,1.9098011789016873,3.9085779015176922,1.2040397467461146,0.918065481154777
445c0209_1.7601_051o020p_-1.7601.wav,7.78962261722886,5.85702568765621,3.1812952301100728,3.763867822609448,2.8979544471526624,3.8001690815873777,2.752413323766118,0.9904107823785222,2.3900255818011336,2.8982639968804493,1.6610876058723842,3.142233824877487,3.089327062312425,1.0376307509035594,0.3634463545870964
22ho0103_2.3761_423o030x_-2.3761.wav,8.138442859726856,9.92367566638148,3.6284996438104233,4.1772706682558045,4.803649960322313,4.33196937772713,4.733163725581718,1.189836174626296,5.691543772113869,5.135687525906666,1.0275401929833996,4.94221038820622,3.955108435936894,1.286813902239438,0.8634091070805918
053c010n_1.7425_22ha010g_-1.7425.wav,5.987860340979298,9.534903213425691,3.28996488733374,2.9491654977633504,4.789034098310811,3.094586556738326,4.85576276985908,1.7623945174609323,3.9545445388707976,5.74548355442396,1.670943719257238,4.1721569363263304,4.699862571042848,1.133602731933426,0.5316062122407827
442o030z_1.8042_22go010c_-1.8042.wav,9.527238333694436,5.054114056412404,3.352235500959792,4.528834957024328,2.518488953822519,4.664782615488544,2.6205587052579804,1.1065093522536458,3.45137738507751,3.615258013563687,0.9319278032093126,4.122777454934877,1.7043372249794195,0.943099242561772,0.6786879819971627
421a010l_0.48629_052c010t_-0.48629.wav,9.416618954716576,7.687604471197873,3.109403068804465,4.719677118999411,3.83922993679706,4.576797189873726,3.884895304999225,0.9814823071320602,4.815026250987547,4.886649321983182,0.9723511995216414,5.452108298393168,3.808928755065501,1.0730404406419205,0.4804954494055132
422a010j_0.85808_22ho0115_-0.85808.wav,8.655629709969297,9.800750430031483,3.707083725036564,4.368777753171089,4.771830819659677,4.258394170883155,4.64254251871453,1.5064046280588232,5.425688021720757,3.1895569772100805,1.3984926051720847,3.9170108104313672,4.06407796634036,1.1575868158239238,0.7025094514859809
443c020f_1.5092_442c0212_-1.5092.wav,5.048908761931435,8.624275835673519,3.901850271396265,2.368281486658704,4.252429419560295,2.371727717636217,4.402389825974954,1.4129606310874057,2.375282137887384,3.14784915416347,1.3324055424064227,2.5793003147990423,2.615715939515848,1.2375889119210957,0.8635746161187381
050a050x_2.1371_423a010f_-2.1371.wav,9.002527004224698,7.47136040394193,3.9028061806337617,4.412956721767393,3.7800931596329215,4.579604303712016,3.813687555475232,1.3601952905634076,3.842099355784579,3.4779136723952173,0.9489471685823884,5.9843447308919115,4.650377425879183,1.7465892484616177,0.4018609585902237
422c020c_1.6944_447o030x_-1.6944.wav,8.461574615190523,6.139033944697631,3.027003780722201,4.1063079391254735,3.1410509903747608,3.9557812145346776,3.0868135016426432,1.4351796105016423,2.6935797161624278,2.603091158480916,1.3012905629464764,4.092929538991722,4.511459693482009,1.1573084520653654,0.979720858794906
052c010d_0.44869_444o030e_-0.44869.wav,9.8067402263458,8.994533700961448,3.324348820794968,5.053096618118563,4.622522462935319,4.9233025610024335,4.73231090830793,1.4435951898098591,6.319152622789743,4.7175590518327315,1.4347682612104484,3.725823883370779,3.450057488375245,1.0979741202035045,0.7404224963210095
423a0105_1.2681_446o030n_-1.2681.wav,9.587563582642002,7.001772849240714,3.231266124746824,4.782901255222231,3.454013258563219,4.921269410956113,3.5119291758813813,0.97043954984366,3.9713685672765555,1.6875286216003518,1.7613590642389247,5.146968092762414,4.787234762776483,1.3697559164585091,0.4583055907178883
443o030q_0.66062_420c020z_-0.66062.wav,5.665267395971801,5.203009071324422,3.241528357876583,2.6722054660718886,2.5591246719066523,2.829519241927966,2.494685740150268,1.0159678535624406,3.617987195794128,3.502380591235909,1.7002759511693273,2.0820608289358242,4.390940077081195,0.9437612094251792,0.4711443407723136
444o030z_1.4561_445c0202_-1.4561.wav,9.885811555197671,5.711852373531496,3.684537311141311,4.775322198575063,2.838475106437744,4.716101334266744,2.997826570913523,1.1576053932976915,5.0666478896582685,2.317480394409086,1.771120032556397,4.319956481720517,4.16580269455046,1.1446871168513155,0.4464756002257558
441o030w_0.042187_420o0308_-0.042187.wav,7.048786458609885,9.0592796969423,3.165804804898828,3.667189203494985,4.593391735449357,3.70765760513885,4.737829640683374,0.9636253690853804,4.114705740504797,5.421633364561264,0.9162446442257848,4.521422705142387,3.119993554813856,1.05572464559463,0.6067259949198922
445o030k_0.5234_420o030b_-0.5234.wav,7.339616269175764,7.530557923158835,3.1301719103488286,3.625497829511501,3.69283621233087,3.545446632148916,3.5659827307041665,1.3571769660068682,3.2443398761430333,4.387911497454688,1.1647031213207608,2.2442118792748875,2.8163774572418836,1.4266442581304104,0.5383740243384869
22gc010e_0.78181_051a050x_-0.78181.wav,7.569993028118975,8.416232924088423,3.2581202943675045,3.764117074259145,4.382293693382271,3.7906227936807086,4.214372739246268,1.148500016500318,3.030605072821471,4.8008227797548075,1.3585427197291655,5.115970590013067,4.020482040168188,1.442201683524456,0.9299417380292004
22gc010e_2.2284_420o030k_-2.2284.wav,5.929600787786995,6.187789470251839,3.5686375267725303,2.7594942246776437,2.9223283557763007,2.9065941584939403,2.9516815408035,1.4739935833143003,2.26498278815634,3.551246728810768,1.3622315228924384,3.9182949544627825,2.9572631117769257,1.47396174694993,0.5059987978491427
420c020z_2.0914_447c0210_-2.0914.wav,7.884447407679439,5.026004236382934,3.505024804106347,3.8140057952725375,2.5968481212413894,3.677951812065532,2.6600091349564,1.3971835372316244,4.882171235838998,1.712807396621141,1.6711725893992266,2.9266670694202426,1.6139718439238713,1.3622047877881247,0.3170601254462474
420a010m_0.61588_22hc010s_-0.61588.wav,7.225330892449354,8.897785438217571,3.212518869445619,3.887717578596689,4.503329639242788,3.73319220923635,4.574195076686232,1.7662867372030342,4.887728222161276,5.842328638401061,1.4951746929183989,4.128544119341615,5.260220676845946,1.1448532491451395,0.7530911359190509
422a0105_0.60067_423a0102_-0.60067.wav,9.01984643888832,7.140404832642284,3.732050920618337,4.520687850615962,3.592572212192807,4.690201634476104,3.5797239795743705,1.5853422861712632,3.8142388887616567,4.313676986310621,0.9967302698909112,3.964519343175471,4.620912665666045,1.238235459388476,0.7182208234138099
446o030d_2.1543_420a010v_-2.1543.wav,5.13978078415326,7.396413873077072,3.362605000020049,2.672631195032849,3.691750744258179,2.72694031049469,3.551927570292801,1.2397695077597213,4.326907032083459,2.7380039714953024,1.5776263793236145,2.148386629817164,5.53625058295233,1.1887451395704784,0.4997627600467638
421c020r_2.2021_447o0307_-2.2021.wav,5.859290618699981,9.527815213885027,3.139959763328518,2.716291724035224,4.683741139138898,2.755185726957809,4.538871347475287,1.189419406180198,3.8141035847586178,4.436446391048451,1.1003181505458746,2.328826975834165,3.631991165483744,1.7450362113261095,0.5821351509151143
442c020d_0.15455_447o0312_-0.15455.wav,5.727245576238277,6.782334431070076,3.2877910478816337,2.997304013750678,3.232522815629823,2.8587654731123844,3.175015661659106,1.7538586042895026,1.975534666716239,4.843242371585756,1.1896002415688234,1.9865259447451233,4.674829199870327,0.9380548077617598,0.3021194237315906
422c020o_2.0288_22ga010m_-2.0288.wav,8.116461962470204,8.772421454239408,3.561911026074724,3.908593214672519,4.351756042374357,3.965058100968784,4.212789439855803,1.6529321785746238,3.4214405549369356,2.4035013374720786,1.1409622763070804,3.9869870514816093,5.327898809698575,1.5577584993770763,0.2290940634607938
051c010h_2.024_446o0308_-2.024.wav,9.472152856352482,8.88584193048364,3.6073251350696736,4.788229943463755,4.41334585246025,4.940102311376946,4.336960095512762,1.5465995013736848,5.172760322103109,3.2873975867880225,1.0431664098151991,4.78676114059743,2.9444498496267224,1.5499698494105432,0.9952544278107768
050o0212_1.199_22ho010q_-1.199.wav,8.787441087464472,5.919986637385924,3.073818141993305,4.225669735960736,2.918472571398244,4.373056288859614,2.946350950558196,1.5510248478127706,5.519388279310898,1.4951381021823944,1.3435149621883895,4.744340056574676,3.4236336515055474,1.4249539980974488,0.7676389751642181
050c0114_2.1345_22ho010x_-2.1345.wav,5.061489778294936,7.272480945763018,3.1986409559319124,2.561656629087976,3.521052550840688,2.5014145268975128,3.3836811960258144,1.7053424491901517,1.3792979590291417,2.900659537305784,1.3987670245669848,2.4688001879024997,4.797635618186502,1.6895571208930047,0.5473843368528637
053o0213_2.4656_420a0107_-2.4656.wav,5.188013285000127,8.286255418966398,3.3088144346917185,2.8458427717599504,4.029328564904921,2.676219554522248,4.018016439820263,1.0444556092384922,3.269707293173193,4.652825859202554,1.5938378469373182,3.221294309815914,5.386397419638582,0.9288326752002593,0.5796512909248375
446o030g_2.237_050a050x_-2.237.wav,9.318146667377338,9.825098964666696,3.793215629292378,4.484884157123388,5.143626987925273,4.61619337822781,5.07111568913019,1.2908897980377445,4.000453973298389,3.7353463238936,1.6430331680745902,4.646130476590106,3.4267097459291964,0.9037599411712406,0.5875762034341241
441c0214_1.1102_440o030a_-1.1102.wav,5.294567948694782,7.088578830536374,3.322015045383477,2.6736735564078065,3.387829266579383,2.773368589347069,3.525527851928832,1.491124303079916,3.9590496095491767,4.685693709123569,1.583598092693343,2.516914232256463,4.917082469072014,1.52488104735225,0.2595132798098765
421c0203_0.92149_050c010k_-0.92149.wav,5.490575073448426,9.253874854568505,3.317436401642892,2.511316720614189,4.679688608402546,2.65004233772988,4.777949501721662,1.06824891861534,2.129983097867688,3.619718187528741,1.719666692779796,2.859949471475608,5.6045383933067345,0.9791569303237452,0.9192308632634912
420a0112_2.4608_421o030v_-2.4608.wav,8.080313237625052,7.104141474139892,3.1757322437786293,3.9572143380325713,3.626414985353832,3.91310107830084,3.483048251709514,0.973961386979243,4.845537374786021,4.073863095318861,1.2626888276385624,5.06466006905195,4.0553574021460435,1.4748252303560865,0.4716578764713029
421c020i_1.0901_053o020u_-1.0901.wav,8.51985702748189,9.43410220679656,3.0898689097672314,4.46307092903115,4.60263586815527,4.334695894570902,4.714080251267788,1.2975710316058584,3.2568013531427695,5.372332032986697,1.750497723560152,2.817215234376898,4.859724050137473,1.3852265515815407,0.8994197068273135
053a050l_2.0998_052c0110_-2.0998.wav,6.561143544641136,5.478156720151758,3.9052929499515634,3.311960054131222,2.5784008483337897,3.4543256210753444,2.625645375516088,1.722554066567309,2.0767523548571587,3.2591266074141436,1.5596621655184637,4.155453958307595,2.585262014297941,0.917120186651417,0.3978569923657437
441c020k_0.31137_447c020y_-0.31137.wav,6.779328443197373,5.499259188718638,3.97181959486048,3.42262681385373,2.9698980120223624,3.347018588912903,2.817637063905988,1.0477725408468437,4.842947374725501,3.3723630551312747,1.308859940047143,4.185822376012513,3.864791212010546,1.4916714952588577,0.1277772687635468
422o0302_1.5219_22ho0107_-1.5219.wav,6.65667406966716,8.52415661116939,3.4777265490185822,3.3044269491395126,4.144613815650343,3.365222523122967,4.007486509164646,1.1537803588373494,4.704660711202111,5.2270788200329035,1.3742670998968571,2.7044136739170415,5.728803260821109,1.0119025871141414,0.4917906043173024
443c020d_1.445_446o030h_-1.445.wav,7.458700262343843,8.57262372093209,3.70484197136296,3.8609660664385927,4.258584399645251,3.982585572536701,4.139804368762732,1.6632364597635307,5.416566100466911,4.222635053277573,1.7883924908927484,5.248233343769881,5.063693413055349,1.0576629000383384,0.9079105181214118
052c0101_1.9551_440c020g_-1.9551.wav,8.351049580905752,7.9193625463507535,3.9881919911591,4.275105117219118,3.8488681232656057,4.315458551849412,3.993338190454413,1.7160391514461395,4.895960372870036,3.2460417743179,1.662277167551581,4.822242525992109,3.0492294027909397,1.6055813221552138,0.5641392373604925
421o030r_1.8202_444c020f_-1.8202.wav,7.54454062473262,7.555769368577414,3.6615328750859977,3.733407209869633,3.6495741278228553,3.709861326766101,3.797714572634105,1.6555540535109954,5.104142111157899,3.6401765223123794,1.786299419990122,3.917380746569687,5.17378618120569,1.2299600086858022,0.5546808389259248
445c0203_0.37826_423o0306_-0.37826.wav,8.114085024267855,9.36928536794488,3.7714653007856622,4.130738443428195,4.694999657514583,4.161268588852906,4.8418598298566655,1.2031638018462238,3.151646834728974,5.498037133139359,1.1099999280337067,5.083758715091674,3.1971714479381235,1.5218439775963415,0.2948054371396
22ho010s_0.66486_441o0308_-0.66486.wav,8.14975174940767,5.908586235298843,3.785892145770563,4.169206521964315,2.9757189238359274,4.2910649717035225,3.0942538057363915,1.668647358406949,5.58958567256287,3.9626838111288243,1.1164200838175766,5.442156159870871,4.557802536473852,1.205513882095466,0.8318132361905678
050a0511_2.4737_22ga010g_-2.4737.wav,8.55026048060598,5.916826198779895,3.0352317539241014,4.324549219883597,2.8171182130663697,4.256342234451667,2.9728352870765398,1.0501981915053706,4.735445984765484,3.579050098101824,1.0312515220286913,2.7508538488356145,2.2610201971236186,1.671361518721231,0.6719152299304489
22ho0103_2.4537_051c0105_-2.4537.wav,6.090773289737426,5.209144369952939,3.214712419957566,3.174577050595976,2.416553011356999,3.157768993132525,2.585720056623816,0.993440412131364,4.180341403171759,1.6123193384702412,1.3330011633411258,3.3790315635765116,1.62206621025523,1.5981391729094765,0.2830208149909748
444o0301_2.2772_22go010e_-2.2772.wav,9.589496230236469,6.005505311943722,3.7487195307456425,4.855514431961371,3.1505351137277557,4.732646473102982,3.064491725335776,0.9688978984258566,5.3029963686338055,3.6922697685205845,1.7728091997861697,6.0741612835201275,3.531126801549195,1.4997047572982811,0.2371909146355487
440c020k_0.62659_421a0109_-0.62659.wav,7.0284986469816655,5.47307246282326,3.214003990581033,3.605003385428697,2.6328806895992933,3.456477166311733,2.611905412847376,1.2996738126717673,3.538103583984508,4.675021952039315,1.4569079891588763,4.2129420296415905,2.282571675894026,1.1373014356814175,0.3938855755860783
445o030u_0.32399_446o0305_-0.32399.wav,5.097644781393623,9.262290688464397,3.2497288267938518,2.764036646201585,4.746663601725283,2.6808267388227307,4.894907020850729,1.6637778916989607,4.25666067425695,5.7412077383396145,1.7675340838028497,4.097653308318431,5.513023708243841,1.2084600653552315,0.1702922838581098
052a0510_1.6586_22go010p_-1.6586.wav,5.960914388910097,5.493350575535436,3.628551497218932,3.045509934492296,2.929746534930647,3.191797631676053,2.962911420769035,1.704615054823705,1.780649217647377,4.1243373976219475,1.3262336360811935,3.65452931328471,3.3509608181214956,1.6307821926056112,0.6459550586334428
423c020e_0.1021_440c020o_-0.1021.wav,6.677482811659354,7.811569262820816,3.888073147077372,3.353265943283984,3.686900000246256,3.214274542021376,3.784784577044935,1.5400004525036968,4.534560922622258,4.478028877930519,1.598098070966984,3.2369702145868566,4.678112589535083,1.4299456382484776,0.5454455252227878
446o0307_0.55231_444o030a_-0.55231.wav,5.380492304933146,8.841986385050133,3.446887460710672,2.499722576254773,4.439483055470299,2.6415810850283603,4.488228962873216,1.0812225022555335,1.860591372076325,6.118598342695249,1.318194434114205,3.552342490588878,4.436737536497735,1.7521695852068302,0.9233057211483592
442c0210_0.90953_22gc010y_-0.90953.wav,7.402278245563904,8.95472807214021,3.342098999149519,3.941529468100085,4.591834220615492,3.7959725307467145,4.67965892094693,1.071237872274,4.348850513665441,6.354710436620004,1.2978376309530215,4.385639922642071,3.7309290390357646,1.5271777206246866,0.9915871234648622
423c020m_2.0279_052c010p_-2.0279.wav,5.246598838923788,9.06698596866872,3.802938084868935,2.595316738076012,4.6504257169727765,2.759504128930617,4.606351907466939,1.6416666937855635,2.263496246065844,5.443675659560523,1.5383532873439791,4.312911696294899,5.130524480165249,1.6033727482535105,0.9812695265723518
422o030d_1.0556_053o020l_-1.0556.wav,5.12321673727943,7.758579784577099,3.780586381388769,2.4761246631888256,3.731279301035209,2.548230937767339,3.8628113700009488,0.9677487552327289,3.137308439626322,4.248256824434923,1.1700320165248477,1.0152957917693075,2.4537123480582346,1.0837036261609632,0.6197631182440584
443o030a_1.3628_446c020v_-1.3628.wav,6.4105658893891935,5.110951894062258,3.104321597253936,3.120889538967832,2.3755548364075283,3.2163098742781786,2.51624939781365,1.275190395194954,4.02476429638617,3.424618415739297,1.3998389890001273,4.949996553560033,1.8174461264210675,1.666244594249743,0.7753011595845154
22ha010i_0.81229_053c0104_-0.81229.wav,7.357338854156358,7.687559518203457,3.913616851979474,3.5861550615181783,3.9743113780756634,3.508545906167847,4.102673440250622,1.7562005580210116,3.9552432478370334,2.2270536797276517,1.6973842620884845,3.8782385163977957,2.6742429308381523,1.4199224308577496,0.3842411095856601
22hc010u_0.98853_446c020z_-0.98853.wav,5.310814917890659,9.986743376019998,3.3774836974675533,2.453412881217559,5.15274821857392,2.594026292447047,5.229088696581376,1.7900935864058012,2.162153971645401,3.500430186935026,0.905207860016869,4.00943385903111,4.510619719021991,0.9774934829655922,0.8079733344475127
445c020t_1.3052_053a050q_-1.3052.wav,7.481805005277431,9.971260433990938,3.2367452530893592,3.841297378501864,4.964790587365154,3.977847711565391,5.066052655980406,0.9068521252433652,5.11461875358354,5.435728808137788,1.4938920238002376,3.2507327841280023,4.92968810254837,0.9653839358601614,0.4415471113879774
422o0305_0.44554_446c0208_-0.44554.wav,7.846332786635317,7.755082351381777,3.916482374982501,3.942244384843028,3.8967967727660735,3.921625385003888,4.065541718899679,0.9067113420225436,3.6718931786112505,4.688289473841081,1.1260545140314038,2.706808465821743,3.754033620646333,1.7369364157709706,0.9242990733069716
423c0201_0.29744_422a010s_-0.29744.wav,9.6744286025013,5.204257284469296,3.6031044682843727,4.923979533143786,2.841455351397208,4.811655993266129,2.742039948217658,1.6120167575636584,4.274664747788442,4.6937758977899895,1.7344149937181417,5.068567061344235,3.7462099114479086,1.437650844164282,0.5314643232086436
441o030p_0.72083_440c0205_-0.72083.wav,8.84735726193808,6.434839587740721,3.905467561150171,4.484146633067455,2.989814482527184,4.399209617901114,3.13707514752172,1.3785633593334852,5.788996348720044,3.883343465864787,1.30253521235955,3.5122237263307463,1.8686296135619997,1.6608374493891236,0.4155007654631856
421c020p_0.81852_22go010a_-0.81852.wav,9.753229511875263,8.466323884258285,3.4826461051606525,4.682053211740865,4.227260233334352,4.694920750375211,4.376707302390569,1.331644752266964,5.640271345161544,2.932183616553417,1.67137763768726,3.831733533292212,4.703454165095501,1.1253257322306405,0.2943738088279372
053o020y_1.705_445c020p_-1.705.wav,9.63104444519997,5.314676438397054,3.040299143830069,4.843180275962338,2.588338918528994,4.95605206433293,2.7154607474570915,1.7217359844954605,5.387733125447115,1.9921040414116893,1.5588383274297346,4.286309569183342,3.0210375741703612,1.0174832166491528,0.5717494497683122
420o030u_2.1887_441o030i_-2.1887.wav,7.531434941062827,8.878952115334826,3.20322145153521,3.7885317966845182,4.511356549242599,3.808389362163288,4.66003632962062,1.5852985889202296,4.942812089895032,3.161035824876347,1.6025707447411195,3.3544425953257635,5.656325063696504,1.186670496574652,0.3159735035955642
442o030u_1.5735_444o030y_-1.5735.wav,6.558619850508327,6.589860593987172,3.1116353750035,3.041580837093396,3.28197042860824,3.191057987156185,3.294483685942212,1.5031618400474294,4.581606368688011,3.505892988948374,1.3787077069396707,3.0185485607307525,1.7523265613470886,1.7960726648342145,0.4545797002301147
446c020q_0.085415_051o0213_-0.085415.wav,7.206718653408132,6.896665043243466,3.560106482012559,3.454918693505471,3.722798667865212,3.443728892575412,3.553167337164937,1.754234272675244,2.513924985552361,2.143353982110165,1.3573199825432982,2.0101544756147685,3.9838252378698087,1.1198786170212989,0.7743056546699394
442o030f_1.1558_421c0211_-1.1558.wav,5.25529959633738,5.525308892562764,3.241358724878164,2.3777111573781124,2.813704621856137,2.5346484719577167,2.844860348336872,1.1410919317259969,1.795347825493253,1.9493984469614507,1.705708623430134,3.288022598033952,2.820720904722996,1.1936573341967966,0.9253803903893116
053c0106_0.80183_441c020q_-0.80183.wav,5.339266496976513,5.973143679985484,3.803954065218362,2.721088085959728,3.06098129989879,2.8487001062685944,2.98214493600059,0.9235480032100452,2.2480473226985085,1.5621727828463527,1.6755344304750022,2.3635658786902596,3.524119004518761,1.109152664285696,0.5217738129296985
445c020c_1.3742_421a0113_-1.3742.wav,9.76442240134277,6.056010754686843,3.563615815588417,4.796103152137116,3.2850172112508185,4.88922102381019,3.167420179081309,1.5533077981903096,4.10113763691456,3.2097033519450795,1.6124889091666748,5.029491291126932,2.3283862921703733,0.9992351485430504,0.3318046851751416
050o020t_2.454_422a010x_-2.454.wav,8.063994400387688,6.103501008639157,3.8329838286051303,4.08003054456839,3.261282586784389,4.034522122914281,3.097487032636689,1.6744305483095254,3.694040419729098,4.066998358504488,1.3280134385083475,5.0297035350464,3.8017435578270757,1.784718476565613,0.5678590614655383
423o0305_1.3462_440o0303_-1.3462.wav,6.869522263312626,7.032156226119432,3.1593314854144654,3.483762989344243,3.5473230570393666,3.408476214536284,3.394902908964988,1.444054746175914,5.096598334316128,2.5869800000060272,1.7828842968361012,4.5357978486528925,3.7251709710909395,0.9298786475557616,0.2600926572116276
444c0209_1.1692_051o0206_-1.1692.wav,5.97847070600937,8.322468430220649,3.6563819836194615,3.0134751590464948,4.067625631170226,2.8838746516826204,4.143148531611259,1.2194635919525898,4.018600992151728,4.381702747652498,1.3436703869071331,3.386086117007575,4.789791571131726,1.1298260433659402,0.3183563057749459
420c020k_0.1332_421o0303_-0.1332.wav,6.393672980277419,5.745467345921012,3.510124407361693,3.175227701869727,2.8252389984781505,3.285554613769875,2.7236123655979005,1.0951879852355833,2.04084283820738,3.0350734816844205,1.0707624027062912,4.496031081940714,1.6956142512723629,1.0183089476612082,0.7436123037014525
423a010m_0.37515_052a050p_-0.37515.wav,5.292278498310046,8.702430602496937,3.715530443007751,2.756187186216894,4.332997870814356,2.5962265097847697,4.32945075996507,1.2421581930911187,4.108622211379795,5.6012763178485745,1.0956846785533907,2.1530997661471036,3.4594760507480777,1.284431285527083,0.7588147977360031
050c010c_1.3988_441o030o_-1.3988.wav,5.409634090601029,8.275132452276138,3.6011903269012104,2.916396440427422,3.964804332646157,2.818728063151139,4.103947740970869,1.030164441616532,4.2574522803759205,3.1936739051571386,1.4565597382496231,3.3149443986817784,3.0888874080535014,0.9773386094260464,0.8459750203305232
052a0503_2.196_22gc0110_-2.196.wav,6.570988602515499,9.559808430976313,3.588508189131979,3.276104012270106,4.958070389226322,3.326091539574054,4.816644623843782,1.2665968103643386,4.438733116988359,4.66156670712398,1.2575060454605396,3.747755057319294,3.8451934855640704,1.3673712531362383,0.369977073501415
051c0113_1.0098_053o0208_-1.0098.wav,7.176498641895037,9.751887098578088,3.9053459391803935,3.6465065332455375,4.937678189616413,3.683161594404314,4.792225769590322,1.4937032720458374,3.2723843854343797,3.57694105764533,1.416740530480071,5.260949620826068,5.412595818156359,1.7792892091651833,0.3956188038375263
444c020x_0.7265_053c010k_-0.7265.wav,6.171726896531362,5.265311701514079,3.066011047777687,3.0914722632304823,2.563399836979822,2.933897669155572,2.6271983267905314,1.040795921758452,4.509568265462933,2.1991604594869796,1.4222766113009198,3.961645110668969,1.1435070832160215,1.1460575869735283,0.7404385199335013
441o030i_1.601_22go0103_-1.601.wav,5.008621164834151,6.84887095466128,3.49502138301549,2.503838923497228,3.3665976051040074,2.6238045175782334,3.2765517488040565,1.6225155090954295,1.6475926744983553,4.860786412477556,1.4008319753504832,4.1274962717597425,2.774696076809095,1.0645940217589058,0.4110876047280237
442o0303_1.5704_050c010f_-1.5704.wav,8.798445840960262,6.536384030664354,3.852377674150972,4.163946350078918,3.154264603613436,4.31564521166967,3.1033975672139182,1.2817546586599684,4.867286930332834,2.835295246842797,1.0407100976397692,3.39322136812773,1.8273051909130702,1.7893956065104013,0.8285969364344679
440o030o_0.36209_421o030p_-0.36209.wav,8.257739916213938,5.599134834781468,3.6360577228668367,3.9601290124802815,2.760733569837732,4.003809592609114,2.904232722865228,1.6577734198469125,3.315388633523816,1.5669208571579287,1.7421352540233277,2.697043868456581,2.424594516039917,1.5106746183982844,0.543739330586218
421c020w_2.4247_442c020x_-2.4247.wav,7.531682613096857,5.046351798743467,3.876371302950436,3.810186569200486,2.4803661145756304,3.658174725279142,2.4042583008661764,1.546555685040777,5.815163144720472,2.619066877567979,1.4445861375660425,2.7846411867769154,2.891603882977054,1.642235856903015,0.8226354494044371
422o030t_2.1346_445o0309_-2.1346.wav,5.769975954465591,5.668913573374798,3.985285322848848,2.937768674592593,3.0722293895355586,2.8276986405754414,2.970324592732548,1.3064690568481,1.6516741592675412,2.6626478468006,1.7753243760211732,3.747111120045218,4.151057858239747,1.324889964852603,0.4428279582149917
052a0513_1.0689_22gc0106_-1.0689.wav,7.965756746517252,5.9112680976252046,3.5533700567438773,3.983576073049992,2.8406878714836656,3.8847141397754985,2.9789858040395414,1.6101496372015591,2.986424752181902,2.2024630589868845,1.790943758414299,2.416825993735306,3.5331137245657365,1.0299830042797748,0.5110985272409375
050c010b_1.8302_445c020f_-1.8302.wav,6.631985254228524,8.346036513262886,3.003708007926034,3.20782139664167,4.032210609714711,3.2444142518568,4.187969920663382,1.0742423515349904,2.6657951710335186,4.445054068126511,0.9138308013766224,4.477711641687248,5.149794270880244,1.6337794049497107,0.9997734885163952
422c020m_1.9739_22ho0102_-1.9739.wav,6.80572403542656,7.831254792078548,3.833718790533498,3.267249528402961,3.660412405201444,3.276070500703198,3.830183399330825,1.377072209317234,3.415400110738386,4.509149904524677,1.730566563271311,2.8769235767390184,3.0571761046157304,1.648058425897713,0.881828513603776
441o0306_1.4039_446o030t_-1.4039.wav,7.807429023421227,9.737539506360152,3.148442803177581,4.005589942995285,4.871768224597718,4.101472105266658,4.987122509122248,1.7792712115017406,3.2582310025047048,4.182836480211739,1.5496251402435808,5.0014126652075905,4.482948901158245,1.1314134471916002,0.3622251031580535
423a010q_0.23719_447o0307_-0.23719.wav,8.645622735723547,9.225073896693104,3.6682928098308265,4.387655246733476,4.729783791200776,4.325310387558731,4.866213694574198,1.726615801441978,4.008778823428233,6.662205663179849,0.9758520211603292,5.393377414739134,5.245284259153786,1.793606228794884,0.2455393509124986
423c0206_0.78948_22ho0112_-0.78948.wav,5.47245570807932,5.376576580507166,3.6449104473843463,2.856184893630136,2.5577863752893624,2.9165623851852045,2.420474472988369,0.9697361961056052,2.559911419547773,1.7639385900141789,1.715573986658111,3.0063109975018203,0.9190891686832092,1.6252712711415072,0.3039724191195589
050a0512_0.3958_441c020v_-0.3958.wav,9.749649181938995,6.088201674428225,3.407063191295878,5.113890162626345,3.1623266288525747,5.012274877423724,3.272663992484257,1.4199892627716355,6.443061843559928,3.511928308410835,0.9842180703968952,6.741130741518291,2.6148356327164093,1.010123082809348,0.4404113612066871
445o030t_0.62985_053c010o_-0.62985.wav,6.282935372484412,8.342998046308617,3.222699563424823,3.1061807617737616,4.017496989916589,3.1861793200729487,4.16749775881479,1.0306577394044176,3.376014244451498,5.295085482342792,1.76008518728678,3.714228777692463,5.495252558989855,1.390669961752298,0.4266083474979705
443o030f_2.0594_052o0206_-2.0594.wav,5.008121265972585,9.355380035890882,3.199463963120106,2.6691690576946727,4.49351115876248,2.6865610159168294,4.6424994797450285,1.3506012623097576,1.4657300982375587,4.4946104927489525,1.3775899419110351,4.223350763079461,5.336772781106467,1.0570734406172442,0.5741730225729895
22ha010m_0.013147_053o020l_-0.013147.wav,8.448306961145805,6.526654975659171,3.541371551833861,4.269040315666579,3.228088620067713,4.297518084637528,3.0808167059956904,1.6605428918306115,4.031469246764342,1.6166750427270205,1.1802450412736616,4.321591360020955,4.538496663012678,1.1011360645486123,0.3105758972825402
421c0210_1.1555_422c020l_-1.1555.wav,7.024593254298605,7.648280530775078,3.6617143539272528,3.299877123374732,3.9406518267107296,3.3841433729040644,4.0647453365743,1.0161011995308304,3.964805719359352,2.2588199882074522,1.5146105105669725,2.7007423705944,3.634455000964879,1.182482435185839,0.2714575576482554
440o030z_0.47398_444o030q_-0.47398.wav,6.766721058385302,5.065193561010975,3.667763790150932,3.353578293301484,2.5069575557069466,3.465618445249182,2.634812959783335,1.5875153209172392,4.474793569856766,1.5255469209353518,1.6409061802771805,3.228072296299756,1.8174654598929147,1.2318399754204026,0.5310784503192971
420a0101_1.8109_22ho010b_-1.8109.wav,5.044420558158206,7.553953479455521,3.257832284699581,2.667513051907725,3.798221916397542,2.656917389467978,3.648596611260132,1.6029152393625197,1.0436611722164417,3.2213784599086948,0.9405369294382652,4.15768055300642,5.074242005019742,1.2490898251703832,0.8028989208927926
051o020a_1.401_421o030h_-1.401.wav,6.2649916288903,6.5162801876052105,3.0739432179661943,3.015271191728555,3.177103591442859,2.8832114680056256,3.105968302238248,1.0331987284918691,2.405437264785901,1.7729511595718406,1.7098122034443146,3.6048548168320145,1.9252648114487694,0.9453548983405596,0.5470456969883196
22ho0101_0.77144_443o0312_-0.77144.wav,5.115805259279759,8.688952290747245,3.0935547073450684,2.6925083215893664,4.331026660154537,2.731399617864025,4.486228036031417,1.294439077053322,2.7384749615960056,2.6650641226474603,1.5253569045650128,3.6336392517911946,4.495728542904827,1.032680137400415,0.6949540833782297
440o030j_1.501_444o0307_-1.501.wav,6.89756533903658,7.657319477954103,3.3437368400512937,3.3605471497604418,3.973829695978341,3.2741867590130145,3.827399224730203,0.995037288896245,2.484514135835398,3.2174434504341107,1.2780343703370016,3.4307265425933204,2.117440027766521,1.0495987315680844,0.7161057507736313
447o030w_1.9272_420c0203_-1.9272.wav,8.071888288528806,8.404182218659713,3.8682432999013416,4.204556063329966,4.140701215316195,4.245430832264623,3.975688327139125,1.6053377943862783,4.79696008471114,2.642667179568706,0.994019285847117,5.356476216644092,3.7487781102522257,1.3287724934282044,0.9164054098126796
447o030n_2.0002_444c0212_-2.0002.wav,7.10103966392599,7.075496976253248,3.533098905734469,3.4171346474527486,3.5019260616737267,3.508567399321325,3.6452440713087313,1.1546493099033877,3.3064595588303343,4.214987050434414,1.620676693326031,4.534965768961374,4.335180654246734,1.4312291097628824,0.928219956246944
423o0305_1.2812_052c010x_-1.2812.wav,7.552908065146002,8.559944095215792,3.075458271842738,3.931943847957299,4.29723761172544,3.832922601388986,4.435421520803369,0.966029377103385,2.752885334393203,3.7212517553183084,1.7592797613643314,3.7402170795069134,5.4856925466105455,1.7475535347888218,0.9302478818803028
052a050f_0.46969_445c0207_-0.46969.wav,5.48967678633973,9.478313949192188,3.091233733219241,2.603993047116969,4.739498660745961,2.7037745467024408,4.60186271943529,1.421314324963754,1.9629560470249507,3.2674496261389674,0.914584938973366,2.241235987786856,5.273284669460066,1.1753052780680002,0.6940422213699755
052c010z_1.2608_444o030x_-1.2608.wav,9.009409825521882,7.173616702212913,3.466119725616835,4.431998938218423,3.661415961511985,4.340442332516767,3.7802325763113953,1.239617410908345,3.392997123145353,3.1578642377452466,1.7639483526141997,4.361895200686046,4.390830593602477,1.0175976268046727,0.3727815996142569
447o030h_0.35911_423a0106_-0.35911.wav,7.049980289317924,5.638755047596748,3.457122067722884,3.341396592999194,2.88505755020315,3.4970397193095635,2.95343311040074,1.5026885787554052,4.203392282056394,1.6732754593315549,1.522076175454615,3.901500701635697,2.0362811963143566,1.1788197904763824,0.6245202642545046
444c020i_2.4042_447c0214_-2.4042.wav,9.239612401224475,7.933452121431776,3.6578219423998095,4.591291667826289,3.721968586251914,4.459719933219634,3.829620240454697,1.0580536414385668,5.25202407239219,5.039972634700145,1.2868676659733054,5.999720272309541,4.484875812826909,0.943802100099372,0.9154142705194608
420o030w_0.65044_442c020r_-0.65044.wav,7.757095458992953,7.317302566696663,3.196609117741047,3.7333674686453575,3.811354010160999,3.781738241959583,3.6483807967516046,0.9941725042775345,3.8779817650905626,2.179832315400875,0.9231273075048986,4.860783368435878,3.7713103998759347,1.674445091071782,0.5240623129591351
052o0209_2.4078_22go010q_-2.4078.wav,8.418488046339004,7.382575506694897,3.07164556103118,4.154163396433557,3.793501222914852,4.07689189783917,3.6649356151304304,1.130732496014261,5.855378497926358,3.310897083269177,1.3415748817259014,3.0257025912068896,3.9851526948163993,1.7372392836287174,0.4198966392766898
442o030w_0.36939_445c020p_-0.36939.wav,8.48174305621168,7.13457913687283,3.4323894093993603,4.406014956032412,3.538075247574686,4.369671583359767,3.7041449897397696,1.1866485221535077,5.578633155306587,2.1643030739194313,1.5173441462632729,3.7469698035957486,5.45123591782275,1.0416064270841452,0.4788833982228829
053o020l_2.413_443o0311_-2.413.wav,9.326747031050775,5.1441244280859975,3.8794880673469008,4.776294717030368,2.683399934794766,4.626689197125545,2.672528485305031,1.3225673795229076,3.24561509115154,2.2087500596695917,1.2362712961040927,5.145413722275772,3.2804411819419075,1.050295359298362,0.4759979287851617
446c0208_1.9695_445c0213_-1.9695.wav,6.371873003466745,8.23783491501242,3.5079457343431426,3.1458581165120347,4.149197214118742,3.0055762168653506,4.096084234240771,1.1207207178544685,1.3438491812662707,5.036266816075025,1.4825506611802184,2.0841731995179273,2.5237805121728396,1.6668802921308918,0.2973221611891111
423c020u_1.0981_420c020c_-1.0981.wav,6.739038899003334,8.513604114045393,3.993738039349168,3.2360423853076363,4.229392811916162,3.319326933875804,4.377594309782399,1.5563463471922496,2.4089995787189444,2.5357657056313747,1.0253429497420006,3.229745664987196,5.953348109647995,1.261899369417209,0.4567543461521006
420a010m_1.9168_423o030j_-1.9168.wav,6.186905157913596,7.439435041778909,3.303456890976822,2.9228467952556394,3.645334374650535,2.972042460246876,3.7975834683951946,1.3701463121091615,2.1300265033438794,3.9021499314279504,0.9868814352786964,3.135247195404062,5.0981056868905466,1.7657701289435572,0.7485092373157662
051o020i_0.62753_442o030g_-0.62753.wav,5.598264974086133,5.803760421723184,3.634031203370332,2.6892670156553384,2.954679265021588,2.6101198917839774,3.1051310273339365,0.9703015597590544,0.8184732868241275,2.6011960794871647,1.1610758234205236,3.0152240728992017,5.0450261745283225,1.339272919388358,0.9647205501577468
051c0110_2.3888_053a050p_-2.3888.wav,8.633885758637737,9.224686219184724,3.924435093033656,4.341890316624601,4.704359761567999,4.328502499223229,4.873831783876189,1.0589775895969435,5.465863134002409,4.687731583818034,1.4439344862967085,4.290610806464215,3.6887779085860357,1.525603495325556,0.4254527757171014
053a050o_1.0213_441c020i_-1.0213.wav,8.269091104618177,5.478241598946662,3.245428767028587,4.07463147985893,2.8278283954779946,3.922378791379709,2.90345325151653,1.1332450840306685,3.0182102614692234,1.2926240139550367,1.3990191917395751,3.4729203462431477,3.802128241262219,1.5961398875426471,0.4691999347676055
050o020y_2.2243_444o0311_-2.2243.wav,5.442177058939,9.951066525391091,3.0878273327821733,2.5430499173204395,4.839282843216107,2.712164594704848,4.856609871038768,1.3902884636948585,1.1521368773029028,5.048252477492665,1.3202284559019626,3.2214345862303637,3.673569384234714,0.9388180835506424,0.4844039768413789
053a050r_0.31637_444o030x_-0.31637.wav,9.633761734617725,8.98193027237284,3.213569341093996,4.776513053424372,4.293567602485107,4.919342809372601,4.339389658481858,1.6205816000100008,4.655689623373104,3.2053764815920447,1.3497731541149278,5.535400594420488,5.256785610955971,1.6182568954126109,0.5271443680019234
051c010u_0.23405_22ga010t_-0.23405.wav,7.8692944173555315,8.21528723926196,3.189080751241649,3.7761058878832734,4.133200802314948,3.941535453372014,4.172355097892914,1.0084147812138562,5.272915922660655,3.6880597158894606,1.1796624946843668,5.417429229174307,4.685475456381317,0.9283139462929832,0.4684559915388188
420o030c_0.86009_446o030t_-0.86009.wav,8.611962000586916,6.590157419656637,3.3533823959402698,4.400359037972256,3.503811683454046,4.50586775083222,3.39719127494501,1.7337877742728225,4.746557537593951,2.6227379471642904,1.438637776999587,5.812775281555874,2.8144693506084706,1.3113736001321794,0.4092723922231422
421c0202_1.6945_420o0304_-1.6945.wav,5.494813415231844,8.963922272599397,3.847706325885094,2.6099827042417187,4.558499090643673,2.7588358392226,4.539985738533275,1.7689998190208365,2.2908229167055167,2.6516402988018744,1.4889294534518371,3.369951445744887,4.8655465288698005,1.5290664046941371,0.5276220984186326
446o030d_1.4883_440c020e_-1.4883.wav,5.102282169138689,8.944984877604705,3.982106479799478,2.727666005746997,4.500371429057894,2.567714130911128,4.5042954240235344,1.4631270539344994,2.827224248799972,5.22041702926912,1.0267691712461806,1.8437027896229674,3.991623991654189,1.6724132257702613,0.9328975272444496
053c0113_2.1097_421o0307_-2.1097.wav,6.097776195713639,6.46264485575203,3.3659632375509494,3.022545950439093,3.0975616346352304,3.1466783603798145,3.013352699228656,1.1829825960913158,3.0913958671689987,4.222505891399381,1.1007079260719466,3.5992251165016254,3.659066842102155,1.1766251991573962,0.3308016729930307
446c020t_1.1582_22ga010k_-1.1582.wav,5.643332627604666,7.490720825507284,3.325747660567743,2.890435362667801,3.7313064483716136,2.81609820525476,3.589623749965108,1.1935753829640936,3.780730024082117,4.624874039708145,0.9718380063038706,4.048113494508277,4.151378317563275,1.4361996696029808,0.4535501559405683
423a0104_2.0665_422o030v_-2.0665.wav,7.557658411377254,6.084373047094512,3.024660694909842,3.791753767848967,3.1336614923558903,3.890339866692019,3.2467136091645026,0.9807762615108933,4.558538544658613,3.275637513854999,1.3318346978482465,2.8972053126642416,2.24793088331742,1.4940085105651686,0.3004003239892366
447c0212_1.8772_446c020u_-1.8772.wav,7.913059834265036,5.000352631722906,3.6449595304582183,3.844758983919261,2.343583573801874,3.746402246638433,2.4568352944575462,1.257590623477301,3.5706591658338787,0.35881034336224715,1.4168735298872748,4.771791766022536,1.057098797847217,1.129839771037272,0.2376890053940565
053o020e_1.7231_420o030w_-1.7231.wav,6.564339640055518,5.94619830240609,3.47005919058394,3.2373540437295927,2.968091654494728,3.383871058689398,3.0002283053356007,1.7125572108706784,1.9445153080585567,2.1851624409515864,1.688711332130381,3.4971416529714987,3.963291230047147,1.4749767715570306,0.8814389631403698
442o030y_2.016_444c020b_-2.016.wav,6.835724131177229,9.184214443674245,3.5636845630627554,3.3109794779830093,4.643560582867661,3.14108740800214,4.64961736069214,1.5813497780683512,4.087504440883318,4.069908515722062,1.2749025579251223,2.135630000672067,3.7366725030251864,1.511072568910052,0.6564097978329981
22ha010o_0.955_446o030b_-0.955.wav,7.101812816557395,5.026627531855057,3.132136898470999,3.404271712721904,2.3838833176064638,3.535990648842161,2.455647667163521,1.7898052664985629,2.3432708445190094,0.8360750989823243,1.2843338422484587,2.7620040281073943,0.7160872631887422,1.6988376879829374,0.472686027046549
420a010f_0.12968_051o020w_-0.12968.wav,9.3261832685371,8.86870391229056,3.952003849336284,4.8954997745299496,4.482769057541586,4.793889350090848,4.346477745840121,1.710511041056327,5.229578875694089,3.225426522616667,1.2954111641121124,3.003809557254203,5.005256948896712,1.6062051082350322,0.4720915351462918
053c010s_0.92157_422o030z_-0.92157.wav,9.492288607091968,7.968757692380542,3.394274700250436,4.674725623725163,4.090418348524138,4.8209392485762645,4.123908285936754,0.9870949939196074,5.079770669021587,5.377920094229526,1.2334719821084077,2.9766398473135407,4.868403370669066,1.180015610066352,0.4037819826912427
443o0306_1.952_421a0113_-1.952.wav,8.751090637960353,7.043655678653153,3.264419569829209,4.218363795441487,3.4658906022905347,4.238705302388253,3.2971119807321907,1.0110808072774546,3.2867637041228717,2.251889989313253,1.6900558824507863,3.514598999282767,2.942746149144404,1.0631039881069888,0.9642433560421596
444o0301_0.54604_053o0212_-0.54604.wav,8.396338814478607,5.952739257339484,3.376250318372953,4.2455729131066455,2.8635538038141948,4.140168446122097,2.7568303371365084,1.7047855251342896,4.614621262895976,3.8854602869850776,1.1735244468758037,3.9722177839112645,1.2806972096079101,1.268687663613437,0.3691439355790568
422c0208_2.3543_441c0214_-2.3543.wav,6.349547733814127,7.426351476470764,3.2035749538143947,3.0592988413020104,3.593601337804313,3.0542688832755456,3.763526908341098,1.2368416794518924,2.4642532988696235,2.746599725851446,1.4784996410483464,3.488595551684468,4.1521886682873985,1.1641591274051175,0.9445683698877236
420a010h_0.012105_440o030u_-0.012105.wav,7.86531338248075,8.69239693812094,3.4432271862981154,3.734416867082216,4.3935054255679455,3.884416716896677,4.393717688703855,1.458359941009375,3.1630174319734605,3.8179863962774925,1.010908674630099,3.266540371632317,2.4746891952610213,1.0161870993740083,0.405625247577027
22hc010f_0.88872_422a010y_-0.88872.wav,9.412006177522802,9.601867247007924,3.2194271713637344,4.84542307120112,4.9643959230020345,4.688512651034882,5.029810906325847,1.0921827041477843,3.1972387627219647,4.69038298084897,1.2415700057449237,5.636783889264128,3.7407259892318767,1.3009692902978165,0.647086636097502
422o030x_0.92855_442c020n_-0.92855.wav,8.274341134907797,9.135747036373113,3.994985913635893,4.407337781154767,4.444554324237181,4.250159300539724,4.3797860817757215,1.7654235174304087,4.411277392146014,3.4295908745645987,1.7562419615600833,3.6783552768756778,4.869913137312191,1.1758310420356684,0.972050512032324
421c020t_0.66164_420o030y_-0.66164.wav,8.619077525551795,5.004186421196721,3.512342955133421,4.288522497759554,2.7100850752144825,4.333960750951619,2.5671327574758265,1.1714822984636388,4.9088644629281255,1.7623036576962845,1.4057410099659506,5.905350428178407,3.175658942253752,1.4358332340589453,0.3012621181364937
447o030u_1.9412_442c0209_-1.9412.wav,9.176336102085545,8.722678257971339,3.766665225326199,4.362020468256069,4.126171662760913,4.484596376077964,4.243964475876306,1.2666406387946096,4.1705423450187205,3.1709460829861214,1.1285896492467375,3.679602831814622,4.820598343943855,1.085972564059437,0.9557965927094184
420o0307_1.0732_444c020r_-1.0732.wav,6.275625279809182,6.99999218343657,3.736045249510227,3.163545191957972,3.3090311299627126,3.128018126540691,3.475277416004946,1.650314390952628,1.853356184007518,2.064479644942108,1.494999787809838,3.763700500848476,3.6589793308904923,1.7417939961161688,0.9544875340764688
446o0313_0.58676_422o030y_-0.58676.wav,6.887112024236551,6.826525478476108,3.3396328013223373,3.501924375937149,3.4296119128996985,3.47221525635768,3.5969958076262003,1.7423382414715285,3.7092840711190176,5.124724306886277,1.7159402275238342,2.3839237041519974,2.2481578063575487,1.0064944660345598,0.7418332186161811
052c0113_1.1351_443c020h_-1.1351.wav,7.167433580935088,5.328982683519099,3.633607192721056,3.684697495064907,2.703868813560584,3.780255426568413,2.563267669444431,1.0911052696956514,2.880342028553273,3.0250327896572755,1.4874499393697322,2.7041201167700577,1.9442789835405594,1.6621259051171149,0.2330098798546474
446c0203_0.85185_442c020y_-0.85185.wav,8.524220749560516,8.499084306175536,3.0426547467620586,4.209981889816465,4.248280807858048,4.297033811029982,4.394301227707588,1.1486449590062833,4.047386045801649,3.642859805086244,1.5011906953544425,5.210531385141103,5.509621291259753,1.1180410556232134,0.5055959848674287
053a050d_1.8083_441o030k_-1.8083.wav,5.298622154718438,9.337647381663553,3.5796127700688603,2.563133032097153,4.403994930751671,2.4845142519992858,4.554723452989246,0.9130085358470312,3.482277161299116,3.1296796169994967,1.38088233171076,3.534121563651338,5.413848819619889,1.5879803460756086,0.8209236685308565
22ha010i_1.6291_447o0306_-1.6291.wav,5.846008127373974,7.418558653497427,3.0081570762808223,3.002552820971434,3.544520745966456,2.903142346995733,3.656848648394688,1.6202266991165293,3.055036605192093,2.9808857336479537,1.042872722850099,3.2910316436106006,2.5776914098719086,1.0461928865832857,0.2085273457301874
051a0514_1.3731_440o030l_-1.3731.wav,7.971691392290867,6.035031194316763,3.488434829177888,4.043921963872172,2.8855027189451543,4.213917304906528,2.886761300135585,1.4707288269686811,4.620618654912974,4.348620890604305,1.7994130952833944,3.8749457186561576,3.5828183811646466,1.6587578766399715,0.1421007491002529
446c0201_1.3315_443c020l_-1.3315.wav,9.537742603842958,6.28602936735812,3.592945672941604,4.69670796252888,3.2058454306169017,4.570340950502652,3.0921292124615154,1.5697735353926716,5.678282198535164,3.8081387349877547,1.3686768166309058,4.488846897832174,3.856070031675802,1.0971468156024735,0.2042712760524904
051a050z_0.21989_053o0206_-0.21989.wav,9.29910910185788,8.000204822007321,3.5030588429827314,4.416289384762426,4.197450376016247,4.533273372273803,4.074102304827686,1.0112745077805922,3.6671265404853655,3.2936005639414843,1.63517226132628,4.8810383192077795,5.163995990062176,1.2551845100951082,0.29127722428884
421o030u_1.6277_440c0207_-1.6277.wav,8.206644871563043,8.711710068467212,3.3385617743327445,4.05587560849884,4.2820743463369215,4.146503292385776,4.162547684402064,1.5151973012698337,3.956260260012618,5.0248142693287585,1.5933862337975628,3.769764888313846,5.190802066084102,1.3053398210958376,0.4428653750866466
420a010o_1.6861_052a0510_-1.6861.wav,7.887127134456637,9.67517959620582,3.8765446861753032,4.023067233943988,4.694195200205167,4.108505263102972,4.841165752267234,1.6324661070269948,5.307211682944372,4.997537419549215,1.1652147062873734,2.570651817103525,4.575469608671542,1.635635036179019,0.4146558052924257
22ho0107_0.009742_443c020w_-0.009742.wav,9.122306550955829,8.722099567592796,3.0962583897802083,4.553188722927304,4.461010560833478,4.665843467946173,4.574627938134372,1.6604222283023915,3.0031933793849817,4.573901452905913,1.4882687864259436,5.940131441517443,5.717883796550339,1.7028496084261069,0.4459985376112458
422o030f_1.5957_420a0101_-1.5957.wav,5.0055556712469285,6.536982388775874,3.907900185920684,2.381761351564185,3.1949893458487355,2.526560706413976,3.234144764823436,1.3705491890140529,2.7670418319248453,2.169087969227197,1.4498125945339408,4.002905838040954,2.0549085317051436,1.512535714949701,0.2204989870681928
422a010g_1.7351_440o030m_-1.7351.wav,5.850447886229343,9.096094708036365,3.104471044063816,3.196597491291751,4.693979177003949,3.0516366379691338,4.605174047625186,1.709357378546747,2.4766452124829486,5.236220315303131,1.305751061709293,1.8387753977792514,5.357886989347592,0.9518055644382782,0.5450562621169635
447o030q_1.7774_422c020i_-1.7774.wav,9.938802849613616,9.320225787566146,3.0510511321172284,5.000143315509411,4.663589061191625,5.015505727216927,4.514377813939521,1.175160095249703,3.447709343589261,5.112979226766876,1.6702124311527284,5.100445649625525,5.608757731357247,1.2524383389549234,0.4432009251874964
052o0204_0.2928_050o020y_-0.2928.wav,7.433541011085643,6.014496520992353,3.2662884262456924,3.95136710299988,2.962046836297583,3.829537103313232,2.843482713661976,1.15948040104974,3.5258855422319284,3.868987631906551,1.3013648109494271,3.8028399945492257,1.012715593662053,1.296341699996172,0.8346289897930359
22gc010z_0.38501_447c020z_-0.38501.wav,7.752993253475338,5.038382150880239,3.1791286971897987,3.827727487899721,2.478853532689444,3.864412619438024,2.624298371456646,1.4450974921017885,2.279804445665514,3.410522499167011,1.409182218411884,3.771532399697889,1.5102323614497482,1.1221040302412189,0.5342499369660068
440o030x_1.0265_051o020n_-1.0265.wav,7.466701778582698,9.954170161409984,3.977544156026041,3.666528077013858,4.830142216042624,3.6169668363897474,4.971717932278846,1.1696128362587903,4.730412328320134,4.935959137552427,1.6223290480220354,4.590107673548746,3.6981361886450825,0.975693198676764,0.5461440490693156
447o0301_1.537_052c0112_-1.537.wav,7.908902644378015,5.217280062413591,3.728549021972505,4.065069927856955,2.6940486066240994,4.167678698909688,2.5846345302762725,1.259925251834353,5.255364390548317,1.7991433481466146,1.243210897578854,5.409495075169302,2.6642825197115836,1.634676710569492,0.5232790923938533
051c010n_0.35943_443c020g_-0.35943.wav,7.699266239553813,6.523604275766542,3.949009891081357,3.813063167796616,3.4460741988999697,3.970186028667055,3.4158681301076115,1.5825756911838411,4.590594361057843,4.257774625749641,1.2877991092226957,2.9173545111271584,4.078831147429016,1.4885975525190829,0.6855284685101736
440o030z_2.3934_441c020e_-2.3934.wav,5.494367780965989,6.4695671316557855,3.532945266986319,2.5194430919679536,3.3759643133648867,2.664508567983621,3.414121981904092,1.2651090611999978,2.200901300624433,3.943939069788475,1.198015599357321,1.0676867671700563,3.828567419039753,1.2160968064438638,0.5671953070212015
420a010v_1.255_050o020m_-1.255.wav,6.8393763610941525,6.815438108421553,3.013446158443508,3.444407915225996,3.3982043366132437,3.51373276339659,3.2429817048029173,1.5354378658645962,2.7818898753011942,1.7424399087639357,1.7068257005103598,2.9907749585226364,3.8705892508324045,1.205383602203692,0.4366843651047724
22ha010s_2.0446_440c0213_-2.0446.wav,9.457027217386235,5.515911078773704,3.0855956806209424,4.600599864865187,2.82802673913933,4.739582653178018,2.925923544770519,1.4649732303009135,6.269027074088581,1.7444927075585572,1.0416041276049026,4.015677159770608,2.053838134990192,1.2884406883840194,0.8352768153975645
22go010c_1.7728_053c010k_-1.7728.wav,5.65718909794737,6.286778896592804,3.877337583191256,2.981501245973156,2.880529784129552,2.966996928563984,3.029826886500944,1.573615479698023,1.356358742189159,3.771863562592968,1.2223357308572635,1.804410084063621,3.2593144198423336,1.738050371743431,0.368238979501517
442c020m_2.0333_423c0207_-2.0333.wav,8.615415361021581,7.718399548783212,3.699582487363277,4.258192602784936,3.757760881758518,4.391062273493549,3.863806393713455,1.6419964835798098,3.0842672586239814,5.028753657404417,1.7111926661860966,5.950419905510973,4.269312222102126,1.146980070130106,0.9632837217371464
053o020u_1.9133_440o030k_-1.9133.wav,9.649125277378428,7.725880786859109,3.0755557847682544,4.897668768040809,3.9637742765933783,4.86595614250075,4.110383653446825,1.0234102008891317,4.839255923157835,5.212377792496141,1.7718558182236386,4.585881160268799,5.2344762982382775,1.264369774208863,0.4278161067464265
444o030k_1.187_443o0305_-1.187.wav,9.364321658243584,9.902637910660246,3.5146583065383106,4.561788480840932,5.087632776730902,4.713798992519367,5.163743251300834,1.702832652044314,5.437550262017139,4.522263210989671,0.9115959469426288,5.250344041189033,4.041140257605603,1.247585565325095,0.9449661489030378
447c020v_1.0709_421o030y_-1.0709.wav,5.591883515828552,8.297688343635517,3.3014459619912437,2.823364511552201,4.376027919674503,2.924307098194609,4.239241245608862,0.9719909100044176,2.5390593710588725,2.4768364660125237,1.0384734115964969,4.223542014639064,4.649624723897598,1.3448275920272912,0.8236264191327275
22go010e_2.3378_445c020s_-2.3378.wav,9.8457062612676,5.809180279666478,3.1602532086671857,4.967664699296464,2.976750207079479,5.089600520763703,2.889390860452404,1.5976476736200336,6.706450658137882,2.108739059347792,1.4158429748644688,4.4546040007377705,2.5459142633419716,1.100874242975326,0.5058672997128459
441c0214_2.1968_423a0105_-2.1968.wav,6.680933541582865,9.742909778180804,3.875994411494727,3.2795735807112094,4.881396508970648,3.4430953350981413,4.834913868746366,1.227638501402562,1.6378358043030798,4.980022820520836,1.5635071841002937,2.932586173918464,3.3540402763006583,1.2804603452472498,0.9717329021333212
423c020q_0.39296_440c020q_-0.39296.wav,9.437569343625016,8.602577176395927,3.4556671605334226,4.652090468471213,4.178769258355512,4.821658751275004,4.166661514264497,1.6535195019632196,3.251734795666601,3.74907916234098,0.9716107353740346,6.389334861383021,3.1161923089482206,1.391896185328618,0.8551184864746988
422a010i_1.5527_443c020f_-1.5527.wav,6.061960614928079,5.238317871888931,3.2072960056564623,2.893214918992771,2.458161644392267,3.031113921864371,2.39913736966552,1.240207775465172,1.026449492777028,2.2920511556694594,1.1568532674779128,2.8115649575638537,1.3934137970072835,0.985303410610299,0.5393143380776015
444c020d_0.038759_421c020y_-0.038759.wav,6.805918898880516,5.276156564911239,3.5150035638261987,3.406597451936874,2.6738454599061456,3.284278239954172,2.760667175968033,1.638180661904982,3.5356372954412585,2.006321899545985,0.9517964803192442,2.207224250241038,2.296742730896091,1.0047327604101066,0.74721407339542
052a0510_0.40971_441c020n_-0.40971.wav,7.162487556229624,6.389195638327161,3.8443406467392025,3.6598091830359034,3.44832633974696,3.7033396472513256,3.304781577790315,1.04924652668499,4.916481502763669,4.07508230310934,1.4680264119034172,3.0653157539046743,3.148949172298416,1.162555601673189,0.2895300028392348
420o030z_2.2502_423a010q_-2.2502.wav,9.500460179595528,6.564515370764031,3.225876584377029,4.77352652705263,3.308501227624304,4.74669564435657,3.16092038966168,0.9953255541035264,3.7525586017379653,4.056406245335559,1.2656760492335342,4.436989371794739,2.3390855624654385,1.1578406678275677,0.3109501859115798
445c0203_2.3536_441c020v_-2.3536.wav,5.842543356981257,5.66113280051452,3.551253996747393,3.1168916963231523,2.933304501778404,3.049435215203881,2.799328298089072,1.173551262730801,2.9190055362702996,3.8401523520818728,1.3141393258603489,3.336829460411944,0.9314088277509192,1.0744098776745388,0.3450726118624226
440o030r_2.0374_421c020c_-2.0374.wav,5.048427339948865,9.6985577950912,3.1518688208700434,2.3143053747507234,4.6474831438807405,2.357563878837682,4.791110097563393,1.4698344431656798,1.36483482633903,4.237555184042535,1.141379551612275,2.896878585694293,4.151244710734124,1.0575767547232944,0.4102243636260442
22gc010j_1.6561_22hc0110_-1.6561.wav,5.173821942278961,8.371403014539837,3.3108359729078165,2.331202317201877,4.342167640634397,2.486431071227447,4.4114787791596655,1.233527930903206,1.7453103012000084,2.5351467585827887,1.5778179781325004,1.241861084618326,5.110765526382814,1.248075461025285,0.6767006687188792
422a010w_2.3121_22ho0108_-2.3121.wav,9.410334042045443,5.066222808041883,3.8721053125712586,4.951026767965907,2.5675438146079905,4.848741992987065,2.431757862434992,1.6164650570448296,3.4784927195006237,1.9462228397956864,1.1746563403738275,3.8185288406784528,3.294170860869076,1.452009874945145,0.9888698472573876
052a0509_0.03838_421o030d_-0.03838.wav,6.641945369187438,5.176562119614896,3.609886975143687,3.2411644891179296,2.787708357176972,3.117756884088225,2.7024407606303797,1.2781464918367362,1.8342678965271764,3.0363062970164783,1.3872531236504513,2.7136065914000076,3.8515925859459763,1.0792170113141242,0.3184856939661372
053a050r_1.4189_050c0114_-1.4189.wav,6.308461787784358,6.068672668963865,3.4880235811896743,3.2951260117760324,2.946406098480532,3.267618834685642,3.0938623808442136,1.2702964059582271,3.914539887756404,2.3126590473395168,1.0154752482769631,2.5362648390315234,4.853034138817731,0.9315735397976144,0.3962443389901036
051c010i_2.1013_440o0312_-2.1013.wav,8.47637370892951,7.016923938262561,3.0535077047346384,4.294374778414914,3.527928656602417,4.392328640445482,3.3889860752484773,0.9097221874253392,4.315605873299425,4.19864680180065,1.2193289379095436,4.020891637494168,4.163603923216879,1.5151596820003876,0.4284254983407677
22ha010b_0.31199_440c020r_-0.31199.wav,6.2256508406796485,5.325249128120828,3.942250952555611,2.9391352452443225,2.392324250851173,2.990958521898626,2.5330876977996315,1.3985933509419055,4.871270453853628,2.7457966647166074,1.4064485007165906,4.132374509005478,2.7549360455522987,1.46519742166093,0.9436466596205676
440c0202_0.25838_445c020v_-0.25838.wav,5.046452889291356,6.773621506611328,3.6297524292233057,2.630671560162745,3.1462582291658547,2.7327123262564297,3.2694965432366585,1.4938611224676874,2.381192758070261,2.2686316795385966,0.9392249291992611,0.8923377772172248,2.422986876451097,0.9459040965815668,0.6993839080688073
440o030u_0.47115_441c020f_-0.47115.wav,7.07633100158346,6.289573023426751,3.388949139458797,3.640528273036276,3.1443556533482897,3.8014961084051766,3.0896806501324643,1.7641426693052686,5.081644895835293,2.5531149339654533,1.4092064495606853,4.9216474841994495,3.835661439604174,1.670936108581103,0.94753720954329
441o030p_1.3585_052a0514_-1.3585.wav,5.657999152566167,9.692893403724304,3.970416818702372,2.803345394893707,4.912406598682448,2.8906026488854155,4.766508786410205,1.5314473943975169,1.4708867433904225,4.778576719271651,1.6145883045791942,3.9016530119397954,4.3669214005567225,1.2541984008638103,0.6586878263258891
441o030s_2.4776_447c020o_-2.4776.wav,7.000439243438531,9.142892286857016,3.229350645024622,3.550424255773652,4.428995108308401,3.4043513298298897,4.39489671675941,1.006655742497154,3.602796176545316,3.6512199596265194,1.2693002707287016,4.294792142890796,4.245845518917947,1.7976589380122308,0.2294610363404767
441o030q_1.1184_051o020c_-1.1184.wav,7.720186351784839,8.994094806875164,3.699123009175415,4.09252268746259,4.501417546221377,3.944592136476598,4.476587079351401,0.9680268365878232,3.2129170112437286,3.9347094125140214,0.906526260752378,2.9929633111645897,3.5918920677338484,1.704932641994002,0.5977960765048989
052a050t_0.83905_422c020i_-0.83905.wav,8.666106775936743,7.0692703752948525,3.6765183412168154,4.434278679572592,3.584567843147808,4.344206634729077,3.7287449104564057,1.7689515148504782,4.575895464989051,2.994053429523422,1.2453612485559065,4.685358167978302,2.9248474894426164,1.2591659246513736,0.5230744489816099
051o020z_1.0039_423a0107_-1.0039.wav,6.001827890796852,7.51921829056057,3.356758261442311,2.8486726073923414,3.977130360464152,2.869330522556657,3.828559668397836,1.7785518956009467,3.4594951497473545,4.178077731384397,1.1196293564261883,1.7461485896453903,4.853913801212426,1.274449029665712,0.2959439009584307
443c020q_2.1417_445c020z_-2.1417.wav,9.329464857726736,9.452631863057672,3.144217973018665,4.698775284891414,4.694534397033919,4.768388965535709,4.539441084904884,1.0439147337045451,5.640929740886065,5.835513160651193,1.7033349559012745,5.997562040540485,3.8265962413064405,1.3765569042138368,0.4760713134902847
420o0314_1.6646_423o0304_-1.6646.wav,6.34134948898059,6.385743225279295,3.688745710055114,2.983712653334837,3.09171484885412,3.106607332516676,2.9742546520690256,1.5882336120306586,2.3062750553158997,2.307810483708077,1.651580119162524,2.7475106558778997,2.2279256511725984,1.0679766699727775,0.4368880847882867
421o0305_1.0538_441o0305_-1.0538.wav,8.1276909935248,6.981504691210871,3.0477467034793624,4.30508212410931,3.5449856687571377,4.136525165293969,3.567088872934894,1.2993604888558656,4.262340856607642,5.078637923183432,1.2319089054555343,2.978574598987421,4.63266600743287,1.08376026327571,0.8084006997388286
443c020k_0.47609_447o030o_-0.47609.wav,5.552225935803905,6.469282032520233,3.604420755945694,2.8284665790846497,3.042297023256872,2.81167386548322,3.2114655923526123,1.3229475962695014,3.3061617877307303,4.496233629060659,1.102251319856672,1.8648343339854085,3.2083739419197155,1.5806538561074963,0.7064410657060592
444o030y_1.1605_051a050u_-1.1605.wav,6.578945739640925,6.483213300277932,3.272150095914516,3.1631031257960345,3.2998704950851483,3.0544514742646074,3.4032862512323305,1.2743698583236314,3.547176342379768,2.469494753414222,1.2663424443035085,2.6075825278499667,5.23859042497312,1.7862742935867415,0.5237173671993918
051a050m_1.0204_423a0107_-1.0204.wav,7.688715045022326,9.793981662473149,3.308131125274804,3.844458725631274,4.994462965257305,3.862164001523014,5.16353846083723,1.2646975458095049,4.0128938923289414,5.874337306614261,1.0814824643565752,4.551815862422132,4.6742030479128145,0.9337772966177628,0.9709188736433358
053a050g_0.41191_052c010p_-0.41191.wav,8.674988210742708,8.30333805118047,3.34580989829998,4.484977680941908,4.182023564956492,4.410561612228937,4.334870706628512,1.7024901306303204,5.413952778991773,3.890320735677904,1.5414206704616145,6.049184566343624,4.62647422609782,1.0210986568138032,0.7752588254674085
420a010g_1.1584_442c0203_-1.1584.wav,6.1141040311516335,7.54691828455504,3.1426877724322013,3.0127193712001485,3.5407792003826875,2.8926762843790828,3.6307217226203368,1.508759749077625,1.7607041861216357,2.8822948338331993,1.4628007614156493,4.136583383806996,4.783357695079764,1.2280227046486956,0.7207903939054934
051c010s_1.2038_447c020b_-1.2038.wav,7.939167797871563,6.801129728822598,3.1039389020056083,4.15825083170227,3.474959106901194,4.008311840757632,3.3948448198201517,1.7079592086328923,4.316506496470563,2.326773970862377,1.303956993950936,3.3108357810996876,3.1809265209640256,1.1231306763762727,0.5646766821854157
050c010l_1.3772_444c0214_-1.3772.wav,7.960606465901618,8.901046543970951,3.017934696113667,4.235090159397744,4.417602696677783,4.113735412561628,4.536653212931775,1.6563141139841049,4.295766282063761,3.102632402817132,1.7769053969037638,3.948111804703672,6.108113511256603,1.5698785122893977,0.6016640009657774
440o0310_1.4131_22hc0103_-1.4131.wav,5.269178003810488,9.656491864004463,3.664743138397343,2.791609353138841,4.811295342089577,2.643095456177428,4.790232996319592,1.4125624118186515,2.6147124518498273,3.643474166559402,1.6871925343306096,2.567319510521763,3.95358606159423,1.619009270183783,0.220838110551124
051o020j_0.2467_423c0205_-0.2467.wav,5.54572784656292,9.316142276641802,3.3331599416181064,2.82235712154695,4.817839094122167,2.9500135157260643,4.705572246721937,1.3359204214729057,3.1524616292788386,6.275252065034366,1.2224929726920906,2.5132608354276247,3.834016072049415,1.5261811590032592,0.639928735664548
422o030t_1.6626_443o030a_-1.6626.wav,9.535248744819976,8.293226235884822,3.215856080322577,4.936279126639593,3.97556145494518,4.766280309490393,3.974927287874904,1.7936996932781888,5.146311216589945,2.737714014560158,1.2404445601605985,6.727634652296111,3.6866962530717173,1.5963029661781964,0.8770780405321991
420o0308_0.063438_053c0113_-0.063438.wav,5.885924323950018,5.155417027106941,3.2700325748187096,2.935918115452496,2.62163539464956,3.067528541113688,2.693598550898294,1.1270762621348542,3.207555941917066,4.58424163233174,0.961843462459884,3.640568914646712,2.885399427319411,1.11114104820451,0.5577852160826102
22ho0114_2.0372_420o0307_-2.0372.wav,5.13357433695274,7.675647547717197,3.669151644772502,2.5055946470980395,3.742899829741386,2.452179436055438,3.883066927268852,1.6571607498221763,0.8533275490109642,4.3123358940056855,1.3490154992643648,1.5392642205780942,3.3473565366506897,1.5537463541168286,0.3114237334658331
441c020t_0.41609_442c020n_-0.41609.wav,5.793706531420656,9.724394954902436,3.3418678299446163,2.8702077444210112,5.027112489820668,2.720533976167925,5.037000012104922,1.7712122639532024,3.5037413358011107,3.531545416967938,1.1910841503322702,2.434754760623064,3.8914741384138414,0.9711842673553102,0.5126477322906462
421a0101_0.48717_050o020k_-0.48717.wav,9.932491100686931,6.387081956902834,3.441012562756906,5.013990918029624,3.068038950048602,5.000993435058961,3.2174747738540983,1.5936153873441208,4.323184679278182,4.860326895576553,1.452162714009356,4.430351810293059,3.9216178195319427,1.7825764672334563,0.4683385072476789
22ga0110_0.20986_22ha010x_-0.20986.wav,8.756008620326583,5.451342052551638,3.101036822258837,4.529576231978184,2.949869485503039,4.528969714789988,2.799870711718383,1.0758990279333824,3.638801772969903,1.9391280754031908,1.517907230433773,3.2107722312673594,2.6065233950714393,1.1162798382920085,0.4774735500126952
443o030h_0.14903_447o030h_-0.14903.wav,6.990351768137693,9.269481212589604,3.0477413182660777,3.298674318844419,4.747488621198152,3.4482604143180877,4.758624151762189,1.601200679217824,4.079741228116494,5.482800392490796,1.4450652953790062,2.445134691040043,3.4111408822156153,1.2570857118340035,0.3745071103870132
446c020s_1.5939_051a050q_-1.5939.wav,7.037940764389632,6.165408625612908,3.9669073213835295,3.291462778324475,3.0275306120234577,3.402423057839905,3.1284653254270123,1.6339855603680011,3.12006467280818,2.137791873174641,1.42528363858019,4.387007207973819,4.017778318543046,1.2817904008590155,0.5399562882574757
442c020l_2.034_22go0106_-2.034.wav,8.73547798543029,5.51137085015098,3.573874707519724,4.561277415895841,2.807923814776334,4.420951660458144,2.860920818095762,1.6553809159905222,4.969251309774391,2.260137601158817,1.113978305445256,3.5550235638225596,2.2496918760351585,1.3311606301550405,0.4653295930708082
442o030q_1.7945_446o0303_-1.7945.wav,5.692102794839508,6.555914249256952,3.083083095848753,3.0026436060089696,3.360697548536324,2.9889180081290294,3.530142548352896,1.4299951193375895,3.7994514029950914,1.9976956493083284,1.6055563401365478,1.2206887460050335,3.161175901580202,1.6295988184830346,0.904226340381694
444o030m_0.97384_422o030f_-0.97384.wav,9.306744946681304,7.056176117250628,3.1417311518088,4.531904957204183,3.484036893554864,4.405858319751346,3.369965664987652,1.46295833291372,4.278800019591608,4.141806108068569,1.4089007597653564,2.643718457252092,3.2663845526469055,1.2439666797762334,0.5511151468535179
441c020z_1.7935_050a050f_-1.7935.wav,7.36219120405584,8.523293226152205,3.706840487615158,3.686397130527187,4.36824570004783,3.536635628066867,4.359790383328311,1.1263173674249582,2.0602008764249904,4.451552555880651,1.6866738174638574,5.2785552633821355,5.272150327220395,1.5235134551940437,0.2881165164748674
442o030r_2.1587_440o0307_-2.1587.wav,8.257130168069668,8.00695115899016,3.6306740437736855,4.2741781755220005,4.218369540381564,4.33379259129864,4.059164887712083,1.3449313145445243,5.7288331512610915,5.489168669419258,1.1213646977948757,4.3994295268013195,5.314742448545642,1.2455745419102164,0.1123748407352974
22ha010l_1.7804_441c020f_-1.7804.wav,7.135965015995561,5.049001932640823,3.3592932611865183,3.591553166327981,2.3908124068631924,3.735408098961624,2.3483181912924787,0.9148337546254524,3.165840127932165,3.5827752254152547,1.6638754967860188,4.735009458758626,1.5230999743778857,1.5254252385922729,0.3287903531228335
051c010l_0.82489_445o030o_-0.82489.wav,5.177709339339889,9.91998109874334,3.0097663538362767,2.6031433702018507,4.839306026012106,2.7494298166650566,4.904115559116176,1.209922245019572,1.9750143393660757,5.587812873983216,0.9816136514691488,4.133395511707287,5.927713307185646,1.0809970614650304,0.4683573278356385
442o030b_2.2126_423o0301_-2.2126.wav,7.617484844384212,7.071373078677355,3.2937540256630324,3.888701006564708,3.535794374439187,4.0545592188310176,3.498497545836423,1.1431055564470345,4.122725107134697,5.045777702595945,1.406667364423173,4.222310305054548,4.339826782158753,1.390071182659357,0.8629259962440397
22gc010u_2.4934_051c0107_-2.4934.wav,6.695203973769083,6.37349471426458,3.60638795658788,3.436636992604192,3.346710832897588,3.467562874542075,3.179547470205985,1.0226312210188202,1.7637904591545577,3.60263817027937,1.6265472589879488,4.68379783158714,1.8445992306545937,1.0207873086956116,0.7244525483698119
051o020i_1.5838_22go010j_-1.5838.wav,8.811526020552709,7.085932877684225,3.472476516426374,4.433179061001695,3.7089433816920128,4.595060871203341,3.6570369319401914,1.56220064362824,5.3175768549162,3.5338484788282964,1.6706038346695802,5.453020910706361,3.555937755429503,1.5933941412235186,0.4293201103677829
050a0508_1.4465_22gc0102_-1.4465.wav,9.373298883088465,5.906175221177128,3.160503762475803,4.6337754367534965,3.165955316833554,4.687880480209505,3.026053049973352,1.7356822975403825,3.8235207046125583,3.358371205316688,0.9654416665699738,5.298771246274675,2.569926677579388,1.258010472244718,0.5175986419936893
052a050c_1.5291_050c010v_-1.5291.wav,6.072058506049657,8.247420574091247,3.067029623572144,3.154592701425546,4.099503547621694,3.2715637626591576,3.976143218366772,1.3900456117233728,4.223961294948678,3.054285158490847,1.1851865707716749,2.165859610209711,4.770827099438978,1.1038600843085806,0.7721758010006314
22ga0101_2.439_446c020n_-2.439.wav,6.887488638057083,6.522561550754594,3.160073520763525,3.4219015828045065,3.373562725649688,3.2914178478237948,3.4475491764733586,1.3029096498706023,5.026485684392318,3.153696779301344,1.0514138364043877,2.490656732866844,2.355356065350035,1.3023806849484467,0.2241593699555227
420c020f_0.84955_442c020d_-0.84955.wav,7.78725145659478,9.97110721235267,3.775451499679289,3.870752157167422,4.889172797109088,3.868305678493677,5.059155192497842,1.7326111136753355,3.214657585707748,6.228826203208851,0.9150744267428192,2.4529791979720237,3.6755774176764167,1.7946969161020738,0.7323411848553358
420o030u_0.82288_422o0304_-0.82288.wav,5.827364275452139,5.47312629647357,3.066762048015173,2.696897633960076,2.89741582094443,2.85482587317126,2.8717512293900147,1.450802937538684,2.670550489276976,3.995923222813522,1.5903616253505295,2.256639153768611,1.6488307745299668,1.2326466379982186,0.7037691426200237
446c020j_1.22_420a010s_-1.22.wav,9.472618909290542,8.256323818853794,3.3791098300911475,4.845727137396844,4.223341428973923,4.968815608823388,4.137613789312745,1.7986559437398242,3.6660357345130743,5.263742187275901,1.1835131183430827,4.250798106427797,3.935172461022174,0.9101548294894342,0.23244996224577
444o0305_1.3406_445o030l_-1.3406.wav,7.772645187681698,8.721835621280679,3.120977854150202,3.8315208725030905,4.458951064919934,3.9805335543964793,4.476133050688168,1.430283921689113,3.559706274101502,5.742343306665876,1.2693440733993202,3.243804181447249,5.949981750913724,1.765805333802186,0.4547755162365406
444c020n_1.5543_442c020k_-1.5543.wav,9.014913451531337,7.112201515202027,3.342054753255403,4.5468285863089015,3.4431948535118786,4.70535791081422,3.3818071245109818,1.7013435665840155,4.826327534996281,4.096058816734649,1.666537745160233,4.313060400745305,4.0864612562855545,0.931202306238445,0.4947477126446126
420c020r_0.2882_443c020q_-0.2882.wav,9.77595142523861,9.443790197380237,3.228016596358127,4.706428753349392,4.513192649421407,4.808391848628729,4.649220320139745,1.6755887850462772,3.1697030273899283,4.3211204180550675,1.7732774532055438,4.275602471414318,2.729484168957468,1.137546243912102,0.8894741456890755
446c0206_2.0536_441c020h_-2.0536.wav,8.164500058858632,5.69648200841281,3.876334384437445,3.836550668359928,2.994958931812305,3.9851463148339135,3.0775381897950336,1.6912735280897913,3.213372360892246,4.753215769783648,1.3625542478338977,3.608743337822863,1.2188881476767792,1.5337254658263255,0.6809091906382713
444c0214_2.2869_22ha010l_-2.2869.wav,8.63599495987632,8.861128768036057,3.945283722319939,4.231278909655253,4.472098093617621,4.362536984568687,4.399494252327926,1.2604897592764075,3.858623450193809,3.251273653878066,1.7059098484675592,3.678603891554383,5.683227284950365,1.7802174166144116,0.734282417576124
446o030z_1.5011_420a010z_-1.5011.wav,6.160325465457179,6.033359369418095,3.857066281615093,2.877213678511672,3.095375527206174,3.032594613142778,3.0264062213291107,1.1891404696069774,2.076268820248112,3.2788562690084087,1.151736740257831,3.487659412171929,4.5676205037894215,1.7368083061342316,0.7603944250257606
442c0209_1.1273_050a0508_-1.1273.wav,8.175058847642457,7.214845546722348,3.452377945727517,4.107550680133137,3.529344869944488,4.266013557808819,3.551469887430176,1.1766029704525731,3.3686909521153394,3.7403058514206178,1.047563766278777,4.292031667870191,1.9035522426726503,1.617515275599541,0.4617872013687758
052c010m_0.50605_423o0306_-0.50605.wav,8.57374441256225,9.218474669784412,3.9431040914000888,4.289157628698235,4.544225236155778,4.330962215248692,4.688282087930851,1.4618127430435974,2.48527140630979,5.190661057497022,0.979827529286588,5.120375258424005,4.0666814255396195,1.6559510617401982,0.4565183459163237
050c0104_0.0019449_22hc010i_-0.0019449.wav,8.133637317058394,5.358816636366142,3.415672439639227,4.098761797744648,2.5214071078011737,3.950565435994773,2.544598450239682,1.1615498704340654,2.5784414314667687,2.2130373454147563,1.0232228934307674,3.5004001712117243,4.377330201997309,1.2254259770305571,0.2492480475033412
447o030d_0.27767_22ho010x_-0.27767.wav,6.658053662110117,6.767465842914692,3.004607914300484,3.405361138570753,3.259822419108989,3.235869747196019,3.272962748247048,1.4323040501350284,2.9196548092352566,1.5369762217958114,1.3406988909416082,3.2459258468659304,4.109285793451207,1.6285897645281702,0.8056687947956302
422c0206_0.83994_444o030u_-0.83994.wav,8.25476147911874,6.999449573269966,3.278585104398516,4.034760119141654,3.457005741306904,4.059276912192575,3.288782892506575,1.621300872920711,4.11661122504456,2.4635499394157905,1.7328244169411815,5.066776509510268,5.014324376419874,0.9850710163599078,0.8028668850938141
050a050o_0.037607_444o0311_-0.037607.wav,5.881835963301255,8.59489096243564,3.362519436020289,3.0870962202078105,4.47647234303748,3.088907328895275,4.316482593724213,1.1507197107590732,3.464137321626242,3.4929037912666736,1.685397314684821,1.8005001929347801,3.5862272570243943,1.5223898385461003,0.9075166015047236
444c020t_0.078167_421a010f_-0.078167.wav,5.216387215589483,7.691017161247408,3.6141640261297554,2.3672716596151187,3.806225612440511,2.4921148078370354,3.7230740138867806,1.7730537592080515,3.1364106999468286,2.729448851647211,1.1347929587456482,2.869470096545153,2.98749555791498,1.1210645736590623,0.439168546408781
440c0212_0.19733_051c0101_-0.19733.wav,6.991484572013071,9.066459137134768,3.928939358249378,3.5515911569007903,4.473155072099258,3.4964436916436075,4.612649721013501,1.6890903274793343,2.987032517557338,3.2812709568175262,1.337761680939337,4.232295753117486,2.9011470964555985,1.0992532314359709,0.4476127702405778
22go0111_0.21391_441o030e_-0.21391.wav,6.1789564932680445,7.606236855428964,3.2501246072357186,3.004509846880277,3.7250072256421967,3.136339519161059,3.634337839924957,0.952753664897551,3.4276473626887665,1.8655870809077373,0.9007394897833814,2.421091831389872,4.98446783239855,1.501925592729462,0.4323826902938416
422a010h_0.16143_421o030g_-0.16143.wav,6.628705523494609,7.3610731838604515,3.952168515577348,3.3361064918225174,3.596946515668343,3.208471587662229,3.67574582556376,1.0404167216693738,3.5514395721158056,2.582757417312124,1.3833679318359668,3.9416342984731645,2.8643742895552955,1.3440079449831583,0.5242818050807603
22go0108_0.40771_050c010q_-0.40771.wav,8.229179421313372,5.052124288125323,3.114458402662907,4.094949388571091,2.346705842388769,3.9268751851365176,2.372221761730109,0.9931372679300908,5.245030930295327,1.9868921298378959,0.9133104088938424,5.261980634646149,3.0239422650617898,1.7830855299188249,0.5377573216172871
052o020i_2.2664_422c020e_-2.2664.wav,6.14017280022353,7.556159264391267,3.306272337184535,2.978799800928409,3.7383345284420377,2.9085673349058667,3.8708765999378176,1.3087751192074322,2.401195275411176,3.0085602268995357,0.9448639676411436,1.163409777102675,3.186468067965405,1.123018639179865,0.3862868927815186
051o020k_1.8795_441c020p_-1.8795.wav,9.97114520043556,7.31100296604485,3.545239276762913,4.95128150408403,3.5546796788706287,4.969748669186237,3.7035385510049017,1.1654617493539008,4.9276529340505455,4.494676062585962,1.324248373764614,4.846661296006867,1.9207701670385353,1.6412390049815428,0.3664209020631517
050o020s_1.7697_22go010r_-1.7697.wav,7.665463808154079,5.034517684219894,3.926983430402847,3.700479988071256,2.473595915926494,3.842851571524738,2.3806963345229804,1.6992427892916075,4.466861820779191,2.3405112982816028,1.1897127382626205,4.668140208842435,1.93051561907469,1.116001176205609,0.5850622861307508
050o020y_0.27221_442c020d_-0.27221.wav,8.796477084083904,7.337728444358153,3.961237884237812,4.489354582045881,3.7311687499022033,4.428648833256097,3.889960475328536,1.4471025239561373,5.440926982255691,3.262503647187693,1.5097569529214312,5.2078785607759,3.761350948316354,1.0206121490637552,0.4250401130355674
050a050a_1.7521_422c020j_-1.7521.wav,9.217566683140271,8.130673874018699,3.7309004886480888,4.531885862608752,4.230452997478839,4.364791879837474,4.199154420488309,1.0574890749206225,4.419712284147992,2.340845927763665,1.395644492367838,4.66878933626181,5.030496903865144,1.7975673204247269,0.198401294684348
421c020y_1.8549_050c010d_-1.8549.wav,6.092439254798432,6.095352951983159,3.2999385690116814,3.01448310886154,3.124384718593903,2.9946107424170254,2.975706915772181,1.2098242210231973,2.475018798943341,3.8181739299564454,1.13231230839753,4.045014343571652,2.347297796438464,1.6149471653844794,0.3739893420213528
420c020b_1.3877_422o030x_-1.3877.wav,7.820743666699085,7.9021311510450545,3.4641778250511863,3.8248965879803736,3.850112259801828,3.706309922440784,3.941966507151646,1.3884428067181362,2.708469991516273,5.209692714939381,1.0396301281883704,4.485273990427009,3.5283433498699988,0.923404001627246,0.5004171650569731
441o030p_1.5346_447c020f_-1.5346.wav,8.402146377723223,6.342810535314221,3.2420206118329933,4.03380043158002,3.2908585699396498,4.190802593225512,3.356053057733041,1.6457164344444952,2.979388552910468,4.500436421344928,1.1720128062783717,3.2414798065139427,4.1451883134972025,1.3366069258591848,0.6144944769761665
445c020x_0.68714_440o030o_-0.68714.wav,9.589032265378888,8.69068837273938,3.724752877947288,4.943832951312111,4.318984644673299,4.983125536215373,4.153587870909056,1.4207219002705036,5.393484746917888,5.6795457773957,1.0039709564502493,6.169202781504153,3.3625074621110196,1.614611731638476,0.4558208189679227
22hc010f_0.85424_420a010e_-0.85424.wav,7.919612863314258,6.925547136198535,3.4554825277858803,4.044676732557853,3.519317594107452,3.918094966394176,3.438837432111566,1.0898957504811464,5.752075491369714,4.09952167567982,1.352712186765551,4.858776412162536,4.229700517595131,1.3538563083689434,0.3409990726856921
442c0215_0.6585_052a050w_-0.6585.wav,6.6128095277164185,9.00455975517038,3.2767786588791736,3.201340614347528,4.669689440944289,3.0665757232298207,4.566063073054487,1.4373344310970482,3.8818252835205778,6.10923619242578,1.5833839318460003,3.7944529394408884,4.365403273609118,1.6806228817578654,0.7416582918767483
22ho010j_2.1587_050c010t_-2.1587.wav,9.205056852392303,9.479587073035272,3.9061840012976248,4.689300191498453,4.814913528309851,4.545276710731012,4.724596104810115,1.079573769384764,5.478410612585837,3.99966844506765,1.2575151045934916,4.471569687370247,5.416934038697497,1.00230763527748,0.7667511538593266
445c0213_2.2629_444c0212_-2.2629.wav,8.380371013412807,6.5241265401873285,3.944668290612027,4.096994998875292,3.3960229810960363,3.930316716316733,3.362581238866762,1.3238644513524394,4.953485258380304,3.5852019413013614,1.0466001157045044,4.76929406111127,3.9081472617461146,1.2719058921196391,0.645430380583801
22ga0102_0.98726_050a050e_-0.98726.wav,5.813779650580224,8.035563678235839,3.705088725252141,2.942343654121879,3.9994713572614855,3.106378149304041,3.9548318636450337,1.6436088900517638,3.502054605228613,5.083436998664812,1.735189064425205,2.3078783081543013,2.7494626168604697,0.9739874622361464,0.9621703490452396
443o030n_2.332_446c0210_-2.332.wav,6.331583784686687,9.1065254228911,3.093438572700026,3.0843835714169336,4.64417221059596,2.9374704186071434,4.674446383276435,1.1009676439321328,3.5394408388531944,4.177887925360263,1.6403027756536943,2.3367847570056512,6.475840144046222,1.3523198524818274,0.2923608435376345
22ha0113_1.1321_420a010b_-1.1321.wav,8.592168599674078,5.012836638006459,3.872145145486373,4.164874794139578,2.278675203232116,4.308747343992938,2.369232861100971,1.5791436069513929,3.370612037200089,2.0369169414162522,1.3268162158592764,2.613960572874917,2.9549645268552527,1.3962074741242103,0.6514977621345537
445c020w_1.5059_442c0201_-1.5059.wav,6.329184888478407,5.389627684052011,3.3616425148191347,3.063831831667812,2.724529924414313,3.108691803169553,2.581395082545316,1.327044061101627,2.242810497096198,2.8421476986140783,1.4033158647335136,2.7412160999182484,3.775618608279377,0.952819305972848,0.5614301784923366
447c020f_0.70166_443c020g_-0.70166.wav,6.728017423775382,7.366216835119284,3.072529379283952,3.1691360438309286,3.5269202602492555,3.301596726615432,3.4565344128347144,1.1643230157807296,1.9685477492192223,3.998401758384918,1.2499478630877257,2.5315727326736432,3.124121456703983,1.6461003987218206,0.2036136903773148
443c020k_1.9218_442o030r_-1.9218.wav,9.02706615558244,5.382130462459519,3.673434219720809,4.238096386333766,2.597422980384078,4.408094304232333,2.596581606417238,1.3863529201838831,3.005694520512281,2.849356445920903,1.5493975653343417,3.196088520624659,1.2888322657757745,0.9687669030657332,0.7983382426688452
051c0115_0.33147_446c020a_-0.33147.wav,6.328729428742138,9.289620531465951,3.803197359016412,3.249443404778376,4.67776139684924,3.092773443066719,4.710234818246869,1.7360425679656917,2.1089402413967,6.319045323539063,1.218326428014457,3.7916292889102627,3.653032380055176,1.6599319342857388,0.755587719355844
447c020g_1.8208_421o030r_-1.8208.wav,8.616065194729332,5.301266900174033,3.822532800754893,4.2232149558685785,2.6663287960975564,4.337205691515279,2.763828089360246,1.1381011256907616,5.487013403140712,1.6732868128384106,1.7439921522075783,5.1658141566074525,1.9852163943434227,0.9051728058211737,0.5878327333804667
442o0309_2.3508_052c010d_-2.3508.wav,9.959974543250452,9.480342911076768,3.3485311116293355,5.0990053948423455,4.753774227832752,5.166797833926383,4.597876231684511,0.9689923449341852,6.861481205845629,4.2150481700356295,1.2452441015505675,6.344997351919573,4.032119818991655,1.3309084934591606,0.5991719402415154
421o0302_1.8784_423a0109_-1.8784.wav,9.490668906281154,7.761914633498438,3.1479672260343463,4.862566495088437,3.813237836058589,4.778307467806135,3.689139422203132,1.6758590499126662,3.7865883272385976,5.40901753036968,1.7636262643641576,5.495174438447264,3.5238306388854026,1.3346298109009522,0.499725783418508
445c0208_0.57506_421a0110_-0.57506.wav,8.100871118280963,5.4586258844448645,3.182588026842667,4.245887071055773,2.900508937314901,4.079889398677887,2.9371800808084427,1.5309455555451177,2.791927251268726,2.590245427825568,1.725856219604121,3.384365693972168,1.3417387890385861,1.4821561689225908,0.8717976997772198
22ha010n_0.61615_447c020f_-0.61615.wav,8.689868884306964,8.507816248738564,3.816056538451811,4.376737040054041,4.137194474362354,4.23003078830808,4.168455883458086,1.783626303021085,4.382746362920093,5.024210891127836,1.294459483387195,5.0681438258250315,3.1725911054882387,1.5483466455723764,0.5026952324290341
423o0307_0.83211_441c020f_-0.83211.wav,9.68180415654908,7.96300220177261,3.636051190274411,4.882070446204699,4.067902696653054,4.968976890089802,4.190161724995525,1.6954728647748971,5.8840998454656726,2.5875925639553743,1.0136519173697915,5.745000710609971,4.38239542587765,1.2773290509075623,0.4420325427413631
423o030y_1.6975_22ha0102_-1.6975.wav,6.3920756244637404,8.473780378048733,3.180991240289139,3.0334869743663586,4.346192083671049,3.0162846970892603,4.197181742900746,1.2457618554640415,1.6696176818402346,5.389664937395407,0.9065347278831438,4.110377015718901,4.319800716236032,1.104527939460834,0.3667399156294231
22ha010k_1.1064_053c010o_-1.1064.wav,8.306014542480616,7.055412250489113,3.0138009474378222,4.021048799957802,3.4272207205843603,4.088586339186408,3.5832293126392347,0.954239184014132,4.103147396207094,5.091562396422115,1.297209917353125,3.7707665207297407,2.329282708085782,1.503562007659439,0.7060943427382029
445c0213_2.1913_051a0502_-2.1913.wav,8.554684977768485,7.999412358891163,3.25623386005623,4.262966357397305,4.000566007348192,4.413529041105521,4.079501919799873,1.1595333869664564,2.826743620091212,4.914857899754452,1.2268387844051256,5.68087261812385,4.7661187775503135,1.6296387972813005,0.2452249012920581
445o030o_0.20522_421c020u_-0.20522.wav,6.684611262770202,8.186738891394604,3.0861762713065426,3.29006451589156,4.259770952823027,3.438085921310473,4.235487964172334,1.2542106179137733,2.2985836317481017,5.702157372142655,1.577194018753555,2.174666307419327,5.608727198762195,1.3513490161813382,0.3342687691621415
440o030n_2.3866_050c010o_-2.3866.wav,6.735711863411434,7.733504368822856,3.732016941857787,3.271394347772951,3.786910126306423,3.3491404382039534,3.938090632399948,1.352637230710389,1.6201578828296035,3.8221757236774403,1.7274811111029766,2.6274922731697012,4.0052968453340405,1.5773453509325068,0.8573467405721789
443c020d_1.803_423o030u_-1.803.wav,9.133791952876042,8.572610192280944,3.728345079863845,4.684405992196008,4.277412032847861,4.553337204361809,4.204467034008504,1.1160476630447165,3.985101257246033,4.66826187877288,1.3564592882821247,2.9976327584023963,3.8986789213352018,1.4948476288432475,0.5558252584374686
052o020g_1.8323_442o0313_-1.8323.wav,8.503951574252877,8.049292059937283,3.941094321650938,4.051834556944566,4.062768006564187,4.122990287140816,3.930719295626751,1.2619244872925213,5.025152207123705,4.296676505876168,0.9517964055471196,3.0004338070582772,4.3391377021310396,1.1615884048602911,0.2402572625098797
420o030g_0.74624_447c020l_-0.74624.wav,6.481871531885765,9.040245550682528,3.394432016118419,3.1857726453486497,4.59220192052466,3.1434443549129187,4.427555888599235,1.6370735395234568,3.3142180504106733,3.5784566010023013,1.3205406353695015,3.2159845593139185,3.3142488766814875,1.7117404413467303,0.9820226929167584
422c020g_1.3764_052o020l_-1.3764.wav,9.735157723712998,8.707980630221972,3.583178114569904,4.796892415400295,4.319181816689646,4.667158314450182,4.429041104192642,1.0211913222586846,3.4172783874625345,4.630327985746609,1.119616076095404,6.192710250761448,3.1721740827388554,0.98465966519149,0.8353487023356947
22go010s_2.0826_446c020m_-2.0826.wav,6.187302352368773,9.147806451351885,3.849510971512171,3.0716604577946,4.550215720397338,3.2028286221773943,4.442072700962664,1.105898873345819,3.7383245644488188,5.1181841088126125,0.9902015020822964,4.2332544220066515,4.046243401421687,1.5819547262497935,0.5912906624721417
422c0202_0.13695_051a050x_-0.13695.wav,7.8931521525139905,8.263210602417717,3.786489293850569,3.780766370338433,4.37090259248417,3.9176506585151647,4.270092416160797,1.6479270412066669,4.570058533171246,4.145230219123691,1.07288362350439,5.273234934872134,3.915217976424269,1.736498665780248,0.9159228123411568
423o030e_0.30776_441c020r_-0.30776.wav,6.541731125298069,5.333135980031527,3.10758615352505,3.2063408819782224,2.7231244340664,3.3451632813135617,2.779942929671084,0.944244418097248,2.6661398925302224,2.494279425427462,1.5468239680286768,4.96200984394505,3.3088253639137264,0.9270921284726944,0.6317915894728481
050o0210_0.36092_442c020k_-0.36092.wav,9.096818570954984,7.272788658753034,3.6384054423807295,4.453465419246285,3.3902533494289697,4.31127721055614,3.483433354309242,1.7782768418271446,4.547370363237855,4.587138273896229,1.5144617853756854,5.183461600164497,4.051637675824968,1.3389568984740607,0.8037609164885716
421c020e_2.224_053c010j_-2.224.wav,6.64955574451136,9.040907267605183,3.638759135300441,3.112254201137212,4.255764612442123,3.2022898163279248,4.399964432127273,1.1039270056772472,3.4357602980353215,3.217236184176124,0.9049662364846826,1.449521314303645,3.946607975115092,1.5464516563065631,0.7969136698311579
443c020e_0.48782_446o0313_-0.48782.wav,9.999902707634668,6.187463875971007,3.295975487752939,4.82946419131492,3.1822674287997663,4.859103530168254,3.014871163631342,1.3484433742765094,6.523686328906169,2.734011662728767,1.5164876014786577,5.403879828297151,3.9550916041682735,0.9557840428753692,0.9875454171028316
440c020y_1.6004_423o0306_-1.6004.wav,9.52084944696636,6.572989533310155,3.7332707537960776,4.568735077407128,3.4548670001104185,4.616519243094059,3.312681650972036,1.7212521629629762,2.7789688525415226,3.2196989921667,1.4821544176610573,5.130115187398159,5.262314369060697,1.587742072091336,0.5075470869190153
053o020m_2.3139_051a0511_-2.3139.wav,5.8560202791076765,6.648775680888029,3.485436174162361,2.866977208725102,3.157217529183615,2.69743573512075,3.169695058108236,1.4445060249714063,3.355191047108203,1.4971480992536597,1.4829383823348614,1.485399411471713,3.1531811978770867,0.9598808853461024,0.774317348983445
442o030b_0.71589_22hc010e_-0.71589.wav,8.18737551320929,9.575912707235492,3.136318297281011,4.0481216130601005,4.714607943041341,3.8830673496944,4.673900570922696,1.2306439868641623,4.34802816944638,5.438554770016684,1.0062288462081357,4.028279881443058,3.7146201630968365,1.7737466327925386,0.9118542886092792
423o030b_0.52189_444c0213_-0.52189.wav,6.86339140683542,8.814065269410138,3.2969476489468863,3.6450952177530422,4.534200013946518,3.514812549337102,4.459860076426891,0.9168757208793412,2.802091888687913,4.0452209828455,1.3873152508574638,2.2175695547946637,5.175410117571585,1.6247066844087643,0.3878577114520585
423o0306_0.27802_443o030i_-0.27802.wav,7.341361255024248,8.479419113587996,3.687747761415438,3.624240394592239,4.247658919347479,3.597203204911568,4.395202100735747,1.6110785143913566,2.187222874664801,3.797502650195897,1.109991307717945,3.314014717269426,4.9375276308578115,1.7298221347415312,0.6528934656410941
446o030x_0.8001_22go010e_-0.8001.wav,9.013528596597997,9.495523441027292,3.361400571541725,4.453081112515591,4.710771871053997,4.525433210936697,4.556936979517446,1.0685106402580693,3.090213678353768,4.906535362601789,1.49921609212782,3.422383927912447,4.705445670512472,0.995069072151728,0.5828765862856026
441o0307_0.66315_052a050s_-0.66315.wav,7.909933488077485,6.008037180919287,3.4774829516337817,3.866005051537178,3.0036995829414472,3.700006272681703,3.0403657174321586,1.469873004923623,4.542959345000983,3.685831329153903,1.594841398381369,3.8419082750925964,2.396983546549299,1.3967017651478235,0.2059785494972095
420c020y_2.0796_440o0311_-2.0796.wav,5.091014092044588,5.589023754857924,3.398567854124713,2.7835776567955635,2.874316512439003,2.642175493840458,2.92437076612056,1.2650217948985651,2.854084926524319,1.988942439209505,1.4637782139775202,3.3594229953965744,1.324132561664441,1.020807343451857,0.805563098863058
422o030k_0.14351_443c020a_-0.14351.wav,8.941494951981666,7.719035413506022,3.084747386105613,4.633036231464211,3.6138170194252615,4.673639220355418,3.7788969918419673,1.1520134812935277,4.214096615252587,5.2822992090257594,1.4608666472889733,5.68940054538896,2.4773863454784832,1.7454154653232428,0.7076405648297854
445o0311_0.93414_421o0307_-0.93414.wav,8.020487631995161,6.722978836681147,3.2873742710506777,4.02211208308751,3.4476710363793925,3.854430054651565,3.475648479786664,1.012464166862438,3.195388437526439,2.001938499424933,0.9926952211790974,4.7163136449295795,4.58038503106743,1.6104240886062398,0.5692370398808193
22go010o_0.058767_422a010w_-0.058767.wav,7.190230082053079,6.847706302310219,3.683717153969792,3.71893671246864,3.4412652859035293,3.6727318248513705,3.2985589147763945,1.7438779635525938,3.9490028441802454,5.149092207640198,1.1022136501745587,2.8907718804915894,4.152071768326316,1.4763517660663763,0.4438057103554577
422o0305_0.012185_441o0311_-0.012185.wav,5.328972188738087,5.7854018306706845,3.139439270724729,2.8220097842759886,2.9774785158074075,2.81731771142744,2.827551918926188,1.143316917957939,3.6317263004089684,2.4776162439609357,0.9153218536998826,4.1458533143315766,2.218690239187747,1.4043487802242265,0.5940165678886299
445o0302_0.63059_052a0513_-0.63059.wav,8.112616675323412,9.37798193204181,3.030220457568727,3.989435339320551,4.802492330346719,3.925594154753288,4.938228483058693,1.7532102761711523,5.226422237210828,6.156757628312624,1.2692029168968368,2.8145162010549636,4.783870985876555,1.0336022185405431,0.2878805505881338
420c020h_0.83307_050c010z_-0.83307.wav,9.282052300542237,9.995482561654924,3.4115644376957093,4.417455942970151,5.249771017426422,4.475317733084814,5.089921046376293,1.3226408982544215,5.570350683574299,5.136121747252003,1.028830735874401,4.0812044093184054,6.56761795519871,1.2930599286098234,0.7868064128899264
443o030d_2.0372_22ga0108_-2.0372.wav,5.322364012126966,5.021709112039863,3.728732018316712,2.8065687209342576,2.572685048737123,2.8573162377439587,2.734933899388365,1.696335871708818,2.037781533020988,4.30570351577294,1.5338193327182483,4.607755722912696,2.541789285354741,0.9024466011864192,0.6742114935394503
421c020o_0.04534_441c020j_-0.04534.wav,9.46220393051177,8.897661240055069,3.478694546074649,4.842564994859307,4.694003052534027,4.813691825596475,4.546808147402363,0.9995117653685306,4.10988384770751,4.356568742992754,1.1685570319635077,3.72046126073388,3.6714469099674805,1.6049398203035583,0.5641703029013407
444o030s_1.9959_445c020f_-1.9959.wav,7.130255387475918,7.491706875891441,3.525100362708823,3.6773451823512864,3.720781942694294,3.5674298071838453,3.837051501486786,1.136324238220371,4.667803619603612,2.2517232086433365,1.6426231145007983,3.1911275507063865,3.240634620266533,1.4490668985561586,0.4094133859819658
446c020i_1.851_423o030b_-1.851.wav,8.857721776497476,7.08721183612193,3.631930551849956,4.169036784341137,3.512233894213068,4.318720324676726,3.592824450437752,0.9905438709839052,5.027767772842081,3.465659558489962,1.675678811914418,3.6068410133056026,3.0425390719643075,1.0878411604201996,0.9750033799180492
22ho0113_0.055789_447o030d_-0.055789.wav,8.387491262277454,8.980174836575985,3.908075827724821,4.045186329729321,4.393116017379458,4.157570673846078,4.492462679112232,1.7710044883480816,5.425441329464799,4.219912609235926,1.0488081934077762,4.9282224729077635,4.0352916459653345,1.5795538588292837,0.442783164634761
421o030m_1.8146_422o030q_-1.8146.wav,7.783609857120957,7.803441174827782,3.932473585859448,3.859985837799316,3.739617715641936,3.695696445044103,3.695925663411311,1.49344421742059,3.8358808331313448,2.2526055675328247,0.9863946685824758,4.058730351556001,1.8922152062360738,0.995842830761489,0.2106348115317131
420a0110_1.0946_053c010o_-1.0946.wav,9.836915944174466,9.584802555289292,3.8937138459149,5.028467063436979,4.928373332771789,4.87872919443088,4.937237337820996,1.3316566540855552,4.086572803127208,3.4524354866309968,1.0925609092847934,6.18790302096042,5.219117999890471,1.4585033776249945,0.2489834220190066
423a010u_1.1207_422o030b_-1.1207.wav,5.4372004522745945,5.8934806788576815,3.258974118733003,2.902356634770809,2.774869381032821,2.754597395474041,2.749039026748754,1.73863891784307,2.2812542575854113,1.2693061047166332,1.3174391221260402,2.269307038536629,1.614821901533236,1.4314546984401253,0.5753506088687579
051c010u_1.6001_444c020o_-1.6001.wav,9.254802835476356,8.656402435842248,3.3666922988191352,4.840989298647696,4.452582661539355,4.684727048874286,4.486964477892655,1.5748269381408764,6.54371033375236,4.195840741459922,1.3536506135925408,5.151616650018185,6.261865100598847,1.6076759600817756,0.4700788090724302
440c020i_0.57948_442o0311_-0.57948.wav,7.646205704231171,6.030076236849187,3.0625497203494514,3.883001788148868,2.981999634781004,3.88871111699953,2.832108328948827,1.6732832818604142,4.0158337963036885,3.867996826600324,0.9795906903423472,4.2013337736461995,2.1288369271893193,1.05656716325863,0.3272218622302168
440o0310_2.2395_444c0208_-2.2395.wav,6.919211201181029,5.9289963596766,3.613227047711486,3.53652050798274,3.0451707590792374,3.4033512683079907,2.9395016831655667,1.0871276034431647,2.4216573112420163,3.661403028762866,1.141807126533058,4.04504201996685,1.7601208617777637,1.6987775116174193,0.6394979861050525
440o0304_1.6465_446o030y_-1.6465.wav,9.905850856309142,9.724442955223626,3.786707052454851,4.9071975371621175,4.897385657158482,5.051277572834353,4.855661044270079,1.0840170133455802,4.685961498948295,6.045062346654292,1.1383064335126836,6.131698125690255,4.50293625899721,1.375175556658339,0.5793967213944394
441c020p_0.059507_22ga0110_-0.059507.wav,6.322642723634567,8.786673069452956,3.1812857258658167,3.0310478085876453,4.62390529487274,2.926974255561889,4.515883558353671,1.6467440240354223,3.23298252412839,5.947723560760358,1.3707574011814234,4.254797194417274,3.6421376883924346,1.6158289889866877,0.5440432764616785
442c0213_1.3588_443c020f_-1.3588.wav,8.234917518587038,7.872906941859997,3.817614749055759,3.913978009539903,4.009474661324969,4.058883406368111,3.970713521377083,1.0741442281823017,3.740970430210777,2.73525764340293,1.130293478083024,3.3974758085410297,4.529020131426615,1.046276426654489,0.3352291296896852
423a010n_2.2638_053c010f_-2.2638.wav,9.47963293942462,9.358402785481736,3.124747869583561,4.893328385069308,4.757809914656799,4.765251859924259,4.679730444200284,1.0681801566080962,5.413402026845296,3.5030340314968647,1.4263384997006596,5.461730080462925,5.18586238505283,1.6179265362517337,0.3736866123252861
422c020p_1.5828_051o020r_-1.5828.wav,5.207601434533323,8.840795091660102,3.729535775298844,2.5584268626024578,4.478886032855184,2.711166830266291,4.404250235290937,1.5716752522127284,1.313180225962466,4.782565843529142,1.3614728412508768,1.8593238124544822,4.586183025018913,1.2980046937380234,0.1165327688252136
445o0310_0.061773_441c020p_-0.061773.wav,8.23025542472019,6.246700587762417,3.692122318561069,4.0403819191305015,3.132067869785319,3.8807844173326167,3.0735133019030925,1.0584243225025052,4.718217706576737,3.853968259691359,1.3454648097739834,5.192771815131295,2.5502950095430257,1.4240161077666518,0.1051819433932757
446o0302_1.1703_22go010i_-1.1703.wav,9.897836088116255,8.67157258554539,3.248365314873749,4.911884667751229,4.526279931251014,4.752841931970078,4.466234879870847,1.1528426304824324,3.6613320824910756,4.57970880568441,1.1037566324771362,4.4658347162460155,5.4114006518174085,1.2151262969733605,0.8317205760158127
443o030u_2.08_051c0107_-2.08.wav,8.578506186884082,6.992787774568271,3.962582876248894,4.49924490717518,3.316029618194741,4.367341823727266,3.3874549398736287,1.7117185368907402,5.805280074268297,2.8707062026685017,1.4035988367696213,4.943444424596726,5.14286477830041,1.5102978413007753,0.5788619418231754
422c0216_0.35256_440o030w_-0.35256.wav,7.266434230229185,9.189176593570824,3.525111021104094,3.5088135983170416,4.505735065584196,3.50776116268918,4.655731373469587,1.037223996121868,2.8209840357038916,2.897623108956414,1.0058584325146926,4.721318202906278,3.0484261684049256,1.250584398728141,0.3354820170019788
441c020o_0.46254_051c0101_-0.46254.wav,5.07585304617287,9.911665797100952,3.689062334170143,2.780598143215569,4.890347533187229,2.631434654071211,4.8745281303451184,1.2735177441737071,3.6312413947835998,3.870707763672081,1.156372978057889,1.7960306101500914,5.395629536587416,1.3492468676011349,0.7370606818753744
442o0307_1.9214_053o020v_-1.9214.wav,5.596451705701635,8.146654022385126,3.138549087186758,2.558571964330931,4.32271144990089,2.6763731023180246,4.200143542645582,1.019481844010136,1.265694322332825,4.033237362185082,1.042459665122918,1.8044886843415315,4.095972421034478,1.585036672077096,0.8326307626679497
445o030f_1.7431_051a0504_-1.7431.wav,7.070532025066831,7.531185641369118,3.972490351301452,3.553680469330778,3.7065344367752777,3.4199862726535764,3.811538540384793,1.2468774544467076,2.913259406273542,2.52258021629613,1.143792122638703,2.5548368618649913,4.9813893758337695,1.218885803358038,0.7439622041737395
442c0205_0.52377_423a010e_-0.52377.wav,9.235234361139748,8.678506136939385,3.3526057218137444,4.576739134770599,4.343138523351157,4.538683187314835,4.177452842427173,1.417092718127499,3.8502944391180214,5.661005376740716,1.3110522125234592,4.755896525208122,3.1946612080228816,1.538672025920654,0.5051390646931363
052o020s_0.1667_420c020b_-0.1667.wav,7.370022900972642,9.785140411409287,3.2238868384328705,3.5130988092165567,4.956183578972764,3.662993424091789,4.961805360843831,0.9948838194109446,5.268785719496091,4.876109224821192,1.088731491761927,4.539791931881083,5.575405531317061,1.554930306339009,0.9618459692785768
421c0210_0.10984_441o030k_-0.10984.wav,6.939606416548829,8.783165442953006,3.0771204736807856,3.284673248307145,4.487917753368775,3.385291352648929,4.350892218964905,1.2913884038522037,2.4226912436104735,5.2114496442053575,1.0659800414451497,4.307489944309049,4.871420749226876,1.6444743145158314,0.7494984861185898
050c010c_0.31509_443c020s_-0.31509.wav,5.719064390245356,6.973653080837689,3.7413291178856753,2.820087775486129,3.444889435782912,2.6716999127163583,3.466822109642239,1.626959176777657,4.610164517012641,3.1581644623904257,1.1814313512793742,2.3186520535341195,5.110913622579667,1.607015323009334,0.2132300594959288
051c0108_2.4584_447c0211_-2.4584.wav,5.758883743044061,6.923040886983696,3.1448517099476003,2.9432223874435404,3.326278536684235,3.092342813403296,3.310058223444932,1.7393740271427764,3.2182057881925448,3.9644512064402493,1.507785717573884,4.166085765326316,3.3963940276973466,1.7293355272878752,0.5573416019197952
447c020i_1.1546_052c010n_-1.1546.wav,9.734877854201402,5.547237880531971,3.557967555648716,4.795418896546001,2.8432231186447394,4.798377122073856,2.673248859117815,1.605650331733972,3.7855577260906976,1.7915714179705926,0.9879774035704308,3.8078745669446183,3.689894579392585,1.5601401192790565,0.7167603640689055
052o020p_2.1148_420c020l_-2.1148.wav,6.394828316040525,5.374381538905695,3.3325274442382296,3.2813591221265064,2.647120701445736,3.344263771336263,2.510947998205338,1.2269811592006623,2.9702780670401685,1.2150612931083027,1.4569021894888523,2.236396464109676,1.0797669397348868,1.3776603071582976,0.3766958950129573
446o0305_0.49843_443c020d_-0.49843.wav,8.268180511790296,7.592240272109194,3.928399193308543,3.9661805433758497,3.753536244594969,4.061827836209926,3.612995875399807,1.5663140723362985,4.820197076298606,4.390903837464371,1.08619306390975,4.500309800435747,2.6616293829648043,1.517238139494293,0.6653692014639517
446o030z_1.8895_444c0214_-1.8895.wav,5.366510790350651,7.52993396275404,3.5860136123034416,2.801316174734973,3.586387703657361,2.818901291124917,3.74541840409458,1.0641229424496916,3.622140740403204,1.9547538168859526,1.2156042196871608,2.1567771632745574,4.523313863963136,1.5830831021279046,0.9831347638086522
443o0305_2.3513_421o0311_-2.3513.wav,8.447728161134881,5.93263193177961,3.97121198521864,4.060024736740955,2.738731910374587,4.096534463024712,2.904765159715449,1.676787353314293,3.4785844166980397,3.4459627992470403,1.2359517742394088,3.038547635034963,2.84683578197713,1.1737686427690708,0.7913569228383238
441o030d_2.0351_22gc010p_-2.0351.wav,8.605988257076946,5.249571500197404,3.710104636047544,4.076322658339911,2.424476417385477,4.158682685676356,2.549843182906248,1.2845634971992124,4.442070434339439,3.373351936770666,1.764000545616344,3.0607340632810525,4.154042052962703,1.015208157818531,0.3620916540369225
441c020w_1.8831_422a010d_-1.8831.wav,5.27698345982534,7.983704169701458,3.95037073106319,2.6986963014830705,4.163793166892893,2.536436548877856,4.214505815063688,1.0692762823961923,1.8888647414884292,2.973604166996725,1.4940473767168787,1.7817793883495145,3.9597432620665005,1.5974795366319128,0.665224091396374
447o0310_0.27001_445o030u_-0.27001.wav,6.0982674561931365,5.33455570586509,3.243977759203064,3.2891580591594995,2.5913339664911166,3.147735645407893,2.496995740470753,1.3439777330472429,4.197302645593106,2.206568206484707,1.081173171057709,3.091107977957485,4.118640296933157,1.1302087106333545,0.9842157220971564
441c020r_2.1946_444o030x_-2.1946.wav,5.219220611024775,6.54243789868858,3.2874141444979763,2.5350701648646754,3.2383969595180764,2.6857264620090384,3.3171540552666468,1.16005315725487,1.6359968293036673,3.6473370167816506,1.4712842667859998,2.8059704493070754,5.023544372522143,0.9341532666303728,0.7707238749182339
421c020c_1.7004_422c020t_-1.7004.wav,7.489448280807396,9.344269780689938,3.5599021381953886,3.72690230342924,4.592813602733097,3.882692093357662,4.524772869682531,1.1725921272218716,3.945060398453932,3.2533220323055216,0.9866524215759394,3.0853511641095475,3.325191967903625,1.6650146650811122,0.8279324272913288
443o0313_2.0711_423a0113_-2.0711.wav,8.646464404810946,8.46088800210124,3.885689818444744,4.306666854860992,4.193827406570109,4.18957060893234,4.287574242193593,1.2115879731880608,3.7306416372200077,2.876567216953623,1.5086447680603436,5.701771452928689,3.6620843137287022,1.6730843641060855,0.5689673152317855
050c010n_0.001892_051c010s_-0.001892.wav,9.804940547634803,5.275097610306384,3.0142844090319256,4.940779560868454,2.708242931887011,4.855633066366614,2.855382574655532,1.5559690018391366,5.485660594904692,3.286275539832913,1.3212001752731024,4.1109227642736546,2.7861014175544474,0.9712486044698824,0.66393362278067
052a050s_1.1528_22ho0111_-1.1528.wav,5.703757359775248,6.031972747343787,3.616060530071934,2.918165954973816,3.080984842558918,2.9319901999474136,3.250421822734174,0.9847781814465004,4.040461941430543,4.036840167991344,1.5449249813115165,3.2505945091368,3.7828575816993104,1.4486182708717974,0.6783367978774144
441c0203_2.0046_445o030c_-2.0046.wav,8.844958279705137,5.667673741452572,3.636648576779769,4.252159676346739,2.622596355552361,4.414101506135593,2.674315247309997,1.6868540479738448,2.682335823527825,3.7365425744622818,1.7135461494407664,3.7036808712208176,3.153960892127933,1.5476010501003676,0.8126790156424054
443o030e_1.8522_22hc010v_-1.8522.wav,8.423143439831263,5.183347572286154,3.3570561903649767,4.071224805842576,2.6038806072440845,4.041577121482602,2.4364858199534067,1.182973016359564,3.3640191157450166,0.7444877145622232,1.758109420828716,2.895129240872516,2.456637766891966,1.3378947167688746,0.4379281313553422
22ga0101_1.6313_443o0305_-1.6313.wav,9.650758310059762,6.6466536671601375,3.961831954899477,4.751818542849955,3.441674423736933,4.640904052770894,3.542659451788133,1.3240612169264812,6.034255214951908,3.511794579839896,1.7930929244626377,4.192411557534507,4.088789348735284,1.314512027922253,0.2561212021193111
440c020p_0.38085_447o0301_-0.38085.wav,7.425555679292317,8.980822951125745,3.853806020138413,3.8896660303324033,4.620104909232269,3.843413255077381,4.456517988052094,1.7829167860810564,3.9155438183328037,5.281037957600623,0.9669730462190408,4.856918618720355,3.7808043204187864,1.513355057184349,0.5145056605979919
441o0303_1.4936_440o030c_-1.4936.wav,7.743413897515189,5.958954681695515,3.248146418542976,3.906097686232625,3.215957394635332,3.846759003793145,3.078193390750622,1.3566972293162576,4.569533154035307,4.211215505670839,1.6833007723425824,3.2560602352319585,1.777143038156833,1.0991754809488268,0.2241599431378706
440c020q_1.4784_053a050j_-1.4784.wav,7.029332574781154,8.931566044270497,3.1733505416629715,3.516813435079964,4.406197376027728,3.684221995185081,4.435767191778447,1.700962937692029,3.0275129212033867,5.024918876521301,1.4863138673356144,5.066791075593068,4.681247489934639,1.502599481675014,0.9838732863955136
420a010z_0.87139_444o030n_-0.87139.wav,5.818695337004963,9.980057734689858,3.0810420647433547,3.050623696772825,4.796287297370605,3.1062422866846844,4.935594771887289,1.361642995778612,4.2918345775851785,4.9328005065554335,1.028368030712384,3.2875991738870454,6.8582635217154,1.3426366521715158,0.6533082786591247
421o0314_1.4919_22go010z_-1.4919.wav,6.603452819945444,9.501047666658309,3.250345476874004,3.3844250959608453,4.763842703855341,3.4206632482220365,4.909399552958002,1.0218135762496694,2.456283721336832,4.009824229532173,1.3923783667879193,4.953519808021911,5.522987022970443,1.5049794416521587,0.7213862724870649
444c020j_0.9602_423o0307_-0.9602.wav,6.722091255858622,5.009408068284654,3.241193293850723,3.308993757957025,2.5921828606515214,3.337824321852972,2.759720314927996,1.1347564850264549,3.163661652761358,1.5085263720075428,1.554100575110553,4.841160004270149,3.9113678279364072,1.1027766739542182,0.9931934625536966
442o030l_1.9359_446o0316_-1.9359.wav,7.207982054922779,7.609948182972006,3.264603474062099,3.681916446631313,3.900382188997287,3.544347063605266,3.9601706900140616,0.9787588072760188,3.3950610408110653,4.675251843209528,1.2470630086004082,2.1439699253813873,3.78156658781954,1.6434207404439096,0.3730947813679474
053o020q_2.3969_052c010b_-2.3969.wav,9.61535302756992,5.71262644961842,3.705037050804937,4.6219243084477055,2.7266260154102198,4.742683665317439,2.8462804249754683,0.977957699577994,5.860388956767575,2.422164398881896,1.7283833505830837,3.191093814624469,3.509343811251541,1.211634122494765,0.596647961123017
444o030y_2.0746_442c0213_-2.0746.wav,7.983822954054209,9.69539970174073,3.43631268816654,4.027563602587866,4.954784720037549,3.928801615614936,4.81641539565834,1.3154341391372557,3.1659871741615193,5.678086489291252,1.7752100847874326,4.919762422038434,5.5069012226209075,1.7662326031030893,0.4917472914428287
445c020j_0.52313_440c0212_-0.52313.wav,7.593213989421443,5.833653022639152,3.703591175657918,3.968539596190414,2.8845112073740515,3.8124956826206233,2.951967096945116,0.9629523078721448,2.39700502449381,3.9585905299062616,1.2020955155192967,2.831315120550744,2.0982916791829562,1.0246185641770476,0.6601633893637253
420a010t_1.2193_447o030y_-1.2193.wav,9.68210418522061,8.001398787303568,3.682729473399532,4.970202925833981,3.742040790220984,5.042888612840148,3.873253559814653,1.716503697779122,4.1030398064844915,4.892085311193046,1.5801015437890775,3.763600589119431,5.304668761871993,1.1462794370079596,0.2032779194805738
421o030p_1.3071_446o030t_-1.3071.wav,6.889748895577982,9.68152115805512,3.0086215486144594,3.4368874228080477,5.04288232372234,3.4448846816847687,4.893095662599066,1.2997085786554503,3.261654277607117,7.026608512289549,1.6943910962305329,4.602920476937642,4.906712213148118,1.0770369379783262,0.4527644898570696
441c020n_0.17059_423o030n_-0.17059.wav,9.445211999672756,6.263312433487265,3.362482344823665,4.873991370905209,3.0933917054382127,4.969826190953455,2.952979144510352,1.1244028562212534,6.306342871111539,2.985986722558398,1.2777412788433984,3.9438792170577135,1.369935086542663,1.547857619734223,0.8219279201717247
051a050h_0.046987_442o030u_-0.046987.wav,8.039096101858483,7.622643045272123,3.584599052106561,3.8725324927083897,3.9452304156978615,3.8078892941467646,3.798870390828629,1.7718424629184713,4.841295507085299,2.811496076477845,1.568381400163672,2.8475926908158975,2.181098392923721,1.042036658517432,0.6883667490408609
440c020t_0.52025_420a010x_-0.52025.wav,5.727271809620359,7.863093253243054,3.788738817173981,2.816058276001788,3.998835065835192,2.72867205132299,3.876918505285008,0.9827047349088844,3.9129058534100043,4.544590434644273,1.2106357093180558,3.560592323536921,4.600720449555537,1.152371240718487,0.5024716202646147
441o030o_0.57101_446c020m_-0.57101.wav,8.702939667800877,9.743295932405328,3.1677811541673635,4.34491168248313,4.732061395116158,4.5071719962925245,4.681350542604326,1.1964901866445734,5.86875586266287,4.317710929729258,1.1206530645919968,3.3985867069529037,4.514609459054154,1.3774067365495168,0.8073738701881277
053a050w_1.1764_050o020x_-1.1764.wav,7.62811099545043,6.056237850406713,3.701886388483486,3.6366702590512903,3.2020203379068604,3.667579565371141,3.045034304187852,1.5732621672331129,2.8462820142986023,1.7402558346604968,1.1743703299597608,3.8256187539279805,1.9493284358800382,1.4559139176193288,0.5118122993625208
22gc0101_1.5394_441c0215_-1.5394.wav,6.793597718635749,9.078949880284046,3.908192158406636,3.328739664677668,4.353326644166385,3.498448209669124,4.343376279505568,1.4803915530478986,2.4059402123046385,4.694177112139161,1.3201533324297092,4.077103324983954,5.5596931193714445,1.291258627250858,0.4417780989933103
445c020r_0.3853_441c020f_-0.3853.wav,8.585801573856466,6.575876552318068,3.6754174177545296,4.093902966522159,3.271190783221307,4.098105353994247,3.101242732513056,1.6992749039212731,5.894970646563417,3.771840240412535,1.640602091954375,2.7323750754450793,3.6326411161629464,1.7232424419247527,0.5170559695471645
051o020t_2.0153_423c020a_-2.0153.wav,7.718768599336823,6.207673085918474,3.508036522405149,3.918098361507187,3.1111746412838133,3.7597991290326944,3.1344416350300333,0.968122976078768,4.838894054961115,3.2142150298999206,0.9189979979514744,2.2848901120171554,2.2870260074888473,1.137189696213211,0.8786356431179677
445c0215_0.049708_053c010k_-0.049708.wav,8.719159653578398,6.885160932521944,3.4325187195478524,4.376630487050908,3.555577230274874,4.368147948095641,3.395802243080781,0.9039664826774196,5.886458823675456,4.4803865288797615,1.5361907046125611,4.755941344482043,3.006258916916233,1.6778265085988735,0.6007238774311942
444o0302_0.11076_441c020n_-0.11076.wav,5.561003524336016,9.697893340006496,3.1225345075924427,2.8996013953342805,5.006194806674509,2.9001404776007265,4.83619566141104,1.3085063327489443,3.705040710673275,6.469788729032543,1.1095384129468473,2.6865096577853778,5.822929134151844,1.3778501453413845,0.7932528607113309
446c020z_0.41606_442o030v_-0.41606.wav,9.837351281685422,8.165356274933046,3.9923351543070553,4.804283370652539,4.054148439446555,4.822788287927188,3.9052942556401926,1.4777824688424954,4.224088919970637,3.5927433004763527,1.2472076847010842,6.4185774405805285,4.509832206241494,1.2055812122097636,0.2231553279397495
051a0506_0.53957_050a050u_-0.53957.wav,5.458303183233252,7.498892092614776,3.320770566889319,2.815433809859264,3.6572000981697537,2.852376078933044,3.80257983800884,1.381300636311669,4.1497416382755885,4.445591785423395,1.26637665509341,1.313341754698128,3.8171547472370073,1.0251894293730854,0.5818166251799841
052o020z_1.5755_422c020r_-1.5755.wav,9.204713789123009,6.325397636233658,3.895453325657544,4.726813792740657,3.006721710769376,4.561126988691475,3.044772768099865,1.5963372558147912,2.984443035862991,3.151564749951994,1.5168845854247774,5.481435458046543,2.997040656859683,1.445152011447077,0.5609240640217117
22gc010x_0.61956_052c010a_-0.61956.wav,6.865781073388709,8.182654081948701,3.4588866710544046,3.4960505636956274,4.063206101132178,3.374422997112309,3.944434323983647,1.0934808765183452,3.9291605413677457,2.6738136243846484,1.0051486099907814,2.561649012366058,3.1183254201321855,1.613393954908513,0.6837500996077582
445o030s_1.6181_443o0306_-1.6181.wav,6.424155909743897,7.58367188297998,3.642603463365396,3.090246629944717,3.916695163970204,3.2149809643044525,3.8333804243869007,1.1864287700800444,2.2270095756581667,5.425249406665029,0.9607855770256712,3.9417460110067197,4.467096734029008,1.3812261718814025,0.4712276005662428
22ho010c_0.67041_052c010k_-0.67041.wav,7.272476806672441,9.112674497224926,3.0061309088851385,3.693108313653554,4.584161724345551,3.839282560940998,4.550500330584312,1.0116948707104048,4.883890313161858,4.7925078686292215,1.3413144408476263,4.932311831182701,5.558079202873241,1.3407369034763137,0.5176567684765323
420c020o_0.65367_053c010k_-0.65367.wav,7.514571397887479,6.037804819218114,3.197595652867366,3.951305679010859,3.1677103265916267,3.944175384095624,3.0178798927858685,1.444771522849988,4.6614022164542614,3.969803187433153,1.206554776757124,4.611757234070465,4.390644677256645,1.3724817965397107,0.389016883964134
441o0304_0.99287_052o020r_-0.99287.wav,9.66909766032509,9.0819127337712,3.542320572550448,4.722478593322518,4.608677238264771,4.62264023227782,4.471082537553193,1.7736905838946555,6.068042616517659,5.523341500620428,0.9291866216946746,5.045920524668929,5.069868580178189,1.7419859214689848,0.8063633772286947
443o0314_2.0868_051o020d_-2.0868.wav,5.349304321956491,6.240202858550189,3.975767476433033,2.5431165609934108,3.0951311348425783,2.434138052924097,2.964656291370794,1.3443454542238056,1.578044927459633,2.8783607041291646,1.2768177037460136,4.359815336176131,2.8213222155830504,1.3997655816579209,0.6592654925784727
051o020p_1.7183_442o030n_-1.7183.wav,5.8125962169652325,9.264850782772788,3.139785774170007,3.058788817257987,4.413366921276603,3.072550476560599,4.562734309729501,1.6394000705238163,3.9292198595967323,5.711417695007283,1.0908384931093658,1.7257431723768768,3.930495357180111,1.154683233697016,0.9796430175029506
441o030g_2.323_423o030f_-2.323.wav,6.511444061271076,6.139587448823169,3.600047369071697,3.289038734754445,2.982105218384702,3.3459674888723296,2.8219205844319246,1.062070605596154,2.000408793155937,4.200786344308215,0.911733347506375,2.7303584022417136,3.3357216336414104,1.016004149350454,0.9175270857294036
420c020i_1.3724_22hc010r_-1.3724.wav,5.081161018085718,5.7035105906847,3.239248772629665,2.601834233037763,3.1102257646259144,2.685333671829784,2.9856149957436964,1.5776720411284024,4.402430964941466,2.842024370155384,1.0627442435794678,2.8243458391930543,3.8255100511364697,0.9963969054374604,0.5566792841538595
441o030p_0.86352_442o030o_-0.86352.wav,9.435136346495169,7.357961702700437,3.0340141735266197,4.763750016932375,3.7482156476756265,4.604902157629288,3.7290490727383374,1.220182991748398,3.5580356361588916,2.598942065996639,1.416239780826522,3.60194925183355,4.0847458642770835,1.6195527677652035,0.5236574276961667
445c020m_0.9341_053a050t_-0.9341.wav,6.890872790304235,5.650002066510895,3.010810815106689,3.581467931969173,2.6264364674505605,3.43767866091458,2.6691523372133177,1.217576386680522,2.6346403324494134,1.999406623193425,1.6811902410925814,2.604469959177105,3.9994811581174132,1.6735752251258091,0.5943542303959699
441o0307_2.23_446o0305_-2.23.wav,9.53181769914465,6.631324460710183,3.4824346371577715,4.7100266106274935,3.473140786812497,4.860279758410388,3.39361725833613,1.7994810698699073,3.82311683116809,4.756046459327576,1.1387562415553227,4.468286525246122,4.150376900963854,1.789915643994854,0.6362793249911394
22ho010q_0.78827_052c0107_-0.78827.wav,7.492059300827496,6.297716153590102,3.737413935452131,3.835894080315617,3.0134630767257047,3.671047143071453,2.971924091648807,1.0651863117093352,2.6458622245003456,2.680709691531193,1.6339598070006534,4.985487729047055,2.6507030788141552,1.459369265874733,0.7171695004278246
053o020p_0.7956_447c0203_-0.7956.wav,5.999997907902979,6.849979400976614,3.756443425826277,2.819694964392009,3.280407050434232,2.9633686205890664,3.3712799315097755,1.5508411041243575,2.463409638402857,5.118420981578448,1.470682778333697,2.2375904965630276,2.426603943036606,1.4319444331959992,0.2186670284700836
423a0110_1.8808_051a0512_-1.8808.wav,5.577485818570865,6.181713289778196,3.971309394438613,2.789890195478658,3.120301148214497,2.848239872227218,3.279973673162713,1.2519997158680816,1.8931621398683485,2.5118173900193916,1.5899197684293864,3.9209177229988192,3.392495699674142,1.0254655845245804,0.991264689512158
422c020m_1.9828_22go010r_-1.9828.wav,5.494410205975358,7.40494305227943,3.48563030881431,2.8336168775539083,3.5744397372046723,2.7535886805290315,3.70130773033512,0.9127137179718924,1.864520159558369,2.919293283515947,1.555028723914811,3.735319776909609,2.7693192236775657,0.9460614850496828,0.4157878828426513
420c0201_1.968_440c020x_-1.968.wav,8.627877288504607,5.98888674539307,3.669559598619367,4.117308004196041,2.9112615214802813,4.233883843801958,2.7875276392160626,1.5693961387706463,5.407206634496498,3.9304280005502044,1.271205204361156,2.5779800355253375,1.8062462078630976,1.5244346529183792,0.4419148241892789
051c010v_2.3426_423a010y_-2.3426.wav,6.984675558614185,5.511744831015426,3.7094046656704895,3.294109426311007,2.72922485311676,3.4115062933266853,2.6062696758573085,1.287675918933996,4.7062788204996515,3.90656710471785,1.0600294718338843,3.542037628293406,1.1184628475026226,1.006289594807611,0.651591227575212
445c020p_1.7632_053a0510_-1.7632.wav,8.978475998022915,9.460751425750626,3.780613414522688,4.534659112994061,4.865963917236051,4.399154114645486,4.801633555644088,1.3458446769221295,3.2143342093460765,6.082940821253937,1.0073126586799035,2.6812115924389928,4.3621611151814355,0.9568098273656156,0.4808761296189209
447c020r_1.6432_441o030q_-1.6432.wav,8.20170298762745,5.201690909364593,3.9817116561989065,4.081671949336681,2.506323111317898,4.16699720697443,2.64167302971112,1.0593169331394012,4.843951877836185,1.4423380780193702,1.19016721840117,3.4201765948867964,1.8248292632266,1.0045540926304943,0.5049264600771872
441c020u_0.12483_420o030n_-0.12483.wav,7.838843030979271,7.417680841320686,3.880483080988232,3.9261966094438425,3.8969452901131176,3.782192876284784,3.854958091632453,1.7045602958779358,5.597446238912312,4.431006224387236,1.6168111071061553,3.928283266296931,5.076276341375802,1.0679282882186114,0.5245554184658723
447c020k_0.31404_22hc010k_-0.31404.wav,8.693232315106826,9.743411140997292,3.1637460734574807,4.179912761912814,4.9594807623189485,4.340525972637188,4.903772625204093,1.4939361783631455,6.002452365153371,4.83394777349439,1.413090447142198,4.255940628031123,3.8918744366798927,1.075359525346998,0.4902216608947439
440c020j_0.74441_22go0102_-0.74441.wav,5.973898418138071,7.354236037326531,3.9181000707103415,2.947795508470705,3.451708629580198,3.0397573865681906,3.5946876944001334,1.4232891477658354,4.334937955792916,2.8097895071364243,1.1039754183512691,3.410471705795213,2.371025690722638,1.191519848461638,0.7791959354923008
050o0213_0.094956_440o0310_-0.094956.wav,9.051395766758134,5.590465097582741,3.399121763478779,4.286102798694772,2.658318393001839,4.453431542217251,2.688336580675126,1.4019208074279632,2.8960424417434503,1.5870574984579877,1.7635081508955708,3.7726585374089496,4.314825290726878,1.7237970642058078,0.4528247689097385
447c0208_1.0785_423o030n_-1.0785.wav,5.413632082422419,6.414173349642981,3.2562637561661885,2.6880562276653324,3.031733430804492,2.5414702702673084,3.0635541330862552,1.2195132407874405,1.1940792844965349,2.5815006895823567,0.9247687475569756,1.0606463108122584,3.5151489972981325,1.62865226466237,0.5409333613034791
050o020t_0.022501_22ga010b_-0.022501.wav,9.591853371694322,6.250081418581399,3.723317062160503,4.932014935817451,3.219890422896385,4.922923029644526,3.3696146268252845,1.080987699981968,4.205145499052947,3.736988812305028,1.5399546174133838,3.6453946759354148,3.9967928750879453,1.7369102547176056,0.7392935490266048
446o030i_0.60557_442c020c_-0.60557.wav,7.429870258680446,8.078807221018078,3.4864487565609226,3.616610892318801,3.927293058670684,3.4818819177701577,3.861352908404924,1.783198938802136,2.2373035824422245,2.7092226554340852,1.0856192614075688,2.703260990457489,3.952868918143708,1.1259967645008582,0.525927073090114
445c020y_2.0221_052o020u_-2.0221.wav,5.630546052727566,6.420422469929862,3.4008354688753064,2.7855269317897764,2.9520673916897326,2.714235934568228,3.1063968889193845,1.133248918669337,2.516988983598371,4.353155178932663,1.6755946884657122,2.598668195338067,3.9262443432730265,1.6495693294079563,0.8812491812759679
441c020f_0.89013_447o0303_-0.89013.wav,9.07211843635753,6.439600048615108,3.5788195589699603,4.46443072658592,3.051231162936857,4.327648266046406,3.1127986745704788,0.9403137794454662,4.484697809401749,1.342641942969986,1.165230948942865,3.846353404519605,2.1050978247130896,1.7570447005451937,0.86214053332901
441o030u_0.73446_443o0309_-0.73446.wav,7.595889235047234,9.70923551911884,3.224259942833895,3.793369766302051,4.9750669752102405,3.75597587386029,4.829802744210128,1.7441772150932204,4.195654535284357,5.609758805066159,1.4460478014120848,2.728779940806433,3.6052169542606096,1.3141442769645515,0.440077950281503
420o0309_0.76577_050c010r_-0.76577.wav,9.159522624877592,5.3834588635776,3.5404484850816056,4.7792139043443775,2.648272315912908,4.629276700479704,2.652612234949363,0.9401919313706936,5.374895472613245,3.287514376689495,1.2496408507819512,3.8400801913955678,1.673660034589173,1.4372666969028982,0.5850790824919884
446o030h_2.163_22hc010o_-2.163.wav,6.520866016325718,9.183942340460971,3.87486505934176,3.121541829242707,4.41064062525312,3.165183529869034,4.57494340053839,0.9510693041313928,1.7660816794590606,4.022528204332754,1.7436010613079111,3.005740683228573,5.103440139492005,1.0207704117468217,0.8797006960286191
052a050b_0.92476_442o030h_-0.92476.wav,6.73485060055235,7.696464198857378,3.8063493084315247,3.242332106376966,3.95669576959886,3.333323517400287,3.813097151499711,1.319894544464367,4.047346780434899,3.7432298497587784,1.3834343427368267,4.335449420331314,4.868715004152112,1.542420311264692,0.8789990725295425
421a010k_2.2602_052c010c_-2.2602.wav,8.729271957752275,5.908723472544267,3.1196661525754803,4.566183429676776,2.906310017623344,4.44379861118214,2.993039229553552,1.0550353181737362,4.6477519406044685,1.8105671708186224,1.247997656202808,5.634107921368543,2.260367525420812,1.4668548435189446,0.4993653004028553
442c020l_0.45466_445o0308_-0.45466.wav,6.515050476427833,9.776488409474371,3.047688962998325,3.485803960771757,4.907779694083639,3.3515788251175835,4.9747394802139615,1.35071074469679,4.122245767639157,4.601589328824215,1.429764062256336,2.0751361226827787,4.582502936170436,1.4847242201940043,0.459113368077702
441c020b_2.1737_052o0211_-2.1737.wav,8.467362328181439,8.695023181141979,3.827071556644477,4.211958299574822,4.217473944119413,4.041966841340067,4.215769794119697,1.4726592433850023,5.251430735302504,4.100035941905971,1.5257164480404866,5.135003167876521,2.889969316646003,1.739901045367252,0.816400857252771
051o0209_1.0109_050a0506_-1.0109.wav,7.905200617318335,9.051465275630395,3.9946969372094263,3.9028582431896175,4.619551624313776,3.991630107231308,4.740462980912581,1.2712615964213565,2.9137061080340634,5.316817397024885,1.5807762667764147,4.291080501398169,5.418577799221315,1.0758260032095204,0.5080517980831747
446c0214_0.29673_22ho0114_-0.29673.wav,7.100231092557845,8.705743979671748,3.406740412075667,3.58713035848256,4.524856557858652,3.732665421338077,4.5611821064386895,1.2295303478501074,3.419651395827903,5.406085346787297,0.928295854543479,2.7473970954611127,5.30991921646155,1.6362498384902406,0.2598091289983403
421c0210_0.99749_443c020x_-0.99749.wav,8.912972879552925,7.763504263369757,3.1379807629164063,4.407528170271415,3.861540249702527,4.376905008528419,4.028759333436598,1.1339313059733482,3.0475326565194987,3.4810092847326968,1.195948431583563,3.4906674324002984,3.0765351895873074,1.2989504840824453,0.8487587441768286
421c020j_1.394_444c020x_-1.394.wav,7.652910693505964,9.150470355796852,3.2583143608300533,3.775072065390464,4.693693753079904,3.9243277504761536,4.678769260807085,1.594985198512981,3.082979347830921,3.660084757624041,1.3310412973986372,4.550698159305933,6.17573229883496,1.526897752501225,0.3351522081772581
442o030y_0.69644_422o030s_-0.69644.wav,6.603575993783197,8.266798554823957,3.625789988993908,3.365577844462905,4.090502058107267,3.50677353017454,4.141135824868405,0.9955524206283716,2.3349309654939034,4.449591316934681,1.1077109066167916,2.879179676304605,3.5364963767980053,1.350313983163472,0.5732002115111745
447c020m_1.4389_22go010h_-1.4389.wav,8.690281922810986,7.491787788491547,3.7783257023147288,4.368571446375106,3.7137364109137376,4.2620050463555375,3.819299673400595,1.1567439842636476,2.944646613168451,3.3381616608079274,1.109139331139703,3.908732696937358,4.421436285965332,1.4930205774431524,0.5162474380406099
422c0211_0.73621_446o030i_-0.73621.wav,5.020996201290068,9.06042875648738,3.175349610387284,2.515323626141983,4.555515800997067,2.606709573274167,4.412167942042864,1.3874826809795815,3.3755407042524763,5.612454340021489,1.7721810876367896,3.52076816719803,3.4118421291720025,1.3097403936859486,0.6725944744163079
445c0202_0.23195_050o020c_-0.23195.wav,5.971749779521696,8.592473101612088,3.4804183748392954,2.9242403902713647,4.285128865863186,2.9091494513124365,4.115800003700418,1.2896118112465005,2.833807606020968,2.2114161347651016,1.0034543078639224,3.898076223958183,5.118863793233053,1.3802903918989862,0.2779951730462694
444o030e_2.4241_22ha0110_-2.4241.wav,6.954268938076817,7.5757079769428834,3.4176485374709507,3.417707893123759,3.691866092544241,3.58654951681858,3.6720543256342335,1.5112230985715038,3.806691584460152,4.8437869863859495,1.7402113003795412,3.3458413457153315,5.35662975356497,1.117747320818553,0.5499032904410679
442c0214_1.9833_446o0312_-1.9833.wav,8.918499389537889,7.5663787563238785,3.893706854845738,4.521520837499345,3.549283373430606,4.6507694998736255,3.625406847303384,0.9205992869999984,4.781978542282748,2.611068484731245,1.48410873442567,5.462861405568612,3.8532600542652884,1.1998450333113184,0.3065905303339936
440c020x_1.1225_422c020z_-1.1225.wav,6.867207073789509,6.524805101664866,3.7514511371081465,3.3187509792416887,3.169146066680554,3.2796770274491283,3.003697505818537,1.2197716916407673,4.498630497317481,2.2856909082441645,0.9023226259299728,2.627377018466946,2.7184159219504203,0.937388382778162,0.5981775223839922
446c020u_1.3923_051a050s_-1.3923.wav,7.244399603261431,5.64953534778329,3.2008378406741933,3.626469902260904,2.905598393404883,3.6310689722605938,3.0555278720111194,1.2885365088537264,2.926936322119732,1.7791931061172583,1.4781787810915423,4.185084002606131,2.4731283857032884,1.30871704557482,0.2654906182277938
052a050m_0.53926_22ga010j_-0.53926.wav,7.442023184502785,5.74723248286071,3.654628053170761,3.809714347835892,2.975957025990722,3.661894755760859,2.8919965102778527,1.166415310680312,4.261728120998189,2.062107421626008,1.2635915413595202,4.5463724475886025,2.7920701700077584,1.7592934995351928,0.5036074558310931
444o030h_1.2972_442c020y_-1.2972.wav,6.328395058672231,7.948277157872601,3.140168383387558,3.1779449180996022,3.756346379802877,3.292625091408819,3.853033803234097,1.6567579495170277,4.255321855199183,5.090880462619545,1.62348037304659,3.0936436394893976,2.6520335175082215,1.0896029145421229,0.3879820260504215
052c010a_0.89427_441o030d_-0.89427.wav,8.884827493470453,9.767806903894366,3.788512435714097,4.301984860609605,4.985126725157904,4.2581324789630655,5.149373395212204,1.569119476976925,5.505642878439276,5.23857859717045,1.0881214782710744,5.629742707106288,4.192610711154738,1.4632309847238407,0.4916193109702362
446o0304_1.7862_053a0504_-1.7862.wav,7.46144990489787,5.568711224190415,3.299171545014413,3.955040516146742,2.8949218892578683,3.874075056350866,3.0211937955555177,1.619528896214906,2.3413777964002644,2.58333835150976,1.1218029407824173,3.645021779199744,3.9580091984450307,1.1090629689720002,0.519520498959917
423o030o_1.3581_440o030e_-1.3581.wav,5.382213404941034,8.97677016368514,3.2216209435858785,2.788131220587708,4.673280153824102,2.6444042910436334,4.602976741930847,1.0922587957777206,2.3129295953447944,5.567432082397201,1.4683527466884403,1.5059806162721268,4.89402270169512,1.4369426401790704,0.7420731848109394
050a050p_2.3137_22ha010b_-2.3137.wav,7.845421900136646,7.405808428551599,3.4858779783591314,3.9405058343356303,3.5961295938398505,3.979441248323296,3.4306483757587367,0.9843810853326166,3.879168773811993,4.605570863873269,1.6047356725117408,3.8380538082373734,4.6240487863011825,1.7187846579403303,0.7007998127497802
442o0305_0.68876_443o030p_-0.68876.wav,6.868444581092164,6.8890208543124505,3.12380089468184,3.67660685326808,3.2362194060058136,3.576686334028245,3.373754455483544,1.394485929868547,3.0484508638013295,3.717787674393568,1.66244967432222,2.2351931714052116,3.9458665126130064,1.6397392535546196,0.279424498669054
423a010z_1.8128_422o030i_-1.8128.wav,6.159228918178158,7.44977928634372,3.890828974511386,2.971653670665203,3.9277362553421087,3.078960325406134,3.8229255600466834,1.1605151436370709,4.013424368869606,2.717910738620745,1.2084520803213492,1.829216790973903,4.988036753847625,1.024591280704437,0.5628223984572356
446o0302_1.51_052a0501_-1.51.wav,9.55094243308443,5.923496264457241,3.454870408358268,4.96545857471002,3.1816347161032,4.929695625505111,3.015439013799659,1.564321426316173,4.311764592838829,2.424466107659998,1.4418269881282173,3.768041979568697,2.0314263821382297,1.1480913690975167,0.1643259160663067
447c020e_0.50024_446o030u_-0.50024.wav,8.641320264343543,9.370541963627552,3.0112974697062134,4.112130589146132,4.785972292683003,4.235895823833522,4.669429739584252,1.7224545408562777,4.739660225256361,5.147736722074494,1.0918410109881065,3.232809175558144,3.2420036349557337,1.223649321527079,0.8201897544556136
052a050c_1.1209_421c0205_-1.1209.wav,6.208253680356727,7.604741151338059,3.707036645521404,3.3129647259996533,3.952640759641645,3.146992215876203,3.98942561907214,1.2976871123650562,1.8772567820254462,4.480895159702235,1.049366877238631,4.353991324939242,3.5984998703700235,1.697049865469474,0.4158470311783862
442c0204_2.0254_422a0113_-2.0254.wav,8.716728345235392,6.432743988616447,3.891790929917428,4.3946642596833625,3.276484747432932,4.333016844892456,3.1397382803868035,1.396599575471286,3.637213927432002,2.5231082782370073,1.7455109099973187,4.480325239596933,3.9121576480726414,1.1198562218064672,0.5741444923659296
443o030t_0.47778_420a010a_-0.47778.wav,6.29618410696915,5.277276044159954,3.645192387308541,3.1991536047271536,2.6636200687476483,3.3621981499032163,2.711749854622208,1.0269986076840052,3.956230938151912,2.213029292527368,1.3918080785093505,3.3273352029953456,1.7743385159887022,0.9206442153610824,0.218040708733651
22gc0111_0.61533_423a010t_-0.61533.wav,5.097234123918709,9.663679619042233,3.256617485381724,2.574164049256634,4.790757563388087,2.5875841033772664,4.960227036000116,1.2070160312651408,3.537315956672397,5.2419074461202415,1.6713053438761651,3.357895605908217,5.491356355825723,0.9409938865878912,0.8546088153751121
443o030o_1.1491_442c020i_-1.1491.wav,9.9344879131574,8.594971653244558,3.6130838305079753,5.157345957502666,4.360397236723904,5.134089635449887,4.50858341517715,0.95923033090559,3.830030636864052,4.11923674822861,1.6763286013414818,4.00492592774091,4.248838107228293,0.9785964433353564,0.3533216101758394
447o030r_0.25387_442c020t_-0.25387.wav,7.448019382860992,6.71819841601407,3.678663683704924,3.7377959059380026,3.378846708570615,3.8864855589704415,3.359063203292408,1.4587798681101525,5.109435232510653,1.902444352109609,1.74527709775137,4.7798950224012815,2.315863451643848,0.9992044927761816,0.2298007005821006
447o030m_0.94219_443c0203_-0.94219.wav,5.774722595085974,7.984888571081217,3.5872657261433494,2.9827063361125203,4.172023711619686,2.9614267113445,4.003360800552279,1.4799426150287716,2.030743708750275,4.726649494417697,1.6425887068858904,4.068983555935749,4.785139609844663,1.361314100945753,0.8443615629176611
442c020c_2.2089_440o0310_-2.2089.wav,5.6640428873831725,9.951093069212323,3.883520696797312,2.9151094709905303,4.990942290032124,2.7458790612234747,4.974784678510788,1.5326223864262571,1.7626770114257402,3.9376793465685744,1.684684722907819,4.448514614550244,5.082285280319964,1.7597485366429106,0.4595963583687374
053c010s_1.5133_050c0116_-1.5133.wav,9.45710565464083,7.656375159571508,3.797970725202367,4.5795505760781205,4.0217457894435125,4.725137371339268,3.985628133849759,1.4546889658592377,4.570053305522226,5.053602042556851,1.103880111541513,3.587599041576369,2.8904870316952644,1.4527365095452809,0.5031245703891671
444o030r_1.5585_446o030f_-1.5585.wav,6.51823681512829,7.322854220477408,3.5664887905347937,3.122217626622561,3.792334184410208,3.2884031838298524,3.828144246902503,1.0305300356780267,2.817311442300741,2.8390461077587683,1.3576007564176495,4.642828533142298,3.0274752161513194,1.5116460884536238,0.6275063545426969
423o030r_1.1867_446o0308_-1.1867.wav,9.620812550643258,5.3918299724437055,3.44170755161426,4.908353318223378,2.758251119191488,5.057038279707642,2.8406694559159265,1.1292216786020728,4.873136440188654,4.052547864268032,1.7795966097779607,5.007793878639972,4.07646929751612,0.9539642554521728,0.9594201395016828
440o0307_1.3043_447c020l_-1.3043.wav,9.587983282564837,7.6748171703846,3.1865465933104904,4.634828701925538,3.90492115240517,4.801726629051378,3.937248879221292,1.3753973362470906,5.859529928281458,2.790191970900515,1.5156245827617507,5.2933251550957845,3.456899695459226,1.059578343612996,0.22888185386062
051c0103_2.0728_442c0214_-2.0728.wav,6.258208954862741,6.619773687819759,3.3835027430519187,3.009867605478643,3.2860084018708524,2.977214158481681,3.119173895850016,0.939568570987212,3.6372921644662495,4.2780532488654135,1.3915244248577514,4.089025946142471,3.4279339593944815,0.9011553384444784,0.4735585106130727
053o020o_1.6913_445o030b_-1.6913.wav,9.62319531463566,9.182398573312518,3.384684066487911,4.73712691492476,4.688738252260455,4.574096096983741,4.73691451614094,1.262216673296163,5.7600726391238855,3.000751107112137,1.2119935865313232,5.201662639486093,5.374442920762512,1.152588428873963,0.4156204743629135
22ga010n_1.4349_421a010k_-1.4349.wav,8.79878001510365,9.694780048402016,3.55697753732154,4.183886673859788,4.986562445167042,4.310800585876852,5.0996679664139055,1.655662090033108,4.058761187259882,3.506075464444323,1.7054963645455368,6.0047629386770724,4.417314609867756,1.0283853043902884,0.4683777453425719
22hc010d_0.8031_423o030y_-0.8031.wav,9.0934444483458,5.04848182688943,3.598679542911857,4.470617788725356,2.4568347957325067,4.300689061269239,2.4519126432415037,1.3453608946226234,5.969053578050215,2.6353974907708535,1.369474493492496,4.399302637308063,1.540432398704271,1.2956481416011028,0.8435728031287333
052o0204_1.1732_422o030a_-1.1732.wav,6.704857383521956,8.322461062861759,3.20520722301416,3.429159086997066,4.093607991145984,3.5904333888890685,4.039843694914681,1.2696477128309582,3.2438589737305277,4.981779879732582,1.075136282221087,2.7005578733265625,3.9193943356566887,1.252512306284608,0.5636257593592605
440o0303_2.2122_442c0202_-2.2122.wav,6.040938080374698,8.560683973345085,3.6070990812094967,3.120094760710813,4.359769833258169,3.0071512560427363,4.2610593234160445,1.3637854593634229,2.4911104975804745,3.7032029678446694,1.026592757458154,4.590205122540677,5.341929879702983,1.377003002609258,0.3369264371613213
446c0210_2.1483_443o0305_-2.1483.wav,7.264996872439603,5.639089012314495,3.3087902466853025,3.4543113451144545,2.7651299085707093,3.47260148579452,2.9140106351739314,1.271825384699156,2.601451936823225,2.31147075865835,1.071070233187443,2.4748219568065384,1.42565511763741,1.2915193163551022,0.5871862037811533
421a010t_2.4045_442c0202_-2.4045.wav,5.359786124929214,8.082565678738565,3.501231932609321,2.890841563357524,4.032013172172806,2.806915413403784,3.8841740658648254,1.2379570385441248,3.4502385411436323,3.074633788153634,1.3449213380969027,3.9215519829527175,2.759343937686271,1.464899499646327,0.8451944720805444
444c0212_1.2944_420c020u_-1.2944.wav,9.970732648437307,6.715164678357196,3.83166031379655,4.839305243653119,3.2695294792818403,4.895375268969521,3.4300167132321397,1.7187296230977491,4.617113900129765,2.570116970539896,1.6238090230573146,5.802204930306153,4.267223338411097,1.0123741120137422,0.5281178077999724
447o030v_0.1232_050c0109_-0.1232.wav,7.030549096486391,8.027106501795581,3.790990162874033,3.4919933814058237,4.019718659068017,3.608956359099218,4.113631713800011,1.0347062269008884,3.3516796247681686,5.298689404877567,1.5590496331424644,2.428509503157243,3.718751851799795,1.4484621470436383,0.6923270527168449
420c020o_1.3696_447o030l_-1.3696.wav,8.665008010518424,8.228804831790843,3.874895896202268,4.484014923057846,4.31614151826468,4.341086326850715,4.224101220643155,1.438576053499971,4.58533962410467,6.214801038560777,0.912520670005079,6.054695024738733,3.573144911695214,1.0355037807752747,0.5315597681248885
447c0217_1.1813_442c020i_-1.1813.wav,9.954945960334085,8.99092031928825,3.5950165251568897,4.812821740952251,4.440504009344406,4.891826375946644,4.2899773749922,1.4870503037244127,3.8714381450972404,3.1701907971814673,1.0180633800098209,6.1992689388116125,3.2348820653851895,1.17184482529067,0.7988664543124109
22ho010t_1.3747_442c020q_-1.3747.wav,9.865903899933532,8.990891770318719,3.3255398944379486,4.992855326015046,4.713124162253146,4.988695378824567,4.543175067405975,1.09095556668482,3.6732405827810077,5.422544576063608,1.474977159189072,6.441296341173976,4.02144460844014,1.2664745177000425,0.7250200054660686
441c0205_0.9852_443c020a_-0.9852.wav,8.648173183336342,8.506204556599544,3.1004585083146536,4.196090251585788,4.054222467318369,4.166121804450914,4.22156012648786,1.64088416999483,3.6859596342018013,2.347797695111362,1.2244708563017062,5.223370266432909,4.9668647001288955,1.778270658857844,0.7724624981554152
443o030w_0.5097_22hc010g_-0.5097.wav,5.806198772550462,7.248042169304648,3.37900699698748,2.886852524163499,3.4230878126592583,2.963680062220868,3.574737175981507,0.951768100762514,2.78273426431036,4.892026983925321,1.644940420404021,2.057544863348212,2.436424950148855,1.4571396341636125,0.522641999821584
446o0307_2.3177_440c020y_-2.3177.wav,5.399351699424807,9.745155077847407,3.6732523887178528,2.9396643440611654,5.0316009776799016,2.76987541658785,5.040069750168359,1.7664107047834237,3.4820256695924465,5.275598432403067,1.484969775241006,2.107795533195799,5.174893314781374,1.0183046361212629,0.8780978729796322
423c020s_0.79231_422a010u_-0.79231.wav,6.946291129113089,5.465554212727089,3.083674403116433,3.59201358869917,2.703002905606513,3.47990457189892,2.802660159994145,1.500403557116223,3.95133203415439,3.8792863412596237,1.2996647133778354,2.4863134377221234,1.1161912133896026,1.2678238746713042,0.2581171869375883
441o030g_2.1973_440c020r_-2.1973.wav,5.45770642000977,9.522094003940447,3.358863886970516,2.6647892217452203,4.561928690190505,2.741656572278859,4.702254776225634,1.081184559358192,1.7874474575608348,4.5528973925711735,1.579297942450784,4.145956054567149,4.213805098107676,0.9240545107210651,0.9060055212344368
423o0308_2.4208_443o030p_-2.4208.wav,9.904883033190409,9.94032059779322,3.111780443570109,4.983592814523889,4.927132947528825,4.814924975647863,4.948373477863323,1.095175662662105,3.391367930997826,6.016988014580975,1.2955139976572303,5.61436435234543,4.005402259388731,1.7624042115203755,0.8347228014606145
053a050n_2.2579_423a010p_-2.2579.wav,6.026084444870987,9.78917967488016,3.5283436249615634,3.1060517796699214,4.6763877711268,3.234225880188413,4.754306959753707,1.1762241246038692,2.6200134751525552,5.174564075974895,1.5078431440178983,3.5610928660247496,3.8505235184541085,0.9465320604638964,0.3854431851514618
22ho0114_2.3863_22ga0110_-2.3863.wav,9.286299808362443,7.640158757054204,3.1381870451399005,4.5501005206653655,3.866193960197996,4.571760477250653,3.697579470071188,0.9704035488436668,6.579033449297274,3.7343787111537687,1.6388103378744738,5.256835474983486,4.596386738645269,1.6461182330555677,0.1083663325554727
22ho010a_1.0382_444c020b_-1.0382.wav,9.381017456647765,8.598706768464186,3.861402963476287,4.785049534091235,4.357967169799953,4.953495256313285,4.380902702605884,1.7681838343521736,4.723747850827233,5.3593725963786385,1.0926987647524873,6.430823981431631,5.629704123857784,1.6953049626510817,0.8409188707142059
445o030x_0.92607_051c010q_-0.92607.wav,5.136285886339912,6.644334450111742,3.33869819589079,2.445387872140415,3.3884864889879545,2.52248521564918,3.236974114496986,1.3733410083693898,1.4472374863823079,2.8877477070887663,0.9665441534792528,3.007980835577713,4.291846534504615,1.3031438454698976,0.8906188149513976
440c020y_0.35498_443o030l_-0.35498.wav,6.971756380445433,6.18586912093169,3.32456741701108,3.594156447718527,2.8636422894985887,3.4925944865262606,2.9999697190158376,1.2716982462216215,4.52207483948806,3.75025489719345,1.1520611624839006,3.975663293958656,2.4854360431546314,1.491109196560044,0.8117569609918411
444c020q_0.27721_441o030z_-0.27721.wav,9.502911680531632,5.564209986947161,3.751992388395553,4.613449331491893,3.0182144822021257,4.5612229810628,2.877600086350003,1.600357810076316,5.750606839775038,1.5582668464724276,1.443948125645073,5.980658335155155,1.7999553829380763,1.5174194547545865,0.3230529781062342
445o0303_2.3068_444o030c_-2.3068.wav,5.946657380823808,8.668457023727292,3.009209670087471,3.006139358184482,4.400331854374845,2.975224576325468,4.233166438505983,1.271811443263945,3.686268036456058,4.4557371237861645,1.586873456150539,1.467330476346674,5.473982231977266,1.0305339616105176,0.8070553038233665
420o0301_0.64377_447c020o_-0.64377.wav,8.367623202004035,7.213849305565994,3.925518077567208,4.277798315577754,3.77249832968425,4.139538629133885,3.714323944389317,0.9138823179452104,3.763873368604993,5.470070841065851,1.1996988876598618,4.177530602857299,4.704320721751834,1.0618117023235678,0.4163003925605048
446c020l_0.2558_441c020x_-0.2558.wav,6.433034649606874,5.708953662260917,3.4310806077458627,3.1601661109435857,2.8653639243204285,3.258925664496688,2.752463301726964,1.7752420465888004,3.521774401779099,1.503004079739693,1.153894417525366,2.6220747912291156,1.4258899150577862,1.7332991793097867,0.477295743282023
446o0315_0.52691_447c020j_-0.52691.wav,7.618394524126887,8.354099968567029,3.652627718011324,3.8545127136600543,4.226437196901023,3.8925643401088337,4.081343869264628,1.5253644898089924,4.413874740399266,2.4101041347690013,1.7301376550757073,3.1994704110815215,3.9148440842099723,1.2601274014164303,0.3749707200362134
440o030g_1.7353_446c020h_-1.7353.wav,5.899658416651657,5.8332025772147365,3.4063736568170944,2.9524691767411047,3.026013868108774,2.823652329968928,2.949161932624537,1.6009670004509684,3.201649998616493,2.3501595002492257,0.9399053619783516,3.0532988182092127,1.047143051198469,1.79662581794184,0.2824896529933647
050a0508_0.25679_052a050a_-0.25679.wav,6.784500254749922,9.987152281599595,3.948634013241068,3.1737815817275665,4.867742388252457,3.3032418652660738,4.757560561320202,1.1681213833781687,3.8607459915795563,5.483256138774313,1.4792457804092043,3.0137590465670057,5.964141749311155,1.7993360373642364,0.7851241419033541
421o030k_1.9058_22hc010x_-1.9058.wav,8.73197300720019,7.192960846409419,3.866891857266456,4.324768111649412,3.426017981877932,4.474475783134942,3.416657795000492,1.394717952800966,5.546265571304906,1.964095499719915,1.1560377700370033,4.313052159249546,2.610317463373816,1.2232148853733085,0.2152190237007347
22go0116_1.3939_445c020l_-1.3939.wav,6.625474532898813,8.0706038981439,3.941285977189013,3.1267936731022057,3.847672486016788,3.275559046379905,3.8284666610267832,1.3353152276861429,2.5277232600892905,3.529031449413306,1.046913108722712,5.0526735768630395,3.4403858217603887,0.937051686903662,0.7033326222831007
22hc010j_0.51971_442c0207_-0.51971.wav,8.02862862542872,8.555213524398535,3.648963593019357,4.181955873462226,4.399145078959561,4.036624342006095,4.436276547616426,1.1159443896015762,6.015133659802656,4.424468083661017,1.3333296935443086,3.5350359961192,3.0697280261938236,1.1752700427482137,0.8798051540353686
422o030g_0.55232_444o030u_-0.55232.wav,6.759746908891628,7.800778332201026,3.2189369099745644,3.534146719944805,3.82731664713108,3.5965117307598806,3.669169230376852,1.1606638005333203,4.553522087205947,3.39289148199252,1.773152972552596,3.4199752770621097,2.749917927055498,1.100119679319428,0.894966924582157
447o0312_1.901_420c020i_-1.901.wav,7.826073917343181,8.893931449013595,3.7279181401045225,4.077044273180041,4.596060289090352,3.9277054860033225,4.677287911513926,1.0952985462052516,4.994315324802245,3.522720504889834,1.091272122900536,3.543218415368447,5.48100349276597,1.7174702509957078,0.7263220185432238
443c020u_0.67519_421o030t_-0.67519.wav,8.065559822942431,9.698012477044012,3.679112785780496,3.854440597011843,4.953317659169587,3.87859778623046,5.101359647163047,0.9341734533552476,2.8612734659184667,4.462562061552596,1.759994971634186,2.7341613705814796,6.004676646161484,1.3623187286813927,0.4114381985817192
445c0207_2.0183_446o030w_-2.0183.wav,7.143663465081902,6.215947654352579,3.345097334694936,3.478706758381671,2.972322472071574,3.6026212494621674,3.0568517504327515,1.656174375184692,3.4753998013254073,3.959459324676087,1.5261515489272846,3.2725918518623187,4.856744649877829,1.524514768991618,0.5054090597137524
420o0310_0.42361_446o0308_-0.42361.wav,6.56438872919594,8.795753968684808,3.861589080079824,3.351242776639115,4.564870948547605,3.185678617290737,4.526289746657759,1.521643603972462,2.1207177409112306,5.083841312692996,1.1147388240745495,2.691335482395217,3.9466080966042494,1.2864662449066948,0.7212665535990139
444c0208_2.3006_422a010d_-2.3006.wav,6.743313832708889,5.600835837603744,3.675381092512534,3.2573040155324327,2.7066430988353685,3.0994651930038204,2.7697850508386224,1.156739779193818,3.76826649715357,3.5028583166683287,1.6186725487989304,2.2650646858482686,3.983886365538364,1.0018366932317038,0.562716441262208
443c0210_1.7293_447c020z_-1.7293.wav,7.686023710486968,8.096737661325712,3.6099813913704697,3.852676378717348,4.192414965385601,3.873823273862166,4.023735361325911,0.9635284723096428,2.103015864788708,3.4423501232244083,1.4802309338498971,4.232439321812622,5.9093138089654635,1.546528934404182,0.9404619886011034
442o0301_0.22461_22gc0112_-0.22461.wav,8.06935169730907,8.758629344276274,3.929592422916057,3.802030326180454,4.321345401364096,3.935397162896213,4.215925826026154,1.490586578236366,5.4313197746441135,4.189307676146407,1.1996393150568665,2.7199812717076237,2.7792720713004937,1.5127415434194802,0.2509879805908679
420o030x_1.6229_052c010k_-1.6229.wav,7.639738745688973,8.461511668326075,3.771310717730049,4.088711519595591,4.402256135204352,3.936480907571972,4.326586849738488,1.1561056938394154,2.2154838848599248,3.9492138552234937,1.0829776097941175,3.2526222367960433,4.341426006793761,1.5724742739789184,0.7118210034476598
22hc010f_1.1651_420o030e_-1.1651.wav,7.460472464221679,7.866108431837599,3.944090343451757,3.6266780174650615,3.814038663813152,3.757982372892072,3.7415185545613214,1.3778304191120616,2.42329603576564,4.1427819157901205,1.1007284630919931,4.507789384370001,3.5107512422253,1.7955879277355566,0.6729419625628468
446c020g_1.0439_421c020s_-1.0439.wav,5.784693506561048,7.157999798514734,3.655414150267224,2.692250045285336,3.5784164009467463,2.730927507642876,3.743958099335947,1.1922485931444586,3.284877760384964,2.0781071796392068,0.9035015535490052,4.318107343279147,4.3689644051875725,1.420251173201035,0.9165880024134452
053o0206_0.66993_423a0105_-0.66993.wav,5.690549193851568,6.259173489321533,3.988742001493495,2.8249330782924806,3.142236697692427,2.9684886690217382,3.098741958121141,1.5446193131150738,3.1103260558386507,2.2612316731810655,1.327792135183952,2.577921557820467,1.5098186820001949,1.3710877153230467,0.4736612991435527
444o030x_0.90065_423o030r_-0.90065.wav,8.904356498801764,9.457587855506212,3.2779907206651195,4.537821637006698,4.737195951251096,4.695725860367038,4.800174171652819,1.5096625309036993,3.9409371208182535,4.810112304308184,1.7431511814759573,3.2538038640096416,5.09593079525832,1.4758775189276057,0.59182539616148
443c020d_1.6478_22gc0107_-1.6478.wav,8.827789691428553,5.339419240556796,3.8632589353028486,4.28642729417122,2.580900596603743,4.428569120113207,2.5329871191899924,1.0350529267479454,3.7238513414514323,2.3823056977361445,1.0929946373303314,3.666901635604154,1.207141442853673,1.7187795231129883,0.212873284309381
443o030o_1.2866_052c010c_-1.2866.wav,8.628811977823439,7.168635881216303,3.982400545349825,4.402988611361419,3.3155266285871927,4.355874845217773,3.457935522409741,1.2402934173325884,4.994011384174877,3.7229353488741834,1.5182233300171593,2.7500768676108316,3.1749727981649247,1.0718651454085888,0.2554546864582014
050c010p_0.55307_052c0102_-0.55307.wav,8.130835529681697,6.263611820909595,3.52036420434292,3.930695307018002,3.185938922993777,3.8409412358733297,3.306122976482404,0.9209333642838846,4.691904673352183,4.364995176276893,1.3594285475565449,4.296892895160419,1.4424170574005453,1.439797096588581,0.4288207180925707
443o030j_0.82778_440o030r_-0.82778.wav,6.076499998254945,9.642275809088448,3.458391463502193,3.236560458755367,4.758048085242107,3.1169695778649125,4.637225814083825,1.5208994454596287,2.3933266898378487,4.134046317926481,1.147763026702015,3.5519345327397986,3.7955624846386242,1.5671761914118498,0.7054983574525727
421o030z_1.8806_440o030x_-1.8806.wav,9.124211266740003,5.908902130373771,3.5033824331053447,4.667882739116531,2.8355633705483805,4.735902422846334,2.9913623520126307,0.9689739133822702,5.2700479334506385,1.844974198439976,1.7640984909477608,3.127992511197953,3.4426700654020963,1.5449141648383995,0.2071426269515866
441o030r_0.7666_444o030k_-0.7666.wav,5.404967488701998,7.907709362618538,3.309261019157553,2.9024765509696686,3.980159277296079,2.836963349357777,4.11509637528829,1.1023109106019786,3.6036997485382805,4.59810413421244,1.4887773844764145,2.187153052735359,4.030406840394259,1.4310089392289642,0.312126010284237
051a050o_2.4304_053o020p_-2.4304.wav,9.689596213472813,5.128187683780886,3.405523413399824,5.012088024796658,2.6536159833621493,5.0087131710521975,2.803578013097024,1.1178263438708231,5.7415712488078325,4.407001414631665,1.6732173907559136,4.216640148693042,2.6201117313145947,1.4167990794215246,0.4664986157989469
421o030m_1.5552_422c020c_-1.5552.wav,7.150841771034929,7.9152877179200996,3.6524549850346286,3.629466779122036,4.064614817097397,3.5583219115571376,4.207927090888489,0.9748872641023546,2.156016333475684,4.367112867551867,1.397856826692243,5.0968719795771635,4.123331222434269,1.7892688316963787,0.8603189531602314
440o030y_1.2178_447o0303_-1.2178.wav,9.703110692406398,6.585466028044048,3.853380863436516,5.028859028732925,3.4170586528440143,5.03752029702149,3.24727943611937,1.300117713084495,5.883764541997878,3.6790941744038927,1.7404347474537292,5.937431697805779,3.985094485261848,1.5958436825835949,0.8088392805310215
053c010o_2.4622_445o030s_-2.4622.wav,5.586355446621697,8.327660186231038,3.091787867520198,2.6273157223250894,4.160366314702711,2.7446175114520783,4.253855834262967,1.265437581847232,0.8736138393605162,3.3871694869964792,1.155970921236745,2.436258479930604,5.440541597458141,1.3975263247463845,0.4409313358582163
421o0301_2.4131_053o020x_-2.4131.wav,8.400284184172744,8.913821014054982,3.537916188679051,3.963166556276645,4.443793589096205,4.133152710293755,4.44162392495828,1.239615943136836,4.9167942075173245,4.206887921366433,1.0194489378451377,4.502810600065695,3.809734007162686,1.7350916526715532,0.608521844600366
440c020n_2.2714_420c0208_-2.2714.wav,5.33215474653645,9.776491452091983,3.621088099642322,2.640653711626082,5.113133203284471,2.6091877082150274,4.966470697410149,1.4922658882486324,4.35027143807683,4.648505886526846,1.4585733156005811,1.130246677338608,3.9986056487666577,1.7012615419377817,0.578678702161251
421a010z_1.0551_445o030f_-1.0551.wav,9.569421548940417,5.527476052325945,3.67866207220966,4.836944756068849,2.9186134292730848,4.769802041205917,2.7844797055462203,1.5263044896339406,5.005350808930462,4.341718576119662,1.1704031823047063,5.448385410325466,4.501544040207904,0.9807819006952369,0.513428873488511
052o020x_1.407_22go010o_-1.407.wav,8.38920286363893,5.204358324706116,3.977019811282973,4.030471939530225,2.686755894203131,4.125609345741951,2.827641925942637,1.7598249129556476,4.4069793003472615,0.7941696187114815,1.5524851128992627,2.8554864545884593,2.2865170090340055,1.4369226164628963,0.7428866517444579
053a050b_0.016911_443o030x_-0.016911.wav,9.348074252238304,5.182180893527336,3.890671423916277,4.767125644603607,2.4428604400395666,4.782143583071583,2.5921067516327585,0.9370417900337326,4.556715705335702,1.8299946393351125,1.2063437863367037,3.946792211976291,2.293207259044122,1.4438600875584964,0.4817367587300796
443o030s_0.14688_423a010a_-0.14688.wav,8.48876043800713,9.23699768674546,3.3866791092520767,4.179481653791072,4.650918055135182,4.199347341608307,4.482082767213645,1.7126023946122126,3.4475652406839616,5.122262764844043,0.9818388845007456,5.463991097909902,5.652906715246555,1.0830985537152409,0.118760804194403
053c010j_1.6904_442o030v_-1.6904.wav,7.437604692633588,5.063154520335195,3.461154435988982,3.814102293163078,2.614899016220148,3.668359484834947,2.650381882798675,1.3524378671036712,3.8680967951825544,1.7133670239082102,1.1139816199395054,2.0676803852057777,2.762574956661697,1.2144558670505765,0.5301917421500153
445c020g_0.93124_422c020z_-0.93124.wav,9.53117370424091,6.510718854519963,3.542231230691543,5.013881578647284,3.1895739359681747,4.859461940700749,3.2606694732153243,1.2002105229091191,5.222359018757219,4.081137068770003,1.4364900778422238,6.083426481162101,2.6507360778491345,1.7033585991044649,0.6981941820553752
22hc010x_1.516_420o030x_-1.516.wav,7.903922449596485,9.856135331771217,3.514906842107662,3.9270183462588526,4.895822183746817,3.916065619343619,5.045421775233961,1.6496720158689089,5.4882331712804255,5.39932147383185,1.3453588142137285,3.0929988254449694,3.7420798711813563,1.216889594336058,0.414856064391128
050a0506_1.7744_447c0213_-1.7744.wav,7.599951550447393,5.383049071915518,3.979295653925112,3.7481059261401217,2.8840626175178348,3.6707259690360248,2.732694383602762,0.9468282545154496,3.943686196906389,2.0684128908685926,1.3574449728352431,2.7441762024176524,2.3483800889975126,1.147672069639782,0.4232246805188924
444c0211_1.8314_053c010l_-1.8314.wav,5.218681775833778,6.73863993869171,3.7906759367607386,2.499604468845032,3.253106825832557,2.660232672570362,3.197441934132546,1.149781526938766,3.259709474027418,3.84090934846093,1.665043749655795,3.088521565209116,4.123937865897787,1.5602743106147456,0.9223581717322792
443o0313_1.2703_052a0510_-1.2703.wav,7.469499448496457,5.174276695316872,3.082918694418634,3.818663070457065,2.5409401708153365,3.653499471903547,2.5812016376645777,1.1436545647026397,4.368921361333961,2.0126398279134188,1.7229103707111002,1.9948350318989883,1.6217694142533567,1.5257212714458177,0.7462174879666417
446o0301_0.83552_441o0305_-0.83552.wav,7.399950018076847,5.61937996506835,3.781003289051572,3.7283744722614487,2.837188012004023,3.687218247715885,2.6722450970875125,1.3104546063849505,3.011060985721945,4.460443193919484,1.58962350992434,4.221661986301525,3.321876223915146,1.234204804274504,0.9100579356585916
445o0307_1.6532_052o020t_-1.6532.wav,8.755494087679821,6.207931087727723,3.124590281347571,4.501878843145115,3.3140223047640363,4.357728575365615,3.2725409800612426,1.61212733238591,3.6112483432012588,2.408377960657381,1.7119794388230978,4.94858129562438,4.576538700508628,1.334417819937331,0.4971791743992505
444o030i_0.17834_443o030j_-0.17834.wav,8.484341482170397,7.443540675432985,3.470660983192283,4.424724690556313,3.787746432511749,4.26501429313912,3.797368748077269,1.4237363144518498,5.184517600869316,2.961646480452312,1.2020103714277717,5.0769954488113305,3.4434612526660526,1.5380868458964845,0.8170481684970401
441c020o_0.20978_421a010r_-0.20978.wav,5.315822516244918,7.067279877229116,3.5723831729004254,2.391472755086516,3.61417619371036,2.528420041025533,3.71490077300428,1.1285163830091036,4.440662687820252,3.8940662402902895,1.2468992821396163,2.9586309086684643,4.323838234326067,1.2276551888653588,0.4701943472140952
440c0212_1.5085_446o030a_-1.5085.wav,9.414195623528611,9.415898402245697,3.818699225123236,4.822661174705408,4.864023838977492,4.687075565573207,4.76147364348158,1.5584359559164218,4.932849954594208,2.9053680026345887,1.383025816305646,4.1469087225172405,3.825868786444925,1.433396627520662,0.4643381861591823
422a010c_1.066_22ho0103_-1.066.wav,6.281189596229799,9.253658927922483,3.5845204505426995,2.972834062353216,4.708899578903226,2.9184371207654336,4.869961594120642,1.6142643784533748,1.5417769049797274,5.447860076082146,1.2745784918942238,2.5829679544462896,3.433590155204069,1.0255629704896796,0.7769701312267567
442o030e_2.3352_052c010n_-2.3352.wav,6.706280338433825,6.193968529609231,3.061621921829671,3.1334664930818765,3.2240175458398794,3.2821711327983354,3.141634719190157,1.1965210152540076,1.51681663918209,3.635942756019647,1.7020473996285703,2.868927867656944,2.496227223238663,1.4751908852364757,0.5125372008914173
443c020v_2.3192_440o030k_-2.3192.wav,7.218874236449802,6.177413353260781,3.501542806330024,3.570372744579389,3.0475870509679224,3.576245965263284,2.877688536322272,1.7663578525997634,5.27442733533445,3.996663240512554,1.589354207040909,2.7709633243014715,4.5010449501362055,1.687175740379508,0.9059974711838824
447c020s_0.57637_22gc010t_-0.57637.wav,7.029303415906693,8.073143552005838,3.758238312959896,3.3656346219518323,4.1632583238714345,3.3689607534545774,4.01329520557488,1.7884849938631209,2.534391850876127,4.054965559792503,1.1643759752382956,4.349581029666247,5.0565288354623865,1.6841086955109656,0.2694338231540487
051c010f_1.692_050o0203_-1.692.wav,8.218790791022334,6.231106806993879,3.8885811578998353,4.234160535975592,3.099953904265032,4.307889194095097,3.2305834758477987,1.2702029045826393,5.209588381611746,3.231620063006297,1.4937872382177484,4.3474742664537125,4.037159338800062,1.0471136320940309,0.3888033018563174
423a0109_1.2058_447o030y_-1.2058.wav,9.007141897568808,7.360834176063155,3.387890735940005,4.400504774049889,3.611154411470448,4.4900355495705,3.4785488300091925,1.6155617274085134,5.638143052741624,4.0099211751935355,1.3195031886767186,5.969267177880709,2.3630112329684576,1.5367074610740152,0.7045823252709619
441c0201_1.3679_444c0212_-1.3679.wav,7.317104720913232,8.838717506513833,3.9881439827575846,3.741159463537437,4.237020013966981,3.8922112406964366,4.315015915251007,1.7868056112148372,3.2891414526412155,6.004181050400843,1.5068750577251784,3.2397482126449195,3.051985544977287,1.2106131986262318,0.2443658039913487
050a0507_0.75154_423a010l_-0.75154.wav,6.576454415406765,6.568040256712947,3.4141424384558263,3.1375764691592245,3.4361678554680117,3.0589620184654924,3.308419007558832,0.991070966485098,2.2603378965123597,1.5340169662835967,0.9679565082372196,2.8663092415527025,2.6147386535857176,1.5950335960449429,0.5349527642392364
446o0315_2.0726_22gc010o_-2.0726.wav,6.7515446844539975,8.957988946669879,3.652445080440734,3.421857763423217,4.3538628579760745,3.28402870982185,4.413050288933598,1.6607466001842297,4.617377412772413,5.385858333800282,1.1527399459499672,3.4927966268689765,5.345190131922122,1.6241444338862163,0.5694996016014435
050a050x_0.63237_22ga010f_-0.63237.wav,8.785219024897984,6.289714927430119,3.405849247038743,4.3163708880717495,3.2053596343469466,4.440032155712113,3.3220124992306626,1.3297061169611657,4.706339814285508,2.455138345809233,1.3439686909345925,4.037553531835135,4.917667419580696,1.762303389085596,0.5767513150039065
420c0201_0.028158_423o030c_-0.028158.wav,6.01690991043043,5.908179085411946,3.87101713416133,3.046976308526732,2.973621985095788,3.207525464917863,3.029514456700614,1.0678715423058,3.8461644722371573,4.276225839085235,1.0762249819073753,2.8019285217165364,4.810852455508888,1.2060683824259253,0.9401076082613268
440o0307_0.89645_445c0203_-0.89645.wav,9.829257766905098,8.527626731196527,3.988187989945307,5.165670371136878,4.27269054774644,5.006932566851804,4.211843941507854,1.2061179085638951,4.208150549907096,3.3029029801864143,1.6836757000402622,5.948469884581648,4.905896566336828,1.7695616159674157,0.5502562145100419
053a050c_0.76629_440c0205_-0.76629.wav,7.546230155120366,6.126224480904863,3.4916273428937576,3.681957414629062,2.8674566285711967,3.552495406951637,2.943216700958506,1.2326449541608662,2.9623399245602804,2.7589810249804043,1.566290054004445,2.9792522905344025,2.3752306407777954,1.2944194121343549,0.3202390625612449
443o0314_2.4474_445o0306_-2.4474.wav,6.795210414473913,6.999683130155612,3.745243855684025,3.422006958420891,3.56751023943273,3.320846299280231,3.678264566852597,0.978104793976008,3.4801669039115164,4.3563894864181885,1.6662161302185008,4.841381658965765,3.3360732956485664,1.3828559277457568,0.5738326075994007
442c020o_0.58767_441o030t_-0.58767.wav,8.11540127840444,9.664065576626818,3.3335731132762403,4.16442966849531,4.716088354147972,4.310943423180247,4.683936842704155,1.775944823520094,4.742389215060137,5.868625845681873,1.4699533601298236,4.989353420229129,4.317742541234255,1.5847385396249662,0.4550951589101189
051c010g_1.0325_053a050d_-1.0325.wav,5.67776038000304,7.542213752468556,3.2895036525692967,2.801537043929489,3.8569890102614304,2.652355731406234,3.841338579154313,1.0179970231476505,4.1111491795122665,3.2797867562089427,1.3943783819946522,1.4619712206284705,2.616467699290428,1.7252741803748963,0.2837629198237977
22hc0108_0.72005_053c010d_-0.72005.wav,6.975050370013504,7.659052735552143,3.207463264725377,3.387351191085735,3.7139469146149686,3.4813687398587247,3.572311112210638,1.3162507114937776,4.783120173465502,3.987841175670172,1.4673179282600786,4.189552328564724,3.1269499720900127,1.1736271298224363,0.6416282045396672
421a010f_1.5724_423a0103_-1.5724.wav,8.746052643895627,9.964892054625691,3.052213068964792,4.558095586860549,5.083265404061748,4.465700944258781,4.965099292090119,1.48687297515841,5.0946783360405465,3.7476535116096747,1.6840379931825589,5.8325936993365,4.5813607582160625,1.5319179572168942,0.5416076738896335
420o0304_1.6486_444o030q_-1.6486.wav,7.230453670652485,7.289544837940381,3.6680892196744974,3.5152567470202154,3.535537442615992,3.6389980285377135,3.418969457095063,1.1066844840403172,4.953557096631369,4.1752141768728235,1.752946267686159,3.610293576220697,2.4488930928047514,1.7455964486412314,0.4403857333745212
22hc0110_2.1334_422c0204_-2.1334.wav,7.07716052612145,9.1931689395129,3.79409484358286,3.4659859645649447,4.502897585597781,3.634336292022185,4.47927202221741,1.7482347721223164,3.4713825615943184,5.228822182829874,1.2923550328482727,4.229210034170166,6.125329293675869,1.1412848430484692,0.4502437516574764
421c020v_0.41731_052c0111_-0.41731.wav,6.089108620126131,7.3484584075306945,3.82431489880982,2.784867531421858,3.7738405765639857,2.944569069198174,3.7640723202262425,1.2017913324869378,2.0116247729291925,2.964464799716245,1.1407290303009991,1.9794760609458575,3.436569180717246,1.0545238452864445,0.4777713833236146
421a0112_0.11501_051o0203_-0.11501.wav,8.003296003537926,9.441199692505808,3.840393339540941,4.010624619869819,4.797082150695477,4.177783291070254,4.828033380759964,1.587530514307603,2.827200945893976,5.861575479512514,1.5155659016157568,4.71072924793336,4.7879963870784685,1.3996790019110692,0.4716438763654667
443o030d_2.323_442c0209_-2.323.wav,5.856979794298544,6.34994418493505,3.0699809002869047,2.8039614421082004,3.106701084415135,2.854558109703644,3.247910068648562,1.6088588289190795,2.89461930966404,1.683866068229195,1.254724772512006,1.4095336605073887,3.7356481105135653,1.0657497659258963,0.4828172828033883
053c010l_1.9813_440o030a_-1.9813.wav,8.387722568180687,9.444494147118927,3.257533396802735,4.1039983875867465,4.804273613130444,3.9964956325057313,4.699664064570138,1.3622835637602193,4.836273764976628,6.4697581823451795,1.7468668373216567,3.232767761541664,4.715024002603913,1.1911314595410225,0.2654164820629426
442c0202_2.1834_050o020k_-2.1834.wav,8.704006181061981,8.341803262440608,3.3043884964643357,4.317168609263194,4.208100297158084,4.431562744091843,4.11107462057294,1.7047400471868444,5.214910190927379,5.302319525608432,1.446374857695488,3.7938807895022957,3.7293040776547843,1.659759641339104,0.2988051717288663
440c020a_0.94803_422a010q_-0.94803.wav,6.994328159790815,6.061551719407499,3.479282840820782,3.5005462447529143,3.237738025402113,3.6537288782174175,3.1640150248874885,1.519974797133941,4.671190196664582,3.0595353725445666,1.4768918690178257,2.600945618115405,4.25353544966259,0.925671998819804,0.144840620319558
421a0104_0.61686_420a0110_-0.61686.wav,7.588881798525535,8.315206566066655,3.3384903046895245,3.678658496706478,3.975218313141095,3.779274371488343,4.086467788384262,1.7216711290919062,3.9782809175528535,4.8416899502220865,0.9842852770884746,4.5490604468817395,4.351827995182723,1.5406596472597869,0.3233984802909194
052c010u_0.76634_446o030v_-0.76634.wav,9.3615416367277,6.459101835436001,3.834379373567314,4.6681003368263205,3.3220975818556697,4.803191955424509,3.236363956104033,1.1117784513878357,4.235064348364961,1.8806291746457382,1.3108412018875222,4.978246857560109,2.486287713526764,1.72521777602705,0.7427183313548678
420c0212_1.1462_440c020t_-1.1462.wav,5.584497160887516,8.920031744625451,3.9450548277235047,2.55951838376454,4.365217831853012,2.6610213010913157,4.228846435386767,1.6831443563897035,3.9185497610887476,5.548448038142792,1.0634801852102211,3.544741819107401,4.472843149179141,1.4893103821392346,0.719207379297959
053a050e_1.4961_050c0116_-1.4961.wav,9.194164219976017,6.117320624548638,3.750665120042047,4.526632683129751,3.1465131577884318,4.41611539015608,3.275687179765653,1.7500398324799884,5.172130582004455,1.818618378280584,1.3592361321439588,5.507877694257697,2.560481191151118,1.3333775075474588,0.5565467428997914
422a010c_0.35299_050a0503_-0.35299.wav,8.50067997758635,5.288163706367699,3.990271895445467,4.151833511867916,2.518400754605952,4.321429502167676,2.5301139981466605,1.5015825306342565,5.7564454125303435,3.7189501610106244,1.6436068944569384,3.183980560545712,2.2590764305556776,1.2064654286312475,0.5619402743093966
22ha010x_1.2749_052c010v_-1.2749.wav,7.9376125649504,7.307518466161316,3.6813565220112663,3.923834601994582,3.7872339402785946,3.9089323994967375,3.6379760280571207,1.3532911774985206,4.624280904617273,4.209963695911437,1.7085034376620984,4.3519530822215,2.645301619640082,1.26492778157005,0.3296515111296677
440o0309_1.1742_420a0107_-1.1742.wav,8.116186962560619,5.328578699415043,3.970704194078587,4.1891982360104345,2.5122039870154675,4.092882894909585,2.6271968349175308,0.9357456204706458,4.886914389644443,2.7668049590849093,1.3851596638326715,5.283974485118084,3.573743564718433,1.774751466708135,0.5466537830217699
22go010z_0.19373_446c020f_-0.19373.wav,6.784311503510976,5.775675223470073,3.6536560733084023,3.20968035289683,2.8923369628537383,3.276291988525501,3.0378116685550154,0.9857921995519012,1.7383556745328173,2.460662571928294,1.699456343423388,4.372490650936912,1.636441150747578,1.5308556415478338,0.4817403769352923
443o030k_1.8305_442c020j_-1.8305.wav,9.765204966518294,8.236520987367175,3.099595389492173,4.829443062151483,4.116064092334467,4.973602201180962,4.157514576460461,1.2244286532129682,4.65073147887774,5.951174023691095,1.7724871224492071,5.494690319927838,3.541282169855021,1.057862475159941,0.4529127683657653
440o0302_1.8748_422o030f_-1.8748.wav,6.033865529885562,7.831921045490077,3.404768617934624,2.9573136972636247,3.871604476630738,2.874649065081196,4.020152645876084,1.4593859796486344,3.7967028057887626,4.021568054712435,1.1534511711739446,1.555565277006571,5.031818816069355,1.5978943554634513,0.506223156223591
053c010f_0.86185_22ga010l_-0.86185.wav,5.498490349163084,6.2274280548433385,3.347868785794805,2.609110064430556,3.2773247785124746,2.530826086868466,3.126422098426737,1.7694443588004969,4.189017789307146,2.3138927383733234,1.5355757484210688,3.5450874120389644,3.6786287826277824,1.6373352003424455,0.5581729900029699
050o020k_2.0055_444c0205_-2.0055.wav,8.394415868483778,5.61220553590918,3.334219325707004,4.197056268753387,2.690034043164583,4.027056423730318,2.6902635908338377,1.4688431554128365,4.569691055791628,2.0838619116531283,1.7182969743930818,4.798325297184056,1.4402404081366733,1.453594215399764,0.1547808913333201
443c0213_1.9323_050a050h_-1.9323.wav,7.626225488329695,5.764687049173279,3.021127489525968,3.8501995719834823,2.968835006004099,3.70096038495084,2.953746432385767,1.500836620201598,5.548181504002678,3.7279289772187463,0.971953354337773,4.34794924211351,1.4634524183160662,1.1737734884557938,0.533958172499247
053o020h_1.1815_442o030p_-1.1815.wav,8.305021344571129,9.618718577512247,3.017487121680972,4.020586533973813,4.989433539813132,4.051893716571091,4.8325263687921085,1.3434324030683866,3.190856982758035,4.663000417500525,1.2800899337160363,4.0398938959810495,3.884494239107969,1.1228859348600224,0.8947477199105514
447o0303_0.91066_052c010t_-0.91066.wav,6.669578938404435,7.652011603513991,3.0171775581959523,3.116512140026916,3.802557459990664,3.26626773563657,3.7939981619120937,1.3918308700382005,1.6333647941663458,4.614874026660376,0.9143506171245546,1.9334828468663043,2.246380817869952,1.565904602927152,0.3333792418814187
22ga0112_1.3421_445o0308_-1.3421.wav,6.86886215712402,8.29905623629232,3.5872563388553127,3.28726400609419,4.048436660937485,3.4171847450436226,4.123407332475315,1.278133244755571,4.875445085406181,4.431363051915556,0.9719042570873068,4.069476008998002,2.8753591612940523,1.003738641015494,0.5222392416288616
444c0202_0.52554_422c020i_-0.52554.wav,5.608971348967606,8.272875623890565,3.1274134213071414,2.922279453632392,4.207528010831575,3.0674853081838576,4.24514794974671,1.0823182778029157,2.752985706295485,3.5731621476675093,1.2974007715538347,4.048830337943821,4.004737267704097,1.4879486912811255,0.7733228937072125
423a010k_1.3304_422o030l_-1.3304.wav,6.500049608643051,6.334455394238392,3.873674505131067,3.0886586707463723,3.006704374752753,3.229657382044263,2.955524657946833,1.2178494100770432,3.6992014860970475,1.7001236606363754,1.3924794283789033,2.1354172274543766,4.485353443603802,1.1548789498491043,0.4683149369116893
420o0304_0.3309_444o030p_-0.3309.wav,9.1439735399813,5.270825757900849,3.957779333951594,4.438083418740786,2.892662791343972,4.480349226385765,2.74874058491245,0.9294030066725456,3.645227981822562,1.2891022600019366,1.2285108854393034,3.6787845626406916,2.3097866570803816,1.7952689511535405,0.5318483298119572
422o030d_1.0797_423c020c_-1.0797.wav,5.509989291872736,9.6961944107405,3.805700129903509,2.517635111868416,4.686546630723662,2.6737857677519883,4.619338203669237,1.2633034882066334,3.953298088335215,5.842240307786358,1.330937992098511,3.2370959210886214,2.8305981693246665,0.9481880631923872,0.8241435646222259
420o030e_0.3113_421a0106_-0.3113.wav,7.399693393019466,9.984543599490037,3.3959472661866847,3.768584517639372,5.029322311898466,3.6454098564426114,5.146488872140982,1.2385407827521593,5.370199394636155,4.628276639345977,1.396951455146338,4.433342162751756,6.940713800525748,1.284709213009368,0.8794874515102815
22gc0111_0.88866_447o0307_-0.88866.wav,7.449365139293084,9.140640983565422,3.2477825819446897,3.9388989747098178,4.459757285712767,3.82736634572455,4.560059193329893,0.9286198086567452,2.4408655328159052,5.3002905087380086,1.0820979419579688,4.563271945488191,4.1467330727274,1.2188525226894105,0.5049157323344413
445o0307_1.9812_423o030k_-1.9812.wav,8.196256480949948,7.944343088580238,3.1217097180734035,3.9696045347365616,4.182715770299895,4.068586082978799,4.070009722957396,1.066298003362811,4.838042181570303,3.943632905082282,0.9248163626996372,4.903200328916706,4.673103741645896,1.116552154473243,0.8206172333151522
423a010x_0.16837_053o020p_-0.16837.wav,8.84252144695363,9.647717660664584,3.923934348118973,4.432415164544832,4.82485951636988,4.288788532105476,4.781599945704762,0.900558066107814,3.924121156623073,5.2160255554094,1.3096999024263094,6.222826930256749,5.521539224511538,1.4168827493184908,0.5602955682657556
050o020w_0.16702_420o030x_-0.16702.wav,8.901948552516998,7.105433297826181,3.2878029752482085,4.485639587581764,3.394453193404684,4.611589622281137,3.3129879323468168,1.3281161111182067,3.607232216410637,3.585498076146805,1.2019851445656016,2.826881436052038,2.7090117092493817,1.601989141648679,0.5263995964106514
423a010k_1.1249_445o030k_-1.1249.wav,7.338529552640256,9.816721744481544,3.976355526551208,3.4542732102753,5.130575790496648,3.544053527967325,4.986216881678663,1.4398041816288103,4.2784031495639985,4.7494353308649035,0.9827405937343532,4.713633380728691,4.257920706165983,0.994316383131479,0.8222578164509584
22ga010i_0.28655_051o020s_-0.28655.wav,5.601669068123072,9.747880479632782,3.392249992628268,2.678407196248964,4.860727535908908,2.635053711147697,5.025106595796639,1.6505365706664104,4.15791756073066,4.692165081101505,1.167877570612627,1.7054318138247184,3.3490807990008626,1.1188013416338347,0.7461359961057958
22ga0108_1.1293_440o030w_-1.1293.wav,8.423392442380301,9.101391305740306,3.014595465828562,4.042900870794954,4.668557628656466,3.9967983417882023,4.504928301153169,1.4038457353510698,4.883290180187212,3.1697811601917274,1.271353819093207,4.187022622262774,2.824087730611851,1.1647726308454251,0.8680937940839015
420a010x_1.6849_442c0206_-1.6849.wav,6.019547701439009,7.150603997203401,3.2770690692129367,3.0546332410168278,3.5395632101316217,2.908303333969117,3.572541359009453,1.7080882522263665,2.1942495975114222,3.7940270923534016,1.7356189111247953,3.4027034726625396,1.7693923506759766,1.3493644467585186,0.5295200820403876
445o030x_0.29226_051c0107_-0.29226.wav,7.225184289754607,7.073124707652296,3.343269839146394,3.506657052793728,3.597659426729113,3.565410678667015,3.735673960191144,1.7516588960066164,2.206442186870917,3.5619428509448823,1.3624519555139798,1.7756354566907182,4.061462367006985,1.2290596437744663,0.4033161165995788
420c020c_0.23927_440c0203_-0.23927.wav,9.834714529989451,6.987346818492383,3.841778264443176,5.005488483858284,3.660488792610248,4.997885529553414,3.5106815995725364,1.399327950207787,5.09897849723974,1.8809657437044536,1.765027285712378,5.99700190473226,4.079454797359531,1.4934412172760718,0.2407743976253367
442o030w_1.8412_447c020o_-1.8412.wav,6.0265107146561245,6.695766120492402,3.5079163084447136,3.085335817447868,3.1512413233064698,2.977674095617773,3.255687259812297,1.0629133358654974,4.53155838025549,3.8386104424581826,1.7632639082429196,3.2925400186303873,2.268276973519207,1.2108096167338709,0.5972627950357348
444c020y_1.59_421a010g_-1.59.wav,8.832204530063853,8.464713577751098,3.6436538196539,4.414191480333976,4.179871109069226,4.58373187556859,4.192363281966304,1.1088048805598758,3.8383771802074196,4.343711525021254,0.9874151207967876,4.0985334344300455,3.097843538335912,1.2225944500870072,0.7000877098942628
050c010z_1.7211_447c0208_-1.7211.wav,6.202176993147882,5.839032154828479,3.8927827698993895,3.074498866265135,2.7598900243949744,3.175204954267448,2.8968509087352503,1.3364388804389482,2.2886385284925215,1.2273999163468086,1.6425449901281264,4.515073326260096,3.180433745541981,1.7371661028212482,0.8664602648551176
22go0112_2.2165_445c020i_-2.2165.wav,7.566360142445209,8.846620829356604,3.329650414125884,3.687193906709847,4.212085013461206,3.576271948102938,4.340911715269515,1.0384278358019614,4.874529833163804,2.9385229545675235,1.4035342325037168,4.974945604142571,4.648328710602968,1.0805448683223255,0.6041627625595932
421a010w_0.24219_422o0308_-0.24219.wav,9.129029210863765,7.022739266387288,3.833746837106734,4.47831620469868,3.762559203601816,4.448071307448822,3.5952712895424157,1.644287973169572,3.9765406997300774,3.2481308490502614,1.008356907062288,5.451400774863383,4.521180045772324,1.204484127443298,0.9369190265101772
447c020p_1.61_22go0104_-1.61.wav,7.677499368287385,6.18864044133702,3.712820461113388,3.9325706228545343,2.987756329035012,3.8555574577071674,3.12800244268521,0.9615389103053954,3.952370065186223,4.701354159109194,1.0028486656444844,3.1678655802934412,2.5187531705966766,0.9780211380901236,0.4745845400262866
22ha010o_0.10676_052a050z_-0.10676.wav,9.99381898974993,9.541555955855864,3.425378014815666,5.041120546424129,4.568409399186718,4.968242761657908,4.699515571762872,1.7216060519976804,6.355770424488743,3.737820681954035,1.769715646055746,4.933453555958096,3.5900852361637132,1.6079957844859665,0.266497152724741
420c020q_0.45423_22ha010l_-0.45423.wav,9.5268802038329,8.288185647180043,3.5677029518861376,4.851708215391086,4.099689244056632,4.92398634682483,4.231126954461394,1.1987650952260975,5.413843265145228,2.690060409928799,0.9373320834109096,5.071807745365277,2.9695858762958784,1.1700600560853616,0.9688406654942702
444c020w_0.70842_440c020v_-0.70842.wav,5.452561382141644,6.837488446668114,3.905732581366312,2.618844113607944,3.3963627870521638,2.781578554813493,3.445530882861517,1.3531852961097548,1.90271475185415,3.6035452616894657,1.4254217242161271,1.4171439964270782,2.7278089823356546,1.71494308555358,0.8587249841812763
447o0302_0.62948_441c0212_-0.62948.wav,7.467183416859868,9.523212927315994,3.4512966311877853,3.801302710287949,5.004648144015876,3.7438484768706575,4.866087647977389,1.2305113056296353,3.8373983077830016,4.086551183120702,1.5843355310611815,3.3684687424237163,6.333676880674063,1.261714598329851,0.5081242103591821
442c0213_1.2076_422a010u_-1.2076.wav,6.197526812790021,7.764461310006727,3.7905550357896014,2.838264669098816,3.7796268550384062,2.9950746794062337,3.747836594464021,1.5828326707405864,2.3702157948287477,2.2963051001521397,1.5930354953104144,1.9706759918212737,3.803179167895569,1.051853983906728,0.647547349911326
446c0213_1.4967_22ha0111_-1.4967.wav,7.230975060523127,6.765967566009277,3.367680894058417,3.732212560081174,3.46651985732016,3.648438612553589,3.3420934705862946,1.0431597907455354,2.1799874564590698,3.9496363520038757,1.3963540581026974,5.411910502652062,3.662646332195767,1.2344921368949244,0.5118304404123477
22ho010w_0.81296_050o0205_-0.81296.wav,7.1861675633366495,7.562635023937885,3.364625415897017,3.7145608176237,3.7654126693995833,3.710711604107528,3.6154620656818697,1.2083810458686517,2.4357749981079353,3.723153348588882,1.653917702396975,2.8393561938841905,2.8874680013566185,1.0947188600077713,0.2739948240882138
444o0306_2.4456_441o030l_-2.4456.wav,6.414735338635646,9.861044204227948,3.1688929866321387,3.323986226432932,4.787995689808401,3.3910357283373145,4.92217603223744,1.0061650399444433,3.9080620476638614,5.224858652189543,1.1372712162775982,1.4250983609268666,4.499414866665245,1.6676892358231972,0.8769888909635659
422o030k_1.012_443o030u_-1.012.wav,7.975788899422906,5.5719291026964655,3.6286517864984154,3.756635996178181,2.9026107896429867,3.859793350419635,3.011507806433637,1.2891338087079498,4.743137608230728,2.797465204011483,1.7946980882860442,2.63706881848742,2.6291051028742616,1.3488439341466345,0.202699799283699
443o030c_0.12299_422a010f_-0.12299.wav,6.508461646929788,8.18037682919661,3.192390481878486,3.2541865690151432,4.23074893419795,3.14527243550216,4.333888216341642,1.1025814042372408,4.285295947313536,2.714115315253801,1.403114625476845,3.538409309263669,2.823337338611006,1.3247797291346923,0.5501011305290566
423c020h_0.40964_420o030o_-0.40964.wav,8.04551955238724,6.470982876793332,3.483417384866576,3.928905791731692,3.244537319515416,3.972073684659135,3.100883106141061,1.348889877273761,3.631718386219906,3.8564156348102556,1.6046320264929077,5.7141390264179055,3.0645865882641163,1.6646677932817802,0.335366924629309
051a050e_1.0099_442o030s_-1.0099.wav,9.57339167581203,9.774835763424218,3.5695032052358373,4.983399730809921,4.857410015536182,4.827872721122319,4.788770746472242,1.3874509172986191,4.40236782087603,3.924582287817215,1.155547004383502,3.0694561388488255,5.072926122939323,1.5965305982069575,0.5294038073770649
440o0311_0.50963_423c0205_-0.50963.wav,7.478833100270666,8.707004150635246,3.077672498395989,3.9390420891950746,4.4409691948444925,3.9085144953502025,4.294108492088301,1.066004874644258,4.3751669244202995,5.720792421572404,0.9940536514360616,5.504560837300826,4.531324007512283,1.775442488367335,0.5626347297688803
442o030l_0.18772_22ga0110_-0.18772.wav,6.060981214303545,9.614837854718266,3.819129320074035,2.954844829864536,4.69526656441583,3.027243885036343,4.563895422949258,1.5602628380838683,4.014107868224159,3.7892587581133954,0.9497510872475566,4.900422853172522,4.760298301762028,1.56747185724393,0.3021104674973093
445o0301_2.2839_051c010m_-2.2839.wav,9.174672959758144,9.563460172661385,3.867258974190917,4.489966539793047,4.7725356533059164,4.349138689522409,4.67731214471612,1.463049024753377,4.4982265836715385,5.56483823659972,1.2048149152649708,5.202450446414541,4.019651587517693,1.3571708149076818,0.959641010377538
444o030b_1.4725_22ga010h_-1.4725.wav,9.819932541401538,9.661320572886202,3.9455082505032975,4.693329469374975,4.966173727711223,4.826409996983259,5.054996997024511,1.5173563454620516,5.3917616796009655,3.4702827116842934,1.1720556975534084,5.810491449340843,4.1097178239564816,0.982403913157236,0.8278113040858917
442c0211_2.4425_445c0208_-2.4425.wav,8.433462113981593,9.979203992222155,3.238020348555961,4.158376291712443,5.0689698025244185,4.1222649825547855,5.235090160551121,1.172894898380367,3.1177097800537203,4.302993275011605,1.574145543483807,3.5540184283457865,6.922878880151249,1.7233361633193498,0.7612990980347888
444c020o_1.8409_22hc0112_-1.8409.wav,6.333345053515792,7.403337835721006,3.7045742921406974,3.2145076147247185,3.663611729604172,3.36687016094171,3.739015008778722,1.5375225735117193,1.7921014483412434,4.515966914985056,1.5371288049750866,1.6902239241893693,4.163485385551874,1.1403655908354842,0.9092478920743504
444c020t_0.75669_22ho010g_-0.75669.wav,7.696789882737954,6.563772886738437,3.6461609857687263,3.82625465655775,3.391976943087188,3.841379923634812,3.2226511438247964,1.6695286514574843,4.412519077521043,2.5720878689685005,0.9243835498648943,2.2899548179566462,2.3699959832597535,1.2653134456178434,0.6420195269275897
445o0306_0.34037_447c0216_-0.34037.wav,5.02366017479771,6.028669950015825,3.481861612268963,2.6923680659354097,3.215786104348795,2.5246435806306056,3.1880643253792105,1.1260521371939038,1.7263284519180055,4.36827333646288,1.0358927080639415,0.9383644177655874,3.8633272379776313,1.4911468116438795,0.9393016616308932
423c020r_2.4662_442o0307_-2.4662.wav,7.440243937239646,7.535171975334379,3.405216213388694,3.5580991425602404,3.8843923722366567,3.67638165660029,3.976637951384741,1.369630325615814,2.3739584023154037,5.127326936790878,1.209943602294477,5.355477595353514,4.799211209966796,1.7887408970593013,0.5288314372273937
445o0305_1.8062_22ha010s_-1.8062.wav,7.55040752948325,5.450103523397908,3.028199968063188,3.7834205844027498,2.7672002573944243,3.734443361530926,2.9089790697740026,1.3021348116790288,2.690839590078539,2.555153112457479,1.0942195323416852,2.3834290516801,3.118413420628753,1.474193380250142,0.7339228330435346
444c020x_2.084_445o030k_-2.084.wav,6.686073369115951,7.918084083517691,3.800520932940023,3.5367906734933747,3.696774333022368,3.4292583927457203,3.828443648343773,1.5518892035538103,4.188519903563145,4.809054523681717,1.3215147218385714,3.1333130896248935,3.006159523284183,1.7299605035025474,0.7583681788100001
441o030p_2.1924_444c0210_-2.1924.wav,6.105462509923028,8.676374515215738,3.467032783484601,3.1481036844069337,4.23393697509625,3.2918455678627465,4.143172053785341,1.7653751370496202,3.317375927496767,3.174787329660743,1.307265199364887,2.1737911901194047,4.530474129085468,0.9288220582065294,0.9598667161169544
445o0304_0.26078_423c0209_-0.26078.wav,8.773508801061727,6.083514373593681,3.910458031213509,4.477435435166976,3.1812041363901256,4.309902800392491,3.152345579851047,1.412718567194467,3.7269100491678033,4.113949237641557,1.337806541360301,3.5264460544458704,3.5078287263300707,0.932382742377472,0.7772213325849493
421c020c_1.3498_445c020z_-1.3498.wav,5.725554329625041,9.130354756966415,3.717128188967583,2.923834355433056,4.776308821969677,3.065150173139095,4.681810993073593,1.5730640807250933,2.316240040146117,5.35955638176336,1.1351831760216755,1.7558700855023102,5.722369578892674,1.4765787878196353,0.7343093149179853
22ha0104_0.060972_423c020l_-0.060972.wav,7.970048983586531,9.349097262053371,3.6458720366149935,3.8543614313348926,4.498836144767915,4.024351499680686,4.5006737148461005,1.028979245690682,4.038156215819973,5.453395794611789,1.0037428413105072,4.652624986253997,3.729558030338609,1.6285381442149878,0.4114519534892487
22hc0105_1.767_051o0207_-1.767.wav,8.96918686791035,9.408530291788528,3.0126595539150216,4.2349736933218125,4.551774026306736,4.384726953309828,4.543173961018519,0.9809999700064598,5.75557111532471,4.402508317902947,1.0892972369998333,3.479190670538614,5.3113126960696375,1.7590466883006568,0.4862447271524274
442c0215_1.6024_053o020k_-1.6024.wav,6.315266914032214,8.329260307893527,3.2122217142185128,3.4133878995659224,4.00058955046136,3.243639473120105,3.991344458835592,1.713733710151187,2.545915148237592,5.334231194219647,1.7947829829850814,2.9384714796458984,4.853801564507045,1.6854967286974407,0.8554697914962184
052o020y_0.29703_445o030u_-0.29703.wav,9.944132828361392,8.493725889973467,3.363477451877107,5.021439553986797,4.239780342554053,4.85905690744532,4.290098093916623,1.2186523199718893,5.00720530878957,5.428321186588513,1.290927261941929,6.3570588133495765,4.776875752568267,1.781058351069173,0.4824751771383257
442o030s_2.4013_050o020r_-2.4013.wav,9.958818810422432,5.755855151718388,3.5400946234553867,5.035931666159343,2.716090830860107,5.078050466056225,2.88079057796145,1.7600320161009666,5.80410154164017,3.9509157807988253,1.315599170791904,4.32607909320544,1.917374058690117,1.7359721100203147,0.9299709826223648
441c020p_1.4355_423c020h_-1.4355.wav,6.6967052892408905,8.952028350509948,3.8298056375668503,3.5364916216242483,4.47182609584066,3.4570956063707547,4.344561518043587,0.9336407765152556,2.2416900225314587,3.4923924041791814,1.665986005107294,4.389609121901897,4.135685255607591,1.699510588207702,0.364229439014585
22gc010n_0.74637_443o030z_-0.74637.wav,6.858289744222082,9.642592447808711,3.4577354696707667,3.33780641929284,4.906443675095118,3.4875027180248104,4.89690333202221,1.2576834429454689,2.511304678325972,4.582976262867037,1.0865934379894333,3.539829012239179,4.028570850944429,1.471162662435688,0.5905288729817324
441o030b_2.401_22ga0113_-2.401.wav,5.199197793273324,9.067077145411572,3.6527685466980686,2.5777821967965733,4.462844629472572,2.7470189925107174,4.478935216050104,1.5473708524805367,4.4021274033638305,4.79883858671016,0.996610169755623,2.194505633117337,5.43694076288604,1.0979148220270691,0.7051412300452091
050o0212_0.67194_440o030e_-0.67194.wav,8.02795426083033,9.95290288695343,3.232155743801645,4.024311106567394,5.127907247896816,3.94234790250668,5.002280685498167,1.5318091238209253,3.886308994584256,6.761076218234267,1.5865211389467917,3.360969762478358,6.642380424915574,1.492365657256392,0.5426397690609972
051a050o_2.0825_422a0102_-2.0825.wav,7.160793568529568,7.738606930319046,3.9809929411428255,3.3546349506633457,3.828405845549694,3.5169156952404097,3.879051279100151,0.9289016979716336,2.323144866605541,4.006501009525761,1.69381455626426,4.793821863876614,4.965670364896458,1.1122726790135986,0.1907037990441521
443c020i_0.75055_442o030n_-0.75055.wav,7.900223050372532,5.216132900241418,3.7913279296624505,3.895002334438656,2.715436998110696,3.9841140739896432,2.5706644251757758,1.2896999353869545,3.271900362458951,2.5326339701834764,1.446616857571042,2.752774696661623,2.154711995510365,1.206395579241761,0.609539239606838
052o020g_1.652_423a010d_-1.652.wav,7.590392686314857,7.750087831076319,3.7078413329502937,3.989470898213299,3.872719472075855,3.992474026951093,4.0226894064553305,1.0946235669757656,3.536497589923048,3.3037392228815046,1.3748654766700936,4.52562101083346,4.8125028700976,1.1456170037298643,0.2555607827870927
442c0211_1.5624_446c0211_-1.5624.wav,5.171278115435102,7.124905705812541,3.3784019222101453,2.3697222170853127,3.45220216831129,2.528546826786749,3.391582506870578,1.2307023663592296,3.340011733808219,4.97391360532989,1.3533361010039258,3.2019538390619964,4.489666344563283,1.4188158311333436,0.5892056089741865
443c020a_0.62355_440c020q_-0.62355.wav,8.779958516191844,6.813291062898095,3.664062212298279,4.397080857263798,3.605250258990166,4.328594307692081,3.4496559386318677,1.2163464934438903,3.808141899887758,4.07893877958327,1.2463712551450374,3.5115311617408733,5.275441644772571,1.485841299608288,0.5567107993453766
421a010d_1.6753_445o030y_-1.6753.wav,9.256304631576292,6.307720839927022,3.1828006666871205,4.681665584221935,3.2794711503738068,4.513950164812498,3.25169457584928,1.3327974845476862,4.619033219473669,2.4225334016688973,1.2947110814489349,4.679052998050172,4.203376171148652,1.6745546222010053,0.6788801289258515
422c020y_1.6255_052c010o_-1.6255.wav,5.333364808005974,6.361662176713461,3.3497482847483497,2.515621781104985,3.384495804917996,2.6669494603777606,3.307036567341603,1.295235977292602,4.125719201340274,1.9515110396646826,1.239931601073328,1.2320886547243965,3.5833240658505408,1.151233681565608,0.6224987427547973
052c010r_1.5365_053o0206_-1.5365.wav,6.67363655526306,5.475960045643299,3.907847208086464,3.308674295964637,2.6756327961694573,3.3140247667358342,2.505717015670628,1.682049841862891,1.420796588595383,2.721994773536017,1.0223878161043196,3.2362149731662826,0.7444128885503213,1.4725312440176768,0.9434893368867284
420a0108_0.37852_421a010q_-0.37852.wav,8.074557917004581,8.75759093924171,3.436832803316693,3.917251136087507,4.368146013987392,3.84147727202578,4.238692078067487,1.0832184066011268,2.465255644742191,3.711936488967764,1.181801320837478,3.179546281834533,2.622804200863446,1.6705781782149074,0.2593676805470261
420a010t_1.8743_050a050j_-1.8743.wav,7.995864267523887,9.957292021528316,3.551854085730311,3.859400315105016,5.125172372173254,3.918102165762128,4.965628983938486,1.0339983631044594,3.588330906480133,6.737785372858478,1.2856837868559778,5.071353312659997,5.674494998569191,1.6114501897988942,0.4496718473088471
447c0202_0.85094_050c010h_-0.85094.wav,9.866699178056953,6.594255152632563,3.6580391180837575,5.0707987293917824,3.1567740417425383,5.1605058962255175,3.276993109359388,1.5088321161966385,5.5354102123283555,4.4470999553881265,0.907059569110192,4.319907163610675,1.8967177766866659,1.3557997896904126,0.5215714588698979
051c010b_2.3239_445c020p_-2.3239.wav,8.752833749349085,8.572289501194405,3.8944873760413024,4.60576635205056,4.469971313957226,4.501149869997407,4.335973583816665,1.5079210112087147,4.446913355295856,5.522436419954286,1.255437390873038,3.8379175528549587,4.673424308126611,1.3669604970861675,0.4740265988830653
441c020h_0.62048_053o0207_-0.62048.wav,7.309689060497236,7.104081950606432,3.4446984155777765,3.5620896848658004,3.3638910334784216,3.699624082877628,3.4237599683572397,1.0790953841881294,2.0068076667440895,2.7519612001352067,1.0975793052005287,3.1870616231928413,2.2125715315651764,1.2488511540294294,0.7396574124577502
441o030n_1.8475_440o030j_-1.8475.wav,6.469730705366065,9.084899560335565,3.524536837937131,3.097968946890959,4.448407891798652,3.250779904371367,4.400986258824652,1.028193070899069,4.3406318934682036,3.7997672813247174,0.9838809340566332,3.215829076562697,5.1904939558447145,0.9820384448438932,0.484421930879463
444c0202_0.21093_050c010w_-0.21093.wav,8.397315188991737,6.953359752487213,3.384466915219124,4.264796027951962,3.428679034739936,4.407044847046795,3.501927061785895,1.1524318369281854,4.256624375095719,4.836233004834322,1.426793491921508,5.025167480598762,4.024176314841561,1.615953431709526,0.6783031639413211
22ga0109_0.22164_440o030c_-0.22164.wav,5.464500479556456,7.813005842447778,3.916073487072849,2.8413360318604157,3.9066033083429614,2.740601240779451,3.7954614986317896,1.7449498418973763,1.9209647088854072,5.588769218831224,1.4091055225850844,4.547836814354414,4.057167564348879,1.26387299600891,0.5726459515756657
441c0202_2.1933_422o0309_-2.1933.wav,7.5518781510160755,6.765057466164254,3.3590625302935164,3.921681694890521,3.379457450663509,3.908122326711484,3.5489158335620403,1.120857377951315,2.645429318277321,4.991641659318509,1.7758868630984592,3.9259969452972125,2.052558707876731,1.201163851879938,0.5225460178279391
421o0314_2.2793_22hc0104_-2.2793.wav,8.798612222544781,8.178149246009035,3.339702289935789,4.135078873504094,4.299030587162726,4.302460634897495,4.269309450696516,1.3956948558468367,4.970650811900737,4.065405143690112,1.7500796743310123,3.1563707592479004,4.478213123949063,1.6877451949811766,0.7711603735792765
441o0311_1.4539_422c020b_-1.4539.wav,5.690091045271862,5.2126895078674975,3.2899661794517248,2.9795399699918668,2.8521790191299408,3.026801734245294,2.709819173528544,1.4390699845574977,3.300349372718836,4.608119245748137,1.3261347755127004,3.5610557021015476,1.2508297375342414,1.796014068481516,0.5259578911105378
447o030e_0.43596_053a0505_-0.43596.wav,5.683595949316031,9.102992909678294,3.546844490878752,2.878290934529291,4.445381328510165,2.7282910580897823,4.445573859370453,1.403488030834374,1.8457565825995554,5.628504441327259,1.2514064309501507,2.528216179354278,2.724901474106956,1.7632808362911327,0.3371061236960467
443c020p_1.6886_420c020s_-1.6886.wav,9.897796053225598,5.237843858065153,3.416019010099004,4.817448180442944,2.3672344244354946,4.918467027238205,2.503964788993466,1.6619863236609254,5.442479061929413,1.591896904272902,1.435994519103831,3.2967911685186913,1.844447414859225,1.6941065350070583,0.6360828820968366
446o030l_0.77656_440o0301_-0.77656.wav,5.771713559512822,7.676922249944802,3.158441704942929,3.0937190532482464,3.739395283397536,2.947474908828854,3.706038871374661,1.6882763538689525,3.0104375175160616,5.119411716016415,1.4331802837997842,2.331787382307379,3.0618069326490343,1.2998426072910922,0.4433316756849271
443c020z_2.0497_420a010m_-2.0497.wav,6.27120728873641,6.411764638933176,3.87317569005696,2.997372249618322,3.101825405994692,2.8828657909671263,2.9900744734385736,1.5560558614555906,2.8628154446213556,2.3400868369623744,1.3806663709133455,2.4738271675583015,2.4520938897204694,1.2538074245159128,0.6677926285773585
441c0208_2.1987_446c020h_-2.1987.wav,5.432165437221493,6.06522861893948,3.750473483608377,2.714507621427991,3.283873985768364,2.775886830074404,3.1361154234244504,1.3850469378783226,2.8135444276339414,2.181032847764895,1.5202848492685928,3.3405606227134523,2.6396714004908133,1.4313619526108932,0.5440600432186145
442o030w_0.16214_422a010k_-0.16214.wav,9.38052786808746,8.037396562964664,3.8165154551693634,4.810461908507732,3.98441121595148,4.838986237080545,3.837148312681613,0.9049410474831914,4.6025398747245045,4.636911313857798,1.517688548510526,3.65618654604728,5.20009830226328,0.9166696907784788,0.238144284340057
447c020g_0.68419_445o030a_-0.68419.wav,5.011268538475461,7.531302062073414,3.714770539344836,2.4999963599416053,3.582354229984133,2.435750663806521,3.739747020569085,0.9922978923530816,3.0421917625256776,2.848685509501565,1.0700576471714809,3.606302013973887,4.394562871608842,1.3109542261973388,0.8877377566217028
052a050v_0.14042_050c0116_-0.14042.wav,6.885696950388605,5.756978941818439,3.201363921092356,3.622730836529568,2.761710817071208,3.4638495387245216,2.8221817456880576,1.5544747866493287,4.749235414279014,2.9297140536712165,1.2693217446377965,3.8897427017171506,4.16111623906581,1.5707511518154456,0.5794619714339428
446o030n_2.2386_420o030y_-2.2386.wav,6.135336303383693,8.131606655999313,3.4300111170388483,3.0852738136755398,4.050519332038936,2.93528667444009,4.048555136537956,1.5211687153404505,5.035655324452918,4.274079756714292,1.694111682908014,3.5188679723294785,4.501687661066928,1.686255313950526,0.2804935006153491
444o030l_2.2959_423o0311_-2.2959.wav,8.147314464478924,9.536487229941812,3.932989774849276,4.30125604265238,4.7847028055856855,4.140214513589269,4.839160366282209,1.4293096130471243,3.837795793993374,6.049038213881869,1.2041722006783888,5.040821761462873,3.710382469152591,1.129500436207443,0.7841711615487208
422o030f_1.4574_050a050x_-1.4574.wav,5.873676157485955,6.477805183656185,3.911372754076607,3.0386125074826094,3.161511271476808,2.9006478346740403,3.10264065863114,1.092817349121144,2.0586280699581483,2.234469480900693,1.439154148316261,4.311843108349582,3.698120510563137,1.6439796031677834,0.3712017941290387
053a050f_0.86588_441o030h_-0.86588.wav,6.224347600129831,6.892696433813191,3.936928625727726,3.0274295455745373,3.430867700936174,2.8869074604257783,3.483341919229016,1.3515385226138632,3.9887766578324872,4.988192388520459,1.2519707808322154,4.046462281967509,2.9625093223799954,1.437445015653824,0.4884419260706414
423a010r_0.40689_441o030m_-0.40689.wav,8.966381924137192,8.280566736791249,3.8124643185645857,4.461304174063749,4.094149262362309,4.610345431445018,4.077216938298242,1.3535344471061834,4.878479593248112,4.957341067290384,1.663548983903766,3.2364406178554264,3.0900807375021864,1.4037423653964534,0.4651139340607191
421c020a_1.378_444o0309_-1.378.wav,5.401476998730546,8.907353453961079,3.1084711091299786,2.8371617075268416,4.334812723639488,2.779181864270618,4.494619913014634,1.1542392242146695,2.398571402835687,3.6831534139356648,1.4990198196591278,3.709461155729234,3.830521459043873,1.5391679051801916,0.9056897369587632
051c010z_0.75476_22gc0105_-0.75476.wav,6.726605138203116,6.414833947707233,3.0993500104618708,3.4685652221458296,3.0879144441217594,3.3347120938104142,3.020214074589365,0.9911598736623968,2.9950781313047674,2.3826851358802337,1.458299143613084,1.9148591295909227,4.086191172825259,1.5533247125524716,0.7945875544699932
22ga010o_0.80384_421c0213_-0.80384.wav,5.579464288373905,6.901510235449027,3.954355032597532,2.663282422141426,3.512595682523228,2.794897382247872,3.584550545292735,1.7242399898925729,2.659472111626023,1.836951934441829,1.378399858412957,2.0084976211042957,3.4253896390578062,1.2139368434175863,0.5026302577057935
050c0102_0.99246_421c020q_-0.99246.wav,6.61591910873878,9.433178834813424,3.892501892776072,3.42479514583787,4.626099183356766,3.5829826568283587,4.563835940856604,1.2763363774710066,2.3134156764132228,5.880558744277762,0.9528212759398094,2.588174300995787,4.456088614880864,0.9384764223579288,0.4121733175969919
440c020u_1.1231_423a010j_-1.1231.wav,5.29526604555722,6.775882718734818,3.2649789126103723,2.7287156250163944,3.297065009910782,2.60131957777675,3.3762499020791386,1.663470231761254,2.539606080681806,4.222822128457903,1.4371375897379122,3.3437768323747257,3.5816088830079567,1.4930552724646111,0.7814703031192098
447c020g_0.068144_444c020i_-0.068144.wav,6.041852139939325,9.776879473905076,3.362625360670973,3.086276918920265,4.723450550051826,3.1887942561509326,4.859061005279783,1.7220759447634877,4.148168256371931,4.2733920241127565,1.5019018219958424,3.3344946677982925,6.481237835293859,1.6831673550557062,0.2671039766651654
442o030z_1.9601_440o030u_-1.9601.wav,5.528019434871564,8.990319330347644,3.7068164454374815,2.8283069265050296,4.526368822958613,2.982772307071982,4.455372723021316,1.0052253820155042,3.6764904018511704,3.336872039140611,0.9510156949685048,1.6005261954622931,4.830679223418394,0.9547571207643866,0.7226711327259154
052o020c_2.3087_22ha010t_-2.3087.wav,7.338048740465344,8.374967702730542,3.425789367417162,3.5069578194839592,4.43324850641788,3.6125324792516618,4.300004402552328,1.2892161248897405,2.6202541422054964,4.418756946440854,1.4853596232705009,3.555795781542386,3.593698823994519,1.72322887230484,0.7180977416203813
051a050o_1.2715_443o030c_-1.2715.wav,5.3874776655606125,9.391042986221656,3.733628229307471,2.67477281477237,4.655192932360246,2.822488716895728,4.62911588766798,1.2968255014596142,3.6782294986537467,4.726511938313688,1.17505789648421,2.5752564982501824,3.50591793906954,1.2825505037993523,0.3793802111968921
443c020b_1.3681_420c0214_-1.3681.wav,8.919141419704825,8.893748987166344,3.211697608833347,4.50038665475037,4.305719128664974,4.510069822975767,4.455406256545492,1.0381358305202273,3.7692313697259356,3.9181619690923153,1.2743573043349854,3.383599299512938,3.5515084604805534,1.6224502439547468,0.7776532832836673
22go0101_1.8859_443o030h_-1.8859.wav,7.84480100472897,8.015047696024423,3.672651664160728,3.950182058642724,3.8129337028113466,4.120163822442374,3.810443727799347,1.19648232560339,4.3464302731793545,4.379842977750931,0.9143194025930148,4.468068481699737,5.7235775267224644,1.5453276048020603,0.8867217757661128
052a0501_1.965_444c020w_-1.965.wav,6.733808464012398,7.378554552950286,3.722031226619358,3.2685650391869028,3.8032708356994887,3.343170494745744,3.933401639127646,1.5574626512882217,2.1232043822980167,4.629902678540668,1.500047388090385,4.044917656839944,3.4718733699525632,1.2341519617655643,0.5356777050864334
052o020g_1.8826_422c020v_-1.8826.wav,7.671718656138919,6.076229410169232,3.440070747390593,3.864660390139453,3.163299283302645,3.93842246523458,3.032688578237322,1.796698474086775,5.498721383460852,4.250599845834469,1.57142027104783,2.2160825969897266,3.3899326704455572,0.9376321018760332,0.337718088074798
422c020a_1.7856_440c020s_-1.7856.wav,8.446989440481916,6.868723545022718,3.3357192080050644,3.970429020560036,3.618989777657752,4.117527532254614,3.5337722450882163,0.9904809607125123,3.627066640825883,4.893695259174152,1.6851938335517342,2.9043293872710643,3.546454240068401,0.9516277080889072,0.268224979654091
051o020v_1.7657_421a010f_-1.7657.wav,5.637748792160534,9.411007112275442,3.744049281052861,2.6079408843539977,4.823593024917988,2.713688639014316,4.929976352485332,1.2564101478167804,3.4784877597310575,4.391164640565277,1.1523005069546937,4.5085958941336814,4.997065319445663,1.4571136715071666,0.4246289007921923
051a050g_0.28855_050a050m_-0.28855.wav,9.056098308388906,7.521566225896452,3.8268991200403937,4.554083047155982,3.5997041248808026,4.615799042336177,3.7581059428593786,1.1174881837605553,3.3232263071811516,3.866425417442863,1.3344987187496538,4.562182924032135,2.9569709588793955,1.152126146703544,0.4440315813239388
447c020s_0.4216_052o020u_-0.4216.wav,7.14909892737292,6.134882316414635,3.827479383915428,3.4927903531811717,2.983583969319428,3.614647860969534,2.896115416138247,1.4627321626852874,4.722932918594316,4.127795997468485,1.481973915861229,2.8777065418369494,4.4515899555677105,1.2838280462752625,0.4759875617408245
22ho010k_0.30178_447c0216_-0.30178.wav,9.061978366229464,5.458156520173443,3.2635464682545683,4.313837303699167,2.9248755297619806,4.480131503840489,2.889573419352581,1.0354530033567129,3.7195345648370335,2.2513941624755174,1.0402458658311682,3.3453512793049707,3.395653853521139,1.6410498024540183,0.4528638092476596
444c020u_0.69995_051a050t_-0.69995.wav,6.257950390663467,9.625498082511363,3.316783786743248,3.1917599699326256,4.652569972302597,3.3406485368739847,4.634343764958546,1.7480775742837031,4.6731464780332646,5.512072053656817,1.014872978115978,3.6313665360044927,3.821186476184257,1.537929574878004,0.2064818560307943
447o030d_2.1006_050a0506_-2.1006.wav,8.264326688480745,7.12860444852677,3.440327235166733,4.063575993528279,3.419631396171297,4.232967632958427,3.405262245494713,1.3042824458130169,5.443546032118279,2.3399484237941484,1.556790222788172,4.520764958431941,2.5070375749683156,1.6448281303488703,0.6857122104879891
22go0101_2.2216_052o0208_-2.2216.wav,8.015921393364808,5.751846024446574,3.250541443552338,3.7698593709064503,3.0089977604940854,3.9125161792633225,3.1014587524281483,1.343696503393793,4.266657490402394,1.0664379424054313,1.401055405216966,3.1457136241605963,1.284837401241021,0.9001268064936974,0.4637433076665336
22ga010f_1.4801_423o030y_-1.4801.wav,6.96062398427404,5.560923646477939,3.7768964523906874,3.306742737063259,2.8046399495801317,3.454080040453872,2.8894439531977825,1.0944267934313174,4.49772090589086,2.6612869766906995,1.1835603683436235,3.690391053242106,1.1255357433744055,1.6369009661679594,0.2106214828249571
422o0305_1.8423_420o030u_-1.8423.wav,7.98345928878456,7.713492454448236,3.810235859187725,4.071866776576661,4.01829395480169,4.118979121767939,3.854952512018244,1.4947609537730668,5.164169963777426,3.4511163234646225,0.9501564505379718,4.93037111100663,5.342601997087689,1.4000268212848703,0.6545804702209441
051c0106_1.1076_446c020k_-1.1076.wav,7.603148165051396,6.652561152205666,3.149832998578616,4.00485781814276,3.2307743043953296,3.859184155940918,3.266539988237578,1.5950795562005506,5.207436114823837,2.004371784779262,1.3902557534747848,2.614620308412819,2.8654422994621838,1.4045076264297691,0.6384744747255093
052c010s_1.6936_444c020s_-1.6936.wav,9.376155380040174,9.67862182380496,3.7637760072344726,4.627911174361313,4.620616325821959,4.7398106965068125,4.720508752680099,1.2138539067200071,5.573524249944923,6.116568022393515,0.9155743969243204,5.771855932353827,4.342865473137308,1.0806017733732365,0.5859951569202522
446c020r_0.33562_421c0206_-0.33562.wav,8.432103691678183,7.692153106828034,3.9166761241463934,4.166916998970544,4.0840555622271815,4.24635649858091,3.9337579710899497,1.358910191870378,5.90496604248537,3.896640876266368,1.6156694388128705,5.367847089958328,3.8999613562493405,1.5047734967902728,0.1834310203292562
051c0112_1.3401_421c020b_-1.3401.wav,6.539354198390278,7.73762610316569,3.1441709929876995,3.2602413858781887,4.074773879224377,3.0972388761414638,4.026501922359872,0.9925323099453944,3.958469099304702,4.828510424060811,1.551145996979447,2.0836150093283514,3.220834200212337,0.9465928924467066,0.4410497389167221
421a010y_2.2626_446c020x_-2.2626.wav,8.903998209817457,9.730124126033305,3.959293426004885,4.245460889888601,4.608353830429513,4.291203818567062,4.772084049008482,1.4749870930016922,4.359961853219481,2.9507972638449376,1.279186807248374,3.541455117047515,5.488047057464137,0.9712553551282912,0.1267470590896353
22gc010y_0.072628_443o0301_-0.072628.wav,5.341051615030956,7.90976823550861,3.5877736212521416,2.7370193780043186,4.019205562150771,2.7683552041526864,4.186292563439319,1.0076853480611596,1.378522621600921,5.507018206082675,1.121543221708412,2.3548093045471523,3.340590573479083,1.2893994612345805,0.7193745890630027
053c010w_1.7562_441c020v_-1.7562.wav,6.624516632681644,6.401419140479803,3.709057426727785,3.1716676954666267,3.142909464040022,3.2054168727867447,3.3095257688550523,1.409285024705966,2.4635493874304935,3.5721093346653037,0.992657560597682,4.4097562890846325,4.136589278281747,1.2787944125033337,0.4335327953309471
445c0210_0.81269_052c0111_-0.81269.wav,9.580605598969282,5.994273589534511,3.7690969139663286,4.8721624242758494,3.1643480964146256,4.769874472831738,3.0546340362884643,1.5822535648947995,4.38651468779925,3.5568591184570506,1.4201241947819263,4.027721566774002,2.0731981630343785,0.9333675978866754,0.367790953301477
051a0514_2.095_445c020p_-2.095.wav,6.321114813488789,7.107896081636056,3.335022313927406,3.284302548225124,3.3042328472930915,3.281641002975227,3.474212011242332,1.7533187480596837,2.250927655315117,4.010753164316785,1.1100960439739609,2.4517781787410606,2.419577007059365,1.2123390651629686,0.4457805415971416
443c020s_1.3536_421a010w_-1.3536.wav,5.070792586533491,6.637290858757874,3.497727388870218,2.604221489112684,3.050101816062712,2.657768582677472,3.1902185844052764,1.1209257227700893,3.119286913155651,1.3155050396214127,1.6031801055046793,3.377777515332677,2.5657762568334177,1.757085515575461,0.2133001209030329
446c020h_0.63239_440c020p_-0.63239.wav,8.141502481792052,7.5258580822046355,3.0884873450711314,3.867665212213754,3.6763535771782023,4.017354519284473,3.6860029993727146,1.4264886462111417,3.83361339554835,5.169899886297367,1.2773052313985471,5.626591180714371,4.36500300824973,1.392731748445445,0.5318323554971879
445c0204_2.4737_442o030x_-2.4737.wav,9.275050797780352,7.617525200221157,3.0704794266996283,4.725366037108624,3.914158446201677,4.595947256401115,3.838324554041365,1.4057130222983747,3.0000292906504744,4.65130004077943,1.613868391568949,4.180737980270868,2.309245572040185,1.3233336816767918,0.315414948337375
442c020m_0.81659_421a010c_-0.81659.wav,7.490950142442729,8.939347440149927,3.0122737941651327,3.9704368816972666,4.370098485425996,3.850115031273903,4.28052922557253,0.9783925793380612,3.7481837866531085,3.599718855847099,1.0953376824798753,5.238255913280093,4.248466593443135,1.1016869505004545,0.2357567249069822
052a050r_1.7215_053c010s_-1.7215.wav,7.762259562801651,8.423347408250413,3.181623285654429,3.9283504017274273,4.199805287084963,3.889933775174071,4.034202863176798,1.4420952884716054,5.794315141902236,3.489138087573614,1.3367419418655773,3.5749238253938778,2.294605706458831,1.1973989168516266,0.8072409798766347
440c0211_0.82218_422a010f_-0.82218.wav,7.2786713834627665,7.561269558094571,3.628198923812271,3.8182845281835434,3.822842838363334,3.686814743863176,3.7506230639884697,1.4313516440836629,4.656393879554137,4.600916818544038,1.5976794963655268,3.959030109334829,4.46614494488719,1.0475201239454757,0.2274833652152491
447c0208_2.4533_446c0214_-2.4533.wav,5.8290460995935,6.435855128135555,3.5549033594429087,3.1460286922614435,3.4036888886033245,3.021511655342518,3.2879499257734683,1.1875981443879362,2.915627462762875,2.424101925463015,1.1673696791445385,4.3518795412052995,4.25809484350216,1.093556516865437,0.8132095417319538
053o020l_2.4055_446c020d_-2.4055.wav,9.904057592250146,6.392428640102578,3.9617474619749657,4.959374287963568,2.9938875740299853,5.108935626167089,3.0053508246497875,1.2307198679086992,4.569315707844349,1.8403143823132608,1.025768507040403,4.907633736649972,2.219554598886286,1.3910765394217586,0.3008090988523156
441o0302_0.64701_446o030n_-0.64701.wav,9.884153007796062,9.137897032061703,3.945921281532987,4.8777046413971945,4.38476080334519,5.021037968992783,4.42898248581404,1.622777284500791,5.38988891393473,6.047506442055848,1.3974888022623992,6.25599462944512,4.994653329131266,0.9346526626871324,0.5702786931787365
447c020u_1.9191_446o030k_-1.9191.wav,5.271352772551239,6.128710912244486,3.094231210162818,2.865603350457309,3.229837524897853,2.71686274031162,3.1475196599262207,1.1018408720740631,2.466634772319611,4.817207319882737,1.173341903102034,1.9198109293805683,3.4279514119475967,1.529551278345462,0.2322356227372549
443c020v_2.2768_421o030i_-2.2768.wav,9.815846077009931,6.248324892822333,3.896374730710046,5.049373221427121,3.22535012163296,4.890813182094089,3.164041770434227,0.9770146769876188,6.115508593485046,4.208130033056777,1.2363558432029336,3.762088624577505,4.400241266386005,1.0767521144593748,0.9549473164543152
052o020d_0.25565_051o020x_-0.25565.wav,8.083034182107122,9.56751224384188,3.01556482549629,3.88697705184274,4.74623320163446,4.056530158836971,4.758551639384564,1.7219793146988789,4.511767677547256,5.196965353505268,1.2530831251871188,3.2248531710347956,4.416923423632142,1.3267071576168643,0.9671074729564124
051a0511_1.5823_052o020v_-1.5823.wav,6.097945873581159,9.902646437483584,3.4133010858923827,3.000649916099572,4.862772253153381,2.862839026815009,4.922001965246199,1.0269668781238943,2.255616279959718,5.453623956697959,1.4989608117451363,3.3383846281010743,3.590806036531145,1.7421213695452715,0.5179238745295492
053c010n_1.0505_444c020a_-1.0505.wav,8.263113646442452,9.942686116598573,3.834474673733392,4.057955355069393,4.92742191928486,4.132478772002281,4.774627088453948,1.286866959010692,4.2825173072135385,5.5251944247257025,1.637686812502671,3.929319400621304,3.552701039951649,1.0864288475406727,0.8299770562366093
420o030v_2.3353_440c020k_-2.3353.wav,7.823147871924112,8.834351156316528,3.533294683056386,3.9680700471491455,4.351213846929113,4.113221623176507,4.313385022247749,1.7246228780648138,4.311543884205997,3.675460461081357,1.367978161061628,3.690287041518409,5.26144413172803,1.1094938920891302,0.4736361197516146
050o020s_0.13113_444o0313_-0.13113.wav,5.082998095236048,9.23100584038842,3.2857601578124305,2.7199951330936805,4.386385347241927,2.7567141781952773,4.531821627883406,1.0214549565001498,1.513199402023427,4.056679874464136,1.7519562623943274,4.682130195532748,4.1023495860662855,1.650153012146421,0.7805158111827116
423c020y_2.3007_443c020d_-2.3007.wav,9.56220720078054,9.569113088125167,3.454610856014801,4.60059902938791,4.82035584163238,4.757524645267651,4.789141244393849,1.5903069436540438,4.247488834287263,3.5209532566064223,1.5493875763925065,3.4487679674170746,4.892458483144821,1.5308662183794288,0.501899635793396
423c020j_1.8215_440c020v_-1.8215.wav,7.948670575495521,6.649136248450112,3.072231941211333,3.8707394023473527,3.400544889696773,3.719397410847549,3.4779761599231707,1.2616515695371464,3.8625153539122428,4.698682661448778,1.4578368307483849,2.2349206533107817,2.2526802744781973,1.1216210334611936,0.4899074678157351
050a0510_1.6168_420a0113_-1.6168.wav,9.308162486026312,8.297870074326118,3.367658465267898,4.535698172494798,4.099124665618593,4.5359824408541884,4.2491243962566845,1.4301171288570036,4.997303345146074,5.774549182177124,1.5678060015203437,3.3358900183853097,5.310497657500791,1.3111934532185507,0.3947773851101648
440c020p_0.68383_052a050r_-0.68383.wav,6.43699642404953,8.598994231919757,3.360240121352232,3.0220727866798414,4.21145242424517,3.1825376708594155,4.155318468877356,1.3596861050990272,4.259551199423382,3.548592505318243,1.7068192551189962,2.659920058673199,2.724833353873002,0.9424620230995356,0.8621357321664369
422a010m_1.2976_441o030t_-1.2976.wav,6.411963314448668,6.826461544153428,3.6493206282111927,3.2700770357623097,3.640287164240601,3.3081036123933667,3.4745947399426798,1.1559217166844378,3.9261335386088194,1.7448199822616632,1.2159182582178911,4.50394948563758,3.097727041571892,0.9484481570358252,0.7449616331423508
422c0216_1.1537_446o0303_-1.1537.wav,7.7326930592964445,8.738310161360168,3.216666726396918,3.961085487722044,4.409230377907281,3.8503991356937375,4.5104654087743965,1.0837546699783691,4.890465858364123,3.8823472859240464,1.5591410369674776,5.015274814435235,3.130945972022413,1.5646813299640363,0.5665580088308079
050a050t_0.089726_422a010e_-0.089726.wav,5.968465451393769,8.024041149840086,3.757492230304647,3.0867692437038388,3.8803544139668578,3.2556929580828067,3.899453595111943,1.4040835673237253,2.276094341391792,4.431020785403128,0.9429524883717308,3.811996620046996,4.688285758681682,1.1541277221653043,0.6559058753937077
420c0209_0.69592_443c020w_-0.69592.wav,6.148213112150112,5.81605089817304,3.3510133089384446,3.0490247868828844,2.9241267729802787,2.903718132536093,2.886898071652648,1.3810022041710712,2.4673651024656396,1.1317560465428145,1.2999827734257596,3.3916318250187194,2.383274712790555,1.1606308139474948,0.2465665671477934
423c020s_1.8035_052c010g_-1.8035.wav,5.890577052243225,5.014970908746854,3.216690239391241,2.961385321662418,2.2740466709043163,2.9456197022852115,2.4433140488767213,0.9898728621870412,2.4487348538104614,3.082965081417547,0.9249378720762468,4.35544086089969,3.0589529851207526,0.956718549848866,0.7801757870008221
445o030h_0.55918_444o030g_-0.55918.wav,6.991366459513497,8.63480776372425,3.705181244247669,3.598528592383321,4.223715371440306,3.6575483231861674,4.064289302756544,1.1649194327930532,2.7379084562359433,3.8738206856773916,1.0351793539596506,2.919149352491879,5.130532315078305,1.2117421363447292,0.866103131416702
443c020u_0.38985_22ho0103_-0.38985.wav,9.82593118962266,6.785357228203979,3.456037463072434,5.050790199435442,3.1381937240226683,5.093072201739956,3.302851649070693,1.3137812560821078,4.1818964766355275,2.150597927331495,0.9757485427738994,6.0433687774743285,4.596221683312488,1.5477214965761044,0.761706544760492
053a050c_0.49408_445o030l_-0.49408.wav,7.762356127241759,7.479131616358857,3.7980328647684463,3.975650319061693,3.765744220952564,4.089106288716303,3.639143498404342,0.914824363579718,2.0833116125402453,3.60891786834052,1.288214988109737,4.779634532551623,4.091350392312842,1.340361566924519,0.6788186898240067
444o0313_1.8066_443o0308_-1.8066.wav,6.311413178680348,5.867296328682895,3.3755524583847283,3.2565449410529883,2.7759557688535828,3.4065103801575987,2.7727359747357387,1.608544900192454,1.8533599012840885,2.245721721637901,1.3768576785322852,4.2796461708368945,3.8200363312598573,0.944417682376115,0.2933558404363895
421c0207_1.8409_420o0303_-1.8409.wav,9.34503491394051,7.21154313097232,3.3981856500518943,4.717131108949761,3.646088067502524,4.75868655578638,3.481245279251994,1.5681865748932298,4.871717666104686,5.008560516368905,1.180412842660836,3.7951062195170255,2.979826986449115,1.7100523172521902,0.4734912523828133
447o030u_1.5869_051a050h_-1.5869.wav,9.884338980085811,6.127801142863738,3.772096888969352,4.969760569621575,3.1659404366389805,5.109991386586972,3.112692732714613,1.6674114583004662,5.835053006650995,3.789039956238681,1.2040592516693365,4.66126983141843,4.275088921863004,1.3402922478707333,0.2825062648545592
22hc010h_0.30143_440c020a_-0.30143.wav,8.86272456907669,5.117381214502859,3.2105965614608563,4.383863312445644,2.7703236391399533,4.441925420185074,2.6105463202087145,1.781979631475675,3.4500040932233396,3.442672627134862,1.5217298627990927,2.9313081536506185,3.005017407447869,1.7092390627446905,0.6680168687693315
440c0201_1.2438_442c020o_-1.2438.wav,9.339313688665168,8.476535214724876,3.542472402660512,4.687486508316156,4.147091380903644,4.818564044529926,4.03883853105604,1.5233387819483106,4.102624737970798,3.429687671448352,1.44324688808866,5.6041687447437445,4.349064485233489,1.4943574521135554,0.565202278609504
447o0303_2.069_442c0214_-2.069.wav,9.161086795573407,7.093289399973299,3.3409670852862026,4.779117683794558,3.6544016863951225,4.654346968914046,3.769867130178993,1.2950452398955332,4.202017475744646,2.995927465161214,1.6263555423670355,4.853287138133697,2.82917570536767,1.4914115443592622,0.7395133020775899
22ho010b_0.57263_420c0209_-0.57263.wav,9.150572986321563,9.642993043408897,3.759757531255392,4.414883864588795,4.954995997754361,4.582494623667385,4.9265947048067,1.7968367539757284,3.3900333629281594,4.016388122235461,0.9689214782624738,5.404771350745304,3.5167284673079635,1.2766981713091663,0.9007225482530624
441c020b_0.071563_423a010k_-0.071563.wav,9.463437990710332,5.851056032896027,3.5450018427297336,4.90746399748936,2.896864720186572,4.757469649254095,2.898166832884661,0.9430093461173352,3.2800913088972328,1.6182664454510833,1.1407145751035068,6.025882940837601,1.5236190871990012,1.3203464980947262,0.7635643008124453
446c020i_2.0121_447o030x_-2.0121.wav,8.679662306190924,9.270575916023304,3.3603240919373443,4.438048168779748,4.796587021501404,4.310590332026953,4.684094800213451,0.9413915086889966,4.044752148878803,6.504278628388246,1.4563349237721686,4.576908633618674,6.623226410303221,1.289653530402762,0.7201422873034491
420a010s_1.4282_444c0205_-1.4282.wav,9.231831375823605,6.483409642893356,3.5747073773380413,4.513972681061244,3.170407495754648,4.416755994115242,3.30986686539055,1.6559528604243852,4.787934631078378,4.31440990781465,0.9677706179756684,6.356072672770342,2.75937248969593,1.3968641901895271,0.6417539447066374
053o020p_1.3479_440o030p_-1.3479.wav,9.04004705882246,6.14847618913347,3.4266812423212283,4.625086966934523,3.188660699354713,4.475746605948599,3.1746087749102183,1.1752918395392316,3.7768610767476827,2.2472952133892976,1.1121287434886638,4.774378155594358,1.5943181868235614,1.4332245752194424,0.3690953297748521
441o030a_0.84357_447c020l_-0.84357.wav,8.001823282214087,6.732676582600257,3.289824162414177,4.1091213474217545,3.432890052086974,3.98602112478227,3.3471792873831787,1.7158524870352525,3.275795405671995,3.4916249680058105,1.46944194939078,4.211861193532741,4.920254293532306,1.6712799516693502,0.487800571554262
050a050a_0.032494_446o030v_-0.032494.wav,5.465151477173963,8.728229750215464,3.877536228224733,2.835247474578688,4.272678708806202,2.9851102118894897,4.266263105505367,1.343595429840703,4.259603244350087,5.809974780941145,1.5777146278539211,2.001442447294521,4.146515165426494,1.5070887565150262,0.2387498140158615
442o030y_1.456_22ho010o_-1.456.wav,7.749018220795945,9.61357527017075,3.611104129467892,4.01834745481228,4.968900926806637,3.88291078244718,4.904426840704789,1.624872212597,3.8154848699303727,4.242157428604554,1.497864590192811,3.483456976277898,3.1979386979924107,0.971416805395698,0.3250180011169197
051c010g_1.425_420c020a_-1.425.wav,6.203121914098676,9.143669606328654,3.100200812563749,3.020633463984929,4.744317834926892,3.077709853275781,4.60560126855676,1.097595514768844,1.1775334235772408,4.613756398407975,1.396430547287178,2.8943463827884557,3.982586992231505,1.0833524196330648,0.4755338166799748
446o0303_2.1257_443c020v_-2.1257.wav,9.739089296950864,9.9385087985893,3.955644199724534,5.014511186400759,4.895292598053158,5.024152851461516,5.055001828515446,1.2190962711582678,4.886451742805964,6.375841593164508,1.3374705492901129,5.03929095513678,5.8894541998545495,1.0004881009204414,0.8396801909752818
22gc0106_0.36814_447o030w_-0.36814.wav,7.352419713197133,5.934640252277065,3.1535339782851186,3.590129560550372,2.722972009498009,3.5971031231444965,2.892828918173358,1.0213796530283463,4.319281305943316,3.0730891939162177,0.930250958824055,4.217250221943709,4.477992482775569,1.3800261305623125,0.6046522322763588
440c020z_1.8919_053a050d_-1.8919.wav,6.523045217700396,6.204052955267767,3.5969932751218967,3.236404222618438,3.060094816242109,3.1456098692979686,3.191838451401906,1.2030947150969065,2.24314462557035,2.7541135692495553,1.2718034523065906,2.7723769161902427,3.8659121855948806,1.3900386325627645,0.4591133351720388
446c020c_1.1539_421a010g_-1.1539.wav,8.008182300781808,6.532322097152755,3.360428653458587,3.996461154517871,3.277064418843772,4.029379368809605,3.4234078203617204,1.1298363157237126,5.693064543520823,2.548729017225073,1.5680660941330269,2.525012293125178,4.318468847187961,1.2589720968338312,0.4925227800546279
053o0207_0.41254_446o030t_-0.41254.wav,5.386808459284683,5.985844922682056,3.002476970353739,2.6393427978109933,2.9324456801718184,2.500358604597997,2.8760241059565206,1.1193108457990355,3.3325090736552077,2.3159221898548834,1.323486291985502,3.639866034861873,2.525444250515402,1.114176105334434,0.5772721154018841
443o030r_0.35037_22gc0112_-0.35037.wav,8.038750664616074,6.416166312795829,3.8135260114878218,3.865323051765303,3.2417075035620115,3.9989536389954745,3.309846084091104,1.6696707334901606,5.665103289314523,3.694070373514627,1.5599095432606034,3.3737464730608813,3.588053550903374,1.0290433459856274,0.2890613873678183
423a010x_2.4313_445o030r_-2.4313.wav,7.290638072479779,9.928907404347632,3.528948659620584,3.5861464102454024,4.844870706785065,3.549495619423179,4.6994172106699645,1.2715604728295569,5.230434340621039,3.868942818193578,1.618748864635497,3.6121479398334357,4.035306110955211,1.4244184640633732,0.5842024560106425
423c0216_1.4277_052c010v_-1.4277.wav,6.2673523295976015,7.86704078896932,3.820589599224709,3.146787953149151,4.077569508153342,3.011083242675516,4.01366151526304,1.4310126040381814,2.844772051189511,2.240197987065874,1.5925233972760642,2.2111209735584496,4.364042463592526,1.665651302751736,0.727086769766788
442c020f_2.2411_421c0210_-2.2411.wav,9.896933115462405,7.529465789343043,3.1737441874526966,5.074097394428876,3.8643735267538086,4.934812504181775,3.808698403504255,1.6099905802123486,5.298051239946594,5.04471404654394,0.9567309265554036,3.14481719258758,4.600360956989884,1.2589249104776774,0.5240221138815233
440o030c_2.3203_447c020g_-2.3203.wav,9.361710290324517,7.5098705621010575,3.432328965261334,4.655306222788404,3.642350320418809,4.515241619786956,3.738692974451415,1.023512182201329,4.425873934834582,3.110114729696683,1.0137796682937592,5.943537747785171,2.8894766052711325,1.332833679936359,0.4784215610131423
050a050x_1.2094_446c020i_-1.2094.wav,6.337594528651105,8.413383647296174,3.107679798779042,3.2552405267635702,4.062796991012578,3.1184033072883235,4.163671047966203,1.4112833622139664,2.727468305874942,2.535439026310335,0.9853441552850328,3.3604527682837597,3.3970319987022153,0.9423093152333628,0.92477964009471
050a0514_2.1666_443c020s_-2.1666.wav,6.699273203142886,7.086642170350768,3.345519574860398,3.454212310721776,3.79895606961335,3.3370125758185174,3.675812973426004,1.1048211511339394,4.775142828527115,3.157861997843894,0.957213572564396,4.720554629263469,3.093748577341538,1.7538656610893848,0.4508970051855203
22go0115_1.7724_445c020v_-1.7724.wav,9.09509807975746,8.00769760540362,3.538819249853306,4.488085409211191,4.223483065419192,4.540564804935908,4.061786086398653,1.4334952585477918,6.076669693811574,3.7957665732690837,1.7420305124415918,6.027927721128689,3.90817628346711,1.0050188959656845,0.7696092504816563
423c020b_0.06503_050c010r_-0.06503.wav,6.696109582319604,7.78321953734468,3.769494291244989,3.264035177195825,4.022714332473884,3.1384590195645456,4.104754741020917,1.448912578559772,3.349377098710722,2.999910054313551,1.131309616017627,2.692837257102655,3.3741712898666996,1.7826208556087717,0.4261619513804223
446o031a_1.2602_442c0202_-1.2602.wav,7.673159281233701,6.67285110195504,3.3223069941183034,3.7007400174880254,3.4682758287564583,3.623676407475212,3.316746293642696,1.7444753083901432,5.047057407446474,2.091896679753364,1.1246045356416912,3.4197882353881677,4.147695035905852,1.7613564985279475,0.2885178247579149
053c010k_0.75182_442o030w_-0.75182.wav,7.545912362822184,7.32048855560681,3.4916089994485806,3.765125791587106,3.7964175862814593,3.623077882783493,3.703023841284695,1.1330075313247483,3.5405361804977837,2.2744841970547265,1.005196801151024,2.967302585545412,4.509506390255944,1.7097917055063605,0.6973805790000205
421c020t_0.43472_050a0506_-0.43472.wav,6.0277269276679615,6.3918357096703495,3.2020123074042277,3.1938918036407014,3.272644841032038,3.089466557835608,3.393869294169785,1.1221027010461493,4.092474182330606,3.780168828949449,1.7918482990056832,3.3190192064383903,4.658812686660719,1.3810308035508754,0.6250504834775603
050c010s_2.3259_445o030w_-2.3259.wav,5.369046410353392,7.682015321475738,3.327404893280816,2.528649246211584,3.7236715233914186,2.6780283874534985,3.642518136759509,1.1932193828140143,4.211312665797968,2.7417016820036664,1.4907799577297358,3.9354069311248994,2.7161710054336887,1.734391910018286,0.1299938014191178
22go0104_2.1458_444c020s_-2.1458.wav,8.860974938348182,9.054479296100752,3.887899449273635,4.351283773959968,4.580902900739265,4.2465631878931225,4.473508306583802,0.9153485019439112,5.415005172113406,4.380746636062392,1.5677602931958377,5.743844067725289,3.564910566719455,1.4479420874146878,0.4775118548224485
051a050s_1.137_421o030i_-1.137.wav,7.052936713076464,6.532839682366139,3.408986884573393,3.693020329589956,3.341368206243136,3.610356522049042,3.192819578101241,1.0686220346455608,3.0967508295272697,3.8827068240213616,1.3684305571748965,4.106159387728955,1.675092801452828,1.7319633112927204,0.5216830129760001
446c0208_0.40744_441c0214_-0.40744.wav,5.933383674723099,5.151464039217643,3.3546073656574174,2.9514653594090525,2.4900731776177345,3.112710401432161,2.436221191368703,0.9387969867850064,2.238171508612327,1.846551966937162,1.4800997113391876,1.316805485749751,1.77436653186838,1.2865444804460535,0.265468641271062
440o030f_2.3005_22ho010o_-2.3005.wav,7.048232929213814,5.961983119350288,3.5748160991989915,3.453977705648365,3.225956581155437,3.457019376073639,3.055983794389366,1.4482386739274768,5.210153455227774,3.111050993627609,1.53422571053587,3.7707187264522806,4.021030881648894,1.1736649282249272,0.4823107549577399
421a010z_1.6848_444c020d_-1.6848.wav,6.531067379360708,8.40637139909199,3.765711713304269,3.434516089433136,4.125957239539701,3.337574860931068,4.240422947140318,1.641372332769604,2.643884599671742,4.60216008790154,1.4225580686163384,4.9224276749682065,4.748589710939776,1.4717217274954544,0.4017071183437727
423o030a_0.87174_421a0114_-0.87174.wav,7.446887460255417,8.043085597442209,3.7668827265612057,3.696144520945365,4.077246686767785,3.8094125359278617,3.978908714539733,1.140840028940162,4.338939186432609,5.154923554450146,1.0621221757588348,4.980418642346417,3.365335349895187,1.4563691216361985,0.5267970367117178
22gc010o_1.7437_420o030m_-1.7437.wav,7.612736498846834,6.618737072125912,3.431187899742511,3.6723956696953226,3.31266802388243,3.8266759416229976,3.241270561084915,0.9784211924546714,2.6999620831567346,3.391687102421481,1.5883023863900407,3.6243873725415843,4.549442467783509,1.6157432518788428,0.5676173686464789
22ga0110_0.50934_051c010a_-0.50934.wav,8.924456719766532,7.101283542218016,3.830030982937639,4.421515496747499,3.528584561484207,4.300509143684279,3.439942232327425,1.755424030172605,5.0440611958848605,2.6916538306134035,1.5368421257377998,4.774499677838043,4.671210849367511,1.1567386133948372,0.3078317335626263
420o0308_0.45776_445o0303_-0.45776.wav,7.572724675140054,6.32568848741991,3.827112439626317,3.703818975889101,3.222474374961524,3.618010888830375,3.099441971931582,1.794702645482062,3.7854881004255256,3.992771217647005,1.1264349434924363,1.9365498775955075,3.4298713988481446,1.1137309637227506,0.4430377335341989
441o030x_2.2922_050o0203_-2.2922.wav,8.133773545332453,5.239557533671163,3.491077604575629,4.052254718840998,2.694300999524821,3.957409761750315,2.810509579735004,1.190123664019041,3.0024980524707563,3.96574115928855,1.6681876022411717,2.912798311193736,3.048564389164496,1.249279424577418,0.5996923455481747
421c0201_0.098252_422o0312_-0.098252.wav,9.117167367336004,8.797962679837937,3.5662705130023222,4.609740498452636,4.451487079107572,4.746462789417437,4.513188093307797,1.206536548303265,6.472782265834767,4.708468180188194,1.310719384884441,5.579044947903439,3.883589393744475,1.7925299298956192,0.4938407181632837
422a010k_1.1008_441c020m_-1.1008.wav,5.079586205403265,7.150349699078571,3.520925287679188,2.436851181468578,3.5510172129813724,2.3110108471980477,3.66531598931201,1.408146799567998,2.614918566314875,2.659802328831077,1.6750574782670866,2.139013506858406,5.493049649097093,1.5108258246557793,0.5958232611149199
421c020d_0.32813_443o030o_-0.32813.wav,8.583606338383468,7.803026471950496,3.4746947781200643,4.273304021551878,4.074857974533747,4.283763463462025,3.925223085303567,1.6211125729330556,4.24063698545483,5.171031887438718,1.7292729277543673,3.985724021251714,4.660664506860342,1.069389179687434,0.5926288863276543
22gc010n_0.06892_053c0107_-0.06892.wav,8.397692367997061,8.571321725236768,3.7744916694410016,4.337977469608731,4.4918691021770885,4.453320307896128,4.395973170794117,1.2680253019289387,4.012627369424168,3.7532455777132414,1.3281497017447768,6.150079204883581,5.261294005190907,1.388003545921208,0.4341359654944167
22ha0104_2.162_445o0302_-2.162.wav,6.505248434838126,9.031345111105528,3.8856303977591375,3.1930728305872016,4.404844275152625,3.303460150166389,4.275559165120098,1.4779034940385958,2.196917299833337,3.7603509776020374,1.4942726623698055,4.498857986419194,2.803419160729573,1.149632486713145,0.5203912762608858
053o020s_1.3208_442c0204_-1.3208.wav,6.204742449278536,9.8338742978561,3.6701488266905296,3.0738221702745934,4.7062480827504025,2.936753884508205,4.767176606752413,1.3540068303440689,3.7661374319731977,5.918207596146063,1.766265256026096,3.3639993892456554,3.9455320658711024,1.3755096590159674,0.5461248527512683
423a010w_0.4823_447o030g_-0.4823.wav,9.42182798606924,5.748503077372085,3.37610432415969,4.788586906234874,2.9810539492934782,4.907445230945525,2.859510958352093,1.221439120510594,5.276675813930956,4.0695443184603475,1.1768423951673992,4.196661143630105,3.718947385010399,1.468986338139025,0.6362115834926213
053o020f_1.9264_052c010x_-1.9264.wav,6.803026292523814,6.75381601421687,3.167660933814258,3.341167056310401,3.3284279217581707,3.4664299919826456,3.2134966512232497,1.131438060787573,4.88669098553117,3.720177807607628,1.209823188614798,4.190882858757012,2.6854770579594067,1.2154279154471517,0.5323326083892705
422o030x_1.239_050o0212_-1.239.wav,7.550066765454817,5.697836393955444,3.286619932754756,3.723381846365564,2.932919296583367,3.635943171649872,3.0787084531210303,1.4801040684668345,3.389296853235621,3.742677315488756,1.6482004051688923,2.6543564551112757,4.161206273526432,1.573478512340328,0.2434603868282472
422c0208_0.9755_050o020p_-0.9755.wav,8.075366688481047,7.174376576352544,3.079817059015507,4.031453865527992,3.572097839085102,4.179839304514553,3.5940469050507677,1.14939904201541,5.53715159684199,4.834501568779011,0.9397528394668244,4.833716067975256,3.9405661219060293,1.6672293925124535,0.2740763222959032
444c0215_1.0299_052c010d_-1.0299.wav,5.04062491523276,6.752563060296909,3.035344546698048,2.4956399171762205,3.178986796071986,2.351730899257585,3.269486489782484,1.082345014565928,3.0763523453206676,3.763856301571096,1.6574779776242172,4.124078557399113,3.6516104712459865,0.9167626017592284,0.6359055860407059
443c020b_2.1907_420o030e_-2.1907.wav,7.82970754828045,9.637911871392369,3.53476769698334,3.9799960873769855,4.935166001500745,3.866189997731121,5.061452081333469,1.2993450495161498,2.776023047134517,5.354814391354969,1.0856251275661393,4.7661751743702805,3.4413123944779715,1.4247312546690294,0.817310319982314
22gc0111_1.5882_051o020t_-1.5882.wav,6.015865308723679,5.84146597029274,3.669606228328472,2.8948034453140044,2.8679232995641395,2.770280919448592,2.951554277987794,1.5004951854187922,3.695341981196225,2.8486866513303646,0.9503321276452265,2.296502505945933,2.418101687710031,1.1495230219686985,0.537510336722292
443o030o_0.87962_051a0502_-0.87962.wav,8.367758044051683,9.370757221506054,3.1177881728867,4.381866831147608,4.691268341104709,4.231960329367869,4.696563690400196,1.192565890987224,2.895538347998912,3.449118439640812,1.2613524503164586,3.0475570343516933,6.18162524231843,1.5862075718209132,0.9061336352294302
421o030x_1.0885_050o0209_-1.0885.wav,5.932770252956418,7.322431627779098,3.845117863424574,3.206795518470948,3.462742311544284,3.115372196803146,3.606066336938583,1.4644310446807691,2.0876894996972064,3.0374594735194496,1.6631535403860276,3.229265485115265,4.271727886639418,1.402966445755589,0.9798692749579656
421a010d_2.3751_22go0103_-2.3751.wav,8.318762736100183,8.398371298992522,3.998436062997631,4.21744799528143,4.086520618272695,4.051810365960081,4.124785167829737,1.2534690069885168,3.194976930928571,4.0164214147930375,1.4215403958760398,4.596606993694624,4.86161834897595,1.322593690251479,0.5132829393437923
052o0205_1.2573_445o0307_-1.2573.wav,7.638480198100613,8.067591575652697,3.4821479814792498,3.6263108913699313,3.9984410276811184,3.657723184575327,4.15532718970817,1.7022055798772464,4.120589514066636,3.496062269973433,1.3719545697332212,5.149817336671813,5.178713091111581,1.3684293242891767,0.4700247993248424
443c020n_2.2455_442o0306_-2.2455.wav,9.805030551704965,6.753233755318355,3.7331654945031385,4.656239527905256,3.2615828269354328,4.79157915088459,3.3644574421318527,1.5631604687945528,5.190287174303531,3.973629519367644,0.954784323853451,5.82731688272858,3.203322706698861,1.2917613471780964,0.1661707890863479
445o030q_0.90189_447c020q_-0.90189.wav,5.002782469314961,9.545003841657229,3.2712019070134213,2.650675592215527,4.592582431522226,2.532673396060741,4.685186328322779,1.042157151153199,3.575507838353351,3.89288735052281,1.1229784141390953,1.232913429470023,4.7809034384950415,1.010454335618221,0.4619046398418596
421a0105_1.3435_444o030b_-1.3435.wav,6.449678392545648,9.953112402070747,3.820823508871041,3.176711633330142,5.035733825523169,3.2953518286301198,5.127518922675066,1.1984416496621004,4.000358894365942,6.306809718048088,1.5890063815458215,2.195025086884102,3.7048704927222698,1.6110456856736262,0.4622441736971364
444c020a_1.7351_22ho010i_-1.7351.wav,7.138897398568454,6.9561943887934765,3.4445375223293038,3.4693425373104074,3.338622899939602,3.320832091873776,3.359709568624181,1.6010455389694092,2.4816679629441496,1.9258140997492628,1.4578749423160708,2.543500256784713,2.2053004410703445,1.435232499850617,0.38021329467889
444c020l_0.6052_422c020v_-0.6052.wav,9.560225525308455,6.932635554678878,3.079761330108492,4.930919922800944,3.4553574678044425,4.781434761903745,3.4429402752256517,1.4805271224913807,3.8664377300518473,3.7232083656431363,0.9504452012362036,4.892235885162301,2.097941194992882,1.0107018438631945,0.5680874176899252
050a050j_0.72455_052c0101_-0.72455.wav,8.804744462491326,6.17422561972157,3.850956179741938,4.31432908305281,3.124874689179263,4.323204831130964,3.274611862573358,1.6705057175147482,5.93044068779768,2.410067738240023,1.769910177737494,5.205821421819023,4.192350069179903,1.4139911532509537,0.3398459960774583
447o0308_1.9385_445o030s_-1.9385.wav,8.87333545252896,9.936047061733786,3.7545672826572702,4.5735990401929625,4.892056740722144,4.538251248258569,5.037832368333082,1.4525988205318692,6.281752470234638,5.45602689244756,1.0898960738045338,5.663928103540398,5.820518896084384,1.5570553431289706,0.2734184689355869
052c010d_1.5157_443o0313_-1.5157.wav,7.585259820559054,8.187814961219665,3.755059795031871,3.5668282084652185,3.856649391424503,3.657827732336319,3.9758932032355694,1.7378626280206464,2.298268144635205,3.0613319835134334,1.6871595325546171,4.737594096930663,3.9035854803441623,1.744916264766462,0.5545769246024393
447o0303_0.63491_446o0313_-0.63491.wav,6.59049294512958,5.622567560238603,3.862210613987353,3.418297490225905,2.8761413795595425,3.2692174002423613,2.859554433773824,1.6003930535402564,1.703170214165493,3.244030543973489,1.5116806884574894,1.714897532521225,3.6773441222274976,1.6649117307654668,0.3300430811499535
051o020y_1.0317_22ho010t_-1.0317.wav,9.017240787317892,8.87337782273491,3.5161601640993845,4.321437088508578,4.545920713372654,4.385852678036043,4.410456209439598,1.3509900050274988,3.277868921183073,5.390680009136107,1.4272409964442287,4.518477126870242,5.082111169265803,1.0348856796429036,0.4575211655817323
420c020i_0.29372_442c0214_-0.29372.wav,7.013864910829373,6.465210113932864,3.25605474375715,3.4794617342188587,3.456842036706198,3.588090890212716,3.32607619075221,1.6778937465494996,4.370798138306444,1.621564416119374,1.2636547950504444,2.3624844909121316,4.299960782415748,1.6971271097352227,0.4950218198208334
051o020d_0.59081_053c0114_-0.59081.wav,8.915430184198955,8.404162056653218,3.1423193104585736,4.558662602576368,4.2429255312693765,4.391600838723695,4.274395629115332,1.6349052688519805,4.046355216671784,3.5705364118768905,1.16887894456239,3.7372148621499406,3.8222284562415823,1.276009274417453,0.856020774712298
440c020d_0.78777_447c0205_-0.78777.wav,5.379448940713566,7.699923730107843,3.773090792406768,2.551552718005329,3.6591426768978814,2.463495804797137,3.804559251043489,0.9658464159211008,3.289202927709086,2.074373749646981,1.0787574894377354,2.2099236296466027,2.8663903757410902,1.0115354827698042,0.861327369705741
052c010m_0.87479_22ga010m_-0.87479.wav,8.661502952961838,7.513583484072821,3.113295867867625,4.2407978337789,3.5749530859558325,4.079637189364239,3.629057121774348,1.3561311039322248,3.9902774226649775,1.9958567197238128,1.400864362086898,3.1578301452684303,4.440808072655402,1.01895732823175,0.8218487107183355
22ho0109_0.84568_421o030r_-0.84568.wav,7.285575809460635,5.7941955314037,3.486333614288881,3.8466361871543024,2.9389019221824526,3.740016194586556,2.8333927890002792,0.905206646307791,2.5853150319773235,2.914415601233128,1.6995813858327975,5.193535445949585,3.845349013768796,1.1863210785804434,0.3879445047911635
445o0308_0.10304_422o0303_-0.10304.wav,6.504541019935413,8.415617145521729,3.033314735892609,3.3663635664795803,4.138772913037549,3.375684061329432,3.969028610111784,1.393810209305149,4.955814971956095,3.9931068179654607,1.4792164443651457,2.796298491831424,4.796118185434589,1.297747160131584,0.7176075578383225
053o0211_1.6486_444c0215_-1.6486.wav,8.879779919990565,5.370475944917211,3.216370984678641,4.581171507939602,2.4039844061976128,4.608971166260253,2.5716960008989185,1.7176753921593235,4.725892608989424,1.0965360599508656,1.6720987481128524,4.867258973276832,1.5364059742072587,1.461010018039662,0.675483260893349
440c020b_0.36449_447o030q_-0.36449.wav,7.601891625605608,8.073394910832612,3.9477682584668727,4.057456827737675,4.0705052731001095,3.942595180803389,3.945178491989513,1.587977226808878,3.6204868780638346,4.56780262599652,1.3115702635640127,3.6606121166313637,3.4705051014646324,1.2505550559483367,0.1745560729741786
446c020u_1.2468_442o0302_-1.2468.wav,5.829650653062133,5.265862619702627,3.327837784339009,2.691192801202942,2.5816399832124146,2.79406623957977,2.6908052509330997,1.795830197507808,2.0431269179219798,1.0258952373338681,1.0260700550154989,2.6213603975291058,3.604635099563093,1.6228599189491857,0.4992643166600057
445o030c_2.1823_447o0310_-2.1823.wav,6.597059193553355,7.74246492588059,3.684758524970768,3.2176456718634867,3.955452048466503,3.0707289690139428,4.040982641962741,1.14112705311351,2.836424347604028,3.3749105796778394,1.7665355794286135,4.492547851434061,5.1147497746389465,1.0644348817862486,0.8003925144405427
22hc0109_0.77308_22gc0110_-0.77308.wav,8.712390526347125,8.845348172355475,3.24546587007869,4.601305488108288,4.536731898033764,4.433177816911236,4.511570694210104,1.0835147118930526,3.6920869657166,4.011260430376542,1.058462906280908,3.9128019042478157,3.2860658794923294,0.9678540840337708,0.2693650782114702
420c020x_1.9752_050c010f_-1.9752.wav,6.777011105792557,9.186719050871204,3.1833029657603658,3.635002448606218,4.581287598891129,3.5187630580981386,4.486480404573871,1.3119188733896925,4.868456657832313,5.010288381515037,1.0287621597435743,2.3317716606595265,5.456920307082852,0.9610742056482428,0.2134389034495172
423c0216_0.54572_052a0513_-0.54572.wav,9.343595987148444,6.76154834183632,3.449492589008309,4.702884948028204,3.405272707969305,4.715499220736985,3.574804062367329,1.7355101752016848,3.503542296111965,3.692783033837861,0.9311245924578566,5.127335888787562,2.612303113428483,1.3353196648425611,0.4087408646386146
422o0304_0.82888_444c020i_-0.82888.wav,5.499921076120642,6.616678638595574,3.6047294683178186,2.6369222041759937,3.4072808231540983,2.798686784254895,3.4595514710542044,1.225600840539602,4.104866184868674,2.878268083860189,1.2259027238152604,3.3273768705285507,3.9759543676867026,1.6797236651111722,0.1531649303126296
421o0310_2.2765_050c010a_-2.2765.wav,5.690814875649341,6.528308489753138,3.183674234517153,2.643946153781782,3.3615322547558946,2.7709483738209824,3.4413472665338465,1.7273588077604836,3.1388388115705417,4.1803433185969086,1.744723172184883,1.7361839148558345,3.210997162053457,1.291315901641895,0.5693486477354528
423c020o_0.94621_421a010f_-0.94621.wav,9.225506483480302,9.28938411046592,3.7109667950341407,4.672122414101772,4.713165352998377,4.737315773829788,4.870167983063524,1.2351951391297369,4.552503549507561,6.448208196750159,1.5048403177149252,5.567666360144624,4.382229992265434,1.0976771651232111,0.2881888700940596
053o020g_0.95419_051c010m_-0.95419.wav,6.393001774626338,7.303062074803742,3.950048296584194,3.3011118565390483,3.793027474156724,3.3926683527710333,3.6742107750032686,1.5584300492307115,3.933556532130829,5.023886350280382,1.2771697564595172,4.516084817315983,5.337602311530359,1.3474401576764798,0.4776176447367633
420o030k_1.791_446o0315_-1.791.wav,6.629827391624128,7.6389387693732225,3.852126113336815,3.2862059953967906,3.961810955742826,3.126301211800347,3.956291881275635,1.164210830006599,3.412274360859816,2.714359034814045,1.400751900453712,3.27625454041453,3.20013981511603,1.2660079205750736,0.758864509531405
440c0211_0.29333_052a050n_-0.29333.wav,9.754122026690114,8.47738894363002,3.479453395649047,4.814564443650545,4.264779293786469,4.840863327618601,4.117102725902343,1.050034191070615,4.167273560348343,4.411175898775336,1.041016785466165,6.1831488558612335,5.109739020977487,1.7444994276838457,0.6887509910824441
423c020k_2.1641_421c020o_-2.1641.wav,7.864891658030233,8.414739716701334,3.0634708218368947,3.6841165523496975,4.299337579600022,3.822196664364409,4.380170015329777,1.2063243830200585,3.588230351101174,5.580329916349852,1.703739694944579,2.1739207697333076,5.663890370947719,1.7650176374034636,0.6171458543756324
441o0304_0.344_053c0107_-0.344.wav,8.338229274001213,5.308370990141003,3.793267723222564,4.231270269916517,2.936098564054347,4.2369659763482845,2.766194005762808,1.630770985108828,3.4034603455259806,3.9416350408737366,1.577022722447415,4.92950710322789,2.5320909390398625,1.4250445743913276,0.4356723226252553
442o030o_0.88054_447o0304_-0.88054.wav,7.559693475470927,8.299822985035195,3.1523877584821984,4.005003594968342,4.02094638309943,3.869706931738065,4.085713758519104,1.7444765060405705,2.2355762442618974,4.112505320820746,1.747309370897261,4.059676737125583,5.235130122855981,1.1119450950509042,0.6838133658735397
443o030t_0.34411_423o030a_-0.34411.wav,7.410684191894557,5.870719634924477,3.534257593504019,3.716755652699248,2.968800045774524,3.5694840574817026,2.9972794636421614,1.1178476053406987,4.38818835381349,3.7109601877988148,1.2097623814211953,3.048419349756364,1.7691002253894874,1.698227772941932,0.57191930660428
441o0314_1.7799_443o0310_-1.7799.wav,8.569329452219753,6.6840648752918135,3.13133857378163,4.448029541849934,3.29717687251443,4.327943230008206,3.207292070082365,1.252626005830498,6.043639561972445,3.992354870971179,1.2399260512124932,5.859562398569983,2.891445552725731,1.1203468176821492,0.5826600299000351
445c0204_1.3352_22hc010t_-1.3352.wav,7.828655816878856,8.353447321858074,3.6506987299557223,3.873764429572686,4.335506881460438,4.040532167156541,4.302514129208429,1.0132307406047316,4.796062201652106,5.232966528517133,1.3987553598589917,4.813449457574446,5.39562897496404,1.1176196466038677,0.296818953716227
441c0203_1.4084_447o030b_-1.4084.wav,5.420952113245508,5.160420613606865,3.1907308041618423,2.749733033591254,2.71382720731216,2.6326997738347035,2.807652662870637,1.5073679269218734,3.400775601562883,2.74470165967116,0.9595954719835424,2.468052089495113,1.5280287699214194,1.1502474621056682,0.863368901473804
444o030g_1.0793_440o0303_-1.0793.wav,8.153815898967288,6.69343599668067,3.960675951244944,4.223840817369704,3.3144023403719496,4.273597204087198,3.476957875438644,1.7292542081144449,3.314238707345462,3.2850020030290334,1.511945330861289,4.367974942982701,4.310541915193953,1.122639411719654,0.7409258586341032
422c0215_0.86279_445c0209_-0.86279.wav,6.582104549582728,9.719285265264624,3.859378151068827,3.022740156796476,4.896170331282252,3.168397288726477,4.932003275871362,0.985830731454353,2.9407448794157034,3.9917442323284793,1.206171347491357,2.2299219767890848,5.77605100819708,1.0335643629802964,0.4935018286257617
22go010x_0.78493_420c020b_-0.78493.wav,9.544468999439994,5.328464185574978,3.8203941888611377,4.703580333162879,2.7016091190797478,4.565099445848798,2.759254967574716,1.153280676313322,5.259362927352637,1.2910947696050734,1.47046701754137,6.07557107919189,2.233505938068167,1.090978796535544,0.3779668924543599
441c0211_0.80667_422c0205_-0.80667.wav,5.636875572886892,6.512357129925087,3.220681108126333,2.770166261397061,3.23399645664522,2.9172248814828703,3.1487101021771235,1.2009298544728784,2.664095788123417,4.170575210570566,1.4742101803094707,2.0580321377609767,4.404466626762403,1.5148135039201396,0.7029405954951305
22ho010s_2.4769_441o0301_-2.4769.wav,5.72465184811818,9.433612949944983,3.735789118422805,2.6501687447275897,4.711393943310448,2.8199120438390617,4.7207327016194185,0.931836155676173,3.6477406317502763,5.76754043935989,0.9496875418789914,1.5434040942341563,5.2979021591280056,1.4017027839204892,0.4341797409840811
422c020b_1.5462_420c020o_-1.5462.wav,6.663379964896487,5.481165908606372,3.899023475092018,3.2526218158258624,2.6737583966302805,3.179894431267827,2.520100570486125,1.304758618355567,3.1563560115162645,3.763228046117806,0.9518342420999945,5.1232303195989735,2.3817112999036585,0.941111751028608,0.8302811175784379
446c0211_2.2807_444o030w_-2.2807.wav,8.223876160150088,9.914057878992674,3.566600614716277,4.169827148031468,4.886183803799313,4.042236856799336,4.807312277991199,1.580272480052742,5.280491335460954,5.007797322355642,1.6112100094020336,3.1163475192327574,5.5893034018805094,1.1449474582704768,0.5978963535963784
441c020s_1.4292_052o020y_-1.4292.wav,5.379535084129875,7.553398253126972,3.906651486223344,2.583015546466907,4.01039876283217,2.4901906766868622,3.8925703131677634,1.044965377230677,0.6649700934426638,3.579249768268269,0.945776126614318,2.937390615217573,5.060530976141142,1.4108240845213589,0.2363248121542128
440c0205_0.63556_444o030l_-0.63556.wav,7.525058614792391,8.674433014375392,3.6416770726651664,3.689644845109593,4.207272162837297,3.531976597232574,4.270838849170557,1.667679814378248,2.400900648409484,4.98956133100962,1.478155390108304,2.9687773260527424,5.220178514880556,1.0237970620171335,0.7136881019015624
440c020v_0.15008_053o0213_-0.15008.wav,5.112762690835452,5.762708952628177,3.3281722156079767,2.468720477374309,2.8785547116988908,2.3241790193158014,2.9186516804411853,1.1932356454913156,2.472032085280687,4.669185189882001,1.5043133794985,1.4965643929619354,3.204038926241884,0.92774456074026,0.7150135699814864
423c0203_1.0111_441o0306_-1.0111.wav,5.732745567875359,9.980710191893488,3.492460602108473,2.6526769910954813,5.074535837169712,2.7614607668073003,4.943898590789207,1.259574510438492,3.387103228882504,5.032444489350853,1.0569716751443246,2.328624830652148,4.156249663194253,1.2777013626629812,0.7497118358658119
423o030i_1.0332_440c0201_-1.0332.wav,7.460829823053058,9.090430921260747,3.233263525009437,3.703431444877314,4.437782982137345,3.543215041186359,4.494622264225852,1.6860506196410574,4.5989071849627585,4.00026857017595,0.9656923180908312,1.8927758058525546,4.659375953172913,1.0138760403702958,0.173368560156078
445c020r_0.35358_051o020g_-0.35358.wav,8.592106504486605,9.9161386382642,3.484195354420363,4.079245995551063,4.746796293399354,4.152443361426161,4.900230792873714,1.2425733535133725,3.467380927355305,4.044909475709366,1.1604088462404132,4.767846630724072,3.1537104401699327,1.1948012097360878,0.8571074308461242
423c020l_0.97849_22gc010o_-0.97849.wav,7.450112129062051,8.751396421260779,3.782273282061775,3.707926609326252,4.496332644673753,3.615783778001042,4.353470128122442,1.4960167427067037,2.7971058342495048,4.576156932193608,1.0657168191510218,3.529678344226335,2.6991908742165154,1.3190509365403076,0.7083646331771905
441o030y_1.3829_051a050x_-1.3829.wav,9.944085861288666,7.012100832279718,3.4951558415948027,4.914510546948055,3.471507557082849,4.888106103553799,3.6394444659773497,1.352626694514068,4.5164616724387106,4.460757488406713,1.751041987377234,4.478126462489957,2.2996487271318786,1.4970943969088957,0.6454080413749298
447o030x_0.70879_420o0307_-0.70879.wav,6.507295847791321,8.465605660462694,3.420721777313881,3.4777302973993915,4.185170801108601,3.407961430121188,4.052384110665935,1.6685109179142774,2.453747114116943,3.8880555844196225,1.5668611839495283,3.143093546808728,3.180564127918074,1.3820718331194957,0.8801134749011146
441c020y_1.0339_440c0203_-1.0339.wav,8.767396350752133,5.35420489119761,3.47566012706774,4.248187574506711,2.465578670544227,4.212655823619799,2.6318239552259604,1.6944110068843634,5.959787822672887,2.907818813527922,0.9530138448070016,2.9277998331768775,1.8218807236249663,1.192308656055264,0.2499997467127162
420a010n_2.4734_444o030v_-2.4734.wav,7.192660960008018,9.929544793427649,3.183534083718929,3.615047429129007,4.997621723735775,3.736725138592407,5.085340222467459,1.7146114532295236,2.47340604353337,4.712495774523062,0.9390493131474176,3.413500401409609,3.319324357077969,1.7611602108130398,0.5208781377901655
447o030z_2.1498_443c0212_-2.1498.wav,5.979586636069911,7.770441592475718,3.180467366818351,2.8435568253249803,3.9564524397868985,2.8094036136345704,4.102512557995909,1.1012785303159511,2.6083959958677734,3.0046551275422275,1.247874997212424,2.8595127614772395,5.089352835282235,1.192302934891025,0.3694642583684214
445c020x_1.514_446c020k_-1.514.wav,5.508308184043191,9.150000441304725,3.471217326587655,2.748710059676352,4.744393790750266,2.909056867952067,4.68792343502453,0.9055035091789376,2.24679283724039,4.352295429914467,1.2244827671206406,3.3428141962631366,5.322307461665366,1.7150514120958398,0.4918691577288205
22ho0110_1.3474_421a010l_-1.3474.wav,9.12325934007221,5.1451847371718005,3.102021087854032,4.494316393432494,2.364023882170041,4.597871777066506,2.472542463622311,0.9985791530397888,5.451847870603982,2.969463802138328,1.6509430890622616,3.8743443319831044,3.218939243567841,1.2306172375944056,0.4715526509415665
446c020v_2.1838_050c0112_-2.1838.wav,5.340653291801432,9.509482368907378,3.3318322860991865,2.545463293919932,4.723219572440248,2.50760745111796,4.557488057133857,1.253900150049453,3.7681890865252465,4.360472807398864,1.4478863989212074,3.767508150493435,3.3661357875798057,1.551250133110862,0.4981934480092143
053o020r_0.68538_422c020p_-0.68538.wav,7.252081338824187,8.771741135156145,3.409186567191089,3.825857835780256,4.499911683890591,3.6775634112866906,4.416792710941436,1.5433542585707525,3.110652231174009,4.304717879952154,1.1598289809989448,2.763052359476642,4.598516787581404,1.3205198506164049,0.8653622008989839
053o0202_1.1658_422o030l_-1.1658.wav,8.326762585408268,8.28184803678181,3.1549607822523944,4.232526318403313,4.3332738792699725,4.243445744946971,4.163624929600493,1.5253659827949608,5.969940214167872,4.625422792432183,1.443791002055653,5.327474605904077,3.434209487432354,1.018880354269548,0.9372969708071068
440o030h_2.1946_051c010f_-2.1946.wav,8.032623598559328,6.528901132108041,3.98730091460781,4.27129414749742,3.3813447286613108,4.123322348771017,3.3567612630457213,1.602221971329202,4.509329345396799,2.3711394861088264,1.2310091670071408,4.5309306217691665,2.4598313809090415,1.315724025730564,0.5936136746739467
053a050x_2.3552_447c020k_-2.3552.wav,6.354020065745408,5.326230679971938,3.4952602261631163,3.0873754239286804,2.8094324113463385,2.996271577756878,2.690268284140604,0.9045900345706632,2.9318644059149195,1.3490395886153161,1.6546229704161766,3.8275232889776327,2.1464421573219457,1.5742958686469484,0.2151645601683382
051o0208_1.2047_447o030z_-1.2047.wav,7.660744927380321,8.130707342708355,3.3707574825421447,3.750226759508021,3.90992917937525,3.5802274682611417,3.9094382867613193,1.2886119312874331,5.115243552476744,4.9740158570545905,1.191228138469456,3.5320973012450354,2.370158595080891,1.7946505815424292,0.9326922144128132
447o0309_2.0967_443o0305_-2.0967.wav,7.647394742694711,8.502061514395127,3.834977437441802,3.706034337705828,4.139696257329429,3.65004248038814,3.979181734889509,1.2672029196470302,4.556140601858792,5.773791086573547,1.3110538403840108,4.579170779293994,5.866274738825276,1.5599280424487891,0.5984899699585713
22ho010p_2.3181_422o030n_-2.3181.wav,7.516445106836733,8.411182745726148,3.943066553388878,3.857678387564268,3.9651144203680646,3.877659753368639,4.133936057075544,1.1062180038347873,3.1170100187887724,4.965876801161349,1.50654886585661,2.3438602528603467,3.0626185115766034,1.521810018835872,0.8109902320020852
051c010n_2.1656_050o020i_-2.1656.wav,9.244285272748922,8.638451319954708,3.734865301281012,4.635902292441022,4.419661083531943,4.487033217440597,4.438045819279776,1.3312893886881918,5.517023357997527,3.855314504310683,0.9854938902735184,4.4907925991984445,3.1565885817142116,1.1344481065291216,0.5745655729626296
050a0505_1.5097_440o030d_-1.5097.wav,5.078507220423472,5.102193502567758,3.7245014574208746,2.53311549862576,2.6600505086037427,2.5706546349186525,2.504516546889963,1.301565125522162,1.6496848653460952,1.3526385586875118,0.9922368540650977,1.6090534387278244,2.063058645715539,0.9564619194765788,0.9268954047790308
052o020x_0.81524_442c020d_-0.81524.wav,6.45985614187509,8.556041358216504,3.935958275736153,3.2710405685667228,4.218057028037897,3.126909289347469,4.308202323814335,1.6103463948486818,2.661078274877793,3.08029641089753,1.212602046881799,3.896399803676534,2.4821085819203694,1.2535994190442108,0.9279463458705828
421o030s_1.6639_053a050k_-1.6639.wav,5.269894844237274,6.344444244282638,3.4719731697934417,2.703240114559448,3.2988139728331616,2.5833277325343063,3.178310775211454,1.3338842885809292,2.6828787674486,4.034359552966524,1.4812679387717298,4.144321796288661,2.5124838315576983,1.6530664482992117,0.4177839852340038
423c0206_0.63481_444c0203_-0.63481.wav,6.687973825163443,5.702185124198029,3.1809037840546317,3.345991705156472,2.914984623865445,3.327360569672233,3.0638230624173466,1.329081066779073,3.7176701497386957,1.336680289950555,1.7355068003312328,3.5282855253770387,4.580878729164223,1.7430920141180843,0.4854408443269479
446o030i_1.3338_442c0203_-1.3338.wav,8.334604697458623,6.243474355694804,3.2673836774348715,4.393083414420215,3.0142732412989326,4.248101942276596,2.946594790259708,1.094147285000468,5.260693847760676,2.943007950885384,1.3125345417321277,4.061912466034312,4.240356889224143,1.0665419502148834,0.4711788969951062
447c020t_1.2106_422a0112_-1.2106.wav,6.324587444743062,9.88830452191987,3.645337465465312,3.3106881793042207,4.817400672522723,3.3339981845496225,4.9857949825675085,1.605125292698634,2.405050306484741,3.4968500050716687,1.554042946654694,2.1461703761914346,6.20640827655861,1.4258148900514669,0.4562243076900473
440o030i_1.6439_445c0203_-1.6439.wav,5.6733474763387175,7.490609238100054,3.236567084180157,3.05170883668646,3.618947745021874,2.9953088229246934,3.4799548011445944,1.7696169818171437,2.981982271050891,2.9540715231864643,1.7443898767459634,2.589534005654836,2.8706744704636242,1.5630079647602022,0.2626939092655401
051o020q_2.2883_443c020i_-2.2883.wav,7.0395749668904966,8.575191858495716,3.267786819868818,3.2789648981139723,4.404378445616074,3.3693041296174653,4.524123271188448,1.6869596618901332,4.186176784599171,2.9555471953570867,1.7870208651238113,3.3583288643826044,5.484265685857689,0.9234808790360974,0.5815620616923725
445o0303_2.4578_441c0216_-2.4578.wav,7.571046785951341,7.329819363275585,3.482322075852585,3.757349283286495,3.5248571258284582,3.881595985886723,3.440816915851505,1.5400012255381748,2.1801051359421955,2.727476386237856,1.3537424142859502,4.281069195918538,2.649404431824478,1.0694113117265267,0.8231363138615568
050o0210_0.73403_420o0308_-0.73403.wav,6.181531799107341,5.722209258102047,3.52201676341813,3.1411098080822017,2.753977572418125,3.2944748349492623,2.8273203875677075,1.3017759632901085,2.7145829095143053,2.049000917977402,1.5824941176087917,2.553998650921718,2.33913479559679,1.129130056655769,0.4116327203936928
051c010b_2.2181_22ha0113_-2.2181.wav,5.982710104754474,7.813010267049898,3.801086373982449,3.116759687024097,4.018255417617286,2.9733054888829265,3.97442742387272,1.2129756624695174,4.261800198779995,3.0397974269432435,1.7187802336039706,3.6086274314547615,3.5764087393620763,1.5989149124790976,0.5478421165835627
22ga010t_1.2091_444c020e_-1.2091.wav,8.154442667553502,7.966820374690871,3.343049340677748,3.9770981349090224,4.035125199321528,3.90003898902216,3.906432200152237,1.069366112134042,4.941020904754544,4.4599963011768535,1.4702163752928477,5.689671342224538,3.1410406814270595,0.9889692551155854,0.5323026006811276
445c020i_1.134_444o030s_-1.134.wav,9.030140185013009,5.116179250297398,3.879383842769829,4.6167474174558,2.4649193760026726,4.776583870268148,2.407020253795455,1.37129456695112,5.500247493277076,3.176703483158714,1.1711361179295876,2.969537008840097,1.4480335307179264,1.3566015386899042,0.5155031392706662
423a010q_1.6435_422o030a_-1.6435.wav,5.369589698699938,6.064146973076642,3.5525687083378026,2.5345687670499006,3.1190668429934054,2.435682370783827,2.980786401015847,1.103125156493117,0.49256035175738355,3.2879370197428552,1.540380702359331,1.48814424454012,1.348300734773523,1.2396159817889356,0.8627842666181338
445c020d_0.78414_444o030m_-0.78414.wav,5.964794139154244,6.696647798174872,3.603221027938633,2.8405836477379016,3.1916927384556613,2.985237620195613,3.2809968719109697,1.4040371930906284,3.4290659241053505,3.905284888836849,1.6966442838655382,4.955826820965394,3.526725012386206,1.7635473464906637,0.1212583170294099
22hc010v_2.0527_447o0302_-2.0527.wav,7.739416113733172,9.685599216833152,3.6389734744760087,3.711789081978907,4.654451552329423,3.859096050624637,4.716906792208924,1.069716297273799,2.4971903833193463,3.4114468954033543,1.6353108582391904,2.7121140838883604,5.358275860899233,1.6885103496519187,0.4787020699316237
22ga010m_1.4547_052a050o_-1.4547.wav,8.74990642304665,6.974575343118882,3.532558107257465,4.428557074540974,3.6191759194675,4.45497752774159,3.4715210527929665,1.410604915720318,4.500500941810655,1.9414239894712233,1.0225407268175657,4.484373554800785,5.191427779038799,0.9801107680328628,0.2881654726739332
447o030b_1.628_22ha010e_-1.628.wav,7.841764538966865,6.338796212155712,3.421458245168624,3.8455937627948,3.3836469691054005,4.008045749423998,3.333553536000581,1.718347865391611,4.225196075412887,2.8092351970024265,1.6456349073616758,3.5525010807438697,2.6693180447938545,1.79704505497782,0.6522012166975087
051o0204_0.31973_22go010c_-0.31973.wav,8.962798987081747,8.7854901613398,3.13851970705677,4.610949090939301,4.448950567349205,4.443534524703353,4.419414775299056,0.942701452351978,4.8255670940445565,5.224764759159791,0.97778464373041,3.2290911897937042,4.142456527368979,1.749009090862113,0.2957471056709682
22ga010d_2.2995_446o0314_-2.2995.wav,7.391337714896919,5.915316646663265,3.3283763607688392,3.846086618485735,2.957472901586783,3.937611307253926,3.0763141038101107,0.9767982000338352,3.3179613198373157,4.3849738978697115,1.1631604798657946,3.1061827089421983,3.586933246026024,1.723797003488014,0.4860912875476796
445c0206_0.35718_442o030b_-0.35718.wav,6.689612423126222,5.5102283946980695,3.522989543717819,3.3541159933613005,2.7675860797886145,3.460677985960868,2.635130269296172,1.3444956955448937,5.020455805300415,2.5443197922899348,1.6537203620587024,1.8840610283622714,3.5772103203843812,1.694457372747546,0.4004197566752132
050o0212_0.03441_446o030t_-0.03441.wav,9.426178165077747,8.445074655187465,3.4614495746962746,4.8885816729665015,4.048182283062538,4.862964111363966,4.195978563589282,0.92575335355566,5.659434910172263,4.561890449939336,1.441761545850226,3.5081279768139453,5.522957646326723,1.6205299623343796,0.4271526076019396
422a010v_2.1792_421o0313_-2.1792.wav,6.329396041539667,5.3680562402139245,3.8231315826829433,3.2890245963458877,2.474886674212079,3.386243664508631,2.614344383879088,1.1266463952279513,3.6600294861577285,1.4615486023915214,1.5479646394668798,3.3702057520230295,1.3114195944874354,1.3251996816671745,0.7326290598158698
446o030t_0.73358_445c0206_-0.73358.wav,9.771122175067342,5.30072666057694,3.461851453954769,4.878584906978398,2.69031572287292,4.757243710221951,2.7784991338395715,0.9825283678894544,5.441617653273841,4.083155216958774,1.3519478308462318,6.442121753872795,2.4592406274551775,1.519917583207905,0.4661551725828331
442o030x_2.1186_053a050n_-2.1186.wav,9.687132113158874,5.944340670405653,3.2609128025761005,4.61321766129418,2.826162414983378,4.755642192549852,2.873228888152736,1.5607394893892603,5.124508006832156,3.952133986766671,1.424677901505286,5.52500337761878,2.4359144529779644,1.5957550246439114,0.2833144404726563
050a0501_1.7783_442o030z_-1.7783.wav,6.868857177318533,9.715856948514968,3.773430038713319,3.4860809200940417,4.706342936969966,3.443135244550797,4.8604716784562125,1.245651374151988,4.267234432875599,4.716710341218127,1.5217910321522012,4.778930693672335,4.6511604133180855,1.43601248516069,0.9336402970483816
440o030s_0.43818_050o020h_-0.43818.wav,7.023165235965572,8.975235817179945,3.939823340346748,3.402753808384764,4.519151823932308,3.4458241118150674,4.3546983382215405,1.560991921453019,2.6847602912468362,4.064210846383929,1.2327444134831052,4.206393368897122,6.187002359282492,1.027537216507016,0.7766509519726459
22go0114_0.2207_446o0316_-0.2207.wav,5.823284570612881,9.336105756120965,3.793887192649336,2.9142836502408054,4.64757583802592,2.744446026152577,4.655004259396945,1.3923255769339078,1.9625176436591365,5.696762669482482,1.0821886121208206,2.4807629720391984,5.984429565933004,1.1365250032486798,0.4998337041216467
446c020u_1.6897_22ha0104_-1.6897.wav,9.263867005902412,8.486866878132211,3.218170531114656,4.676628104403741,3.975927147663283,4.6557110365097385,4.134553993659532,1.799441699607348,3.9318540745020463,4.243415588514696,1.7549225945268578,2.7690127709052264,3.6944427139078995,1.5250661421439418,0.5297302182789747
422a010y_1.7024_447c020f_-1.7024.wav,7.73612168383176,7.595291232602715,3.0878471651231107,3.815787175442041,4.024545022069078,3.771017243277982,3.881381992015836,1.3228026745927075,4.482745734121828,4.270830104830205,1.1470766984638494,4.699913271005857,5.29126718564074,1.0389651495842378,0.4620363438938946
423a0101_1.9736_052c010y_-1.9736.wav,6.636751310170004,5.406882932049047,3.770109760290751,3.1013007539280206,2.4283440040798774,3.140335892337852,2.5938017266839477,1.1314614315276124,3.5826750536378187,0.6504672453446871,1.2714942774767284,2.6141804887040525,1.5090375603791324,1.7540233906086755,0.834186317848133
445c0206_0.77253_421a010c_-0.77253.wav,8.399007300348922,7.219746516549588,3.519543845458997,4.093871486085941,3.403911594198706,4.213735690142702,3.494092371451063,1.350776410308196,3.500459277217174,2.936090479999945,1.5045245456005112,5.335661215043285,3.1380730244199575,1.4851960898513537,0.4172923916470074
051a0506_0.35956_423a010l_-0.35956.wav,8.926063118873369,6.877917692501775,3.6679910361798713,4.474418458692238,3.378599060838804,4.59608772732215,3.2598700034389307,1.2034793959544272,6.513406626487373,3.419070559734996,0.9504698901924914,3.6779059405355548,2.5248978183802895,1.4288435662665,0.5842221959401135
446o030v_2.2923_422o030f_-2.2923.wav,7.920005826746857,9.470024398571397,3.0618792118150764,4.038630332203139,4.66958558713597,3.9418277416703273,4.809332710419909,0.9914146734981594,2.141506694030045,4.527271291480556,1.0278820777977302,4.285614829604642,2.8629705225964255,1.1049658476604067,0.1769123462127661
422a010r_0.88757_447c020h_-0.88757.wav,5.9676906768016025,5.586987951336492,3.315975943618226,2.9105758264397337,2.9709630647124627,2.814788338078744,2.830518210504509,1.467816623192045,2.7885445558095676,3.570086216957885,1.5296555253948587,2.151856943056857,2.333763248483023,1.6180442137384268,0.6132869140498665
421a0108_1.3094_423c020f_-1.3094.wav,7.535241115787145,7.144465912935464,3.921000332587631,3.747162284953349,3.726103080272787,3.5989403604753782,3.74913047925849,1.0507404325918133,3.829094114554683,5.117071513062012,1.5311263983751262,4.50295266171626,3.2942879428357354,1.4424463863235335,0.506615330172084
446o030l_2.3838_421c0203_-2.3838.wav,7.821417077219317,6.63703868979638,3.3673241736467547,4.112610880717729,3.4593940412206723,3.9723610257841946,3.3633212657266616,1.440531874237974,4.597837867397142,4.3626518783992845,1.4906289507095614,3.972175879336564,4.267424206917715,0.900874718516496,0.9991503644575364
053c010p_1.0692_446o030j_-1.0692.wav,5.401700113876192,7.299264277957041,3.103931964625077,2.542282899098787,3.73757027777549,2.6480344603279264,3.870674024145002,1.693923202902481,3.0717949922444263,2.8880690361574564,1.2389158829652065,1.7118714684903125,3.1359317413677226,1.1532453994059986,0.7920953884996212
440o030f_0.44838_445c020a_-0.44838.wav,7.68476551769308,8.511129721635013,3.539337839531801,4.084476630190059,4.357207568371335,3.965346522252704,4.448355894646884,1.3131451197974426,3.3266570093982253,5.336000376038389,1.5516334530126046,3.0106187643541715,4.876190582956014,1.0383554982100325,0.2509719752020893
442c020s_0.5317_22ho010x_-0.5317.wav,5.526541550421641,5.500415163472577,3.9853737466532135,2.6970562742125725,2.598244161188905,2.818561386563207,2.5102867415322336,1.2481941354839892,1.1660860812195186,2.694306273870055,1.014531870154417,3.6814126254052395,1.896250585403587,1.4152249871351676,0.3484967866941925
053o020v_2.4685_051a050h_-2.4685.wav,8.846724537570202,6.747047066230049,3.448865285661238,4.452077128362425,3.355517573714232,4.591880684738901,3.258796502460397,1.0047802709362528,5.498531201990484,4.641655869031509,1.403317251085709,4.80156287935077,4.163276822866156,1.0337433587317912,0.5933900586214719
441o0307_2.4043_444o0314_-2.4043.wav,5.839206501768894,7.549909922733309,3.874258409818462,2.950729036131849,3.794514835254708,2.8169836654797105,3.726601833339596,1.163170601615497,4.244103060154931,3.141018739070603,1.2573451413843326,3.579601013825002,2.807970023777912,1.4535649353578637,0.4120918832211293
051o0203_0.33641_422o030n_-0.33641.wav,7.163020519232802,8.62091393523686,3.25565678407861,3.390556956910576,4.410209182668678,3.503691725354667,4.508700421716127,1.6869585402272822,4.410168811167579,5.6103357822287485,1.2582579949257262,2.0807766443141356,4.349035659736142,1.7530199702526903,0.232355125419928
22gc0107_0.9228_446c0204_-0.9228.wav,6.661111587196352,5.750373424986791,3.1466912452156874,3.383045710412334,2.944412533287992,3.243321721309812,2.9989763204483246,0.9178560521194148,4.644212557837737,2.0591476466329586,1.3749083530472637,2.1277819970868768,4.449941151249347,1.05766328375478,0.4486941232434983
050o0204_1.7517_420o0309_-1.7517.wav,5.069171586104378,6.9280623862511845,3.605875973390937,2.604738476497793,3.354807507141767,2.742142621800593,3.454907960954958,1.7996849085876172,2.3139039455353507,2.926272288642863,1.1240235487277814,1.9017956408276853,3.305010777290721,1.5950023095244514,0.7570875823303063
051o020t_0.32723_442c020u_-0.32723.wav,9.361562357490794,9.976633747297251,3.2597503024816783,4.804087907158826,5.145411693878415,4.700777124572389,5.010404722942178,1.3072411946170632,4.56882088288256,5.879356250263464,1.1685477075207855,6.503642181946948,5.298183972436677,1.3651165878634894,0.2229194754943084
053o020v_0.86845_445c020x_-0.86845.wav,8.07614648944013,8.948949180535362,3.5466225662708446,4.182411077622678,4.520189981910513,4.293028203463491,4.649278523116608,1.490723592869442,3.7921976907252284,3.311495939410155,1.0539165077470762,5.314148557757203,6.1348631323588245,1.583391374551418,0.808864714492814
444o0308_2.4306_053a050m_-2.4306.wav,6.5496884552117285,9.56362512197532,3.2400964149944227,3.544890837512872,4.961619968930554,3.382761872638438,4.91049073317698,1.7841270371368134,4.078385669155459,6.309653525946566,1.0758176005777726,2.9866318442315545,6.691978173649867,1.446430092031031,0.2309142381812067
444c0204_2.4203_446c0202_-2.4203.wav,7.686143977706343,8.349852692501427,3.9023071297681327,4.042784708360174,4.05747533943565,3.8992919715173526,4.101176992417623,1.158230675824056,4.214646389810945,5.232742631557184,1.1559587748107658,4.6343276848683015,3.1140524041437887,1.7803364136371225,0.73094943211157
22gc0112_1.3541_050o020u_-1.3541.wav,6.7343746224318455,7.50419101401031,3.784312400530253,3.328953701039464,3.624867759323259,3.195076166760807,3.692519853270653,1.1279985581971066,3.67451301200002,2.320388890757559,1.6384931657201822,3.3665438659397626,4.7110692694468215,1.6153179749082724,0.4890210274720688
052c010n_0.7985_445c020b_-0.7985.wav,7.0168927468369,6.742075075574032,3.180584553050536,3.603097254522606,3.301661622348399,3.4697012353396457,3.3702582845568414,0.9151567010874044,3.366444006128529,4.2153937003741335,1.657244259767641,3.894290496279384,4.936493537164485,1.678552079516796,0.2738491163232669
051o0205_0.46189_447o030m_-0.46189.wav,7.336918997325492,6.489358910841833,3.1639198863099063,3.5997775108058496,3.4257717285562355,3.454842488341728,3.387121511696241,1.194526042891651,1.7769190071937773,3.2017130554491766,1.320597160762389,2.8095873505627242,3.767785785802882,1.6737848240500262,0.4113225200000123
423c0209_1.0887_051a050t_-1.0887.wav,7.950424325613294,9.306668019991855,3.901401425512651,3.822056400516504,4.7419555180655415,3.768305333576425,4.903234229626625,1.279826242105953,2.4053574271102174,4.719219209705737,1.5469313555199389,4.874093577041388,3.936140768712763,1.7941808951952216,0.4524283535186081
052c010e_0.33353_441c020m_-0.33353.wav,5.4413243879893205,6.165104296594405,3.832897709089521,2.457736180057661,3.0182638803215727,2.6032987930447016,2.9820488875646336,1.0410789512092968,1.2780017511972874,4.19701267413569,0.9836053881834824,1.5728365083822844,4.197944326985718,1.646173023683231,0.3765302164897781
052c010w_1.7292_443c020q_-1.7292.wav,7.9261664719403,7.782219465071307,3.1703127808173583,3.990537170737232,3.796455655104472,3.918333802881916,3.927934450620517,1.307470755743772,4.6375987443814815,3.839596782030083,1.2325984782188992,3.9946422573364235,4.614655798963687,1.4815529856062493,0.5780315002329688
446c020m_0.7527_421o030y_-0.7527.wav,5.420029049847677,5.645401271096909,3.203255235175173,2.6349810208204203,2.670997723723491,2.5108291756162964,2.5868174449617096,1.642517713600143,1.4223216082295895,3.636913226183047,0.9889033825519468,1.6612436549036873,2.333891164999712,1.1701573690546034,0.4118119120086705
447c020o_1.0818_050o0201_-1.0818.wav,9.824228746886424,7.133426160593636,3.710482068825057,4.917137097121427,3.4316572965166365,5.039709307495749,3.3138606359359875,1.0249482662268232,4.657523632168066,4.2326212185840015,1.630635383023198,3.480136262891216,4.561327690460718,1.3173208380193957,0.9755095073567236
421c0210_2.2181_423o0311_-2.2181.wav,5.089453549455956,5.018191235184695,3.996518092438039,2.57637828318331,2.5527941171850363,2.73476260290429,2.6145550050229103,1.7600046055066365,2.2261465289579254,0.752851653458602,1.5533035685602283,1.732214763018671,3.490442528124797,1.552288504982013,0.4604349054696097
423c020b_0.17485_443c020o_-0.17485.wav,8.205485005167741,9.641518578871226,3.316448966995197,4.255079390017065,4.856161509384076,4.339917760373502,4.732458433774517,1.678996339315098,4.186866943181894,5.798126882903521,1.4794202065154187,4.448037744934282,6.366319649024225,0.9142810584568384,0.5096758153333216
22gc010f_1.2138_050a050e_-1.2138.wav,7.02030313933431,9.770426043322082,3.3766361288618647,3.460579475319552,4.760884884428843,3.4783729860726558,4.929951116938706,1.6604029183997744,2.8022733319651056,4.188209446606635,1.2922497977851204,2.7515249761467477,4.420459861965928,1.416835388418591,0.5153203298844414
053o0213_1.9852_22gc010m_-1.9852.wav,9.204649330990236,5.056957161352538,3.787086376606707,4.568609038469476,2.7134987522922454,4.646794975310459,2.585487193125513,1.2527423961725552,5.0746125877703765,3.2389861925980123,1.5693716348830629,5.254881924280004,0.9385728274712315,1.4827262477547052,0.6970400829642789
444o030u_0.065688_050o0212_-0.065688.wav,5.859463514809229,5.845922192294907,3.166515473809084,2.6689016244314856,2.7514642126737217,2.831081035775654,2.700495216842345,1.1823822933957648,2.938286189478601,0.8892496543815421,1.335686893673467,1.0917300614296825,1.9260621420105126,1.4341298541923422,0.8392368354426278
445o030i_1.0015_440c020f_-1.0015.wav,5.439215001235834,9.005237231962571,3.0075031947806687,2.95666452509832,4.400922134707356,2.799635537725873,4.335792286520951,1.466099662058444,3.669132520923575,3.877428991994362,1.2500800553331315,0.9717790608160065,4.236574767000381,1.1764926489706602,0.6679193298963371
422o030l_0.68548_423o030p_-0.68548.wav,5.81482119619405,7.519281653427658,3.858355359721564,2.917387396181974,3.4905687247778925,2.965740199068829,3.6535472707678016,1.4302443601102963,3.667927791624152,3.7116078720680394,1.3522582128431253,4.045020251281425,3.446152385031547,1.4748564192750822,0.7323161141502867
050c0103_0.29983_443c0211_-0.29983.wav,5.825973781297616,7.125099242138652,3.132124149248974,2.823075926038251,3.569819395082206,2.655657071776988,3.599330871457441,0.9598566715247642,3.0343375699464348,4.724788642988601,1.363963676744115,0.924318530030666,3.5901978218144026,1.547649251766384,0.7132252788440885
22gc0109_1.7275_423a010x_-1.7275.wav,8.263158187794417,8.172597457096371,3.832604872767134,4.06152346701749,4.158935499858301,4.035289613467527,4.011247365846393,1.1675612137208355,3.231991138397395,4.104479860854398,0.9474588184377014,3.262031949455439,3.828508704050428,1.0855058189073974,0.2778454280660339
445o030n_2.3916_440c0208_-2.3916.wav,5.682661548433078,5.283091250890991,3.431528751453521,2.8434138211001305,2.722802568656347,2.945826051515858,2.8324006300501323,1.4917601190367438,3.385718361286294,1.3209653717237393,1.1898665087306255,4.320670634106027,3.88190377516789,1.0811208494432316,0.4139170148619813
421o0313_0.30209_051c0106_-0.30209.wav,9.25601802476831,5.516408750742327,3.950756939544081,4.615001698840372,2.496739154552194,4.663164056613226,2.6387968445719867,1.1224108166665512,5.164953856067589,2.95644519195144,1.3692793049348908,3.8520315051914436,3.1761613799926205,1.3118132093266652,0.3170590607445686
440o0309_2.315_446c0206_-2.315.wav,5.30866427600495,6.555631159230591,3.348698818610259,2.508124109606766,3.047594951175937,2.6262382118939493,3.169861295035941,1.165461077486694,1.6860512845512183,4.827996965409926,1.1718542585569804,2.2377371874810517,1.4545529393513912,1.0980846245871132,0.4130762807916854
050c010i_0.15396_442c020z_-0.15396.wav,7.372396002999849,7.545414346233617,3.7379199344354266,3.839534809527891,3.790910653983565,3.7549298217117433,3.667047842629109,1.6456597091976373,2.941262386662752,3.4599757218446436,1.4003103166445166,3.8669313008736736,4.87650607492242,1.3887678890472783,0.2116858039259621
050c010v_1.7237_052o020c_-1.7237.wav,9.68101927618664,5.950900890426562,3.91677883252224,4.737318210355148,3.011349277103342,4.8820928280167335,2.9721024927644706,1.5386787610940398,5.456648567576771,2.908074089161616,1.0718891813627924,4.067425740510776,1.886576340276752,1.5175493731353022,0.34853179985421
447c0211_2.1065_421o030j_-2.1065.wav,9.36600477907268,5.170443536320724,3.543136814504977,4.784597421533355,2.3975025445892992,4.838761910601463,2.537381807255324,1.064506326898306,3.887850998428431,0.913110092490128,1.1581238071197386,5.207348478943285,3.4114947384290617,1.3817577211282366,0.4355628618400516
052c010c_1.2986_053a050q_-1.2986.wav,6.1939430786234535,7.303293363371786,3.943816705028355,3.051119214710716,3.5598790989236853,2.930190446684406,3.471130954922591,1.357648739714631,2.4924249348983034,2.0913741667543815,1.390942212769663,2.3225932522891215,2.3372684036335794,1.4800700136643248,0.4800858351795652
050c010s_0.47937_445o0309_-0.47937.wav,8.23054831465973,8.509047849014859,3.4442667387262493,4.331094640115159,4.323370746024509,4.185661779182398,4.286638158844837,1.051354904979151,3.1496140681713447,4.105954954262369,1.6142878974158263,5.5433187656860285,4.518447929196193,1.0862571538530892,0.307731437641467
446c0210_0.91848_053o020k_-0.91848.wav,8.10048323144434,5.5722221124386735,3.4879056542527307,4.224250245626351,2.653258927561496,4.134569892778188,2.797679958969768,1.1838630167068915,2.928474769816017,1.511207060458859,1.4072209702218927,4.6702993243930155,1.411062990454559,1.2116787718651942,0.4939838636265539
445c020n_0.45143_053a050p_-0.45143.wav,7.404716901415103,9.76150540139891,3.4030485549172718,3.742017871165581,4.9527281538222505,3.654942295948735,5.074866780802643,1.4006313721286427,5.013976819422531,5.797494080699114,1.7388708339519727,2.708730205835964,4.666890768709525,1.7178163835913771,0.2405712653537332
22go010w_0.26447_443o030i_-0.26447.wav,5.1053538466287565,7.797837195529465,3.571349362495761,2.589268694654367,3.883298567014482,2.5913460496678016,4.03328418164518,1.1078699418468645,2.4624711938072044,5.169772247402757,1.3034735412985563,1.781249454332963,2.4021629560674733,1.0726770541954211,0.2356194363139777
441o0311_1.5974_442c020t_-1.5974.wav,6.1612391072825545,5.588139385559329,3.616527597677091,3.163823342006936,2.674502931205474,3.278008010392253,2.77177503155154,1.3165888891220174,3.185658411407027,3.5153893412120767,1.0082973148407035,4.4950632862295015,2.101689629596103,1.2781180840471678,0.5724148703942139
053o020z_0.067372_441o030f_-0.067372.wav,5.645214205003061,9.497236772555464,3.987653933642711,2.997607426211041,4.525444966040645,2.9897837206654643,4.695264840117668,0.9711498826176996,4.54851734808111,4.695052759310347,1.368150453492438,3.8079039963102623,3.1659002570711854,1.0514811155267978,0.6959592583973566
446c020v_1.1638_420c0201_-1.1638.wav,9.583197930240305,8.967437091408506,3.912834629744821,4.916797560967999,4.683063203969036,4.89671543467455,4.514253523548943,1.3327421389293423,5.397923343347682,2.671949995548661,1.0961690703915037,6.77016433720825,4.406810578605452,1.4455134159561505,0.493117425294662
444o030p_0.2908_423o0309_-0.2908.wav,5.21082342173388,8.759269731192964,3.04331164861706,2.6853670192909664,4.457772933403804,2.5579163755221144,4.536869920722571,1.1616636785394272,2.5583740219897133,6.563745976172246,1.4942535073335153,3.3998552559777053,3.6107455824567483,1.5470069979761822,0.4793752479632083
052c010f_1.5993_22ho010p_-1.5993.wav,9.15353972602256,9.686143068725093,3.2843466002769484,4.456589878855669,4.851420745616808,4.487763670957473,4.684303437458754,1.6672402191849305,3.917814363377146,3.599700850079523,1.503616337320553,6.2357669946736065,5.3429046198215016,0.936548532029286,0.4488645801125861
446o030k_1.5544_445c020x_-1.5544.wav,9.522815209450371,6.091383711696215,3.350550791593274,4.940351303568115,2.8707160014012625,4.790634736915426,2.861499186890216,1.5272677215484742,4.227615344562343,3.8084800176704214,1.341525000500766,6.112581887137062,3.7081642243254294,1.0182632975903103,0.3420278402531408
441c020m_1.4075_423c0216_-1.4075.wav,8.629169662257059,9.38481201780417,3.182386017635304,4.338759500411504,4.8061735919022,4.508758305954366,4.806810862645425,1.1576993448783846,4.240640963492361,3.0767755370131304,1.761319154424119,4.331602494314575,6.144595339686065,0.9568125941947576,0.4351508974166101
420c020c_1.8267_440c020i_-1.8267.wav,8.567718902478854,5.569000983650953,3.3224106129631634,4.201585850878138,2.8524739604910736,4.091640831033801,2.736232433438869,1.381744739304676,5.081763994309679,3.0441943110672764,1.1303622629409007,4.124481413890189,1.8007878887440445,1.4077279501644873,0.5898582439613127
22hc010m_0.14381_443o030l_-0.14381.wav,8.654836857864236,8.684090255381891,3.722845715178948,4.320901838535413,4.326669155081201,4.284984316057336,4.18103285610654,1.7246910561231057,3.6933623513413423,2.6268645887762774,1.633743426208336,5.092543471799879,5.585639618265382,0.978105931693564,0.4722160042673178
441c020x_1.6064_442o0308_-1.6064.wav,7.601185100657588,5.907564163283503,3.874346522631247,3.9022724751446,3.063176235882774,3.914235722622202,2.893597697412278,1.0426045365505618,5.365047397536879,3.1435391640905483,1.3905718078583191,3.3475563137210607,1.8240098973985475,1.7296546899618006,0.6378282284240444
442o030i_1.5101_050c010c_-1.5101.wav,6.922332435467615,5.349773391968328,3.569392382324444,3.4756194728599623,2.630282851266061,3.622546951387452,2.544770769935093,1.4369365614286034,2.2722505374022557,2.693663663367337,1.3539673699179096,2.8654046502753836,2.8248395396348047,1.7349876278487164,0.795810944531207
447c0214_2.4929_22go0115_-2.4929.wav,8.832264490389218,5.534517280894662,3.0893984291975696,4.479487172495006,2.5990972258868346,4.594935234302428,2.6948664538512994,1.2822817831569997,6.116546222506834,3.6966510152074403,1.2377974159577196,4.298438280364536,0.6528291839813363,1.4036038901174297,0.6117837670447003
053o020u_0.33899_22go0108_-0.33899.wav,7.768730399172401,9.092769629517353,3.7679544502371383,3.918367339313745,4.482012109701909,4.071234430931221,4.434771742425456,0.9645220899266216,4.47406548179116,3.8999082452112113,0.9931509004812188,5.173665404140192,3.3139035532718126,1.4420877014898452,0.7987384574864692
422c020s_1.9334_446o031a_-1.9334.wav,7.898182601259281,7.538908122504996,3.3122245638289325,3.8876910881553215,3.811059334829739,3.7476750879908014,3.714646059302304,1.5075193444725008,4.881052098232532,3.055246103527273,1.302650874697423,3.019182591634189,4.653159093069991,1.5862538479074808,0.9262701288496736
447c0204_0.72006_051c010e_-0.72006.wav,7.811810280559429,6.530410672488056,3.630173916335074,3.8379883769925343,3.4150619449917508,3.7018535438293823,3.3520753813480586,1.6870270761321444,4.577405300374265,4.752918281320878,1.6530329685678402,3.5137405634873375,4.341408176944258,1.6909366542530218,0.2439058337467879
444c0204_2.1261_053a050w_-2.1261.wav,7.522136607685868,8.013739995080945,3.0785613746071605,3.884553721865791,4.194242020666931,3.92967086183636,4.040734875292926,1.3871662279421302,4.883233391611497,4.6856025165835895,1.4330977972562242,3.5444461579485917,5.665595702442741,0.9314685168271494,0.4318452481891371
423c0208_1.1034_447c020k_-1.1034.wav,6.153334170955585,6.688028869981167,3.786480266020754,3.155741171204878,3.443005484190806,3.0060036890900608,3.5234957721137263,1.1012898814636087,4.21886455938752,2.7807809721986714,1.6520135332914911,2.755447503982089,2.726387529523556,1.5710457535342812,0.53652910287644
447c020l_0.54551_050c010s_-0.54551.wav,9.898374395713883,5.072672567392187,3.6830356616477937,4.855153882756669,2.416422375012837,4.9988055100248125,2.373245876970335,1.36592372022109,4.075914810827177,2.1978954900512595,1.1092814147214145,5.641189633924388,3.8175347755820006,1.434780160825461,0.5114387516724341
051o020t_1.9682_420c020l_-1.9682.wav,8.360923075544257,7.83303011397189,3.6680289764251977,4.048020501958163,4.1968522688121634,3.992687483952917,4.03610943967683,1.7714252641400607,4.616543851167611,4.886833279241244,1.4116051997429246,3.459792873403429,3.413147943179343,1.26773234799765,0.1511819688046043
423c020o_0.83625_441c020e_-0.83625.wav,7.195404955573014,9.81444918190386,3.3365074340605947,3.766770465841986,4.806977063026906,3.64013378881668,4.920392899804616,1.1178368240901235,4.804687153359486,4.662069368575009,1.2921938611309325,3.675734074578871,6.662421399100777,0.9272706352438164,0.9550127545204544
421a010j_0.21817_420c020d_-0.21817.wav,9.351771058466586,9.865849208606985,3.20733981334073,4.677925858221668,4.768456279933733,4.532917481562839,4.730082191035481,1.477902731713892,3.98408303927848,4.235053837017921,1.7000084839444791,5.9192637383554585,4.428427358468095,1.5556994181238446,0.4497503517184373
053o020b_1.6731_22gc010q_-1.6731.wav,9.971557943339208,9.260216833839085,3.2956232939275507,5.0838995855481794,4.640404622883162,5.221120862556356,4.722686584066917,1.1244416299677824,4.471032846250177,4.240994575657406,1.4874632068697462,4.393336349880901,5.514459926387231,1.1247268028644213,0.9211577201440764
447c0203_1.5593_423o030v_-1.5593.wav,9.492237944564046,7.693775955446235,3.672572854330764,4.5833366362523975,3.890822511230245,4.630802669630764,4.033114379147297,1.1991406143371486,4.325897769930364,3.212107578475854,1.7992885959638265,4.596137213947358,5.005853123289853,1.5548620286962356,0.427364200643835
442o030k_0.78731_420c020t_-0.78731.wav,9.571924038489474,8.679202398575203,3.628001587240443,4.879933043976157,4.241776486270905,4.743541422270026,4.304205049672377,1.4989253225221764,5.80893546407444,4.168773360782388,1.6111675696550931,4.100391053502388,4.219373716951246,1.3242219194492404,0.3139376096863205
442o030m_2.0645_447c0202_-2.0645.wav,5.073166463250924,5.041649987942053,3.658511259233856,2.6561978765899865,2.678672913531861,2.486983438580032,2.694996943946414,1.7504538289624534,3.1960318479564522,4.219553514130358,1.7673074872661927,2.919236966510083,1.060329614043156,1.0342498674014555,0.4481004113809467
422c020d_1.0729_050c010o_-1.0729.wav,7.525138918537237,9.13389754521524,3.193694786817576,3.995464797814704,4.434964890786078,3.8622690624542617,4.329329214607093,1.0755997884283215,4.378068878712861,5.665672006705713,1.4065801781150142,5.6343880523056376,4.279619344283378,1.7643347420913735,0.8786534587035616
441o030y_1.3338_420c020z_-1.3338.wav,9.139284606643349,8.302716702799929,3.628910515209679,4.548086495373377,4.090728112260484,4.378405102774031,4.101131237057716,1.3876489517137984,3.3364779475909025,2.6042800294357398,1.5865043591390204,4.448928692109022,2.965841232814288,1.305663067298933,0.6591875013762911
423a010n_1.2546_441o030k_-1.2546.wav,9.071543376305488,7.406423635395501,3.4095116000519456,4.4373498984878905,3.5610208842654467,4.55911344365525,3.648620194013163,1.642011118019871,4.465589063978839,1.9167678203577267,1.578107416550165,4.907501251976837,2.0115844173486765,1.705248164113312,0.4184240668003742
443o0312_1.3878_440o030b_-1.3878.wav,6.727206495379919,9.798782272310962,3.906197532381865,3.2367198520219325,5.17138482669928,3.17628411713561,5.012490138466004,1.1025523633289982,3.912538579137946,6.651776544161547,1.1978560580842228,4.260366392584931,5.660800250342442,1.2019915473731697,0.4557410831146244
22ho010a_0.099093_444c020w_-0.099093.wav,7.8075235977123025,5.40889474046882,3.95572276666982,3.905881466645366,2.463886165949784,3.9980160036633023,2.5822551952120474,1.2745189692647412,3.341389349739691,4.276411535097801,1.005010708017528,5.026690366852986,2.9922965050731642,1.060004296620274,0.5868790171424605
422o0304_0.84096_420o030k_-0.84096.wav,9.81860511948486,8.368559064033766,3.409214582112392,5.06977544964239,4.292009957784218,4.925247208238036,4.332154539443081,1.1128923385001583,4.31368063559008,2.72070090762717,1.622845938826739,5.397684405681493,3.593285064695259,1.7974343866345155,0.7102401871442925
443c020m_0.82352_423c020e_-0.82352.wav,8.76706032670862,8.881504820932086,3.549192478015848,4.249714092072964,4.613386614701699,4.133945420036746,4.518005198403917,1.76448335257802,3.4961552220475896,5.247824475184987,1.003987835480745,4.539956246597485,3.0512034189465456,1.4339604182767505,0.4162253543337535
443o030m_1.1753_050o0202_-1.1753.wav,6.568987284298125,8.514689849777753,3.826825007237564,3.1902473635025266,4.341752964481137,3.2729503841111662,4.193226164265799,1.633310478892632,4.367190145418432,3.9518362885949445,0.9986254623182502,1.6364088923485423,5.281176683484676,1.700868939119839,0.910347312637986
423a010a_1.8651_22hc0107_-1.8651.wav,9.235596507067095,5.4737096569884445,3.8217173002712297,4.537193172707842,2.668328238649077,4.7054512636298655,2.644054490704515,1.2353450608751977,6.350664218102005,3.4304445607764262,1.147521524975211,5.1897289831168765,0.9926499594884786,1.5395025158515554,0.2938343487542318
440c0201_2.437_423o030s_-2.437.wav,7.857117029075619,9.688019889818804,3.3269782124788043,3.787190921378018,4.742397204621525,3.912026440028213,4.842477638690013,1.1410387906074049,2.9769260472562507,5.377485036253938,0.9490734902609388,3.856913439843916,6.519750806507101,1.4110048063796812,0.5906216428864882
22go010n_0.50584_421a0108_-0.50584.wav,5.153543254974991,6.867030061839541,3.440546440322728,2.724423999879404,3.4892195682818,2.712783493528712,3.339671921654046,0.9285925556904072,3.4481269065418436,3.624009973170513,1.0601428702734632,2.9375616858053686,1.846065483063074,0.9414522434373964,0.3372240807009834
22gc010n_0.9052_051c010u_-0.9052.wav,6.683104915325751,6.166171192009309,3.4850997855998296,3.370676982493208,3.0793276305521635,3.263425216396169,2.947429720526773,1.1078055432447032,4.003011666810108,2.9604173358313965,1.1710644757975983,2.2944648531027405,2.053615370599607,1.6839265815488993,0.2165753077472111
444o0306_0.51043_447o030d_-0.51043.wav,7.32042257806839,8.645711296519769,3.089552044776372,3.428790545554379,4.3774385007558845,3.5848124446667464,4.412895051594482,1.6450984933430075,1.698268257986159,3.683790803944531,1.7338515028546486,3.0269535420900255,5.361532412179858,1.241592218249964,0.923863849527248
444c020j_0.70232_447c020k_-0.70232.wav,5.756864151700744,7.729112001382178,3.07499348294646,2.8434284323478893,3.860317178876676,2.982149696402528,3.958584217598128,1.6035338751837287,4.274566427338579,3.7197506552796016,1.5718849714701704,1.4834402252960905,4.435000918497634,0.918929685796002,0.4270483903458482
422a010g_1.7804_423a010p_-1.7804.wav,6.902324282748591,5.673931446616908,3.903366193656428,3.3403968076930144,2.782407051714969,3.4866333500098725,2.7490173273793315,1.0114689223823976,2.4437628212210196,3.184601491459179,1.0036376297301632,4.250266479534817,4.272994217293637,1.4600799778666789,0.4819231581052914
22ho010c_0.56638_22ga010n_-0.56638.wav,8.83128137836819,5.204258217031557,3.909727631473,4.465734155376813,2.852313413223267,4.42579389504189,2.6973786669447817,1.0238709646700286,3.103929505645452,1.7953018607592037,1.4879253150903398,4.722335345281702,1.6336562415795048,1.0571151421659637,0.4933230020474427
052c0109_0.69354_441c020h_-0.69354.wav,8.267233518254375,9.524187416426344,3.9348683185930566,4.202682487842504,4.798879575930921,4.034729833245814,4.8251836785372655,1.286098504232741,2.9874022920570904,3.6051494170316687,1.7957430211709218,4.1061121060395545,6.149422537040315,1.5105758264811175,0.4272881964453441
053c0115_1.9287_444c020z_-1.9287.wav,9.177725378559618,6.6692291116801385,3.9206696942541006,4.432439120394988,3.2957079304817056,4.353680976165227,3.168047620606301,1.660198669576732,5.198319055674654,4.818260132676623,1.2794802446055502,3.5562193882060917,2.0126426823456125,1.4222532765235654,0.3334910549410609
421a010n_1.9573_423o030a_-1.9573.wav,6.734871620469471,5.445217010571212,3.461674232507968,3.178642986742929,2.7909750973928507,3.281666112173874,2.926201705819002,1.0704067608160033,2.5498069188720835,3.3640464782787416,1.630022959398715,2.177296566176386,4.108853300612328,1.0111829847251093,0.4290527604624058
446c020h_1.1592_421c020u_-1.1592.wav,9.62625374365598,9.468510019671646,3.891197726719561,4.7345173617909335,4.830589397569733,4.840223846475153,4.724165062496851,0.9975325519526536,4.435698619672859,5.831440096909177,1.668370333035015,5.8671904912153,4.505895086527089,1.0043826750690252,0.551195561382587
441o030m_1.3193_443c0210_-1.3193.wav,8.847759103462483,7.923504225106699,3.981916598131662,4.205496730191834,4.069128077997215,4.33747063469553,4.140422457369292,1.3503071272079428,4.932609765107289,3.011182052386912,1.083965607524611,4.676263556221171,5.548753885638531,1.245595803485772,0.3945934248965697
422o030o_2.0309_443c020z_-2.0309.wav,5.257139581038452,7.402840133306305,3.7277557288109913,2.524797569305652,3.646828154395981,2.587118626932602,3.7832689319379535,1.1817476686516235,1.1740312538145574,4.296568643943193,0.97785701551679,3.144794605140015,1.9196141916074776,1.2509271821148924,0.500744951933479
444c020n_0.50765_443c020m_-0.50765.wav,9.939337518653907,6.283181684060901,3.583074586321596,5.20564072587212,3.1507605244762207,5.06061144619856,3.112465511258198,1.4909812456794318,5.269349958827181,2.261806596618987,1.696484074696754,4.26978993770722,1.9342580752327296,1.3929281262923954,0.5417019144210873
052o020s_0.79894_444o0309_-0.79894.wav,5.739323365924793,6.454142900458216,3.1043992811523697,2.81438543496822,3.1473609739445814,2.837515841221402,3.295566858802649,1.704476394187354,3.868579950892734,3.0202494069621872,1.420594673202939,2.1350000510243907,3.842937797955643,1.1665222751673816,0.6465123680052005
446c020w_1.4526_053a0510_-1.4526.wav,5.436360246925162,8.837176262927972,3.925351386327241,2.9020464192183804,4.340211755350184,2.9234703663018973,4.171567115674437,0.9413352785610868,3.1364061021894374,3.4327490443802726,1.736832439518559,1.927257484696021,5.73045841419259,0.928587453698324,0.4425160206635681
22ho010v_1.4658_421c020o_-1.4658.wav,9.718486219074997,9.35969192160103,3.7256127930411296,5.026989861835051,4.873771265823732,4.950151462262848,4.744946344511192,1.5975742965482589,6.48692323329282,4.814203377393297,1.732202581762234,5.986418764763058,5.145817175341425,1.6127671404537451,0.5739714820808215
053a050w_2.2548_446c0205_-2.2548.wav,8.729838428779356,6.277188161801565,3.0630480097882407,4.212918072506085,3.215432588981326,4.382911275679595,3.2169527451606648,1.3288218283773678,3.2736411362358164,2.1793084361029216,1.352644214847435,4.393746956169474,2.268315547004556,1.173897675943937,0.4640096537920468
445c0203_1.1095_441c020s_-1.1095.wav,9.698989656488266,6.517094469435271,3.4568723181556664,4.809614260300057,3.1797854641373093,4.902029356653911,3.297935580370464,1.0465489686021514,3.4911604282303434,2.5935020500715424,1.6948966871294997,3.551449287551556,3.6351395847556653,1.7638980924983112,0.2914444826558336
446o030i_1.881_22hc010a_-1.881.wav,7.159588456266187,5.697489721201158,3.1908175638305654,3.762399379360172,2.9535472698318896,3.703290492158797,3.102228605088926,1.0240802935633653,2.5380302873849496,2.9467463431371828,1.6605498010305606,3.1197202895474416,3.4956442473755533,1.4562751166107484,0.4125472051903358
051c010m_1.8675_22ga0103_-1.8675.wav,7.478593159170409,9.015553342313506,3.0800562647243157,3.527279579588426,4.783826805491647,3.5528363691363505,4.625881085359688,1.5372933693064814,3.810952551741851,4.108207835898078,1.336323436915893,4.83922443746418,4.270707623647933,1.5321374612999,0.7805772715548482
052o020b_1.6495_446c020w_-1.6495.wav,6.807405873117594,5.765731537450794,3.28966557566511,3.5301629238018126,2.883034836259623,3.571629678153988,3.047899957748361,1.762075505493539,2.3206019897616827,4.032383141491744,0.9555899621931196,3.18108768463707,2.322364152735415,1.322411280642812,0.4070561342213917
446o030e_2.4711_440c020q_-2.4711.wav,8.53554411846348,9.501745063465396,3.032177924910658,4.36952615493165,4.776450722527751,4.292990405166565,4.928247557171614,1.3267132950814111,5.369339538513592,6.422314472495143,1.1792567411868151,3.0656849265136006,5.2015027928911355,0.9842963494563584,0.626392855315977
446c020e_2.245_423o030f_-2.245.wav,8.281886662703776,7.830454633582027,3.4201176538834117,3.877040513110456,4.125175838627887,4.018014494786592,4.07392804364726,1.7002777861262477,4.207958518140356,5.766103072373666,1.1687015791045503,2.9653754925254963,4.035440776795023,1.608708698907558,0.3423922356358745
051c0101_1.9809_444o030u_-1.9809.wav,9.41247488989932,7.0074362627533935,3.296724303953982,4.686068978505655,3.690895539395101,4.72857778745344,3.526296021893254,1.2110250853933455,4.6118668639816605,1.7112969187780436,1.7532011243374,2.8561703490575012,3.637052734872496,1.0833530132466958,0.2423125748551752
444c0207_2.3552_445c0204_-2.3552.wav,7.300307386341181,8.381933887103497,3.133361270863112,3.5576497461636207,4.156474863827167,3.4890028919120994,4.0231046670013,1.3818628025477833,3.024484282035196,5.629459493201759,1.507000276772223,2.603549913609718,2.948187668027862,1.0096137304956585,0.4353904424063123
052o0211_0.19512_051o0206_-0.19512.wav,9.643034839353422,5.1762604754516985,3.605492606245509,4.813970935115796,2.656420763495853,4.662292006519923,2.733189914982685,1.5774000559840369,3.4131811829093754,2.018153093499616,1.0258903939759896,5.438251059441287,0.8272890273342746,1.282130885870856,0.8045376162388116
440o0312_1.0402_421o0301_-1.0402.wav,9.087738323488068,7.22049806613557,3.413821418898527,4.355039447362034,3.360148193882282,4.457250823235332,3.469933596564458,1.0410798600071896,3.682685016164194,3.5697880142966114,1.2961682937026344,4.1510102546165575,2.563422185777374,1.3223705746503107,0.5571936572303844
423c020p_0.56994_445o030d_-0.56994.wav,9.96846938406058,9.599336592238728,3.819031930358398,4.797526771683516,4.902381199666993,4.945700205721196,4.925718582671119,1.5535602020501424,4.500652444681214,4.089850429352338,1.004984165792477,3.5983395412936376,6.118675734668755,1.4157968421682905,0.9089183988660824
444c020i_2.2791_051c010l_-2.2791.wav,5.722458306923701,9.933667689201007,3.373543333348773,2.6337458370315474,4.907568640231074,2.758736819447436,5.022795608926388,1.127013028586879,3.2931944884978455,4.287781121276432,1.7794110770702845,1.7680927692103199,5.359225964183744,1.6477627265308443,0.4943188235346231
446o0317_1.6107_443o030w_-1.6107.wav,8.389470072208583,9.825514252369723,3.0735622227798234,4.40447779275761,4.8802069337124685,4.254836449390953,4.89057362823978,1.239718861842679,4.241574455617969,3.7441791906663493,1.1774357203004029,3.8708228941131724,6.267905517178954,1.6581994541205205,0.2950574518283534
420o030g_0.96729_445o030w_-0.96729.wav,5.555326321860672,6.044711916286628,3.8229633653595902,2.7432798296644454,2.918266030990577,2.7846750042890034,2.7533829223414426,1.2373569118138046,2.6283280579244086,3.5481792684154216,1.6978126685801265,3.978129637848684,3.2029734323484003,1.378825719808472,0.7460892717485048
050a050z_0.68476_052o0207_-0.68476.wav,6.868680279949605,9.435964294177657,3.4117983970635297,3.2051314019960904,4.934604418041975,3.2787631034782656,4.781377878118763,1.03908321245151,2.977975322287822,4.016501252650771,1.0316684903016884,4.421236468808369,6.167071660451984,1.746590620892447,0.5387111548880366
053a0513_1.8113_444o030q_-1.8113.wav,9.610069668541382,9.668492273046631,3.080463495497944,4.688134696994946,4.85309329826924,4.540027318172714,4.876846284153292,1.2440448094688414,3.8303491709305137,4.010863080403807,1.2357114681627936,5.322624453823093,3.971601148639553,1.3770923394674817,0.5803248691931575
444c0206_1.8905_443c020s_-1.8905.wav,8.705960723560695,9.233049602915354,3.030177681792277,4.128985317923816,4.742884491645987,4.278495239038654,4.754999915214103,1.0606842452886556,3.412573169421759,4.362114722855952,1.3671688112970166,3.678960217907803,3.2555555754129495,1.1344405301731093,0.9485292343696312
423o030g_0.19909_444o030b_-0.19909.wav,6.622530778317464,7.85240531944162,3.615665316507034,3.457967009422938,3.959900690068296,3.558462208161464,4.097016389499485,1.4722904573381408,4.2430613585259565,3.4409054495770195,0.9503694909948108,3.8252628619334916,3.1730951448428275,1.626182462220048,0.913652393302652
052a050a_0.0072167_22ha010a_-0.0072167.wav,8.790559249755114,9.447264912424204,3.959291429326321,4.479146986674587,4.503083921530389,4.378597935742773,4.614393796908595,1.2127803417826484,4.287383201389912,3.7470567104159453,1.544499674197851,3.3874924659398733,5.3373006320436955,1.463473206078295,0.6560971484652098
446o030b_1.1005_22go010x_-1.1005.wav,7.103324250969806,8.75611193020906,3.832100351309565,3.75182066230611,4.545831911957996,3.6758942260070144,4.393729393008047,1.6344248193699715,2.4897322782808846,3.4045588219786778,1.3968119795036482,2.725843611435342,5.972471042941824,1.457867174761351,0.9495265279104744
050c010m_0.62964_052a050v_-0.62964.wav,9.182177104768597,6.860328046793417,3.07006427680878,4.7610174797762985,3.4911321209200024,4.641089054450721,3.581227474845316,1.0246128163592714,4.579743928035533,2.704602062584222,1.2353906657874485,5.166843323672486,2.9804947706648375,1.1652286226311537,0.2987717479785219
052o020a_0.18385_440o030b_-0.18385.wav,8.574027886971418,5.0962246407886935,3.099296181669932,4.337991635983255,2.4596846736594733,4.1683673478156775,2.448388618434638,1.7347056154352605,4.467978124966594,3.8918166533048075,1.5880055396714732,4.889481883227392,2.1001033827028626,1.6795077672771628,0.8402115844271296
051o0213_1.3876_443o0312_-1.3876.wav,7.623565280776099,9.68148709942214,3.696136477093165,3.960884517306452,4.73308276580404,3.79567993313636,4.773175724901456,1.4628491474415335,3.4053161124087343,3.9872066554360455,0.9127898379544128,4.62813349062327,4.356551579428955,1.300061635437518,0.9595197061379052
442o030d_1.5949_445c020v_-1.5949.wav,9.005009216465869,5.791297574784675,3.0802891759233963,4.368451949777458,2.8287548701051115,4.487515811157956,2.9500965237660277,1.2950120284820266,2.883963887937878,3.32139355070551,1.4263403933028438,3.8108052543988635,2.62235108824551,1.5377435389527063,0.9995871768414832
420o030c_0.82222_440o030z_-0.82222.wav,6.152466940598976,6.747607189102122,3.045847625909985,3.1684337889292267,3.2132860726583963,3.059886021609956,3.3168108629745388,0.9476339537192146,4.801015251852837,2.8423982144155886,1.6429751105170611,1.3811244406753487,3.9586208064001065,1.2352556924935845,0.7683979843882347
445c0215_0.8676_053c010z_-0.8676.wav,8.288979005615765,8.303412807795503,3.945425798954143,3.960659940355121,3.978548651167579,4.110044054102984,3.9649697498951775,1.3143616315871405,4.079574569878061,5.767699289279,1.7975312665197047,2.5637113212625993,3.610505482166872,1.116257228165774,0.3655824071580588
053c010g_1.9688_423o030p_-1.9688.wav,6.26547689536032,8.839806807943772,3.5489904120003235,3.122606491265899,4.481298830831388,2.952853433451152,4.490458490352531,1.248777475355815,3.7814626553265325,4.864496817286053,1.1336852089522869,3.034901948407029,5.750938037242381,1.7474188990980948,0.7479236593883789
422c020i_2.3338_421a010r_-2.3338.wav,8.54303604615105,5.319905434339109,3.311624347364225,4.389585046401778,2.4860444821960885,4.466972182690314,2.6374090458728605,0.9558525709181628,3.2625031695046114,2.604826340138157,1.2629134717950188,4.287997072458376,3.4154483171782215,1.2182532029942208,0.6491327164482001
053a0503_1.1513_423o0311_-1.1513.wav,9.358908984400092,5.579340178687572,3.679269332727952,4.586579619283255,2.872521283379868,4.43812540875224,2.894000281857748,1.4839249367643108,4.422027873720367,3.9371292840422334,1.2891763703154115,3.551100254660203,2.4148104915944186,1.3468852832227194,0.4328389314995081
422a010v_0.1964_051o020y_-0.1964.wav,7.588607077812336,9.11520031748294,3.7385463098077305,3.593881836134911,4.369397171781814,3.624912945399556,4.536541032745373,1.329606016408032,3.546091759748076,2.8970342398277946,1.3766252360435285,4.448698429712105,5.802973569667712,1.542626695444211,0.1399191465616449
445c0209_1.989_447o030u_-1.989.wav,5.88622227215796,8.956413720855512,3.0406778558076155,3.0806573057956435,4.281485575904835,2.958894752391995,4.369086264193362,1.7986279621282524,3.01517495074999,5.947665603498782,1.7243479311858143,3.0816748318362936,3.5797780449289456,1.676288364171036,0.2405465196807982
051o0213_1.8538_444o0311_-1.8538.wav,8.475830518070339,7.288852650838077,3.825696274921196,4.276801078988447,3.714475302363239,4.424666446003782,3.739691036289112,1.68532655609681,4.1459915125427775,5.471819594321681,0.9477079519501178,6.1656765888802845,3.361242842894719,1.4156923856747825,0.5241809494208033
446o0317_1.6462_053c010w_-1.6462.wav,8.35554120427811,8.2856241810149,3.5427337754654813,4.056884548937805,4.171164396065738,4.086061251819854,4.003686875159401,1.6607336688075245,2.456351012569197,4.208307867954461,1.3370246205255716,5.516064798503929,5.082059646571502,1.2598409815128653,0.1139067698193541
423o030d_0.059714_053o020f_-0.059714.wav,9.620597207095836,8.634736993088705,3.264780753081284,4.88196300384731,4.376165027907308,4.941571332727139,4.2385174811505495,1.6443178597407009,3.1485130397408665,5.137509586642017,0.9098601105551164,4.560290193694738,5.270573224644384,1.304691606458202,0.4728751009853059
422o0302_0.21088_446c0211_-0.21088.wav,9.735630624436252,8.072821373676165,3.644573357243595,4.964569548168496,4.087266643809366,4.902128531456487,3.950880722864533,1.5037901791283763,5.372725645907668,5.2082723176473795,0.9912151441922534,3.772028849801463,4.374301895835385,1.1535654205391457,0.8423895213663796
445c020v_1.546_440o030w_-1.546.wav,7.0961790935320685,6.933433005839294,3.8185830721453966,3.515778486368153,3.591136859625889,3.6019905753655346,3.4683872131469378,1.1347634502940875,3.467326891774333,2.820628770419127,1.4213558880185633,4.728954146746517,2.354253787195623,1.4467114574283362,0.4138045461608104
423c020k_0.76442_422c0207_-0.76442.wav,6.863495434406548,7.288118567483734,3.372935189785625,3.226079238405398,3.810512713150708,3.339789033694956,3.7126859149039766,1.0641861272823774,2.211855065403945,2.6379868181702384,1.0882882986960032,4.424001341393161,3.2158281218752363,0.9515044026127336,0.5957375961339508
443c0208_1.561_420a010c_-1.561.wav,9.485826536324076,8.125792558718885,3.130524690631649,4.476500005906943,4.132341764376372,4.634695985522812,4.194583486985696,1.094513263507241,5.552525754351147,3.5678809543655507,1.547142857026612,2.8588900555637866,4.294252274797299,1.6300943540141015,0.6615120677496659
442o030n_1.0483_053a050i_-1.0483.wav,9.17471002215964,9.926025347729857,3.590678865526792,4.446105063416483,4.897006429266134,4.479291584681277,5.0432892197998855,0.943387294026282,3.4991241637633514,5.881869524143952,1.042987215485632,4.533694160007011,3.6671929323318166,1.102915476930286,0.3677387111959803
443o0301_0.041876_442c020y_-0.041876.wav,8.408469950468586,7.9239914427803075,3.1678126808912834,4.150218558794739,4.136599991372676,4.201514546659958,3.974523708009158,1.0008126190825188,2.768532666985999,4.876357782286433,1.4841884428903087,5.941814583798692,4.226896931927591,1.351460465187503,0.7294867748962903
443c0206_1.7203_053a050k_-1.7203.wav,6.811519540722083,5.3638494361494296,3.814757754469088,3.422615009025627,2.5555923864371555,3.3207503022957825,2.445485249870797,1.6246265141203675,4.875168423099346,1.690980542580264,1.3416569159082994,2.446417467560258,1.310410135246477,0.9674415485811376,0.2730241509819796
052a050v_2.4374_053o0202_-2.4374.wav,8.99959834471903,9.074672812268863,3.021777710610137,4.266222553031881,4.322362626164697,4.357668961165585,4.441264074597607,1.19946849466197,5.3802699144367985,3.403951190053169,1.231290015172181,4.508697318360748,3.2047051394867405,1.0924652196830649,0.4196375062872087
442c020q_0.18556_421a0112_-0.18556.wav,9.421851389084155,7.115042825791642,3.872775381975456,4.529563303640774,3.4119425137582224,4.663561540827539,3.3073266811570354,1.5428528842470448,4.64426704634741,4.2242571414121235,1.3937748184326866,5.406683705663567,3.650831867089599,1.601181258200466,0.9250396587551606
447o030r_1.6517_422o0312_-1.6517.wav,7.407808037207476,9.438566907475067,3.730908563575946,3.920688217952621,4.666078820337387,3.810066456896711,4.767384427195494,1.6277677548477183,4.659130457675679,5.143030719296775,1.5630122536467563,2.7372303723464353,5.966353749996521,1.4928154648115175,0.9334373301589424
423a010j_1.591_22ho0107_-1.591.wav,9.025686597701956,8.271027894089197,3.6198597269911392,4.377648837522234,4.298433370105863,4.547619183613285,4.301608499975461,1.3124647208690876,5.226851349716832,3.5095187493383735,1.1396258845375484,5.049776631786313,4.707448160994627,1.003867544074054,0.8104765794741764
050o0204_1.5799_447c020u_-1.5799.wav,5.480280808251097,5.588242777482718,3.927840703618381,2.728087580182777,2.949992090527409,2.8395839362377533,2.849649863192843,1.1287928637955356,0.8409812188885685,2.6567027993002093,1.105982926266632,4.613150721022859,2.9424821496473252,1.0633658523253362,0.8614325359485943
420o0310_0.46088_052a050d_-0.46088.wav,6.128537559121709,6.99805523684248,3.7394244758819815,3.102909516240022,3.29793654188928,3.107039812942941,3.447879666603772,1.669260486490178,2.590204285008414,1.6586313995744746,0.9267863820643886,2.928353883498078,4.214218773359334,1.534981397761383,0.2238549967304127
051a050o_2.4038_446o030v_-2.4038.wav,8.643858134375906,8.891516087670087,3.692345969992134,4.253021143187978,4.543324970720347,4.419896222778859,4.510879511692352,0.914368673339738,5.558726327212288,4.899332458256689,1.7637378903730416,5.6417101686443205,5.113960618506582,1.5864167859952878,0.775441755181175
440c020v_0.30415_051o020q_-0.30415.wav,8.949021377084282,7.255690027710671,3.610168362283593,4.486867211317141,3.833823050609461,4.489145591418008,3.663838318988895,1.0252150286490842,6.325675059463586,3.2852501307589344,1.512949487866508,3.7536046849443103,5.62801129101096,1.5040495674903576,0.4393964882738513
053c0113_2.0652_22hc0108_-2.0652.wav,6.62801188947207,7.227114331696743,3.5689924653307363,3.4798983559063386,3.618992749343007,3.4604188066498045,3.7677225283409,1.134718985778465,3.0287660615059147,3.0162398171956424,1.179672609984596,4.527852336250096,4.567723424150147,1.0443081851779334,0.4463030796140287
051c010q_1.2046_22ga010y_-1.2046.wav,9.595955640210274,9.082346811361353,3.602750169346125,4.9298219611676455,4.586472793851984,4.764502636971619,4.6260899750663125,1.5416938600580212,5.85702684931356,4.584835225486888,0.9656999003129048,4.287467578628357,5.277598759565399,1.3423920149029185,0.9221506714879266
446c020e_1.1243_442c020y_-1.1243.wav,9.396784368400006,8.373540662133848,3.758016962928121,4.568994977507957,4.109396170526715,4.59541407180544,4.257051280348559,1.387425510807973,3.151439001917186,3.1893110802859828,1.3683975799441888,6.000046587897439,3.510475215078865,1.0768643179055282,0.4337345539537462
442c020z_0.11547_421a0102_-0.11547.wav,7.326399370454696,6.671221133158724,3.038682471743907,3.8342990398107393,3.2301029647174504,3.71990647340108,3.1043478823143458,1.0851402340703136,3.501259345823046,2.226350250325118,1.596215929504488,5.046589899576645,4.1628545197173565,1.4665223196568649,0.1907137485961605
443c0202_1.6358_445o030u_-1.6358.wav,6.662486445257251,7.09478435265688,3.068550519230174,3.3198984684327497,3.3517249617196847,3.1727681106630605,3.380925266898966,1.0813739131791746,1.4867396699647544,3.1029003666658466,1.4588376090124,4.851787403642756,3.6521139923582218,1.776376089636151,0.4819294379988801
443c020d_0.46564_423c020q_-0.46564.wav,7.662958877803637,9.842340938627654,3.23152636629011,3.718873411981305,4.7873683863458805,3.819533715768204,4.924362923614813,1.1913796831709529,3.6016351449578394,6.398589346530692,1.6293756379666222,4.313451559417128,5.967791981624578,1.4819092602576225,0.7567757181993771
440o030n_1.6546_445o030q_-1.6546.wav,5.921693438312696,9.513701292952886,3.2711662652403315,2.852594031292543,4.7064009271674125,2.8796125202825,4.874240139667649,1.6135677203526209,2.5536651945493993,4.2269958211193375,1.716057792200702,2.217581504201012,3.7856968313352715,1.4291382572992446,0.7276701428568473
440o030q_0.10907_050c0103_-0.10907.wav,9.512134195297032,7.4866022472617875,3.9714214382241657,4.93476669906068,3.503047725326383,4.846522210491805,3.648350547863379,1.1449959998543202,4.182475395121935,3.910528868954499,1.729711220477212,5.712059330841541,3.334555731944775,1.3149377071878416,0.4691267090694693
22go010j_2.1114_22ho010c_-2.1114.wav,5.967687449756632,7.609098691764056,3.167743941134565,3.0130814420938328,3.7926422400638,2.9437440123319303,3.637425228000001,1.2266013865377865,3.656613653453219,2.634680182057033,1.3598225655226703,3.7389859530240868,5.434045173557428,1.4132965667207458,0.5827885723362483
443c020y_1.6555_22go0113_-1.6555.wav,7.218565011939837,8.7427563072827,3.1841070999120147,3.526893647950606,4.3894362761120895,3.6968227031453504,4.394347100953349,1.222656237050801,4.4198869559575495,4.972207637219578,1.1671772849132556,4.24463713870853,4.5669236477531925,1.6381503392194718,0.9202662193693744
442c020r_1.045_445c020s_-1.045.wav,6.104401837298857,8.126149865825445,3.581511460779017,3.0000303762010736,4.077245811753803,3.119858783975645,4.19783251371638,1.4433100205137723,3.997568376497572,3.786697099114504,1.398122845955469,4.353728420609185,4.9028434513329096,1.611669209616288,0.9989731135299308
446c020m_0.81091_22hc010r_-0.81091.wav,6.3669505100861095,9.473898571743202,3.738904959054135,3.1245902894463997,4.803151960955831,3.267500198563716,4.7110826507809405,1.440970377548613,2.7600359711311735,5.477197591788033,1.1790432744470911,2.7906979175685205,6.149402075220708,1.6191624150309938,0.51730111570148
050o0206_2.2203_442c020r_-2.2203.wav,9.838451068538106,9.477248749989638,3.605028898158529,4.964051175136005,4.6553966432293965,4.814722897313178,4.669576397898247,0.9944908271972924,3.505441551806859,4.374308446245807,1.2203094782308204,6.144570630656247,5.114759413638163,1.471597194523613,0.5434208855029077
443c020a_1.3524_445c020t_-1.3524.wav,9.764405778237537,9.961668406393905,3.193083424708912,4.647928074533465,5.215154443880199,4.801439057273261,5.142117616332297,1.3931663088748536,4.986846656607961,6.353624442845791,1.3275842325415166,3.684576778338765,4.266025329946413,1.0059305934557508,0.7710040716661599
444c0210_2.1352_442c0213_-2.1352.wav,8.977585852290614,7.736668961892381,3.860711794762857,4.405826519915452,3.843855771146096,4.342038762371473,3.70809450278317,1.7004561785384025,2.5184084422425856,3.86232978142601,1.789927674686854,4.380739282378336,2.97650810083783,1.160494351090554,0.6347482054170861
440o0306_1.2976_22go0116_-1.2976.wav,5.522593448448074,6.659589795664816,3.370156283635008,2.789826337354522,3.530242664445669,2.83445165848301,3.366204313093983,1.0333566999607733,1.6522047040025085,3.8895553656689303,1.163609350054125,2.6534211255509397,4.284563759492612,0.974101565748482,0.97085275641875
22go010a_0.66805_444c0202_-0.66805.wav,5.796399225410275,7.575131967982955,3.886259064324252,3.031408697901825,3.528723398843399,3.069483187369707,3.694404819804713,1.2136440625105582,3.4277732183831486,2.2755009286677343,1.6941230970285113,3.9006189907374256,2.504936607311058,1.5422094819124972,0.6256728159336716
22ho010v_1.0331_22go010m_-1.0331.wav,9.57709783055146,7.51487508251347,3.063511561611902,4.951161379607278,3.957287026129898,4.808739747927124,3.9102117796667897,1.2031664532505495,3.519572518401387,4.030040225051009,1.1619767651694697,6.3619398670368605,4.579874723640217,1.287458410835165,0.3130208127759959
445o030s_1.0173_423o030f_-1.0173.wav,8.606494518560293,7.65664295902025,3.5214321241811275,4.359502446569231,3.813149621628519,4.280399222443983,3.9636244698025274,0.9215323390926654,5.016219084310904,3.9652096028972474,1.670933542699483,5.71738552180638,5.0030060921583575,1.58042494258915,0.6405484174433294
442o030s_2.0403_421o030p_-2.0403.wav,7.982524609160526,7.208781320052647,3.7222424824909233,4.096810686638875,3.861545865418277,4.129622813134484,3.7151786410993184,1.3968149038291484,4.06341721497272,4.935468517858608,1.0541141552404107,5.939142165166533,4.040111170305327,1.1086879782745678,0.386267817124688
052o020b_2.3702_442c020h_-2.3702.wav,8.004166547548555,6.802945342978163,3.414561532109724,3.951247664945669,3.3375984071498164,4.035333835047303,3.4853465577224685,1.5163792518594466,2.470128928348901,3.7583886236728627,1.3300600176530206,4.912997235158516,2.2617729501096506,0.9395786567661278,0.8547272034513369
22ga0102_0.31908_422c0210_-0.31908.wav,5.220095285287776,8.789929993764392,3.710328901021356,2.6485848151002016,4.59986547513962,2.7657532794235515,4.506208916543288,1.5664873613355166,3.897339244840209,4.508326899498799,1.099837254598942,2.2402061846988537,2.863075859374287,1.4197607727000978,0.3278161362054926
422a010x_1.0381_053c0111_-1.0381.wav,9.76113643417176,8.60572706429361,3.931498082907996,4.807348842890825,4.149860350162644,4.687435714808832,4.239976063074385,1.6072037415742153,4.5196092552765545,4.777778246476757,1.3184210634596427,3.8889435590992667,4.107916364768579,1.1214422476931531,0.324028636762267
441o030l_2.1648_440c020k_-2.1648.wav,5.389332951456318,5.460677017107416,3.0502598589427903,2.700053926675013,2.6368755674465456,2.82310255715563,2.754174478510735,1.31263818381659,2.049716264690821,3.3465581100580484,1.3323138691382796,3.6048429862644342,3.2226257023108107,0.9136379063560522,0.4700788743851443
22ho010l_1.6075_447c0208_-1.6075.wav,9.609068865257914,6.948898268497039,3.798525679498728,4.664315989651828,3.356048740125518,4.8341865168202185,3.3494151890755144,1.4829685481685932,5.992906486810931,3.027535088065026,0.9009216104472788,3.6491695323430644,3.118705698105819,1.7231365095145723,0.6872744004375175
22go010o_0.30679_051o020r_-0.30679.wav,9.756175218710393,8.38219109421743,3.089906060286314,4.6786901547153406,4.446492658075849,4.698709153234695,4.297834527796063,1.1652548784872288,5.276527091844586,5.060787001079113,1.4351954589799338,4.9916558483439974,3.7007427974763973,1.3879403240959076,0.4550885137747603
052c0111_0.063868_421c0205_-0.063868.wav,7.679808701466101,6.153100835848655,3.7059200887372414,3.8968974236579546,2.9575431676148485,3.757331471237919,2.860479554839059,1.135336217518229,4.897281411145702,3.9169009996657147,1.4940977068855217,4.137947388646789,4.68275552026851,1.105626183616906,0.7904958859099254
420c020t_1.0074_423a010s_-1.0074.wav,6.264454581746523,8.756613616413562,3.9011258821443056,3.335796683321439,4.349159876534452,3.2772520478598923,4.200255458672944,1.602656295363964,2.6077065047503387,4.436108672013551,0.9391642891576718,3.916672027617433,3.625080739655529,0.971743143814335,0.7563066283070368
423c020s_1.9913_051a0512_-1.9913.wav,5.758981012331027,8.600429114695878,3.0028712132646924,2.812275625276344,4.235198325231534,2.982256787964168,4.237729003262346,1.0187236674273334,3.52972520784051,5.006501677357554,1.7466846646478091,2.7323674395544835,3.48850638546085,1.046166887388077,0.4450189187151575
440o030s_1.0172_441o0305_-1.0172.wav,5.1635623091685625,8.235538888820223,3.136093627764572,2.439965402024695,3.9165108003791,2.535520344492894,4.032136286193859,0.9485149650889358,2.1241922340241666,4.924614418381983,1.7827356154382232,3.4326267694407355,4.763651318528369,1.4996046627225263,0.5296356532233941
051o020w_2.363_423c020y_-2.363.wav,7.692956192069784,7.884129629457953,3.257243033210932,3.8917930876404254,3.963411128806067,4.032311013508516,4.059091390666756,1.2991697540749754,3.449430739647879,2.9703586974676766,1.160543453167615,4.577401804599847,5.590296743522939,1.537133531304116,0.5002395446589945
052o020a_0.77818_444c020x_-0.77818.wav,5.512842449907051,6.606272448078567,3.8044795528710176,2.908396274152096,3.2632981056228214,2.9003582557672094,3.4331079706496928,1.4449242646043186,3.913200439195577,2.330502589424035,0.9008930557550616,1.9184595449318056,4.494898468822929,1.5366735973031225,0.983150671238932
22ho010s_2.0642_441o0304_-2.0642.wav,6.988866713087144,8.07597232155016,3.684939355377737,3.4661209704118585,4.1219762992649605,3.6147438645838985,4.03944609068697,1.3995145225977228,4.306021269208277,5.060645231619384,0.9033347902557356,4.640967615629878,5.0668016959875075,1.2443584700738957,0.8260962995848498
22go0101_1.7348_443o030t_-1.7348.wav,5.620663666215052,7.821294045533417,3.467763768819313,2.807399576135466,3.945911578367934,2.699808222590466,4.077532627757288,1.502337367426964,3.214635147510692,4.571209381082187,1.537106628959374,4.491790287454362,3.76017741377437,1.2945618846001905,0.8217320952977181
423o0302_0.52635_052c010f_-0.52635.wav,6.7275305282514095,7.912216402378352,3.732558276878094,3.4919049101632744,3.8451365791797736,3.3421754953313583,3.83613089574697,1.7052965454457951,2.4650898147688274,4.245814115422547,1.1373489201482436,2.3007261377878527,4.6638840216392685,1.5619378488586475,0.4010831730831192
445c020y_0.59813_446c020i_-0.59813.wav,8.65018722822942,5.438483611747436,3.042691559252024,4.365550128541758,2.721427253396233,4.268328008408333,2.860882835417039,1.234489653376308,4.990295178670685,2.599452624346209,1.6436230529127034,2.976988571635829,1.3410372127993333,1.5486268150411646,0.9792535353954628
22hc010q_1.0006_442c020w_-1.0006.wav,8.994296936180243,6.135748410635092,3.789436105044885,4.65858012964102,3.1220546722249702,4.588412224788232,3.254630933782498,1.1611553245930395,6.589564503184462,2.806218546175931,1.6779933950147434,4.600267650964402,1.765966187360953,1.4614571290945086,0.5170343478575006
422a0103_1.2986_051o0212_-1.2986.wav,9.3422208242178,5.292687111779309,3.164857483228677,4.806639933515211,2.7031393757359896,4.736895417285917,2.8359388578733147,1.230723126163995,4.166473076773988,3.2007847174959125,1.1600321683144237,3.619342202688211,1.9672705056740587,1.3165454058539945,0.3118811472517696
444o030m_1.2235_423c020h_-1.2235.wav,5.808431074650323,6.224423455793652,3.505558002185156,2.8383466825026726,3.073537178814576,3.006835484922668,3.096154063194964,1.7649454660927344,1.9588304120835252,2.084121760213913,1.587448918314224,4.731884522231916,2.7389870647022136,1.3734422240779809,0.6274194233611756
443c020p_1.2976_22ga0104_-1.2976.wav,9.620189736405004,7.928238739291735,3.3888757711350204,4.849001664140372,4.130091097952273,4.8110585435845366,3.984969357325704,1.299369921551502,3.6603976275319043,3.5708353382033184,0.9997854095807852,4.564392330739848,4.841152262895702,0.9501563801026754,0.520842767185007
441o030b_1.1989_22gc0109_-1.1989.wav,6.929905028890224,6.093064685785505,3.4046048834970657,3.606093498203651,2.797475108703045,3.676293937712602,2.952303718116003,1.6828747118025769,3.0542900255793084,1.9565088606942491,1.6232559317894584,1.9681634496918397,3.655787286273488,1.3930214851976688,0.8883660125964212
440c020k_0.22146_052c010v_-0.22146.wav,7.291327160621101,5.6750817422757125,3.3188261040582696,3.460245273250988,2.894918904343631,3.5723944847938025,2.795306885237878,1.2232025041891317,4.016491850254788,3.4323644258661123,1.152462783700726,4.620221022402533,2.4550165844845555,1.674223821056322,0.5790745209128441
447c020t_1.3437_423o0309_-1.3437.wav,8.865117278303261,7.890885481555951,3.6004452164791783,4.6119331725434245,3.854281976748849,4.45247942789564,3.913226894407618,1.109459889037247,5.203246890877017,2.3798019938043478,0.9935503096386076,2.856177603616802,4.290921589888697,1.6503254116047483,0.1014958694188946
445c020b_1.4659_447c0216_-1.4659.wav,9.97780027115215,9.21505768744286,3.682603400179396,5.111230005808788,4.430563904443432,4.991485566818535,4.55123398909953,1.2287362837721698,5.416351195238338,5.854774930330838,1.5222575418298898,5.5749500171679705,5.029550367668087,1.775360053329985,0.736996512676277
052c010r_2.2482_422o0304_-2.2482.wav,8.291000261335277,9.191194128052626,3.903523003647656,3.983071175795068,4.537817818728814,4.114750951173008,4.46598163873283,1.4322181253673552,3.647021950997193,3.7990771543524744,1.2422989256573431,5.599006965533829,4.812466297818668,1.7244218937235016,0.3153914998720076
446c020u_1.5427_420o030w_-1.5427.wav,9.93823971143361,7.798449664446965,3.78018446878858,4.914083966659406,4.044238049791116,4.915463922674001,3.8742436507028,1.0488137238038786,5.3657464768461285,4.915248140634342,1.416147294087699,6.396221625725819,3.825231136674768,1.6620890452486687,0.8534740885804748
052c010d_2.4469_444o030d_-2.4469.wav,5.709809595802688,9.822705201720204,3.1449923589929134,2.835401863478297,5.014575211305453,2.8341748372832,5.184570783032238,1.7143072942533952,1.505190907908693,4.276197054246671,1.2581602059575103,1.7536923121099655,5.586804158384055,1.6275984615788648,0.6225771680881346
443c0211_1.6872_447c020x_-1.6872.wav,9.40766882318222,8.575986056839975,3.3139373098196088,4.622429977804463,4.407759285289037,4.728136884765489,4.301335369646299,1.0761521986130649,5.562106377598126,4.635025553210174,0.917641677240844,3.293440986827038,4.696154562630686,1.712357474661514,0.2629807955740926
423a0111_0.48234_421o030t_-0.48234.wav,7.108347577017716,8.041536993588274,3.2393130593541866,3.6002687539968536,4.183138074963558,3.489266494723596,4.082249530340135,0.9909824672382672,5.312430273360156,3.9109162373785296,0.9278566364259532,4.505045862125273,5.62511956210187,0.920744333229009,0.4542698484466746
051o020i_2.3086_446o030p_-2.3086.wav,5.255457726468412,6.032309163344459,3.5830436945763395,2.499286691366638,2.7548251715237493,2.5644694643245853,2.889922196322642,1.517229111678639,3.5508403938239526,3.0242108509079637,1.7535780894320718,1.4804665281685125,2.306319073552282,0.9317078456884113,0.2463809209911888
443o0312_0.89999_442o030m_-0.89999.wav,7.825521150075726,9.830823645733489,3.466764619213236,3.8999009161024207,5.0438053180465605,3.873448064308745,4.89615625224531,1.2385345786471271,3.5124283149280395,4.2165225965421556,1.346172835644933,4.454747748425003,3.258499626659468,1.259537683930855,0.5293446476384289
420a010b_2.4896_421c0204_-2.4896.wav,8.930680433708964,5.332661870269831,3.54031514066221,4.504262974156704,2.573294743946567,4.652308630510022,2.5491600462083506,1.305926455481548,3.329594238161947,4.162434572114585,1.3575799432802749,6.033742042048423,1.3172661780121866,1.589134537182626,0.6055625809375135
447o030x_1.4783_422o030p_-1.4783.wav,7.921692743226155,8.965139998976765,3.089248328243738,3.748179739618192,4.513075268263841,3.8974205175913617,4.52814809779128,1.6460235924320767,3.386257107975473,5.167363150779249,1.7468777796338673,4.008521657675488,5.287425868449522,1.1939548894797674,0.9948992039015976
445o030j_0.32497_421o030p_-0.32497.wav,9.98589493347193,5.582829237224108,3.3476678443203687,5.2030169629763385,2.735212762836641,5.072087949706964,2.6620171790606526,1.352329931173374,5.296202441385951,1.5050881292929064,1.3638002367491382,4.128150002260262,2.1140608645264036,1.3097242555847148,0.3685210081125349
422c020z_1.5191_420c020y_-1.5191.wav,6.736117328534306,8.51712762034004,3.1070838402548806,3.453930366945521,4.39322081135271,3.554701031412755,4.504330096216001,1.3845847027305738,3.64536954979177,5.233079474993946,0.9705262887361032,2.7648329310416138,4.359891308302999,1.7836425226427242,0.5587189406651523
423c020n_1.6459_446o030b_-1.6459.wav,6.756660778914753,8.696957501826514,3.531566494048861,3.207438365011139,4.154684141380132,3.3666760468662478,4.214210275786888,1.750969293069477,3.7357040461423323,2.82605614726064,1.335020800749566,3.388551037061865,3.0833536430451924,0.9615021538265048,0.6119852412248168
22ho010z_1.5319_443c0203_-1.5319.wav,7.642995392042917,6.450989312185801,3.0619588613473305,3.9335429972658327,3.020920766778453,3.809376268755944,3.105079090972508,1.2004970400537895,3.7036661727737115,4.114016427201843,1.5145199803232252,4.907949791910528,3.341464166748807,0.9251989332337438,0.8092278564283346
442c0212_1.4634_22ha010m_-1.4634.wav,7.3496421017533,5.6546911040181405,3.989277665145707,3.60212392118209,2.915702748332057,3.46701986985828,2.980870956193661,1.7945784803572211,4.8250417520668405,1.9848808846436365,1.0551463936584158,3.8825734386150397,1.0769122725316038,1.599772956373224,0.4319659249651666
423c020j_1.7028_22hc010g_-1.7028.wav,7.973865643088738,7.4102804283708625,3.3417974710595155,3.793586023171646,3.78687003985335,3.9115739780462895,3.909258121399304,1.6001399677542332,2.5285078477081364,3.679061506870186,1.2780975491475794,4.480918863137292,3.360375184131555,1.5100575290276577,0.9848180669454633
440c0202_0.10216_444c020m_-0.10216.wav,9.95566730927884,5.668334323772788,3.125881326636786,4.775451895367934,2.709257824130394,4.8617122445462,2.5865420869177465,1.0506158149049565,4.7986109445962795,1.9837150470921128,0.9974705697947336,5.450221140213806,2.7235886231894497,1.6497325718157372,0.4266001913995285
445o030k_1.8783_444c020q_-1.8783.wav,8.702197908818599,7.965124270252256,3.1842599326294447,4.150943847057572,3.901295868350663,4.236251189096953,4.02467600206017,1.7261635920821807,4.792041652616797,3.3764278520372675,0.9734658575551192,5.733576612467247,3.616207225253402,1.628390083450346,0.4826897298496804
050a050i_1.7445_447c0213_-1.7445.wav,5.114198595308609,8.682011089676289,3.223387087120169,2.694615693433366,4.421200996695947,2.7232427175106726,4.27395802235599,1.7013425126702684,1.7799448427836695,4.18342314703637,1.1000975102780923,2.0955638646405808,3.100521404005433,1.4161974955064944,0.5970856404983599
420a010o_1.2049_052a0512_-1.2049.wav,7.438852288265586,6.660704034257993,3.909676789163991,3.906536153133623,3.3784633503991426,3.866554117794261,3.233890058086482,1.4108217685163855,4.28788680815852,3.984278344866567,1.2419233037261803,4.255705084357944,1.392895293542921,1.543050038318999,0.2305519447034352
442o0313_0.83056_445o030h_-0.83056.wav,6.864699145252605,7.198484412833203,3.8312964559404543,3.200834339942372,3.60189335700384,3.3634533265261037,3.552344742467405,1.5131374355735985,1.3755228377702862,3.520975651885144,1.0969719304542298,4.02315937587727,2.8327992412424847,1.0972884008508554,0.7834638755417906
052c010s_0.55307_441c0204_-0.55307.wav,8.652164945993304,6.352203978547319,3.708605815218329,4.297332570280058,3.1220432820034008,4.152494551127531,3.033037955151732,1.060645280660659,4.838804433147079,4.14824055941624,1.0367479749919264,4.892423019226283,1.712515742081382,1.4835847367379595,0.8390640945029835
22ga010o_1.5159_052c0102_-1.5159.wav,8.160368789492313,5.89621942692451,3.6382912706352672,4.116941097233761,3.044594397556547,4.000148995633209,2.921064623802499,1.3141081160255847,4.054577272444064,1.5258880313836103,1.0084796866033192,2.5547898333379457,3.6734695630380867,1.7219692638294828,0.4236418156499927
051a0513_2.0104_443c0202_-2.0104.wav,8.527102631713237,5.950648185430449,3.0259048233622816,4.371402391355312,2.867912436546449,4.295103257050117,3.019828341257832,0.9037561489984366,4.872019097164284,1.8211382943119834,1.2681807979761428,4.262765629368103,1.9276146376331045,1.6949564900934222,0.4604536845175005
441o0313_0.94235_442c020t_-0.94235.wav,5.992873217810101,7.938013297613109,3.040563960603318,3.0659176976132656,4.148954079252387,3.2151173394439,4.164428796620098,1.1420533945600402,3.221925182940205,3.148118900997178,1.643415785066766,1.6442865036769199,4.426080262517001,1.6108115634713052,0.538898960330211
22ho010p_1.1754_446o030r_-1.1754.wav,9.65411998293432,6.061020542850319,3.801533604565768,5.022315441298394,3.0920956767679506,4.853035813156621,3.1077292143133324,0.9680348568148028,5.640702927698769,2.566593595692663,1.6574672642505452,4.5879146814782,4.100364541143411,1.224823856050146,0.6237904009872287
22ga010r_0.041318_050a050c_-0.041318.wav,6.3270795912573625,5.565781434055622,3.042258158068441,3.254288761249353,2.5978128260586764,3.349889742303323,2.738384702412087,1.6202465715164969,3.3494061488586233,4.268515604872347,1.2495069466920363,4.312971694723852,2.259964509218839,1.7145218017345667,0.8177089488344089
420a010v_1.1334_441o030f_-1.1334.wav,5.581030905440613,8.857077680624009,3.8981272281328487,2.775575162470747,4.55599714493939,2.7089354665831946,4.421612804586749,1.180515280590412,2.825373247822709,3.258989586968604,1.413420246765459,1.7718043175779354,3.7413240849723794,1.0926791494057695,0.3014033466297851
443c0212_1.8957_421o0301_-1.8957.wav,5.601195593003936,9.265007911002982,3.122389184595126,2.976861967216099,4.726175957154651,2.8307953439296303,4.692050577132021,0.925852502719316,3.5295500727033446,4.297916747463754,1.027348569540544,1.4661127964822802,5.12371586747707,1.3145741311752808,0.7943900955217982
421c020r_0.058866_446o0318_-0.058866.wav,7.077107698265483,9.06987544902526,3.309937316869704,3.284519873028085,4.424393245295474,3.436969508956559,4.349166198927324,1.778266429762517,3.8505875734780486,3.5485696285570567,1.0207451662397182,2.5477619130484994,4.943431752324394,0.9089507589726554,0.5007386228379411
